target,direction,comparison_role,within_pearson_delta,cross_pearson_delta,within_spearman_delta,cross_spearman_delta,within_rmse_delta,cross_rmse_delta,within_cosine_delta,cross_cosine_delta,within_uer20,cross_uer20,within_uer50,cross_uer50,within_uer100,cross_uer100,within_sign_flip_rate,cross_sign_flip_rate,within_retrieval_top1_native,cross_retrieval_top1_native,within_retrieval_top5_native,cross_retrieval_top5_native,within_retrieval_mrr_native,cross_retrieval_mrr_native,within_retrieval_top1_common_candidate,cross_retrieval_top1_common_candidate,within_retrieval_top5_common_candidate,cross_retrieval_top5_common_candidate,within_retrieval_mrr_common_candidate,cross_retrieval_mrr_common_candidate
ABCE1,K562_within_vs_K562_to_RPE1,primary_source_context_comparison,0.3201071619987488,-0.0187216084450483,0.2138433233377328,-0.0182020493360819,0.1011010259389877,0.2165142297744751,0.3536211848258972,0.0275933742523193,0.0,0.45,0.02,0.46,0.12,0.49,0.224,0.5,0.0,0.0,0.0,0.0,0.07142857142857142,0.03333333333333333,0.0,0.0,0.0,0.0,0.07692307692307693,0.14285714285714285
ACTR6,K562_within_vs_K562_to_RPE1,primary_source_context_comparison,-0.0425720326602458,-0.0679977536201477,-0.0257081187581757,-0.0567886018756328,0.0749377310276031,0.0897600278258323,-0.0579950809478759,-0.1326916217803955,0.15,0.5,0.26,0.48,0.31,0.4,0.544,0.632,0.0,0.0,0.0,0.0,0.004651162790697674,0.0056179775280898875,0.0,0.0,0.0,0.0,0.006666666666666667,0.02631578947368421
ACTR8,K562_within_vs_K562_to_RPE1,primary_source_context_comparison,0.1330751180648803,-0.1412156224250793,0.1112710564721832,-0.1164367986310609,0.0641773045063018,0.0956405103206634,0.1293308138847351,-0.1629964113235473,0.2,0.45,0.26,0.48,0.25,0.46,0.384,0.712,0.0,0.0,0.0,0.0,0.005681818181818182,0.004098360655737705,0.0,0.0,0.0,0.0,0.007936507936507936,0.02
ALG13,K562_within_vs_K562_to_RPE1,primary_source_context_comparison,0.0988547950983047,-0.0323912017047405,0.1039173047351862,-0.0374013835769529,0.0537354126572608,0.1234796866774559,0.0898613333702087,-0.0800076723098754,0.1,0.5,0.2,0.52,0.28,0.41,0.424,0.62,0.0,0.0,0.0,0.0,0.0051813471502590676,0.00411522633744856,0.0,0.0,0.0,0.0,0.007575757575757576,0.01818181818181818
ARCN1,K562_within_vs_K562_to_RPE1,primary_source_context_comparison,0.5866018533706665,-0.0010188019368797,0.4188616273866758,0.0025064593003185,0.0612612031400203,0.2285329550504684,0.5268389582633972,-0.025978684425354,0.0,0.3,0.0,0.26,0.04,0.34,0.08,0.604,0.0,0.0,0.0,0.0,0.1111111111111111,0.013333333333333334,0.0,0.0,0.0,0.0,0.1111111111111111,0.058823529411764705
ATP6AP1,K562_within_vs_K562_to_RPE1,primary_source_context_comparison,0.1278226375579834,-0.1099299192428588,0.0766684884999397,-0.0968250407370016,0.0791401714086532,0.0726089254021644,0.1319437623023986,-0.121680736541748,0.35,0.45,0.24,0.44,0.3,0.46,0.396,0.668,0.0,0.0,0.0,0.0,0.006944444444444444,0.003246753246753247,0.0,0.0,0.0,0.0,0.010526315789473684,0.017241379310344827
ATP6V1A,K562_within_vs_K562_to_RPE1,primary_source_context_comparison,0.0418156534433364,0.04158266633749,0.0399723793118545,0.0434621035826565,0.0853782072663307,0.087171159684658,0.0583229064941406,0.067306101322174,0.25,0.4,0.22,0.5,0.24,0.47,0.444,0.388,0.0,0.0,0.0,0.0,0.00558659217877095,0.02,0.0,0.0,0.0,0.0,0.007936507936507936,0.09090909090909091
BRIX1,K562_within_vs_K562_to_RPE1,primary_source_context_comparison,0.404216468334198,-0.1210642084479332,0.279621451824858,-0.1093680995639736,0.0783125534653663,0.1874406486749649,0.4066122770309448,-0.1616312265396118,0.15,0.45,0.14,0.4,0.14,0.39,0.16,0.752,0.0,0.0,0.0,0.0,0.02564102564102564,0.0027397260273972603,0.0,0.0,0.0,0.0,0.043478260869565216,0.012987012987012988
CCNH,K562_within_vs_K562_to_RPE1,primary_source_context_comparison,0.147979199886322,-0.0627030208706855,0.1015815224594507,-0.0543621086143124,0.0834161713719368,0.1750194728374481,0.1490120887756347,-0.0674749612808227,0.35,0.4,0.24,0.48,0.28,0.5,0.34,0.62,0.0,0.0,0.0,0.0,0.009615384615384616,0.002061855670103093,0.0,0.0,0.0,0.0,0.012345679012345678,0.010526315789473684
CCNK,K562_within_vs_K562_to_RPE1,primary_source_context_comparison,0.1055672392249107,0.0708964839577674,0.0673977007807606,0.0537346716386764,0.0516409650444984,0.044028740376234,0.1001198291778564,0.071704626083374,0.25,0.45,0.32,0.42,0.33,0.42,0.408,0.408,0.0,0.0,0.0,1.0,0.00546448087431694,0.25,0.0,0.0,0.0,1.0,0.007751937984496124,0.5
CCT3,K562_within_vs_K562_to_RPE1,primary_source_context_comparison,0.3357331752777099,0.0224611237645149,0.24643813975144,0.0298214071142877,0.0807270929217338,0.2300778180360794,0.3088699579238891,-0.04067063331604,0.2,0.4,0.16,0.38,0.17,0.38,0.232,0.564,0.0,0.0,0.0,0.0,0.011235955056179775,0.0014992503748125937,0.0,0.0,0.0,0.0,0.013888888888888888,0.007407407407407408
CCT7,K562_within_vs_K562_to_RPE1,primary_source_context_comparison,0.2738344669342041,0.1317450404167175,0.1940621146517995,0.1313044712873301,0.0966183021664619,0.2195725440979004,0.2523311376571655,0.0697177052497863,0.15,0.2,0.14,0.28,0.2,0.34,0.264,0.384,0.0,0.0,0.0,0.0,0.012658227848101266,0.003246753246753247,0.0,0.0,0.0,0.0,0.015151515151515152,0.014492753623188406
CDC73,K562_within_vs_K562_to_RPE1,primary_source_context_comparison,0.3913329541683197,0.0393475405871868,0.3027439437257577,0.0639214282239253,0.133725106716156,0.2109800279140472,0.2706974744796753,-0.0317960977554321,0.0,0.5,0.04,0.4,0.14,0.45,0.224,0.592,0.0,0.0,0.0,0.0,0.009900990099009901,0.0016611295681063123,0.0,0.0,0.0,0.0,0.012345679012345678,0.008333333333333333
CENPJ,K562_within_vs_K562_to_RPE1,primary_source_context_comparison,0.31801438331604,-0.0165423061698675,0.1966423456445715,-0.0240691458267658,0.0689325109124183,0.1888591200113296,0.334948182106018,-0.085934042930603,0.1,0.3,0.1,0.42,0.17,0.42,0.24,0.652,0.0,0.0,0.0,0.0,0.018518518518518517,0.0018867924528301887,0.0,0.0,0.0,0.0,0.021739130434782608,0.009259259259259259
CHMP3,K562_within_vs_K562_to_RPE1,primary_source_context_comparison,0.3656600713729858,0.0004450078122317,0.2829713435084363,0.0055189931328921,0.1631128340959549,0.1906818747520446,0.3684265613555908,0.0264028906822204,0.0,0.45,0.06,0.42,0.14,0.44,0.16,0.492,0.0,0.0,0.0,0.0,0.09090909090909091,0.03225806451612903,0.0,0.0,0.0,0.0,0.09090909090909091,0.1111111111111111
CIAPIN1,K562_within_vs_K562_to_RPE1,primary_source_context_comparison,0.2390718758106231,0.1297106295824051,0.1844025483030816,0.1138153984328106,0.0638415068387985,0.1683665663003921,0.2616739273071289,0.0661795139312744,0.15,0.4,0.14,0.28,0.24,0.33,0.264,0.408,0.0,0.0,0.0,0.0,0.02857142857142857,0.0034482758620689655,0.0,0.0,0.0,0.0,0.03571428571428571,0.01694915254237288
CKAP5,K562_within_vs_K562_to_RPE1,primary_source_context_comparison,0.331280767917633,-0.1027894541621208,0.2496424038316876,-0.1009321765541318,0.0555799975991249,0.1081230118870735,0.288409411907196,-0.1729702949523925,0.15,0.35,0.08,0.38,0.1,0.48,0.192,0.764,0.0,0.0,0.0,0.0,0.017857142857142856,0.0017152658662092624,0.0,0.0,0.0,0.0,0.020833333333333332,0.008928571428571428
CNIH4,K562_within_vs_K562_to_RPE1,primary_source_context_comparison,0.1317584812641143,0.0438878983259201,0.0995175118550888,0.0545327249065441,0.082650788128376,0.0580840446054935,0.1362881064414978,0.0470051765441894,0.3,0.45,0.26,0.28,0.28,0.45,0.324,0.428,0.0,0.0,0.0,0.0,0.007407407407407408,0.07692307692307693,0.0,0.0,0.0,1.0,0.009900990099009901,0.25
CPSF1,K562_within_vs_K562_to_RPE1,primary_source_context_comparison,0.1074594631791114,0.0018717320635914,0.0972452190281426,0.0024103488485296,0.1011599376797676,0.1778603792190551,0.1194251179695129,-0.0765762329101562,0.25,0.3,0.22,0.42,0.27,0.41,0.372,0.612,0.0,0.0,0.0,0.0,0.008130081300813009,0.0015037593984962407,0.0,0.0,0.0,0.0,0.010526315789473684,0.007246376811594203
CXXC1,K562_within_vs_K562_to_RPE1,primary_source_context_comparison,0.1450302749872207,-0.1377829611301422,0.1207252908828064,-0.1160831640464705,0.0844268649816513,0.1221277639269828,0.1559851169586181,-0.1247237920761108,0.2,0.6,0.18,0.42,0.25,0.45,0.392,0.66,0.0,0.0,0.0,0.0,0.008547008547008548,0.008264462809917356,0.0,0.0,0.0,0.0,0.01098901098901099,0.047619047619047616
DBR1,K562_within_vs_K562_to_RPE1,primary_source_context_comparison,0.0492766126990318,-0.1295597404241562,0.0521909248101421,-0.1298895537715821,0.0897601693868637,0.1735547035932541,0.011528730392456,-0.2029266357421875,0.15,0.2,0.2,0.16,0.26,0.18,0.432,0.636,0.0,0.0,0.0,0.0,0.004739336492890996,0.005649717514124294,0.0,0.0,0.0,0.0,0.006711409395973154,0.02564102564102564
DDB1,K562_within_vs_K562_to_RPE1,primary_source_context_comparison,0.2236971855163574,-0.078913614153862,0.1394541691469012,-0.081501251470006,0.0692973732948303,0.1100826114416122,0.2338674068450927,-0.1604365110397339,0.05,0.3,0.18,0.4,0.27,0.45,0.296,0.664,0.0,0.0,0.0,0.0,0.02127659574468085,0.001443001443001443,0.0,0.0,0.0,0.0,0.02564102564102564,0.007042253521126761
DDX46,K562_within_vs_K562_to_RPE1,primary_source_context_comparison,0.2483978569507599,-0.1188752874732017,0.1672818525913184,-0.1050090675654031,0.0835348889231681,0.1592766791582107,0.2452034950256347,-0.14893639087677,0.05,0.6,0.08,0.52,0.15,0.49,0.3,0.716,0.0,0.0,0.0,0.0,0.012658227848101266,0.0028169014084507044,0.0,0.0,0.0,0.0,0.015384615384615385,0.013513513513513514
DDX47,K562_within_vs_K562_to_RPE1,primary_source_context_comparison,0.4363723397254944,0.1077968254685401,0.2761952278836951,0.1185542741210162,0.0955926030874252,0.2039789259433746,0.5056124329566956,0.0745579004287719,0.0,0.2,0.08,0.42,0.12,0.39,0.132,0.388,0.0,0.0,0.0,0.0,0.058823529411764705,0.015873015873015872,0.0,0.0,0.0,0.0,0.07692307692307693,0.07142857142857142
DHX33,K562_within_vs_K562_to_RPE1,primary_source_context_comparison,0.2230013608932495,0.0408576354384422,0.1455840079868543,0.0460543816043858,0.0670431703329086,0.1468433439731598,0.2249438762664795,0.0239856243133544,0.3,0.45,0.32,0.38,0.26,0.41,0.328,0.504,0.0,0.0,0.0,0.0,0.007936507936507936,0.009433962264150943,0.0,0.0,0.0,0.0,0.01020408163265306,0.045454545454545456
DICER1,K562_within_vs_K562_to_RPE1,primary_source_context_comparison,0.1262517422437667,-0.0848629400134086,0.0943542333145498,-0.0755785584471423,0.0569984465837478,0.0976889505982399,0.1385112404823303,-0.0856595039367675,0.2,0.55,0.2,0.46,0.25,0.46,0.372,0.576,0.0,0.0,0.0,0.0,0.006024096385542169,0.015384615384615385,0.0,0.0,0.0,0.0,0.008620689655172414,0.06666666666666667
DYNC1H1,K562_within_vs_K562_to_RPE1,primary_source_context_comparison,0.4709141552448272,0.0427108071744442,0.3004433478777872,0.022680153020839,0.0493869557976722,0.1307115703821182,0.4699366092681885,0.0050593614578247,0.05,0.35,0.04,0.38,0.09,0.42,0.096,0.476,0.0,0.0,1.0,0.0,0.3333333333333333,0.0017123287671232876,0.0,0.0,1.0,0.0,0.3333333333333333,0.008403361344537815
DYNLL1,K562_within_vs_K562_to_RPE1,primary_source_context_comparison,0.102123737335205,-0.0679670944809913,0.0689195275887811,-0.0453190613189377,0.0890207141637802,0.0844985917210578,0.0901387929916381,-0.1107960939407348,0.15,0.5,0.2,0.42,0.2,0.43,0.38,0.636,0.0,0.0,0.0,0.0,0.006097560975609756,0.0016313213703099511,0.0,0.0,0.0,0.0,0.008547008547008548,0.008
EEF1G,K562_within_vs_K562_to_RPE1,primary_source_context_comparison,0.1926194727420807,-0.002919677644968,0.1354914274614125,-0.0103374067024886,0.0656710416078567,0.1308901757001876,0.1918202638626098,-0.0432659387588501,0.3,0.3,0.18,0.34,0.17,0.42,0.368,0.592,0.0,0.0,0.0,0.0,0.008849557522123894,0.004166666666666667,0.0,0.0,0.0,0.0,0.011235955056179775,0.025
EIF2S2,K562_within_vs_K562_to_RPE1,primary_source_context_comparison,0.1261384487152099,0.0180892925709486,0.102527344010015,0.0375966734087692,0.100057415664196,0.2436434626579284,0.1448248028755188,-0.0314282178878784,0.35,0.35,0.26,0.36,0.22,0.42,0.392,0.564,0.0,0.0,0.0,0.0,0.02,0.003703703703703704,0.0,0.0,0.0,0.0,0.02564102564102564,0.02
EIF3E,K562_within_vs_K562_to_RPE1,primary_source_context_comparison,0.3314526677131653,0.0450181774795055,0.2544259637351448,0.0367009697569196,0.1047595217823982,0.2247486859560012,0.2781637907028198,-0.0360758304595947,0.1,0.2,0.12,0.32,0.16,0.35,0.252,0.528,0.0,0.0,0.0,0.0,0.012195121951219513,0.003076923076923077,0.0,0.0,0.0,0.0,0.0196078431372549,0.017857142857142856
EIF3I,K562_within_vs_K562_to_RPE1,primary_source_context_comparison,0.2994312047958374,0.0296683572232723,0.195907427100297,0.0221657967602278,0.1115522906184196,0.2126986980438232,0.3123865127563476,-0.0603007078170776,0.0,0.35,0.06,0.42,0.15,0.43,0.252,0.544,0.0,0.0,0.0,0.0,0.02702702702702703,0.0015552099533437014,0.0,0.0,0.0,0.0,0.045454545454545456,0.007518796992481203
ERCC2,K562_within_vs_K562_to_RPE1,primary_source_context_comparison,0.1400256752967834,0.1818240880966186,0.1077925451488758,0.1390944130617913,0.0703101456165313,0.1163005903363227,0.141325831413269,0.1611694097518921,0.25,0.45,0.26,0.44,0.25,0.43,0.352,0.308,0.0,0.0,0.0,0.0,0.007142857142857143,0.05263157894736842,0.0,0.0,0.0,1.0,0.009345794392523364,0.2
EXOSC8,K562_within_vs_K562_to_RPE1,primary_source_context_comparison,0.2692462503910064,-0.0244015045464038,0.21183265325581,-0.0064926281480167,0.1141365841031074,0.1925090700387954,0.2767800092697143,-0.0674085617065429,0.0,0.3,0.08,0.34,0.1,0.39,0.22,0.604,0.0,0.0,0.0,0.0,0.013888888888888888,0.0018867924528301887,0.0,0.0,0.0,0.0,0.022727272727272728,0.009615384615384616
FAM136A,K562_within_vs_K562_to_RPE1,primary_source_context_comparison,0.2173809558153152,0.0074889762327075,0.1660945999437702,-0.00667049810698,0.1431635022163391,0.0950705632567405,0.2202579975128173,0.0512222051620483,0.35,0.3,0.26,0.38,0.29,0.31,0.296,0.468,0.0,0.0,0.0,0.0,0.05,0.07692307692307693,0.0,0.0,0.0,1.0,0.05555555555555555,0.25
FAM32A,K562_within_vs_K562_to_RPE1,primary_source_context_comparison,0.1429468393325805,-0.0174310356378555,0.1013295831596152,-0.0050175569368226,0.0962816327810287,0.1887762397527694,0.0932210087776184,-0.0563910007476806,0.15,0.45,0.18,0.46,0.18,0.44,0.412,0.656,0.0,0.0,0.0,0.0,0.00625,0.003952569169960474,0.0,0.0,0.0,0.0,0.00909090909090909,0.01818181818181818
GINS2,K562_within_vs_K562_to_RPE1,primary_source_context_comparison,0.2895706295967102,0.0044486206024885,0.1715699779915052,0.0080999058605794,0.0806058421730995,0.1557421386241912,0.3265780210494995,-0.013763427734375,0.0,0.5,0.12,0.5,0.13,0.48,0.28,0.54,0.0,0.0,0.0,0.0,0.03333333333333333,0.0022471910112359553,0.0,0.0,0.0,0.0,0.038461538461538464,0.011494252873563218
GINS4,K562_within_vs_K562_to_RPE1,primary_source_context_comparison,0.1185711473226547,0.0777356028556823,0.062204157307152,0.0508428204693735,0.096289575099945,0.1624373197555542,0.1334904432296753,0.0364323258399963,0.3,0.3,0.3,0.34,0.32,0.38,0.388,0.456,0.0,0.0,0.0,0.0,0.018518518518518517,0.006211180124223602,0.0,0.0,0.0,0.0,0.022222222222222223,0.03125
GPS1,K562_within_vs_K562_to_RPE1,primary_source_context_comparison,0.2217500805854797,0.0677669569849968,0.1856836348807146,0.0495121922524876,0.0538404285907745,0.171252891421318,0.1862455010414123,0.0253044366836547,0.05,0.4,0.14,0.44,0.16,0.48,0.288,0.484,0.0,0.0,0.0,0.0,0.006622516556291391,0.0025,0.0,0.0,0.0,0.0,0.009523809523809525,0.0125
GRB2,K562_within_vs_K562_to_RPE1,primary_source_context_comparison,0.1383256465196609,-0.1569834947586059,0.1022273281530931,-0.1197806415809751,0.0839208662509918,0.070207193493843,0.1336092948913574,-0.1897168159484863,0.35,0.3,0.32,0.22,0.33,0.24,0.368,0.712,0.0,0.0,0.0,0.0,0.007407407407407408,0.003861003861003861,0.0,0.0,0.0,0.0,0.010869565217391304,0.01818181818181818
GTF3C3,K562_within_vs_K562_to_RPE1,primary_source_context_comparison,0.111249953508377,0.1397964507341385,0.0674839627825977,0.1072408680305036,0.0585265159606933,0.1095604822039604,0.0950214266777038,0.1298843622207641,0.2,0.2,0.26,0.22,0.3,0.35,0.448,0.376,0.0,0.0,0.0,0.0,0.00558659217877095,0.0014684287812041115,0.0,0.0,0.0,0.0,0.008130081300813009,0.0072992700729927005
HARS,K562_within_vs_K562_to_RPE1,primary_source_context_comparison,0.4416577517986297,-0.0008739042095839,0.3227063364272333,-0.0227545051661802,0.1180178076028823,0.2244516164064407,0.3921633958816528,-0.0982697010040283,0.0,0.3,0.06,0.36,0.14,0.43,0.108,0.672,0.0,0.0,0.0,0.0,0.0625,0.0018867924528301887,0.0,0.0,0.0,0.0,0.0625,0.009433962264150943
HNRNPC,K562_within_vs_K562_to_RPE1,primary_source_context_comparison,0.3918481469154358,0.0171033628284931,0.301928202797128,0.0290914429083559,0.0983828380703926,0.1805529445409774,0.3760019540786743,-0.0162913799285888,0.05,0.45,0.04,0.32,0.1,0.37,0.18,0.5,0.0,0.0,0.0,0.0,0.015873015873015872,0.0018115942028985507,0.0,0.0,0.0,0.0,0.018867924528301886,0.009009009009009009
HSCB,K562_within_vs_K562_to_RPE1,primary_source_context_comparison,0.126837357878685,0.0613577291369438,0.0800863436533758,0.0513424094801608,0.0668164417147636,0.1276179552078247,0.1276200413703918,-0.0016998052597045,0.1,0.4,0.16,0.38,0.17,0.42,0.32,0.528,0.0,0.0,0.0,0.0,0.006622516556291391,0.002898550724637681,0.0,0.0,0.0,0.0,0.009345794392523364,0.014285714285714285
HUWE1,K562_within_vs_K562_to_RPE1,primary_source_context_comparison,0.1628256738185882,0.0163137577474117,0.1231636726385468,0.005993080751867,0.0777627825736999,0.1315456330776214,0.1580320000648498,-0.0138556957244873,0.2,0.2,0.26,0.34,0.25,0.46,0.344,0.488,0.0,0.0,0.0,0.0,0.008849557522123894,0.001953125,0.0,0.0,0.0,0.0,0.011235955056179775,0.009433962264150943
ICE1,K562_within_vs_K562_to_RPE1,primary_source_context_comparison,0.2798475623130798,0.0422127023339271,0.1891249957775388,0.0584444875085848,0.0743482038378715,0.2103105932474136,0.2196123003959655,-0.0242813825607299,0.1,0.25,0.12,0.36,0.12,0.39,0.264,0.592,0.0,0.0,0.0,0.0,0.008333333333333333,0.0015822784810126582,0.0,0.0,0.0,0.0,0.01098901098901099,0.0078125
INTS5,K562_within_vs_K562_to_RPE1,primary_source_context_comparison,0.375340461730957,0.0354627259075641,0.2761634191745367,0.0510262370662741,0.1387597769498825,0.2209042310714721,0.3845645189285278,0.0322442054748535,0.1,0.35,0.12,0.44,0.12,0.48,0.152,0.484,0.0,0.0,0.0,0.0,0.01694915254237288,0.02857142857142857,0.0,0.0,0.0,0.0,0.02,0.1
JAZF1,K562_within_vs_K562_to_RPE1,primary_source_context_comparison,0.2348922193050384,0.0038387707900255,0.1923334519425701,-0.0158097054335265,0.0482022501528263,0.0743839368224144,0.2099239826202392,-0.0368934869766235,0.1,0.35,0.14,0.36,0.16,0.42,0.312,0.544,0.0,0.0,0.0,0.0,0.007246376811594203,0.005235602094240838,0.0,0.0,0.0,0.0,0.010309278350515464,0.025
KPNB1,K562_within_vs_K562_to_RPE1,primary_source_context_comparison,0.3906503319740295,-0.0089940521866083,0.2739255915621721,0.0053091360203654,0.0991331860423088,0.188602402806282,0.3993867039680481,-0.0670853853225708,0.05,0.35,0.08,0.44,0.1,0.49,0.168,0.64,0.0,0.0,0.0,0.0,0.02857142857142857,0.0016556291390728477,0.0,0.0,0.0,0.0,0.03125,0.008333333333333333
LAS1L,K562_within_vs_K562_to_RPE1,primary_source_context_comparison,0.3474621474742889,0.0759614184498786,0.2252216645824879,0.0568080412044118,0.0778827294707298,0.1833185255527496,0.3784202933311462,0.0714881420135498,0.1,0.2,0.14,0.28,0.19,0.33,0.212,0.416,0.0,0.0,0.0,0.0,0.021739130434782608,0.004081632653061225,0.0,0.0,0.0,0.0,0.038461538461538464,0.02127659574468085
MAGOH,K562_within_vs_K562_to_RPE1,primary_source_context_comparison,0.2672189474105835,0.086125373840332,0.1887289816931592,0.1012517672893608,0.0791685953736305,0.0722296983003616,0.2783563733100891,0.0641037225723266,0.05,0.55,0.06,0.5,0.14,0.55,0.28,0.432,0.0,0.0,0.0,0.0,0.010309278350515464,0.0028735632183908046,0.0,0.0,0.0,0.0,0.014285714285714285,0.015151515151515152
MCM6,K562_within_vs_K562_to_RPE1,primary_source_context_comparison,0.1684918105602264,0.1824360489845276,0.10264099721703,0.1561375634972498,0.0691150650382042,0.1443313360214233,0.2053474187850952,0.1729580760002136,0.25,0.35,0.26,0.32,0.33,0.34,0.324,0.364,0.0,0.0,0.0,0.0,0.011764705882352941,0.013888888888888888,0.0,0.0,0.0,0.0,0.016129032258064516,0.06666666666666667
MCMBP,K562_within_vs_K562_to_RPE1,primary_source_context_comparison,0.1064036190509796,0.1111494228243827,0.0775510078916239,0.0913091166327474,0.0670090392231941,0.1107215359807014,0.1002840995788574,0.0937601923942565,0.25,0.3,0.22,0.5,0.25,0.45,0.368,0.336,0.0,0.0,0.0,0.0,0.005494505494505495,0.0136986301369863,0.0,0.0,0.0,0.0,0.007874015748031496,0.07142857142857142
MED12,K562_within_vs_K562_to_RPE1,primary_source_context_comparison,0.6489377021789551,-0.0254943743348121,0.4835171405478943,-0.0360515147549258,0.1227644458413124,0.1923505812883377,0.6279175877571106,-0.0106858015060424,0.0,0.35,0.02,0.36,0.07,0.44,0.08,0.564,0.0,0.0,1.0,0.0,0.25,0.02127659574468085,0.0,0.0,1.0,0.0,0.25,0.07692307692307693
MIOS,K562_within_vs_K562_to_RPE1,primary_source_context_comparison,0.2067734897136688,-0.0748056396842002,0.1408453978839568,-0.0804838189550792,0.052540548145771,0.0763196647167205,0.1848512887954712,-0.1196355819702148,0.35,0.55,0.34,0.34,0.28,0.33,0.316,0.584,0.0,0.0,0.0,0.0,0.009259259259259259,0.011363636363636364,0.0,0.0,0.0,0.0,0.011764705882352941,0.047619047619047616
MRPL49,K562_within_vs_K562_to_RPE1,primary_source_context_comparison,0.0374006852507591,-0.1228647381067276,0.0189395293344902,-0.0964365752357774,0.1094682812690734,0.1440467685461044,0.0548009872436523,-0.1092121601104736,0.25,0.2,0.18,0.3,0.19,0.28,0.368,0.636,0.0,0.0,0.0,0.0,0.005747126436781609,0.0029239766081871343,0.0,0.0,0.0,0.0,0.007874015748031496,0.015384615384615385
MRPS34,K562_within_vs_K562_to_RPE1,primary_source_context_comparison,0.1477819979190826,0.0513625256717205,0.1087382691175307,0.0667071337738863,0.0781442821025848,0.1481804251670837,0.1331565380096435,0.0219501256942749,0.2,0.55,0.2,0.48,0.28,0.52,0.308,0.48,0.0,0.0,0.0,0.0,0.0070921985815602835,0.001937984496124031,0.0,0.0,0.0,0.0,0.009433962264150943,0.009259259259259259
NAA15,K562_within_vs_K562_to_RPE1,primary_source_context_comparison,0.1824508905410766,-0.0311863124370574,0.130276693761321,-0.0290924638697932,0.0648561492562294,0.1281424909830093,0.1899880170822143,-0.0368698835372924,0.15,0.45,0.16,0.44,0.23,0.44,0.32,0.58,0.0,0.0,0.0,0.0,0.008547008547008548,0.003663003663003663,0.0,0.0,0.0,0.0,0.011494252873563218,0.02
NAA20,K562_within_vs_K562_to_RPE1,primary_source_context_comparison,0.1847650706768036,0.0499064214527606,0.1242674970205943,0.0471576992325715,0.0581575967371463,0.0787577778100967,0.1857197880744934,-0.0105593204498291,0.15,0.45,0.24,0.46,0.26,0.42,0.336,0.504,0.0,0.0,0.0,0.0,0.006711409395973154,0.001443001443001443,0.0,0.0,0.0,0.0,0.00909090909090909,0.006944444444444444
NDC80,K562_within_vs_K562_to_RPE1,primary_source_context_comparison,0.5375991463661194,-0.0313425250351429,0.3609997055479722,-0.0246800020117924,0.0580115132033824,0.145740732550621,0.5220420956611633,-0.0813555717468261,0.0,0.5,0.02,0.46,0.06,0.47,0.052,0.68,0.0,0.0,1.0,0.0,0.5,0.0016420361247947454,0.0,0.0,1.0,0.0,0.5,0.008264462809917356
NDUFB10,K562_within_vs_K562_to_RPE1,primary_source_context_comparison,0.043903462588787,-0.0357156693935394,0.0195475827513107,-0.0137492709829607,0.0556040480732917,0.0897320806980133,0.0028749108314514,-0.0724709033966064,0.2,0.5,0.18,0.46,0.32,0.47,0.468,0.624,0.0,0.0,0.0,0.0,0.004830917874396135,0.002551020408163265,0.0,0.0,0.0,0.0,0.00684931506849315,0.01282051282051282
NEDD8,K562_within_vs_K562_to_RPE1,primary_source_context_comparison,0.1190273612737655,-0.052901167422533,0.0967882510968217,-0.0372199484176912,0.0878982096910476,0.1772942245006561,0.1214869022369384,-0.0619231462478637,0.05,0.25,0.12,0.3,0.15,0.32,0.44,0.596,0.0,0.0,0.0,0.0,0.005555555555555556,0.008695652173913044,0.0,0.0,0.0,0.0,0.007692307692307693,0.043478260869565216
NELFB,K562_within_vs_K562_to_RPE1,primary_source_context_comparison,0.2306412160396576,-0.0308075696229934,0.1812574107033469,-0.0194560815467102,0.0695017501711845,0.1332620978355407,0.2418324947357177,-0.1166504621505737,0.0,0.4,0.1,0.48,0.17,0.49,0.26,0.644,0.0,0.0,0.0,0.0,0.013888888888888888,0.001394700139470014,0.0,0.0,0.0,0.0,0.01694915254237288,0.006756756756756757
NELFCD,K562_within_vs_K562_to_RPE1,primary_source_context_comparison,0.0073873386718332,0.2104276120662689,0.0006989144919901,0.1743473443986311,0.0636081099510192,0.1128290891647338,0.0517325401306152,0.1521252989768982,0.25,0.15,0.28,0.24,0.31,0.25,0.456,0.328,0.0,0.0,0.0,0.0,0.005128205128205128,0.00186219739292365,0.0,0.0,0.0,0.0,0.007407407407407408,0.008620689655172414
NIFK,K562_within_vs_K562_to_RPE1,primary_source_context_comparison,0.4365770220756531,-0.0242698546499013,0.31068726323386,-0.0217485867899434,0.0835797563195228,0.215991660952568,0.4579693078994751,-0.0667656660079956,0.0,0.55,0.06,0.54,0.12,0.48,0.156,0.616,0.0,0.0,0.0,0.0,0.0625,0.0024875621890547263,0.0,0.0,0.0,0.0,0.09090909090909091,0.0125
NLE1,K562_within_vs_K562_to_RPE1,primary_source_context_comparison,0.5145665407180786,0.0779179781675338,0.3648191779862784,0.0829053471921933,0.0655139312148094,0.2112012952566146,0.5279724597930908,0.0351221561431884,0.0,0.25,0.0,0.34,0.05,0.43,0.108,0.448,0.0,0.0,0.0,0.0,0.058823529411764705,0.009009009009009009,0.0,0.0,0.0,0.0,0.07692307692307693,0.041666666666666664
NMD3,K562_within_vs_K562_to_RPE1,primary_source_context_comparison,0.2406457215547561,0.0912368148565292,0.1842537858589956,0.0736378304370478,0.0863236933946609,0.1661251634359359,0.2406007647514343,0.0623113512992858,0.25,0.45,0.24,0.46,0.29,0.42,0.3,0.432,0.0,0.0,0.0,0.0,0.018518518518518517,0.004032258064516129,0.0,0.0,0.0,0.0,0.02702702702702703,0.021739130434782608
NUP107,K562_within_vs_K562_to_RPE1,primary_source_context_comparison,0.3181426525115967,-0.0490239486098289,0.2095716778109859,-0.0515778582748279,0.0926123484969139,0.1865908950567245,0.3210482597351074,-0.0853378772735595,0.05,0.35,0.12,0.34,0.13,0.43,0.244,0.696,0.0,0.0,0.0,0.0,0.07142857142857142,0.002680965147453083,0.0,0.0,0.0,0.0,0.08333333333333333,0.013333333333333334
NUP98,K562_within_vs_K562_to_RPE1,primary_source_context_comparison,0.5641569495201111,-0.1030425727367401,0.3955676288467051,-0.1008082159731674,0.0678476393222808,0.208261638879776,0.5747420787811279,-0.1378277540206909,0.0,0.4,0.04,0.32,0.05,0.37,0.088,0.668,1.0,0.0,1.0,0.0,1.0,0.0035335689045936395,1.0,0.0,1.0,0.0,1.0,0.016666666666666666
OGT,K562_within_vs_K562_to_RPE1,primary_source_context_comparison,-0.0090261595323681,-0.0742971897125244,-0.0276254079850163,-0.0446436555969605,0.1295505911111831,0.1180468872189521,-0.0004172325134277,-0.0641411542892456,0.35,0.2,0.26,0.24,0.34,0.3,0.492,0.568,0.0,0.0,0.0,0.0,0.0047169811320754715,0.010526315789473684,0.0,0.0,0.0,0.0,0.006756756756756757,0.05
PES1,K562_within_vs_K562_to_RPE1,primary_source_context_comparison,0.2057491540908813,0.0511442981660366,0.1520538916181556,0.0521093852413779,0.0972952470183372,0.1723898202180862,0.237132728099823,-0.0106279850006103,0.2,0.4,0.18,0.42,0.24,0.47,0.328,0.484,0.0,0.0,0.0,0.0,0.025,0.0028169014084507044,0.0,0.0,0.0,0.0,0.041666666666666664,0.013157894736842105
PET117,K562_within_vs_K562_to_RPE1,primary_source_context_comparison,-0.024359606206417,-0.1479942798614502,-0.0340607107433331,-0.1497812649548453,0.0682605877518653,0.0692441835999488,-0.0112791061401367,-0.0976066589355468,0.45,0.4,0.32,0.36,0.36,0.33,0.496,0.604,0.0,0.0,0.0,0.0,0.004739336492890996,0.022222222222222223,0.0,0.0,0.0,0.0,0.006802721088435374,0.07692307692307693
PHB2,K562_within_vs_K562_to_RPE1,primary_source_context_comparison,0.6724581122398376,0.028053842484951,0.5130751757193208,0.0409638127745525,0.1483594626188278,0.2206382155418396,0.6231396198272705,-0.0610817670822143,0.0,0.35,0.0,0.42,0.03,0.5,0.04,0.652,0.0,0.0,1.0,0.0,0.25,0.0016155088852988692,0.0,0.0,1.0,0.0,0.25,0.007874015748031496
PMF1,K562_within_vs_K562_to_RPE1,primary_source_context_comparison,0.5003809332847595,0.0067743491381406,0.3524312078337067,-0.0024082711683886,0.0460809543728828,0.1118261292576789,0.462614893913269,-0.0458042621612548,0.0,0.5,0.06,0.5,0.1,0.48,0.092,0.636,0.0,0.0,0.0,0.0,0.06666666666666667,0.001893939393939394,0.0,0.0,0.0,0.0,0.06666666666666667,0.009259259259259259
PMPCA,K562_within_vs_K562_to_RPE1,primary_source_context_comparison,0.3603180646896362,-0.0058165462687611,0.2427613511781066,-0.0514948882037955,0.0771586820483207,0.1779236197471618,0.3154915571212768,-0.0723552703857421,0.0,0.25,0.1,0.34,0.13,0.39,0.188,0.664,0.0,0.0,0.0,0.0,0.015625,0.003663003663003663,0.0,0.0,0.0,0.0,0.018867924528301886,0.02040816326530612
POLD1,K562_within_vs_K562_to_RPE1,primary_source_context_comparison,0.2953891158103943,-0.1556621193885803,0.2254850056436351,-0.1055351575250048,0.0840528532862663,0.1831429749727249,0.3239206671714782,-0.1867352724075317,0.05,0.25,0.04,0.24,0.07,0.25,0.216,0.72,0.0,0.0,0.0,0.0,0.014705882352941176,0.0016025641025641025,0.0,0.0,0.0,0.0,0.017241379310344827,0.007751937984496124
POLD3,K562_within_vs_K562_to_RPE1,primary_source_context_comparison,0.1376581937074661,-0.3819011151790619,0.0798343023152881,-0.2970078328634415,0.0953359007835388,0.1862132400274276,0.1439036130905151,-0.3926794528961181,0.3,0.1,0.3,0.18,0.3,0.17,0.348,0.864,0.0,0.0,0.0,0.0,0.009523809523809525,0.0015267175572519084,0.0,0.0,0.0,0.0,0.01282051282051282,0.007518796992481203
POLR2I,K562_within_vs_K562_to_RPE1,primary_source_context_comparison,0.5071816444396973,-0.0192044991999864,0.3385413586616543,-0.005708626308345,0.1222751811146736,0.2238922268152237,0.4417060613632202,-0.0862634181976318,0.0,0.3,0.08,0.34,0.14,0.44,0.112,0.692,0.0,0.0,0.0,0.0,0.05,0.001567398119122257,0.0,0.0,0.0,0.0,0.05555555555555555,0.007633587786259542
POLRMT,K562_within_vs_K562_to_RPE1,primary_source_context_comparison,0.0698092952370643,0.1844079494476318,-0.0146706723478831,0.0873592348871423,0.0883830562233924,0.1170101538300514,0.0935673713684082,0.1813707947731018,0.25,0.35,0.2,0.4,0.21,0.42,0.552,0.332,0.0,1.0,0.0,1.0,0.0053475935828877,1.0,0.0,1.0,0.0,1.0,0.007575757575757576,1.0
POP1,K562_within_vs_K562_to_RPE1,primary_source_context_comparison,0.054977498948574,-0.0685906410217285,0.0122560521708303,-0.0735769217910768,0.0869712680578231,0.2148052752017974,0.0858964323997497,-0.1400734186172485,0.3,0.45,0.28,0.38,0.3,0.47,0.452,0.7,0.0,0.0,0.0,0.0,0.005847953216374269,0.001694915254237288,0.0,0.0,0.0,0.0,0.0078125,0.008403361344537815
PPARGC1B,K562_within_vs_K562_to_RPE1,primary_source_context_comparison,0.0197345279157161,0.0083482433110475,0.0034658109068819,-0.0019920854718268,0.05992017313838,0.074646882712841,0.0313037037849426,-0.0182839632034301,0.45,0.45,0.3,0.36,0.31,0.36,0.508,0.488,0.0,0.0,0.0,0.0,0.004807692307692308,0.00228310502283105,0.0,0.0,0.0,0.0,0.00684931506849315,0.011363636363636364
PPP1CA,K562_within_vs_K562_to_RPE1,primary_source_context_comparison,0.0700925067067146,-0.0161690358072519,0.0658949832933808,-0.0215318439358575,0.0762784853577613,0.1102027669548988,0.0317775607109069,-0.0739247798919677,0.2,0.45,0.26,0.4,0.3,0.35,0.444,0.48,0.0,0.0,0.0,0.0,0.0051813471502590676,0.0016474464579901153,0.0,0.0,0.0,0.0,0.007246376811594203,0.008264462809917356
PPP4C,K562_within_vs_K562_to_RPE1,primary_source_context_comparison,0.1520739197731018,-0.1002847850322723,0.1182382901563693,-0.0801062611620181,0.0579792372882366,0.1026662588119506,0.1694503426551818,-0.104204773902893,0.3,0.2,0.26,0.38,0.26,0.42,0.344,0.624,0.0,0.0,0.0,0.0,0.011764705882352941,0.0029069767441860465,0.0,0.0,0.0,0.0,0.014705882352941176,0.013333333333333334
PRIM1,K562_within_vs_K562_to_RPE1,primary_source_context_comparison,0.3348895311355591,-0.0173494145274162,0.2317541928764161,-0.0010785695951945,0.0882091000676155,0.2150288075208664,0.3400318622589111,-0.0366055965423584,0.0,0.25,0.02,0.22,0.04,0.37,0.18,0.576,0.0,0.0,0.0,0.0,0.025,0.0024449877750611247,0.0,0.0,0.0,0.0,0.02857142857142857,0.012658227848101266
PRIM2,K562_within_vs_K562_to_RPE1,primary_source_context_comparison,0.2655254602432251,-0.0477902144193649,0.1960925654738212,-0.0239007349891766,0.0960702002048492,0.1579033732414245,0.2827035188674927,-0.0721008777618408,0.0,0.45,0.12,0.44,0.22,0.35,0.288,0.636,0.0,0.0,0.0,0.0,0.029411764705882353,0.0025,0.0,0.0,0.0,0.0,0.034482758620689655,0.0136986301369863
PRPF19,K562_within_vs_K562_to_RPE1,primary_source_context_comparison,0.2335022091865539,-0.0345523431897163,0.1477173461326938,-0.040592883594638,0.0962020084261894,0.1986563354730606,0.2353289127349853,-0.0636789798736572,0.25,0.3,0.24,0.32,0.2,0.44,0.272,0.64,0.0,0.0,0.0,0.0,0.020833333333333332,0.0051813471502590676,0.0,0.0,0.0,0.0,0.024390243902439025,0.023809523809523808
PRPF3,K562_within_vs_K562_to_RPE1,primary_source_context_comparison,0.5330048203468323,0.0321861691772937,0.3708806143410268,0.0478792857563205,0.1059066355228424,0.2300963401794433,0.5068976283073425,-0.046483039855957,0.0,0.55,0.02,0.5,0.09,0.52,0.108,0.628,0.0,0.0,0.0,0.0,0.14285714285714285,0.0016501650165016502,0.0,0.0,0.0,0.0,0.14285714285714285,0.008064516129032258
PRPF4,K562_within_vs_K562_to_RPE1,primary_source_context_comparison,0.278336763381958,0.0084742587059736,0.1870021885495517,0.0286192878647715,0.1159187704324722,0.2260617911815643,0.2638177871704101,-0.0732882022857666,0.1,0.2,0.16,0.32,0.16,0.41,0.296,0.664,0.0,0.0,0.0,0.0,0.02040816326530612,0.001524390243902439,0.0,0.0,0.0,0.0,0.023809523809523808,0.007462686567164179
PRPF8,K562_within_vs_K562_to_RPE1,primary_source_context_comparison,0.4471217691898346,-0.0274171773344278,0.2946825410743741,-0.0389360491922453,0.0924501940608024,0.2515848278999328,0.4078076481819153,-0.111656904220581,0.0,0.3,0.14,0.42,0.12,0.48,0.152,0.7,0.0,0.0,0.0,0.0,0.030303030303030304,0.001519756838905775,0.0,0.0,0.0,0.0,0.03571428571428571,0.007352941176470588
PSMB2,K562_within_vs_K562_to_RPE1,primary_source_context_comparison,0.2767795920372009,-0.0332896001636981,0.1866084959763398,-0.0277444051737762,0.1065250486135482,0.2896303832530975,0.2593607902526855,-0.0485894680023193,0.2,0.35,0.22,0.46,0.23,0.44,0.248,0.536,0.0,0.0,0.0,0.0,0.01639344262295082,0.006711409395973154,0.0,0.0,0.0,0.0,0.02040816326530612,0.03333333333333333
PSMB5,K562_within_vs_K562_to_RPE1,primary_source_context_comparison,0.3650575280189514,-0.0185243897140026,0.2366706780221874,-0.0198971106048394,0.0917474254965782,0.3016073703765869,0.3698595762252807,-0.0413142442703247,0.05,0.2,0.08,0.3,0.13,0.39,0.22,0.564,0.0,0.0,0.0,0.0,0.025,0.007575757575757576,0.0,0.0,0.0,0.0,0.029411764705882353,0.03333333333333333
PSMB6,K562_within_vs_K562_to_RPE1,primary_source_context_comparison,0.408074676990509,-0.0298783332109451,0.2900547043340333,-0.0347238484777873,0.1101171374320983,0.2737927436828613,0.387749433517456,-0.0390080213546752,0.0,0.4,0.02,0.42,0.08,0.49,0.204,0.596,0.0,0.0,0.0,0.0,0.02857142857142857,0.010869565217391304,0.0,0.0,0.0,0.0,0.03225806451612903,0.047619047619047616
PSMG3,K562_within_vs_K562_to_RPE1,primary_source_context_comparison,0.1306395828723907,-0.0265278667211532,0.0906711022413724,-0.0137822750169448,0.0392572693526744,0.0670868828892707,0.0887732505798339,-0.0475225448608398,0.25,0.25,0.28,0.38,0.31,0.47,0.44,0.568,0.0,0.0,0.0,0.0,0.00546448087431694,0.005681818181818182,0.0,0.0,0.0,0.0,0.0078125,0.027777777777777776
PTBP1,K562_within_vs_K562_to_RPE1,primary_source_context_comparison,0.2178952097892761,-0.03099319152534,0.1525782911591316,-0.0384543502609427,0.0769656896591186,0.1498415321111679,0.1770200729370117,-0.0498894453048706,0.2,0.3,0.16,0.24,0.22,0.33,0.328,0.62,0.0,0.0,0.0,0.0,0.00847457627118644,0.003125,0.0,0.0,0.0,0.0,0.010869565217391304,0.016129032258064516
RAD21,K562_within_vs_K562_to_RPE1,primary_source_context_comparison,0.3263691663742065,0.0340781956911087,0.2384012666777723,0.0519620631529767,0.1046244651079177,0.1836818158626556,0.327513575553894,-0.024785041809082,0.05,0.4,0.02,0.36,0.12,0.35,0.228,0.596,0.0,0.0,0.0,0.0,0.027777777777777776,0.001718213058419244,0.0,0.0,0.0,0.0,0.03333333333333333,0.00847457627118644
RBM42,K562_within_vs_K562_to_RPE1,primary_source_context_comparison,0.0770803689956665,0.0552903711795806,0.0548981054798768,0.0591419373750969,0.0856962352991104,0.1994116902351379,0.0742206573486328,0.0120959877967834,0.1,0.3,0.2,0.3,0.3,0.35,0.448,0.492,0.0,0.0,0.0,0.0,0.005952380952380952,0.0015337423312883436,0.0,0.0,0.0,0.0,0.008130081300813009,0.007692307692307693
RCC1,K562_within_vs_K562_to_RPE1,primary_source_context_comparison,0.2498259544372558,-0.1156286969780922,0.1673488758019714,-0.1172304200096573,0.0514108277857303,0.1250427663326263,0.2279528975486755,-0.1879693269729614,0.1,0.35,0.1,0.32,0.19,0.27,0.272,0.736,0.0,0.0,0.0,0.0,0.010752688172043012,0.0016260162601626016,0.0,0.0,0.0,0.0,0.013513513513513514,0.007936507936507936
RFC4,K562_within_vs_K562_to_RPE1,primary_source_context_comparison,0.1145748496055603,-0.050549991428852,0.0589067646282705,-0.057001722989541,0.0859531983733177,0.1573563069105148,0.1527736186981201,-0.0678471326828002,0.35,0.3,0.34,0.34,0.36,0.43,0.368,0.58,0.0,0.0,0.0,0.0,0.009523809523809525,0.0036101083032490976,0.0,0.0,0.0,0.0,0.014492753623188406,0.017241379310344827
RIOK1,K562_within_vs_K562_to_RPE1,primary_source_context_comparison,0.5188324451446533,0.0417132377624511,0.3576531993792953,0.0500410494588429,0.0675800293684005,0.1218340024352073,0.5655030012130737,0.0189149975776672,0.0,0.45,0.12,0.46,0.14,0.52,0.116,0.508,0.0,0.0,0.0,0.0,0.03571428571428571,0.008064516129032258,0.0,0.0,0.0,0.0,0.0625,0.043478260869565216
RNF40,K562_within_vs_K562_to_RPE1,primary_source_context_comparison,0.2122001498937606,0.0060495650395751,0.1387204386114761,0.0352231570737716,0.0582908578217029,0.1259827315807342,0.205232560634613,-0.0102919340133667,0.05,0.3,0.08,0.42,0.18,0.38,0.26,0.536,0.0,0.0,0.0,0.0,0.009615384615384616,0.0014064697609001407,0.0,0.0,0.0,0.0,0.012048192771084338,0.006944444444444444
RPA1,K562_within_vs_K562_to_RPE1,primary_source_context_comparison,0.5297673344612122,0.1377838850021362,0.3525025495814821,0.1379376389801265,0.0574085861444473,0.171389490365982,0.4243857860565185,0.101588487625122,0.1,0.25,0.06,0.4,0.06,0.45,0.1,0.364,0.0,0.0,0.0,0.0,0.02127659574468085,0.004273504273504274,0.0,0.0,0.0,0.0,0.025,0.018518518518518517
RPA3,K562_within_vs_K562_to_RPE1,primary_source_context_comparison,0.4398105144500732,-0.0212438032031059,0.337610533584832,-0.0083376976299081,0.075443647801876,0.1846811026334762,0.4245016574859619,-0.068198561668396,0.0,0.55,0.08,0.5,0.11,0.55,0.136,0.644,0.0,0.0,0.0,0.0,0.04,0.0026455026455026454,0.0,0.0,0.0,0.0,0.047619047619047616,0.01282051282051282
RPAP1,K562_within_vs_K562_to_RPE1,primary_source_context_comparison,0.2389573752880096,-0.0815186351537704,0.1550291845051673,-0.0681510081980403,0.0985892489552497,0.2033402472734451,0.2302968502044677,-0.1081752777099609,0.2,0.4,0.24,0.34,0.28,0.36,0.312,0.684,0.0,0.0,0.0,0.0,0.01818181818181818,0.0024330900243309003,0.0,0.0,0.0,0.0,0.021739130434782608,0.012048192771084338
RPL12,K562_within_vs_K562_to_RPE1,primary_source_context_comparison,0.484771192073822,0.0518316850066185,0.4349046237530602,0.0386462452427773,0.123214803636074,0.234423279762268,0.4771918654441833,-0.0081664323806762,0.0,0.35,0.08,0.4,0.09,0.41,0.18,0.536,0.0,0.0,0.0,0.0,0.022727272727272728,0.002932551319648094,0.0,0.0,0.0,0.0,0.043478260869565216,0.013888888888888888
RPL18A,K562_within_vs_K562_to_RPE1,primary_source_context_comparison,0.6245030760765076,-0.0163077041506767,0.4687950409278016,-0.0307597580943903,0.1187659204006195,0.250105619430542,0.6554282903671265,-0.0495010614395141,0.05,0.3,0.14,0.42,0.12,0.36,0.032,0.596,0.0,0.0,0.0,0.0,0.037037037037037035,0.0035971223021582736,0.0,0.0,0.0,0.0,0.06666666666666667,0.017857142857142856
RPL23A,K562_within_vs_K562_to_RPE1,primary_source_context_comparison,0.7847702503204346,-0.0190788004547357,0.6571578515343139,-0.0287416993437373,0.094146728515625,0.2546365559101105,0.8137537240982056,-0.0591081380844116,0.05,0.35,0.06,0.42,0.05,0.46,0.004,0.628,0.0,0.0,1.0,0.0,0.3333333333333333,0.0038461538461538464,0.0,0.0,1.0,0.0,0.5,0.018518518518518517
RPL30,K562_within_vs_K562_to_RPE1,primary_source_context_comparison,0.8466967344284058,-0.0470342338085174,0.7595035099823684,-0.0568638962599205,0.080486349761486,0.261091411113739,0.858144223690033,-0.099783182144165,0.0,0.4,0.04,0.46,0.04,0.43,0.0,0.684,1.0,0.0,1.0,0.0,1.0,0.002386634844868735,1.0,0.0,1.0,0.0,1.0,0.011111111111111112
RPL35,K562_within_vs_K562_to_RPE1,primary_source_context_comparison,0.629460871219635,0.0350239761173725,0.4762850634308334,0.0383167829726713,0.1110888421535492,0.2472270727157592,0.6626805663108826,-0.002670407295227,0.0,0.4,0.04,0.38,0.04,0.39,0.04,0.544,0.0,0.0,0.0,0.0,0.043478260869565216,0.005263157894736842,0.0,0.0,0.0,0.0,0.09090909090909091,0.02564102564102564
RPL5,K562_within_vs_K562_to_RPE1,primary_source_context_comparison,0.8005893230438232,0.0505007766187191,0.6866833169558131,0.0474249181232731,0.0822913497686386,0.2232121974229812,0.8210282325744629,0.0485012531280517,0.0,0.45,0.1,0.42,0.07,0.45,0.008,0.516,0.0,0.0,1.0,0.0,0.3333333333333333,0.04,0.0,0.0,1.0,0.0,0.5,0.16666666666666666
RPS24,K562_within_vs_K562_to_RPE1,primary_source_context_comparison,0.7371121644973755,-0.0031808363273739,0.5758691371082281,0.0088679719389317,0.0868225544691085,0.2329587340354919,0.7699241042137146,-0.0361887216567993,0.0,0.35,0.0,0.46,0.0,0.44,0.016,0.612,0.0,0.0,1.0,0.0,0.2,0.0034602076124567475,0.0,0.0,1.0,0.0,0.25,0.016666666666666666
RPS27A,K562_within_vs_K562_to_RPE1,primary_source_context_comparison,0.5578696131706238,-0.0008290305268019,0.3842894277235771,-0.0084559087222363,0.1058717221021652,0.2368152439594268,0.6070547103881836,-0.002256155014038,0.0,0.4,0.04,0.4,0.07,0.39,0.068,0.532,0.0,0.0,0.0,0.0,0.06666666666666667,0.012345679012345678,0.0,0.0,0.0,0.0,0.1111111111111111,0.05555555555555555
RPS29,K562_within_vs_K562_to_RPE1,primary_source_context_comparison,0.6710375547409058,0.0384043827652931,0.4902745570585155,0.0553394163429048,0.0773444473743438,0.1995386630296707,0.7081242799758911,0.0208137035369873,0.0,0.7,0.04,0.56,0.05,0.53,0.028,0.52,0.0,0.0,0.0,0.0,0.14285714285714285,0.01639344262295082,0.0,0.0,1.0,0.0,0.2,0.06666666666666667
SARS2,K562_within_vs_K562_to_RPE1,primary_source_context_comparison,0.1575966328382492,0.0593634881079196,0.1225789510778675,0.0742932673432967,0.0536025017499923,0.0650704279541969,0.1395543813705444,0.0914614796638488,0.35,0.55,0.36,0.44,0.29,0.44,0.308,0.364,0.0,0.0,0.0,1.0,0.0070921985815602835,0.2,0.0,1.0,0.0,1.0,0.008928571428571428,1.0
SART1,K562_within_vs_K562_to_RPE1,primary_source_context_comparison,0.4016020894050598,0.0023676848504692,0.2795616098998832,0.008127077317083,0.0931642353534698,0.2403321862220764,0.3349455595016479,-0.1348772048950195,0.05,0.35,0.04,0.34,0.09,0.36,0.176,0.632,0.0,0.0,0.0,0.0,0.029411764705882353,0.001375515818431912,0.0,0.0,0.0,0.0,0.030303030303030304,0.006666666666666667
SCFD1,K562_within_vs_K562_to_RPE1,primary_source_context_comparison,0.3921575844287872,0.0028455180581659,0.2758386852415473,-0.0021859217674893,0.0648643895983696,0.2308559864759445,0.3874877691268921,-0.0250413417816162,0.0,0.3,0.08,0.38,0.11,0.42,0.152,0.608,0.0,0.0,0.0,0.0,0.02564102564102564,0.009259259259259259,0.0,0.0,0.0,0.0,0.02857142857142857,0.04
SDHC,K562_within_vs_K562_to_RPE1,primary_source_context_comparison,0.0833348631858825,-0.0935867726802825,0.0618084069873031,-0.0958952211410147,0.0721075907349586,0.1031325161457061,0.071802020072937,-0.1444568634033203,0.25,0.4,0.26,0.36,0.31,0.39,0.424,0.664,0.0,0.0,0.0,0.0,0.005405405405405406,0.0045662100456621,0.0,0.0,0.0,0.0,0.007751937984496124,0.020833333333333332
SEH1L,K562_within_vs_K562_to_RPE1,primary_source_context_comparison,0.168363332748413,-0.1431455314159393,0.1050001342825253,-0.1022442872306792,0.0953512713313102,0.1296203434467315,0.11417156457901,-0.2042738199234008,0.3,0.3,0.26,0.46,0.31,0.48,0.372,0.728,0.0,0.0,0.0,0.0,0.0064516129032258064,0.0015600624024961,0.0,0.0,0.0,0.0,0.008849557522123894,0.0078125
SERBP1,K562_within_vs_K562_to_RPE1,primary_source_context_comparison,0.0137093681842088,-0.0214720405638217,0.0144010359374239,-0.0090193935612086,0.0798689946532249,0.0632994994521141,0.0171854496002197,-0.0243306159973144,0.25,0.25,0.26,0.3,0.25,0.34,0.448,0.524,0.0,0.0,0.0,0.0,0.004878048780487805,0.0013966480446927375,0.0,0.0,0.0,0.0,0.006896551724137931,0.006896551724137931
SF3A2,K562_within_vs_K562_to_RPE1,primary_source_context_comparison,0.5204974412918091,-0.0683651268482208,0.3859392762906212,-0.0698946072631392,0.0802161544561386,0.1250012814998626,0.5271754264831543,-0.0888644456863403,0.0,0.4,0.0,0.42,0.06,0.44,0.088,0.724,0.0,0.0,0.0,0.0,0.05,0.004545454545454545,0.0,0.0,0.0,0.0,0.05555555555555555,0.021739130434782608
SFPQ,K562_within_vs_K562_to_RPE1,primary_source_context_comparison,0.383409172296524,-0.0277513638138771,0.2593396418100339,-0.0005471976699273,0.1668770760297775,0.2332766652107238,0.326899766921997,-0.1242051124572753,0.1,0.4,0.08,0.5,0.07,0.46,0.168,0.644,0.0,0.0,0.0,0.0,0.019230769230769232,0.001644736842105263,0.0,0.0,0.0,0.0,0.024390243902439025,0.008130081300813009
SLBP,K562_within_vs_K562_to_RPE1,primary_source_context_comparison,0.1354144662618637,0.0110739385709166,0.0628532670946561,0.0283378301108734,0.1229843869805336,0.1595833599567413,0.155264139175415,0.0042651891708374,0.35,0.45,0.2,0.36,0.24,0.36,0.332,0.512,0.0,0.0,0.0,0.0,0.009708737864077669,0.006993006993006993,0.0,0.0,0.0,0.0,0.015873015873015872,0.04
SMARCB1,K562_within_vs_K562_to_RPE1,primary_source_context_comparison,0.066929668188095,-0.0205827094614505,0.0487214209751954,-0.0202585491313143,0.0597957707941532,0.0898818224668502,0.065027117729187,-0.0679314136505127,0.3,0.4,0.4,0.44,0.36,0.34,0.416,0.616,0.0,0.0,0.0,0.0,0.0051813471502590676,0.002325581395348837,0.0,0.0,0.0,0.0,0.007194244604316547,0.011235955056179775
SMN2,K562_within_vs_K562_to_RPE1,primary_source_context_comparison,0.3813296556472778,-0.0885306596755981,0.2644600704501381,-0.0914857336434293,0.1209740713238716,0.2311393022537231,0.3184456825256347,-0.1645381450653076,0.0,0.3,0.02,0.44,0.1,0.45,0.236,0.756,0.0,0.0,0.0,0.0,0.013157894736842105,0.0016501650165016502,0.0,0.0,0.0,0.0,0.017543859649122806,0.008264462809917356
SNRPB,K562_within_vs_K562_to_RPE1,primary_source_context_comparison,0.5769492387771606,-0.0074424925260245,0.3972624277560314,0.004801202400048,0.1176740676164627,0.2436128407716751,0.4769286513328552,-0.0679546594619751,0.0,0.35,0.0,0.44,0.06,0.46,0.088,0.672,0.0,0.0,0.0,0.0,0.043478260869565216,0.0016051364365971107,0.0,0.0,0.0,0.0,0.047619047619047616,0.007936507936507936
SNRPD1,K562_within_vs_K562_to_RPE1,primary_source_context_comparison,0.5484771728515625,-0.0231628268957138,0.3759644968346725,-0.0161538705341548,0.1487915962934494,0.2772611379623413,0.4906167984008789,-0.102691650390625,0.0,0.4,0.06,0.36,0.09,0.44,0.092,0.728,0.0,0.0,0.0,0.0,0.07692307692307693,0.0015923566878980893,0.0,0.0,0.0,0.0,0.08333333333333333,0.007751937984496124
SNRPG,K562_within_vs_K562_to_RPE1,primary_source_context_comparison,0.6746006011962891,-0.0787795335054397,0.5090993149681909,-0.0897189093595226,0.0777219608426094,0.2364366352558136,0.6577366590499878,-0.1470645666122436,0.05,0.4,0.04,0.4,0.06,0.39,0.052,0.764,0.0,0.0,1.0,0.0,0.3333333333333333,0.0015748031496062992,0.0,0.0,1.0,0.0,0.3333333333333333,0.008
SPC25,K562_within_vs_K562_to_RPE1,primary_source_context_comparison,0.5803512930870056,-0.0485022217035293,0.3941344839668386,-0.0640931645477265,0.1006765961647033,0.2055328041315078,0.5643000602722168,-0.1134800910949707,0.0,0.15,0.0,0.3,0.02,0.4,0.052,0.784,1.0,0.0,1.0,0.0,1.0,0.0015600624024961,1.0,0.0,1.0,0.0,1.0,0.007692307692307693
SRRT,K562_within_vs_K562_to_RPE1,primary_source_context_comparison,0.3088287115097046,0.0127917751669883,0.1985087491498783,0.0356674023741201,0.1184621527791023,0.1706918627023697,0.2672570943832397,-0.0147813558578491,0.2,0.45,0.12,0.4,0.12,0.44,0.252,0.552,0.0,0.0,0.0,0.0,0.011111111111111112,0.0033783783783783786,0.0,0.0,0.0,0.0,0.015151515151515152,0.01694915254237288
SSU72,K562_within_vs_K562_to_RPE1,primary_source_context_comparison,0.162907987833023,0.0450411438941955,0.1078590797327176,0.0457459426149356,0.0889931693673133,0.1702008843421936,0.1468814611434936,-0.0315723419189453,0.25,0.5,0.24,0.44,0.3,0.48,0.34,0.532,0.0,0.0,0.0,0.0,0.011494252873563218,0.0015128593040847202,0.0,0.0,0.0,0.0,0.014285714285714285,0.0072992700729927005
TCERG1,K562_within_vs_K562_to_RPE1,primary_source_context_comparison,0.0830566883087158,-0.0727051049470901,0.0659842062777027,-0.0717624414642199,0.0733864679932594,0.1116563975811004,0.0881606340408325,-0.1173124313354492,0.2,0.35,0.2,0.38,0.27,0.39,0.484,0.612,0.0,0.0,0.0,0.0,0.007692307692307693,0.003484320557491289,0.0,0.0,0.0,0.0,0.01,0.016666666666666666
TEFM,K562_within_vs_K562_to_RPE1,primary_source_context_comparison,0.0289376229047775,-0.0554354041814804,-0.0545928894477155,-0.0624441998447653,0.0694331303238868,0.0845895782113075,0.0626862645149231,-0.0299793481826782,0.25,0.5,0.3,0.36,0.28,0.38,0.556,0.544,0.0,0.0,0.0,0.0,0.005128205128205128,0.001392757660167131,0.0,0.0,0.0,0.0,0.007246376811594203,0.006896551724137931
TERF2,K562_within_vs_K562_to_RPE1,primary_source_context_comparison,0.2061628997325897,-0.0033587547950446,0.136330352624486,0.0017441328698071,0.1056164726614952,0.1956529915332794,0.1953234076499939,-0.0482511520385742,0.1,0.25,0.2,0.34,0.24,0.42,0.3,0.584,0.0,0.0,0.0,0.0,0.012195121951219513,0.00273224043715847,0.0,0.0,0.0,0.0,0.015625,0.012658227848101266
TFDP1,K562_within_vs_K562_to_RPE1,primary_source_context_comparison,0.1200726330280304,0.119984745979309,0.0584795662996037,0.1117957121385115,0.0609208233654499,0.0682354867458343,0.136171817779541,0.1175395846366882,0.25,0.35,0.2,0.26,0.22,0.27,0.404,0.356,0.0,0.0,0.0,0.0,0.006622516556291391,0.0021231422505307855,0.0,0.0,0.0,0.0,0.009523809523809525,0.010416666666666666
THAP1,K562_within_vs_K562_to_RPE1,primary_source_context_comparison,0.1948101967573166,-0.1146737709641456,0.151636596512021,-0.1148246737769869,0.0741458609700203,0.2018929719924926,0.1811093091964721,-0.1339782476425171,0.25,0.45,0.16,0.52,0.22,0.43,0.372,0.62,0.0,0.0,0.0,0.0,0.007874015748031496,0.0024875621890547263,0.0,0.0,0.0,0.0,0.010752688172043012,0.013333333333333334
THAP11,K562_within_vs_K562_to_RPE1,primary_source_context_comparison,0.0269394516944885,-0.0616045296192169,0.0183292410384893,-0.0409292765351356,0.0804377794265747,0.0641347914934158,0.0198531746864318,-0.0647503137588501,0.3,0.25,0.22,0.4,0.25,0.46,0.464,0.588,0.0,0.0,0.0,0.0,0.004807692307692308,0.00211864406779661,0.0,0.0,0.0,0.0,0.006944444444444444,0.010869565217391304
TIMM23B,K562_within_vs_K562_to_RPE1,primary_source_context_comparison,0.502507209777832,0.0417902693152427,0.3623554593843079,-0.0018926842358436,0.1172526776790618,0.2069891542196273,0.4769452810287475,-0.0220766067504882,0.1,0.25,0.06,0.46,0.05,0.43,0.14,0.58,0.0,0.0,0.0,0.0,0.0625,0.006024096385542169,0.0,0.0,0.0,0.0,0.0625,0.030303030303030304
TNPO3,K562_within_vs_K562_to_RPE1,primary_source_context_comparison,0.0651163905858993,0.1517441272735595,0.0396261288490451,0.1145110373484414,0.083230160176754,0.1753699481487274,0.0295901298522949,0.1161867380142211,0.15,0.15,0.32,0.32,0.28,0.41,0.464,0.348,0.0,0.0,0.0,0.0,0.004901960784313725,0.003436426116838488,0.0,0.0,0.0,0.0,0.007042253521126761,0.016129032258064516
TOP1,K562_within_vs_K562_to_RPE1,primary_source_context_comparison,0.076792299747467,0.0227803140878677,0.0388194251217086,0.0220348420509801,0.0787688940763473,0.2084112912416458,0.0984538197517395,0.0008564591407775,0.2,0.4,0.24,0.34,0.24,0.34,0.392,0.508,0.0,0.0,0.0,0.0,0.006024096385542169,0.003215434083601286,0.0,0.0,0.0,0.0,0.008695652173913044,0.015625
TRA2B,K562_within_vs_K562_to_RPE1,primary_source_context_comparison,0.1481566429138183,0.0571909993886947,0.148067445049805,0.0480387687901624,0.0731821656227111,0.083646148443222,0.1416864991188049,0.0590189695358276,0.25,0.45,0.26,0.42,0.26,0.38,0.348,0.416,0.0,0.0,0.0,0.0,0.006711409395973154,0.0136986301369863,0.0,0.0,0.0,0.0,0.008849557522123894,0.07692307692307693
TREX2,K562_within_vs_K562_to_RPE1,primary_source_context_comparison,0.4485812187194824,0.1149384081363678,0.2939112708726663,0.1078631130742906,0.0475455373525619,0.1208566203713417,0.4197694063186645,0.0676437616348266,0.0,0.45,0.08,0.36,0.18,0.37,0.128,0.424,0.0,0.0,0.0,0.0,0.1,0.0047169811320754715,0.0,0.0,0.0,0.0,0.1111111111111111,0.0196078431372549
TRMT112,K562_within_vs_K562_to_RPE1,primary_source_context_comparison,0.180923581123352,-0.0626120492815971,0.080391705411527,-0.021498703870012,0.0714850649237632,0.1898608058691024,0.2209797501564026,-0.0731450319290161,0.35,0.25,0.2,0.38,0.19,0.39,0.3,0.652,0.0,0.0,0.0,0.0,0.008620689655172414,0.002577319587628866,0.0,0.0,0.0,0.0,0.011904761904761904,0.0125
TUT1,K562_within_vs_K562_to_RPE1,primary_source_context_comparison,0.1235178709030151,-0.0609639324247837,0.0939362092499573,-0.047861859787623,0.0593127310276031,0.0555095449090004,0.1230562329292297,-0.0772801637649536,0.2,0.25,0.2,0.36,0.18,0.39,0.356,0.624,0.0,0.0,0.0,0.0,0.005813953488372093,0.0018484288354898336,0.0,0.0,0.0,0.0,0.008264462809917356,0.009433962264150943
UBA1,K562_within_vs_K562_to_RPE1,primary_source_context_comparison,0.1871336102485656,-0.0174541324377059,0.1220261636970465,-0.0115337734384581,0.1099021285772323,0.1036415621638298,0.1986815929412841,0.02375328540802,0.05,0.3,0.1,0.28,0.18,0.39,0.344,0.456,0.0,0.0,0.0,0.0,0.009259259259259259,0.025,0.0,0.0,0.0,0.0,0.011627906976744186,0.1
UBE2I,K562_within_vs_K562_to_RPE1,primary_source_context_comparison,0.0967108309268951,-0.0664754509925842,0.0769191686004588,-0.0577095823737683,0.1013229712843895,0.1554231494665146,0.0980499982833862,-0.1282435655593872,0.3,0.4,0.28,0.44,0.27,0.4,0.336,0.7,0.0,0.0,0.0,0.0,0.006535947712418301,0.0018050541516245488,0.0,0.0,0.0,0.0,0.008695652173913044,0.00980392156862745
UQCRB,K562_within_vs_K562_to_RPE1,primary_source_context_comparison,0.0938386395573616,-0.0142844635993242,0.0627665425601681,-0.0220215460515044,0.0640510320663452,0.0697740837931633,0.0519738793373107,-0.0494266748428344,0.05,0.25,0.18,0.28,0.23,0.37,0.448,0.584,0.0,0.0,0.0,0.0,0.005235602094240838,0.015873015873015872,0.0,0.0,0.0,0.0,0.007352941176470588,0.07142857142857142
UTP15,K562_within_vs_K562_to_RPE1,primary_source_context_comparison,0.706783652305603,0.0021450836211442,0.5484683586747343,-0.0003678598227408,0.0766637548804283,0.2287919223308563,0.7399193048477173,-0.0209274291992187,0.0,0.4,0.02,0.48,0.01,0.49,0.02,0.56,0.0,0.0,0.0,0.0,0.058823529411764705,0.005376344086021506,0.0,0.0,0.0,0.0,0.125,0.02631578947368421
VPS29,K562_within_vs_K562_to_RPE1,primary_source_context_comparison,0.2124244719743728,0.0391300693154335,0.1270522476603854,0.0498324330036892,0.0683668628334999,0.0700396373867988,0.1771562695503235,0.0402498245239257,0.1,0.45,0.14,0.42,0.18,0.39,0.272,0.504,0.0,0.0,0.0,0.0,0.00847457627118644,0.0016420361247947454,0.0,0.0,0.0,0.0,0.010638297872340425,0.007751937984496124
WDR12,K562_within_vs_K562_to_RPE1,primary_source_context_comparison,0.3458393812179565,-0.0277854800224304,0.2042320846172833,-0.0320113313132215,0.0741271153092384,0.2264106571674347,0.3754677176475525,-0.0898612737655639,0.05,0.35,0.08,0.38,0.1,0.39,0.18,0.648,0.0,0.0,0.0,0.0,0.03333333333333333,0.002178649237472767,0.0,0.0,0.0,0.0,0.05,0.010869565217391304
XPO1,K562_within_vs_K562_to_RPE1,primary_source_context_comparison,0.4017803072929382,0.0499385073781013,0.2766170296566811,0.0589293525665884,0.121358685195446,0.2292333394289016,0.3769019246101379,0.0156244039535522,0.05,0.45,0.06,0.44,0.08,0.41,0.14,0.508,0.0,0.0,0.0,0.0,0.037037037037037035,0.002583979328165375,0.0,0.0,0.0,0.0,0.043478260869565216,0.0125
ZNF207,K562_within_vs_K562_to_RPE1,primary_source_context_comparison,0.2733474969863891,-0.0627959221601486,0.1814713797708551,-0.0533218616848744,0.0717401430010795,0.1499958932399749,0.2872228622436523,-0.0851563215255737,0.05,0.3,0.1,0.46,0.14,0.46,0.244,0.648,0.0,0.0,0.0,0.0,0.017241379310344827,0.00390625,0.0,0.0,0.0,0.0,0.02127659574468085,0.018518518518518517
ABCE1,RPE1_within_vs_RPE1_to_K562,primary_source_context_comparison,0.5259520411491394,0.0014938076492398,0.4230004902960195,0.0058623343147747,0.1777755171060562,0.1955833882093429,0.4989200234413147,-0.0270739793777465,0.1,0.2,0.08,0.4,0.09,0.45,0.164,0.48,0.0,0.0,0.0,0.0,0.006097560975609756,0.0014749262536873156,0.0,0.0,0.0,0.0,0.00980392156862745,0.007462686567164179
ACTR6,RPE1_within_vs_RPE1_to_K562,primary_source_context_comparison,0.3033663630485534,-0.0012615527957677,0.2528357719594989,0.0183956190402662,0.1044180393218994,0.0695573687553405,0.3059465885162353,0.0061355829238891,0.35,0.5,0.2,0.56,0.2,0.54,0.272,0.492,0.0,0.0,0.0,0.0,0.003745318352059925,0.003194888178913738,0.0,0.0,0.0,0.0,0.006993006993006993,0.01639344262295082
ARPC4,RPE1_within_vs_RPE1_to_K562,primary_source_context_comparison,0.4809408485889435,-0.0256050527095794,0.350466171803058,-0.0097303720856819,0.145722284913063,0.1722028255462646,0.4792318344116211,-0.0214514732360839,0.0,0.45,0.0,0.4,0.03,0.43,0.104,0.516,0.0,0.0,0.0,0.0,0.007575757575757576,0.0014792899408284023,0.0,0.0,0.0,0.0,0.011627906976744186,0.007633587786259542
ATP6V0C,RPE1_within_vs_RPE1_to_K562,primary_source_context_comparison,0.4959698915481567,0.021541615948081,0.4553115924793912,0.0095232363338436,0.0660095885396003,0.0962671637535095,0.4990366101264953,0.0108615159988403,0.15,0.45,0.08,0.48,0.05,0.45,0.088,0.44,0.0,0.0,0.0,0.0,0.005128205128205128,0.0027472527472527475,0.0,0.0,0.0,0.0,0.008695652173913044,0.014705882352941176
BTF3,RPE1_within_vs_RPE1_to_K562,primary_source_context_comparison,0.6731859445571899,0.0154064754024147,0.5166715765476633,0.0157374504058757,0.1222041472792625,0.1453265249729156,0.6727323532104492,0.0156030654907226,0.0,0.45,0.0,0.42,0.03,0.45,0.036,0.46,0.0,0.0,0.0,0.0,0.1111111111111111,0.0072992700729927005,0.0,0.0,0.0,0.0,0.125,0.041666666666666664
CCDC84,RPE1_within_vs_RPE1_to_K562,primary_source_context_comparison,0.3367125391960144,-0.0100623928010463,0.2405715393828615,-0.0032257977932641,0.1145350486040115,0.1185131520032882,0.3241658210754394,8.338689804077148e-05,0.15,0.3,0.12,0.44,0.2,0.48,0.268,0.532,0.0,0.0,0.0,0.0,0.007246376811594203,0.004739336492890996,0.0,0.0,0.0,0.0,0.01282051282051282,0.02564102564102564
CD3EAP,RPE1_within_vs_RPE1_to_K562,primary_source_context_comparison,0.6431909799575806,0.0104792080819606,0.4895682839742306,0.0104034038721361,0.1537432670593261,0.191054493188858,0.6432160139083862,-0.0105587244033813,0.05,0.65,0.06,0.54,0.04,0.47,0.032,0.492,0.0,0.0,0.0,0.0,0.034482758620689655,0.002242152466367713,0.0,0.0,0.0,0.0,0.045454545454545456,0.012195121951219513
CDC27,RPE1_within_vs_RPE1_to_K562,primary_source_context_comparison,0.6397315859794617,-0.0057748584076762,0.4852794456788245,-0.0185994268577626,0.1245016008615493,0.1486247926950454,0.639703094959259,0.0129472613334655,0.05,0.25,0.08,0.36,0.05,0.42,0.04,0.508,0.0,0.0,0.0,0.0,0.011764705882352941,0.009523809523809525,0.0,0.0,0.0,0.0,0.01818181818181818,0.047619047619047616
CDC6,RPE1_within_vs_RPE1_to_K562,primary_source_context_comparison,0.7060741186141968,0.0025965105742216,0.5828485683699427,-0.0140099874570719,0.1361776143312454,0.1505194902420044,0.7094478607177734,-0.0028837919235229,0.05,0.45,0.02,0.54,0.04,0.48,0.016,0.444,1.0,0.0,1.0,0.0,1.0,0.0019157088122605363,1.0,0.0,1.0,0.0,1.0,0.009615384615384616
CDK1,RPE1_within_vs_RPE1_to_K562,primary_source_context_comparison,0.6974466443061829,-0.0039745969697833,0.5630278573321398,2.281737691379031e-05,0.1296994388103485,0.1827470958232879,0.7016921639442444,-0.0050681829452514,0.05,0.25,0.08,0.44,0.07,0.4,0.028,0.492,0.0,0.0,0.0,0.0,0.038461538461538464,0.002777777777777778,0.0,0.0,0.0,0.0,0.045454545454545456,0.014492753623188406
CENPK,RPE1_within_vs_RPE1_to_K562,primary_source_context_comparison,0.497257798910141,0.0306754875928163,0.3791078894065128,0.0435765886272469,0.1078349947929382,0.0974866896867752,0.4994915127754211,0.0491091012954711,0.1,0.5,0.14,0.44,0.13,0.5,0.092,0.428,0.0,0.0,0.0,0.0,0.0625,0.05555555555555555,0.0,0.0,0.0,1.0,0.07692307692307693,0.5
CHMP3,RPE1_within_vs_RPE1_to_K562,primary_source_context_comparison,0.4703038334846496,-0.0220125988125801,0.3536645755150709,-0.0235210956774083,0.1384488344192505,0.2604706287384033,0.4688208103179931,-0.027886152267456,0.0,0.5,0.04,0.56,0.04,0.49,0.132,0.524,0.0,0.0,0.0,0.0,0.00819672131147541,0.0014903129657228018,0.0,0.0,0.0,0.0,0.01282051282051282,0.007633587786259542
CNIH4,RPE1_within_vs_RPE1_to_K562,primary_source_context_comparison,-0.092557743191719,0.0003312621265649,-0.0199752865754908,0.0003203181728434,0.0933111608028411,0.0743777155876159,-0.0938653945922851,0.0033624172210693,0.35,0.3,0.34,0.3,0.28,0.41,0.576,0.512,0.0,0.0,0.0,0.0,0.0033003300330033004,0.0020833333333333333,0.0,0.0,0.0,0.0,0.006756756756756757,0.010526315789473684
CPSF1,RPE1_within_vs_RPE1_to_K562,primary_source_context_comparison,0.6612841486930847,-0.0057586096227169,0.5007365627174625,-0.0058373644254945,0.1283693015575409,0.1949322372674942,0.656534731388092,0.0063626766204833,0.05,0.55,0.02,0.58,0.06,0.5,0.064,0.548,0.0,0.0,0.0,0.0,0.008849557522123894,0.0078125,0.0,0.0,0.0,0.0,0.014084507042253521,0.043478260869565216
CSE1L,RPE1_within_vs_RPE1_to_K562,primary_source_context_comparison,0.7953248620033264,-0.0029212161898612,0.7129782071933511,-0.0134724406675443,0.1268745809793472,0.2259670346975326,0.7965582609176636,-0.0150250196456909,0.05,0.25,0.02,0.38,0.03,0.39,0.02,0.452,0.0,0.0,0.0,0.0,0.016129032258064516,0.001639344262295082,0.0,0.0,0.0,0.0,0.024390243902439025,0.00847457627118644
CTNNBL1,RPE1_within_vs_RPE1_to_K562,primary_source_context_comparison,0.3512820899486542,0.0134945753961801,0.2472076086723043,0.0158705098683439,0.0902402028441429,0.1005574688315391,0.3524562120437622,0.0011762976646423,0.1,0.5,0.08,0.46,0.19,0.49,0.192,0.432,0.0,0.0,0.0,0.0,0.006172839506172839,0.0029850746268656717,0.0,0.0,0.0,0.0,0.01,0.016666666666666666
CXXC1,RPE1_within_vs_RPE1_to_K562,primary_source_context_comparison,0.4338319599628448,-0.0114007797092199,0.3424817876517106,-0.0067117273727912,0.0995775833725929,0.0917282178997993,0.4294248819351196,-0.0177496671676635,0.0,0.35,0.08,0.38,0.09,0.43,0.164,0.512,0.0,0.0,0.0,0.0,0.005050505050505051,0.0015105740181268882,0.0,0.0,0.0,0.0,0.008620689655172414,0.007407407407407408
DDX41,RPE1_within_vs_RPE1_to_K562,primary_source_context_comparison,0.4390515089035034,-0.0097950901836156,0.3146579359783173,-0.0185717854788714,0.162084475159645,0.2121475338935852,0.4271467328071594,0.0291578769683837,0.0,0.3,0.04,0.4,0.07,0.4,0.196,0.556,0.0,0.0,0.0,0.0,0.004545454545454545,0.05263157894736842,0.0,0.0,0.0,1.0,0.008,0.3333333333333333
DDX5,RPE1_within_vs_RPE1_to_K562,primary_source_context_comparison,-0.0372924655675888,-0.0270240791141986,-0.0379959794754867,-0.0417115876234667,0.0656380057334899,0.0618522353470325,-0.032629370689392,-0.0295095443725585,0.25,0.5,0.28,0.48,0.25,0.45,0.536,0.54,0.0,0.0,0.0,0.0,0.03333333333333333,0.0017123287671232876,0.0,0.0,1.0,0.0,0.2,0.008547008547008548
DDX52,RPE1_within_vs_RPE1_to_K562,primary_source_context_comparison,0.4704682230949402,-0.0024606585502624,0.340631827385273,-0.0076503502261976,0.1710986793041229,0.175535961985588,0.4605991840362549,-0.0298746824264526,0.1,0.5,0.1,0.5,0.15,0.47,0.112,0.508,0.0,0.0,0.0,0.0,0.03225806451612903,0.0014124293785310734,0.0,0.0,0.0,0.0,0.04,0.006993006993006993
DDX55,RPE1_within_vs_RPE1_to_K562,primary_source_context_comparison,0.6288518309593201,0.0070483814924955,0.526441337086288,-0.0151329667976818,0.1098732873797416,0.1715012937784195,0.6254527568817139,0.0109195709228515,0.2,0.45,0.12,0.52,0.11,0.45,0.048,0.472,0.0,0.0,0.0,0.0,0.014925373134328358,0.004347826086956522,0.0,0.0,0.0,0.0,0.02040816326530612,0.022222222222222223
DDX59,RPE1_within_vs_RPE1_to_K562,primary_source_context_comparison,0.5097012519836426,0.0048486753366887,0.3699981444248057,0.0275227291195513,0.0898138061165809,0.1064072549343109,0.516556441783905,0.013962984085083,0.0,0.6,0.02,0.54,0.05,0.48,0.1,0.544,0.0,0.0,0.0,0.0,0.007633587786259542,0.004524886877828055,0.0,0.0,0.0,0.0,0.012345679012345678,0.022727272727272728
DHX15,RPE1_within_vs_RPE1_to_K562,primary_source_context_comparison,0.657086968421936,-0.0043507739901542,0.5517140080338014,-0.0008461381778455,0.1473657935857772,0.2250478565692901,0.6558481454849243,-0.000575304031372,0.0,0.55,0.0,0.42,0.01,0.46,0.056,0.508,0.0,0.0,0.0,0.0,0.00819672131147541,0.0025575447570332483,0.0,0.0,0.0,0.0,0.012658227848101266,0.013157894736842105
DHX36,RPE1_within_vs_RPE1_to_K562,primary_source_context_comparison,0.1102536395192146,-0.0263878889381885,0.097987448678553,-0.0157422783908245,0.1249414160847663,0.1079990267753601,0.1214008331298828,-0.0338234901428222,0.15,0.25,0.2,0.44,0.23,0.51,0.4,0.504,0.0,0.0,0.0,0.0,0.015873015873015872,0.0014084507042253522,0.0,0.0,0.0,0.0,0.02857142857142857,0.007142857142857143
DSN1,RPE1_within_vs_RPE1_to_K562,primary_source_context_comparison,0.7052954435348511,-0.0151688419282436,0.5559584466996809,-0.0038648171146854,0.1107876747846603,0.1801953017711639,0.7094094753265381,-0.0037760734558105,0.0,0.5,0.04,0.44,0.05,0.44,0.048,0.524,0.0,0.0,0.0,0.0,0.011235955056179775,0.0025380710659898475,0.0,0.0,0.0,0.0,0.01694915254237288,0.014084507042253521
DTL,RPE1_within_vs_RPE1_to_K562,primary_source_context_comparison,0.456262469291687,0.0049559380859136,0.3410109921286239,0.0064469882100342,0.1056421548128128,0.1513905823230743,0.45222008228302,-0.0089184045791625,0.05,0.45,0.04,0.54,0.1,0.48,0.132,0.492,0.0,0.0,0.0,0.0,0.018518518518518517,0.0018083182640144665,0.0,0.0,0.0,0.0,0.02857142857142857,0.009708737864077669
DYNC1H1,RPE1_within_vs_RPE1_to_K562,primary_source_context_comparison,0.5255463123321533,-0.052746906876564,0.3710685287325524,-0.0248692964057561,0.1103779301047325,0.0681931674480438,0.5360002517700195,-0.0481609106063842,0.0,0.5,0.02,0.52,0.04,0.55,0.104,0.588,0.0,0.0,0.0,0.0,0.005917159763313609,0.002079002079002079,0.0,0.0,0.0,0.0,0.00980392156862745,0.01098901098901099
DYNC1I2,RPE1_within_vs_RPE1_to_K562,primary_source_context_comparison,0.6790143847465515,0.0020046473946422,0.5220602792789406,0.0023564920783162,0.1116767078638076,0.1427885293960571,0.6777049899101257,-0.0039072036743164,0.0,0.5,0.04,0.5,0.04,0.46,0.024,0.512,0.0,0.0,0.0,0.0,0.07142857142857142,0.0023584905660377358,0.0,0.0,0.0,0.0,0.07692307692307693,0.013513513513513514
DYNLL1,RPE1_within_vs_RPE1_to_K562,primary_source_context_comparison,0.3074107766151428,0.0233957171440124,0.2155603839339357,0.0152188083207523,0.0831748843193054,0.1329267024993896,0.2779992818832397,0.0293563604354858,0.1,0.45,0.16,0.52,0.18,0.5,0.22,0.484,0.0,0.0,0.0,0.0,0.004310344827586207,0.00980392156862745,0.0,0.0,0.0,0.0,0.007751937984496124,0.05263157894736842
EFTUD2,RPE1_within_vs_RPE1_to_K562,primary_source_context_comparison,0.7164039611816406,0.0123229082673788,0.6015808359032334,0.0098132102487639,0.1571679264307022,0.2214082032442093,0.6941388845443726,0.0225647687911987,0.05,0.5,0.04,0.56,0.05,0.47,0.024,0.512,0.0,0.0,0.0,0.0,0.013157894736842105,0.01098901098901099,0.0,0.0,0.0,0.0,0.02,0.07142857142857142
EIF3D,RPE1_within_vs_RPE1_to_K562,primary_source_context_comparison,0.6367844343185425,0.0038799501489847,0.4888477272776414,-0.0037309599896861,0.1702966541051864,0.2030375003814697,0.6166572570800781,0.0216755867004394,0.0,0.2,0.04,0.42,0.07,0.41,0.052,0.552,0.0,0.0,0.0,0.0,0.009345794392523364,0.0125,0.0,0.0,0.0,0.0,0.014084507042253521,0.058823529411764705
EIF3I,RPE1_within_vs_RPE1_to_K562,primary_source_context_comparison,0.6847426295280457,0.0237529333680868,0.5485226744340714,-0.0088250358412132,0.1517191231250763,0.1914245784282684,0.6808778047561646,0.0089417695999145,0.0,0.4,0.04,0.5,0.03,0.49,0.072,0.504,0.0,0.0,0.0,0.0,0.008620689655172414,0.004739336492890996,0.0,0.0,0.0,0.0,0.0136986301369863,0.024390243902439025
EIF3M,RPE1_within_vs_RPE1_to_K562,primary_source_context_comparison,0.5688080787658691,0.0169135201722383,0.4185151432686056,0.0054150652571224,0.1377961635589599,0.1786299049854278,0.5631344318389893,0.0320929884910583,0.1,0.35,0.04,0.48,0.05,0.47,0.108,0.504,0.0,0.0,0.0,0.0,0.005263157894736842,0.010526315789473684,0.0,0.0,0.0,0.0,0.008695652173913044,0.05555555555555555
ELP5,RPE1_within_vs_RPE1_to_K562,primary_source_context_comparison,0.5215551853179932,0.0078602908179163,0.4018902044692535,0.0037968011120542,0.0814157277345657,0.1287471652030944,0.5259851813316345,0.0250837802886962,0.1,0.55,0.08,0.52,0.1,0.51,0.132,0.552,0.0,0.0,0.0,0.0,0.005263157894736842,0.027777777777777776,0.0,0.0,0.0,0.0,0.008771929824561403,0.1111111111111111
EXOSC3,RPE1_within_vs_RPE1_to_K562,primary_source_context_comparison,0.7225403785705566,0.011745598167181,0.6041974798798991,0.0179572298867201,0.1333242803812027,0.2024158090353012,0.7240412831306458,-0.0044683218002319,0.05,0.35,0.02,0.4,0.02,0.44,0.056,0.468,0.0,0.0,0.0,0.0,0.018867924528301886,0.0026954177897574125,0.0,0.0,0.0,0.0,0.02564102564102564,0.013888888888888888
GFER,RPE1_within_vs_RPE1_to_K562,primary_source_context_comparison,0.4231616854667663,0.0014266343787312,0.3011996333424428,-0.005003795576392,0.0919324159622192,0.1126658916473388,0.4187967777252197,0.0011440515518188,0.1,0.4,0.12,0.44,0.16,0.42,0.156,0.524,0.0,0.0,0.0,0.0,0.00847457627118644,0.0029069767441860465,0.0,0.0,0.0,0.0,0.01282051282051282,0.014492753623188406
GRB2,RPE1_within_vs_RPE1_to_K562,primary_source_context_comparison,0.3690037727355957,-0.042055957019329,0.2944444539749782,-0.0373721722175776,0.0633932799100875,0.0739104151725769,0.3805814385414123,-0.0405645370483398,0.0,0.35,0.04,0.4,0.06,0.4,0.168,0.576,0.0,0.0,0.0,0.0,0.00425531914893617,0.0014388489208633094,0.0,0.0,0.0,0.0,0.007692307692307693,0.0070921985815602835
GTF2A1,RPE1_within_vs_RPE1_to_K562,primary_source_context_comparison,0.1716389954090118,0.0012719426304101,0.1328555013077856,-0.000189224839578,0.122868612408638,0.0991460755467414,0.1620474457740783,-0.011436104774475,0.1,0.35,0.22,0.36,0.28,0.49,0.284,0.452,0.0,0.0,0.0,0.0,0.004629629629629629,0.0014749262536873156,0.0,0.0,0.0,0.0,0.007874015748031496,0.007352941176470588
GTF2H4,RPE1_within_vs_RPE1_to_K562,primary_source_context_comparison,0.6254085302352905,-0.0214297454804182,0.4817675624502649,-0.0141800911592036,0.1116562783718109,0.143517181277275,0.6272396445274353,-0.0248259305953979,0.0,0.5,0.0,0.44,0.05,0.45,0.068,0.512,0.0,0.0,0.0,0.0,0.009174311926605505,0.0016286644951140066,0.0,0.0,0.0,0.0,0.014285714285714285,0.008403361344537815
HARS,RPE1_within_vs_RPE1_to_K562,primary_source_context_comparison,0.3491000533103943,0.001936933491379,0.2590893003377901,-0.0084077219525106,0.1783816516399383,0.1804166436195373,0.3111576437950134,0.0145457983016967,0.05,0.55,0.04,0.52,0.06,0.45,0.232,0.524,0.0,0.0,0.0,0.0,0.0196078431372549,0.008547008547008548,0.0,0.0,0.0,0.0,0.024390243902439025,0.05
IK,RPE1_within_vs_RPE1_to_K562,primary_source_context_comparison,0.6432021856307983,-0.0578050762414932,0.4995585161303088,-0.0515842442418458,0.1039201319217681,0.1356158852577209,0.6292386651039124,-0.0585968494415283,0.0,0.55,0.0,0.52,0.01,0.48,0.04,0.552,0.0,0.0,0.0,0.0,0.009523809523809525,0.0013698630136986301,0.0,0.0,0.0,0.0,0.015625,0.006802721088435374
INTS2,RPE1_within_vs_RPE1_to_K562,primary_source_context_comparison,0.7586816549301147,-0.0084441043436527,0.6547187842367513,-0.0041557655742306,0.1224406734108924,0.2319805324077606,0.7590343356132507,-0.0118952989578247,0.0,0.5,0.02,0.56,0.02,0.52,0.056,0.468,0.0,0.0,0.0,0.0,0.015384615384615385,0.0017331022530329288,0.0,0.0,0.0,0.0,0.022727272727272728,0.009259259259259259
INTS8,RPE1_within_vs_RPE1_to_K562,primary_source_context_comparison,0.5993648767471313,0.0137105640023946,0.495498777943843,0.0195723710553645,0.1616515666246414,0.1972306370735168,0.5981643199920654,0.0098283886909484,0.0,0.55,0.04,0.48,0.04,0.54,0.1,0.44,0.0,0.0,0.0,0.0,0.011494252873563218,0.0030303030303030303,0.0,0.0,0.0,0.0,0.017543859649122806,0.014705882352941176
KRI1,RPE1_within_vs_RPE1_to_K562,primary_source_context_comparison,0.7441259622573853,-0.0193987768143415,0.60476114276496,-0.031626675761826,0.1101380437612533,0.2132670879364013,0.7461550831794739,-0.0364551544189453,0.05,0.45,0.06,0.44,0.04,0.45,0.032,0.556,0.0,0.0,0.0,0.0,0.016666666666666666,0.0013812154696132596,0.0,0.0,0.0,0.0,0.024390243902439025,0.00684931506849315
LARS,RPE1_within_vs_RPE1_to_K562,primary_source_context_comparison,0.6284074187278748,0.0281311497092247,0.481277609534655,0.0306546603156578,0.153476670384407,0.1800461411476135,0.6290301084518433,0.0354164242744445,0.0,0.55,0.0,0.58,0.07,0.52,0.084,0.424,0.0,0.0,0.0,0.0,0.008064516129032258,0.011235955056179775,0.0,0.0,0.0,0.0,0.012658227848101266,0.058823529411764705
LSM10,RPE1_within_vs_RPE1_to_K562,primary_source_context_comparison,0.4198307394981384,0.0044866139069199,0.3830892441899579,0.0312250102097498,0.0976247563958168,0.0971226915717125,0.4164134860038757,0.0041728615760803,0.05,0.3,0.12,0.36,0.13,0.46,0.12,0.472,0.0,0.0,0.0,0.0,0.0041841004184100415,0.004329004329004329,0.0,0.0,0.0,0.0,0.007633587786259542,0.023255813953488372
LSM3,RPE1_within_vs_RPE1_to_K562,primary_source_context_comparison,0.7114700078964233,-0.0019819145090878,0.5973126416525055,0.0042601874185097,0.1180766373872757,0.2314085215330124,0.7129129767417908,0.0069360733032226,0.0,0.5,0.04,0.54,0.07,0.47,0.02,0.52,0.0,0.0,0.0,0.0,0.009615384615384616,0.0031645569620253164,0.0,0.0,0.0,0.0,0.015873015873015872,0.015625
LSM6,RPE1_within_vs_RPE1_to_K562,primary_source_context_comparison,0.7527813911437988,0.0098562417551875,0.6192097999501142,0.015723551860942,0.1269608587026596,0.2402283102273941,0.7395974397659302,0.0129417777061462,0.0,0.55,0.0,0.5,0.04,0.47,0.012,0.524,0.0,0.0,0.0,0.0,0.023255813953488372,0.004694835680751174,0.0,0.0,0.0,0.0,0.03333333333333333,0.022222222222222223
MAD2L1,RPE1_within_vs_RPE1_to_K562,primary_source_context_comparison,0.7765778303146362,-0.0272887758910655,0.6234032149350902,-0.0202535708600871,0.0843287706375122,0.1816522181034088,0.7772318720817566,-0.0226448774337768,0.1,0.6,0.06,0.64,0.04,0.49,0.008,0.516,0.0,0.0,0.0,0.0,0.1111111111111111,0.0017211703958691911,0.0,0.0,0.0,0.0,0.125,0.009259259259259259
MAT2A,RPE1_within_vs_RPE1_to_K562,primary_source_context_comparison,0.5259544253349304,-0.016682431101799,0.4023063802395658,-0.0081761212236335,0.0556916631758213,0.105074942111969,0.5301449298858643,-0.0124671459197998,0.25,0.5,0.16,0.48,0.15,0.44,0.076,0.548,0.0,0.0,0.0,0.0,0.006172839506172839,0.0026041666666666665,0.0,0.0,0.0,0.0,0.009708737864077669,0.014285714285714285
MCM10,RPE1_within_vs_RPE1_to_K562,primary_source_context_comparison,0.6635889410972595,-0.0031266226433217,0.531565225198609,-0.0023163849088221,0.0916176810860633,0.1895506680011749,0.6660280823707581,-0.0206103324890136,0.05,0.4,0.06,0.5,0.06,0.5,0.032,0.492,0.0,0.0,0.0,0.0,0.05555555555555555,0.001519756838905775,0.0,0.0,0.0,0.0,0.07142857142857142,0.0078125
MCM3,RPE1_within_vs_RPE1_to_K562,primary_source_context_comparison,0.8211759924888611,0.0126032084226608,0.733340226773609,0.0109978138644404,0.0801445543766021,0.1547678411006927,0.8190761804580688,-0.0103617906570434,0.0,0.45,0.04,0.56,0.02,0.52,0.012,0.436,0.0,0.0,0.0,0.0,0.05263157894736842,0.0016286644951140066,0.0,0.0,0.0,0.0,0.0625,0.00819672131147541
MCM3AP,RPE1_within_vs_RPE1_to_K562,primary_source_context_comparison,0.638441801071167,0.0062879947945475,0.4896499384212523,-0.0154056095925941,0.1052210927009582,0.1077258437871933,0.6304196715354919,-0.005143404006958,0.05,0.5,0.04,0.46,0.03,0.46,0.096,0.472,0.0,0.0,0.0,0.0,0.007575757575757576,0.004672897196261682,0.0,0.0,0.0,0.0,0.011904761904761904,0.024390243902439025
MED1,RPE1_within_vs_RPE1_to_K562,primary_source_context_comparison,0.3748981058597564,0.0105667086318135,0.311087646930972,0.0272944078450864,0.1043419241905212,0.1410143673419952,0.3614197969436645,0.008977472782135,0.0,0.35,0.02,0.44,0.09,0.55,0.212,0.448,0.0,0.0,0.0,0.0,0.004219409282700422,0.003676470588235294,0.0,0.0,0.0,0.0,0.007751937984496124,0.0196078431372549
MED19,RPE1_within_vs_RPE1_to_K562,primary_source_context_comparison,0.6049089431762695,-0.0079780649393796,0.565892913209298,0.0161057206290019,0.1208305358886718,0.2318841516971588,0.6046034693717957,-0.0109320878982543,0.05,0.4,0.08,0.5,0.05,0.52,0.136,0.52,0.0,0.0,0.0,0.0,0.005555555555555556,0.0018867924528301887,0.0,0.0,0.0,0.0,0.009174311926605505,0.009900990099009901
MEX3A,RPE1_within_vs_RPE1_to_K562,primary_source_context_comparison,0.5042845010757446,-0.0095049375668168,0.3848686915547475,-0.0278937747484204,0.1103002354502677,0.0817318186163902,0.5058876872062683,-0.0159394741058349,0.05,0.45,0.1,0.46,0.07,0.47,0.136,0.544,0.0,0.0,0.0,0.0,0.007142857142857143,0.00186219739292365,0.0,0.0,0.0,0.0,0.011111111111111112,0.009900990099009901
MIOS,RPE1_within_vs_RPE1_to_K562,primary_source_context_comparison,0.3649005889892578,-0.0126370741054415,0.2999172431078877,-0.0020652258109559,0.0753729715943336,0.0537971705198287,0.3724894523620605,-0.0113776922225952,0.2,0.25,0.14,0.38,0.15,0.4,0.184,0.496,0.0,0.0,0.0,0.0,0.003952569169960474,0.003205128205128205,0.0,0.0,0.0,0.0,0.007352941176470588,0.016666666666666666
MRPL49,RPE1_within_vs_RPE1_to_K562,primary_source_context_comparison,0.1407493203878402,-0.0230859313160181,0.0914066117406519,0.0006610946664755,0.1469214558601379,0.0941569283604621,0.1351661086082458,-0.0275301933288574,0.05,0.3,0.18,0.36,0.23,0.37,0.38,0.512,0.0,0.0,0.0,0.0,0.006024096385542169,0.001519756838905775,0.0,0.0,0.0,0.0,0.01020408163265306,0.0072992700729927005
MRPS14,RPE1_within_vs_RPE1_to_K562,primary_source_context_comparison,0.2855741083621979,-0.0108228679746389,0.1913413555462464,0.0090936220597448,0.1470827758312225,0.203557088971138,0.2676892280578613,-0.0137054920196533,0.1,0.35,0.1,0.46,0.15,0.54,0.28,0.508,0.0,0.0,0.0,0.0,0.005235602094240838,0.0016778523489932886,0.0,0.0,0.0,0.0,0.00909090909090909,0.008849557522123894
MVD,RPE1_within_vs_RPE1_to_K562,primary_source_context_comparison,0.3733004927635193,0.0132550578564405,0.2986677483930459,0.0329110421500214,0.0976914092898368,0.1206761449575424,0.3636900186538696,0.0182479619979858,0.1,0.3,0.06,0.54,0.12,0.48,0.188,0.42,0.0,0.0,0.0,0.0,0.0048543689320388345,0.005291005291005291,0.0,0.0,0.0,0.0,0.008264462809917356,0.025
MYBL2,RPE1_within_vs_RPE1_to_K562,primary_source_context_comparison,0.2922157347202301,0.0913885906338691,0.2425169831377813,0.0574733181069327,0.0564199425280094,0.0705165639519691,0.290279746055603,0.0914171934127807,0.15,0.25,0.18,0.28,0.18,0.29,0.28,0.428,0.0,0.0,0.0,0.0,0.003663003663003663,0.043478260869565216,0.0,0.0,0.0,1.0,0.006944444444444444,0.3333333333333333
NAA20,RPE1_within_vs_RPE1_to_K562,primary_source_context_comparison,0.3483589291572571,-0.038354430347681,0.2857709221576954,-0.0450670795510096,0.0868852064013481,0.0736366808414459,0.3664798140525818,-0.0396732091903686,0.1,0.45,0.1,0.5,0.12,0.48,0.208,0.592,0.0,0.0,0.0,0.0,0.00398406374501992,0.0015923566878980893,0.0,0.0,0.0,0.0,0.007352941176470588,0.007936507936507936
NBAS,RPE1_within_vs_RPE1_to_K562,primary_source_context_comparison,0.6119390726089478,0.0033747293055057,0.4702796491151859,0.0010387005535978,0.1224389597773552,0.1614620238542556,0.6121925711631775,0.0107037425041198,0.0,0.4,0.02,0.6,0.02,0.46,0.116,0.48,0.0,0.0,0.0,0.0,0.006896551724137931,0.005154639175257732,0.0,0.0,0.0,0.0,0.010752688172043012,0.02702702702702703
NCAPH,RPE1_within_vs_RPE1_to_K562,primary_source_context_comparison,0.7599537372589111,0.0044774361886084,0.5981549445341977,0.0223686319032821,0.1190283223986625,0.1787814348936081,0.7571763396263123,-0.0024847984313964,0.0,0.6,0.02,0.6,0.01,0.52,0.012,0.444,0.0,0.0,0.0,0.0,0.04,0.002109704641350211,0.0,0.0,0.0,0.0,0.05555555555555555,0.011627906976744186
NDUFAB1,RPE1_within_vs_RPE1_to_K562,primary_source_context_comparison,0.5786359310150146,0.0036859372630715,0.4464022445602307,-0.0135856553924043,0.1355273872613906,0.1160000413656234,0.5790157318115234,0.0258548259735107,0.0,0.5,0.02,0.6,0.03,0.55,0.06,0.476,0.0,0.0,1.0,0.0,0.25,0.01639344262295082,0.0,0.0,1.0,0.0,0.25,0.09090909090909091
NELFA,RPE1_within_vs_RPE1_to_K562,primary_source_context_comparison,0.6346700191497803,-0.0147882513701915,0.4942756421828883,-0.0060200848815258,0.1206857562065124,0.172471672296524,0.6309780478477478,-0.0131996870040893,0.0,0.4,0.06,0.44,0.04,0.52,0.072,0.516,0.0,0.0,0.0,0.0,0.006666666666666667,0.0018587360594795538,0.0,0.0,0.0,0.0,0.010416666666666666,0.010101010101010102
NELFB,RPE1_within_vs_RPE1_to_K562,primary_source_context_comparison,0.6307506561279297,-0.000771396793425,0.5495171564390631,0.0154673705706948,0.0991165488958358,0.1314699500799179,0.6197522282600403,-0.0104349851608276,0.0,0.5,0.08,0.56,0.06,0.51,0.1,0.448,0.0,0.0,0.0,0.0,0.005747126436781609,0.001851851851851852,0.0,0.0,0.0,0.0,0.009259259259259259,0.009708737864077669
NFRKB,RPE1_within_vs_RPE1_to_K562,primary_source_context_comparison,0.5211798548698425,-0.0155992861837148,0.391453234636919,-0.0046881339318629,0.0653532370924949,0.0590878166258335,0.5318578481674194,-0.0121010541915893,0.05,0.35,0.04,0.24,0.03,0.36,0.136,0.536,0.0,0.0,0.0,0.0,0.0047169811320754715,0.0017667844522968198,0.0,0.0,0.0,0.0,0.008264462809917356,0.008849557522123894
NOLC1,RPE1_within_vs_RPE1_to_K562,primary_source_context_comparison,0.4918494820594787,-0.0040866020135581,0.373951404663031,0.0121082072683282,0.1544762700796127,0.1932422071695327,0.4773207306861877,-0.0192271471023559,0.2,0.35,0.12,0.42,0.13,0.48,0.112,0.48,0.0,0.0,0.0,0.0,0.008064516129032258,0.001567398119122257,0.0,0.0,0.0,0.0,0.011904761904761904,0.008130081300813009
NOM1,RPE1_within_vs_RPE1_to_K562,primary_source_context_comparison,0.7251322269439697,0.0210803095251321,0.593603678432147,0.0111717249754052,0.1134810298681259,0.2148493826389312,0.7247352600097656,0.0134918689727783,0.05,0.5,0.08,0.54,0.06,0.54,0.056,0.508,0.0,0.0,0.0,0.0,0.012345679012345678,0.004608294930875576,0.0,0.0,0.0,0.0,0.01818181818181818,0.022222222222222223
NUP85,RPE1_within_vs_RPE1_to_K562,primary_source_context_comparison,0.781295657157898,0.0031771971844136,0.6769371832374873,0.0018494759780234,0.1132116913795471,0.212501510977745,0.7792949080467224,0.0125328302383422,0.0,0.45,0.0,0.46,0.0,0.44,0.016,0.496,0.0,0.0,0.0,0.0,0.02564102564102564,0.0045662100456621,0.0,0.0,0.0,0.0,0.034482758620689655,0.023809523809523808
PAM16,RPE1_within_vs_RPE1_to_K562,primary_source_context_comparison,0.6389279961585999,0.0077720829285681,0.5146987836206567,0.0071440524459335,0.116228237748146,0.2086746841669082,0.6458503007888794,0.0113887190818786,0.0,0.35,0.0,0.58,0.06,0.52,0.068,0.532,0.0,0.0,0.0,0.0,0.006578947368421052,0.0048543689320388345,0.0,0.0,0.0,0.0,0.010416666666666666,0.024390243902439025
PAXBP1,RPE1_within_vs_RPE1_to_K562,primary_source_context_comparison,0.618471622467041,-0.0174546428024768,0.5277642458812353,-0.0035570492622819,0.0987495183944702,0.1325984746217727,0.6266748905181885,-0.0300160646438598,0.05,0.35,0.08,0.4,0.04,0.41,0.084,0.544,0.0,0.0,0.0,0.0,0.008928571428571428,0.0017985611510791368,0.0,0.0,0.0,0.0,0.013333333333333334,0.009708737864077669
PCBP1,RPE1_within_vs_RPE1_to_K562,primary_source_context_comparison,0.350294291973114,0.0209004059433937,0.275864643086448,0.0034054521524632,0.075818046927452,0.0645415335893631,0.3610945343971252,0.0189520716667175,0.05,0.25,0.06,0.3,0.11,0.29,0.164,0.488,0.0,0.0,0.0,0.0,0.004830917874396135,0.001567398119122257,0.0,0.0,0.0,0.0,0.008333333333333333,0.007633587786259542
PCNA,RPE1_within_vs_RPE1_to_K562,primary_source_context_comparison,0.5494470596313477,0.0033384321723133,0.4232457460483035,-0.0001740533349746,0.1784048825502395,0.2336353510618209,0.5401943325996399,-0.0055946111679077,0.0,0.4,0.06,0.58,0.12,0.55,0.068,0.448,0.0,0.0,0.0,0.0,0.019230769230769232,0.0019880715705765406,0.0,0.0,0.0,0.0,0.02857142857142857,0.010752688172043012
PDAP1,RPE1_within_vs_RPE1_to_K562,primary_source_context_comparison,0.3816295862197876,-0.0258381869643926,0.2808606040344241,-0.0238719223645956,0.103991612792015,0.1232349425554275,0.3786267042160034,-0.0227606296539306,0.05,0.3,0.12,0.44,0.11,0.48,0.188,0.536,0.0,0.0,0.0,0.0,0.0045871559633027525,0.0017391304347826088,0.0,0.0,0.0,0.0,0.008130081300813009,0.008928571428571428
PDCD7,RPE1_within_vs_RPE1_to_K562,primary_source_context_comparison,0.2256830334663391,3.572273999452591e-05,0.1587399327495973,-0.0040840208834588,0.1710407137870788,0.1763568967580795,0.232112169265747,0.0117186903953552,0.15,0.4,0.16,0.42,0.19,0.51,0.276,0.508,0.0,0.0,0.0,0.0,0.00684931506849315,0.004901960784313725,0.0,0.0,0.0,0.0,0.01098901098901099,0.025
PET117,RPE1_within_vs_RPE1_to_K562,primary_source_context_comparison,0.1780747473239898,0.0458121672272682,0.1313495948025933,0.0352565796216478,0.0699240267276763,0.0582036562263965,0.1470013856887817,0.0434908866882324,0.05,0.35,0.12,0.4,0.18,0.37,0.42,0.46,0.0,0.0,0.0,0.0,0.0035587188612099642,0.0136986301369863,0.0,0.0,0.0,0.0,0.00684931506849315,0.07142857142857142
PMPCA,RPE1_within_vs_RPE1_to_K562,primary_source_context_comparison,0.652048647403717,0.0383376404643058,0.4941642803544311,0.0270807697232307,0.1251106113195419,0.2029552906751632,0.6419615745544434,0.0509859323501586,0.0,0.25,0.06,0.44,0.04,0.4,0.056,0.412,0.0,0.0,0.0,0.0,0.011494252873563218,0.058823529411764705,0.0,0.0,0.0,0.0,0.017241379310344827,0.16666666666666666
POLR1E,RPE1_within_vs_RPE1_to_K562,primary_source_context_comparison,0.664212703704834,0.0044839023612439,0.5144008722450718,-0.0041153353646134,0.1368226259946823,0.212148830294609,0.6607347130775452,-0.0108011960983276,0.05,0.35,0.06,0.4,0.07,0.44,0.024,0.476,0.0,0.0,0.0,0.0,0.043478260869565216,0.0016155088852988692,0.0,0.0,0.0,0.0,0.05263157894736842,0.008620689655172414
POLR2F,RPE1_within_vs_RPE1_to_K562,primary_source_context_comparison,0.6752275228500366,-0.0079998597502708,0.5478115739764629,-0.0117772890156568,0.1079351082444191,0.1707245409488678,0.6742399334907532,-0.0089662075042724,0.0,0.5,0.02,0.56,0.04,0.5,0.048,0.508,0.0,0.0,0.0,0.0,0.007874015748031496,0.001564945226917058,0.0,0.0,0.0,0.0,0.012345679012345678,0.007936507936507936
POLR2I,RPE1_within_vs_RPE1_to_K562,primary_source_context_comparison,0.830136775970459,0.0060167945921421,0.7317399771911609,0.0138392545702344,0.105765052139759,0.2464877367019653,0.8243095874786377,0.0155427455902099,0.0,0.3,0.02,0.4,0.01,0.43,0.0,0.504,0.0,0.0,0.0,0.0,0.14285714285714285,0.0032258064516129032,0.0,0.0,0.0,0.0,0.14285714285714285,0.015625
POLR3C,RPE1_within_vs_RPE1_to_K562,primary_source_context_comparison,0.5925473570823669,0.017930768430233,0.4481169496154328,0.0351402452321399,0.1083131060004234,0.0980517268180847,0.5988244414329529,0.0275683999061584,0.0,0.3,0.0,0.42,0.02,0.47,0.136,0.488,0.0,0.0,0.0,0.0,0.00641025641025641,0.011904761904761904,0.0,0.0,0.0,0.0,0.01,0.05555555555555555
PPIH,RPE1_within_vs_RPE1_to_K562,primary_source_context_comparison,0.3590307533740997,0.0419270768761634,0.2846587611120141,0.0407906424985626,0.1016381680965423,0.0631710067391395,0.3596994876861572,0.0459926724433898,0.15,0.45,0.18,0.44,0.17,0.43,0.224,0.432,0.0,0.0,0.0,0.0,0.004310344827586207,0.004672897196261682,0.0,0.0,0.0,0.0,0.007751937984496124,0.025
PPP1R11,RPE1_within_vs_RPE1_to_K562,primary_source_context_comparison,0.4001594483852386,0.011980784125626,0.2901270922520467,0.0057673612229712,0.1450082212686538,0.1888132244348526,0.392350971698761,0.0252521634101867,0.05,0.35,0.12,0.38,0.11,0.41,0.148,0.46,0.0,0.0,0.0,0.0,0.0125,0.024390243902439025,0.0,0.0,0.0,0.0,0.02127659574468085,0.125
PRELID1,RPE1_within_vs_RPE1_to_K562,primary_source_context_comparison,0.3733452558517456,0.0086349649354815,0.2624123299524932,0.0153570774626516,0.1894166618585586,0.1997993141412735,0.3552470207214355,0.0199465155601501,0.05,0.6,0.2,0.58,0.21,0.54,0.204,0.504,0.0,0.0,0.0,0.0,0.05263157894736842,0.0049261083743842365,0.0,0.0,0.0,0.0,0.06666666666666667,0.025
PRELID3B,RPE1_within_vs_RPE1_to_K562,primary_source_context_comparison,0.646774411201477,0.0068499445915222,0.4678743821822043,-0.0182210247937156,0.0909803435206413,0.1881070286035537,0.6374655961990356,0.0072678923606872,0.0,0.35,0.02,0.56,0.03,0.52,0.04,0.496,1.0,0.0,1.0,0.0,1.0,0.0053475935828877,1.0,0.0,1.0,0.0,1.0,0.025
PRMT5,RPE1_within_vs_RPE1_to_K562,primary_source_context_comparison,0.5689162611961365,0.004033506847918,0.4099879437828767,0.0023551878703205,0.0618967860937118,0.077364757657051,0.5664653182029724,-0.0018750429153442,0.1,0.6,0.1,0.44,0.07,0.55,0.064,0.532,0.0,0.0,0.0,0.0,0.005747126436781609,0.0023752969121140144,0.0,0.0,0.0,0.0,0.009174311926605505,0.0125
PRPF19,RPE1_within_vs_RPE1_to_K562,primary_source_context_comparison,0.7813161611557007,-0.0119916712865233,0.6686655206186687,-0.0103297636139342,0.1128383204340934,0.2056480050086975,0.7831093668937683,-0.014946699142456,0.0,0.3,0.0,0.5,0.01,0.52,0.02,0.536,0.0,0.0,0.0,0.0,0.021739130434782608,0.0020964360587002098,0.0,0.0,0.0,0.0,0.03125,0.011904761904761904
PRPF3,RPE1_within_vs_RPE1_to_K562,primary_source_context_comparison,0.8123281598091125,-0.0105425603687763,0.7130200484419144,-0.0199361042214441,0.12222720682621,0.2519330680370331,0.8041788935661316,-0.0033841133117675,0.0,0.5,0.02,0.48,0.01,0.48,0.024,0.532,0.0,0.0,0.0,0.0,0.023255813953488372,0.002777777777777778,0.0,0.0,0.0,0.0,0.034482758620689655,0.014285714285714285
PRRC2A,RPE1_within_vs_RPE1_to_K562,primary_source_context_comparison,0.004672581795603,0.0840725302696228,0.0116573537148537,0.0688933477322683,0.0592412091791629,0.0586741268634796,0.002947986125946,0.0847647190093994,0.1,0.35,0.2,0.3,0.27,0.34,0.48,0.408,0.0,0.0,0.0,0.0,0.003472222222222222,0.011494252873563218,0.0,0.0,0.0,0.0,0.00684931506849315,0.07142857142857142
PUF60,RPE1_within_vs_RPE1_to_K562,primary_source_context_comparison,0.5135248899459839,-0.0145448287948966,0.3670092248563689,0.013796901095876,0.1888342052698135,0.2069026231765747,0.5135834217071533,-0.016013741493225,0.0,0.4,0.04,0.44,0.07,0.46,0.148,0.488,0.0,0.0,0.0,0.0,0.00625,0.0016611295681063123,0.0,0.0,0.0,0.0,0.01020408163265306,0.008620689655172414
RBM25,RPE1_within_vs_RPE1_to_K562,primary_source_context_comparison,0.2113069891929626,-0.0082100089639425,0.1290768440430737,-0.0053201263409327,0.2014702409505844,0.2289453595876693,0.2125322222709655,0.0081115961074829,0.1,0.4,0.1,0.38,0.19,0.49,0.252,0.52,0.0,0.0,0.0,0.0,0.029411764705882353,0.00625,0.0,0.0,0.0,0.0,0.03571428571428571,0.02857142857142857
RBM4,RPE1_within_vs_RPE1_to_K562,primary_source_context_comparison,0.3087602853775024,-0.0313509367406368,0.2330291825963527,-0.0322032577864489,0.0904129147529602,0.1045208573341369,0.3108025789260864,-0.011196494102478,0.15,0.55,0.14,0.54,0.21,0.54,0.22,0.528,0.0,0.0,0.0,0.0,0.004201680672268907,0.0026595744680851063,0.0,0.0,0.0,0.0,0.007575757575757576,0.014285714285714285
RBM42,RPE1_within_vs_RPE1_to_K562,primary_source_context_comparison,0.6329656839370728,0.0042449440807104,0.4840241863005841,-0.0043298239491929,0.1595625132322311,0.1895731836557388,0.5951808094978333,0.00624680519104,0.1,0.3,0.06,0.38,0.06,0.43,0.04,0.488,0.0,0.0,0.0,0.0,0.01020408163265306,0.004132231404958678,0.0,0.0,0.0,0.0,0.015873015873015872,0.020833333333333332
RBX1,RPE1_within_vs_RPE1_to_K562,primary_source_context_comparison,0.0823316723108291,-0.0046979542821645,0.0464772654144369,-0.0079205283652013,0.1843031942844391,0.2111420631408691,0.0730232596397399,-0.0162057876586914,0.3,0.35,0.2,0.46,0.27,0.47,0.512,0.492,0.0,0.0,0.0,0.0,0.023255813953488372,0.0017793594306049821,0.0,0.0,0.0,0.0,0.037037037037037035,0.009708737864077669
RCL1,RPE1_within_vs_RPE1_to_K562,primary_source_context_comparison,0.7062736749649048,0.0005267695523798,0.5682233406489335,-0.01946471463599,0.1325284540653228,0.2222217917442321,0.7074322700500488,-0.0321937799453735,0.05,0.4,0.04,0.46,0.05,0.47,0.048,0.528,0.0,0.0,0.0,0.0,0.0196078431372549,0.0014184397163120568,0.0,0.0,0.0,0.0,0.02702702702702703,0.007042253521126761
RINT1,RPE1_within_vs_RPE1_to_K562,primary_source_context_comparison,0.6319109201431274,-0.0086195021867752,0.5007742956870089,-0.0262534829233994,0.120497278869152,0.0862041041254997,0.6346040964126587,-0.0044902563095092,0.0,0.4,0.04,0.42,0.04,0.5,0.108,0.524,0.0,0.0,0.0,0.0,0.005988023952095809,0.0036900369003690036,0.0,0.0,0.0,0.0,0.009523809523809525,0.019230769230769232
RNASEH2C,RPE1_within_vs_RPE1_to_K562,primary_source_context_comparison,0.3863849639892578,-0.0065072895959019,0.3158311009608239,0.0036550694905536,0.0796498879790306,0.0710841789841651,0.3934217691421509,0.0087960958480834,0.05,0.5,0.18,0.48,0.13,0.41,0.216,0.472,0.0,0.0,0.0,0.0,0.004048582995951417,0.008928571428571428,0.0,0.0,0.0,0.0,0.007407407407407408,0.047619047619047616
RNGTT,RPE1_within_vs_RPE1_to_K562,primary_source_context_comparison,0.437521755695343,0.0009445575997233,0.3410525853221033,0.0057673117349693,0.1110550016164779,0.1646370738744735,0.4408982992172241,-0.012885570526123,0.1,0.4,0.1,0.48,0.14,0.48,0.136,0.492,0.0,0.0,0.0,0.0,0.007042253521126761,0.002,0.0,0.0,0.0,0.0,0.01098901098901099,0.011111111111111112
RPA1,RPE1_within_vs_RPE1_to_K562,primary_source_context_comparison,0.8129557371139526,-0.007184830494225,0.680884142915707,-0.0197026559725791,0.0984299108386039,0.1757434457540512,0.81085205078125,0.0151429176330566,0.0,0.55,0.02,0.52,0.01,0.49,0.012,0.524,0.0,0.0,1.0,0.0,0.2,0.0053475935828877,0.0,0.0,1.0,0.0,0.2,0.027777777777777776
RPL12,RPE1_within_vs_RPE1_to_K562,primary_source_context_comparison,0.8511507511138916,-0.0030184139031916,0.7578481804579271,-0.0153544871425479,0.1166765540838241,0.2646991312503814,0.8485613465309143,-0.0111266374588012,0.0,0.4,0.02,0.44,0.02,0.45,0.0,0.484,1.0,0.0,1.0,0.0,1.0,0.0021231422505307855,1.0,0.0,1.0,0.0,1.0,0.012048192771084338
RPL17,RPE1_within_vs_RPE1_to_K562,primary_source_context_comparison,0.819197416305542,0.0029752543196082,0.7198211885688475,-0.0105502193660087,0.1350129097700119,0.3022076487541199,0.8214626908302307,-0.0312011241912841,0.0,0.35,0.02,0.52,0.02,0.5,0.012,0.476,0.0,0.0,0.0,0.0,0.07692307692307693,0.0014124293785310734,0.0,0.0,0.0,0.0,0.09090909090909091,0.007042253521126761
RPL26,RPE1_within_vs_RPE1_to_K562,primary_source_context_comparison,0.7144495248794556,0.0164796710014343,0.6215060254340734,-0.0049130332366392,0.15662781894207,0.2454693019390106,0.7123565673828125,-0.0089408159255981,0.05,0.5,0.06,0.46,0.06,0.45,0.04,0.512,0.0,0.0,0.0,0.0,0.05555555555555555,0.0019193857965451055,0.0,0.0,0.0,0.0,0.0625,0.01020408163265306
RPL35,RPE1_within_vs_RPE1_to_K562,primary_source_context_comparison,0.8117591142654419,0.0089261680841445,0.7163016430520657,-0.0095471355341145,0.133498877286911,0.2957799136638641,0.8136603832244873,-0.0203034877777099,0.05,0.5,0.04,0.5,0.03,0.46,0.008,0.476,0.0,0.0,0.0,0.0,0.07692307692307693,0.0016420361247947454,0.0,0.0,0.0,0.0,0.1,0.008620689655172414
RPL35A,RPE1_within_vs_RPE1_to_K562,primary_source_context_comparison,0.8423062562942505,0.0103433709591627,0.748046602337864,0.0001349533493981,0.1234730556607246,0.2630096673965454,0.8403105139732361,-0.0192437171936035,0.05,0.4,0.04,0.5,0.02,0.53,0.008,0.484,0.0,0.0,1.0,0.0,0.3333333333333333,0.0018181818181818182,0.0,0.0,1.0,0.0,0.3333333333333333,0.01
RPL5,RPE1_within_vs_RPE1_to_K562,primary_source_context_comparison,0.7058717608451843,0.0021100221201777,0.5446197330778602,-0.0191832102713284,0.1510686874389648,0.2419638782739639,0.7012727856636047,-0.0236194133758544,0.0,0.45,0.0,0.5,0.02,0.56,0.064,0.492,0.0,0.0,0.0,0.0,0.007874015748031496,0.001658374792703151,0.0,0.0,0.0,0.0,0.012195121951219513,0.008547008547008548
RPL9,RPE1_within_vs_RPE1_to_K562,primary_source_context_comparison,0.7671027183532715,0.0099962521344423,0.6437749358629973,-0.0035408944297207,0.1343641877174377,0.2828551828861236,0.7656765580177307,-0.019644021987915,0.0,0.45,0.06,0.56,0.05,0.46,0.016,0.46,0.0,0.0,0.0,0.0,0.07142857142857142,0.001658374792703151,0.0,0.0,0.0,0.0,0.07692307692307693,0.008849557522123894
RPLP0,RPE1_within_vs_RPE1_to_K562,primary_source_context_comparison,0.8427221775054932,0.027992470189929,0.7412442421955595,0.0167264859818623,0.1103419661521911,0.2492419332265854,0.843206524848938,-0.004479169845581,0.0,0.5,0.02,0.52,0.03,0.52,0.008,0.44,0.0,0.0,0.0,0.0,0.1111111111111111,0.00205761316872428,0.0,0.0,0.0,0.0,0.125,0.011627906976744186
RPLP2,RPE1_within_vs_RPE1_to_K562,primary_source_context_comparison,0.6776684522628784,0.0325938910245895,0.529295870176538,0.0187096184448337,0.1225582957267761,0.226542130112648,0.6816180348396301,0.0175361037254333,0.0,0.5,0.02,0.54,0.02,0.52,0.064,0.436,0.0,0.0,0.0,0.0,0.007518796992481203,0.01,0.0,0.0,0.0,0.0,0.011904761904761904,0.05263157894736842
RPS27A,RPE1_within_vs_RPE1_to_K562,primary_source_context_comparison,0.7474697232246399,0.020083624869585,0.6244508633130214,0.0001402588376137,0.1521026045083999,0.2202359139919281,0.7460366487503052,-0.017424464225769,0.0,0.55,0.06,0.56,0.06,0.52,0.036,0.492,0.0,0.0,0.0,0.0,0.022727272727272728,0.0016366612111292963,0.0,0.0,0.0,0.0,0.03125,0.008928571428571428
RPS3,RPE1_within_vs_RPE1_to_K562,primary_source_context_comparison,0.7384262084960938,0.024082738906145,0.5991464756442385,0.0077328371742414,0.1386318355798721,0.2461129277944564,0.738415539264679,-0.0100018978118896,0.0,0.55,0.0,0.48,0.01,0.5,0.028,0.432,0.0,0.0,0.0,0.0,0.019230769230769232,0.0017064846416382253,0.0,0.0,0.0,0.0,0.029411764705882353,0.009345794392523364
SAMM50,RPE1_within_vs_RPE1_to_K562,primary_source_context_comparison,0.288862943649292,0.0135788116604089,0.2133534223683778,0.0122872334520791,0.1550448536872863,0.1794650554656982,0.3141183257102966,0.0198137760162353,0.0,0.45,0.06,0.54,0.15,0.49,0.288,0.492,0.0,0.0,0.0,0.0,0.03125,0.004366812227074236,0.0,0.0,0.0,0.0,0.047619047619047616,0.021739130434782608
SF3A2,RPE1_within_vs_RPE1_to_K562,primary_source_context_comparison,0.8001874685287476,-0.0015450441278517,0.6803065362049161,-0.0063683993430416,0.1228460222482681,0.1811709851026535,0.8010176420211792,-0.0130952596664428,0.0,0.4,0.02,0.56,0.03,0.55,0.016,0.528,0.0,0.0,0.0,0.0,0.01818181818181818,0.001937984496124031,0.0,0.0,0.0,0.0,0.027777777777777776,0.010869565217391304
SF3B3,RPE1_within_vs_RPE1_to_K562,primary_source_context_comparison,0.7707502245903015,-0.0171132236719131,0.6653908002636014,-0.029075452235018,0.140341505408287,0.2395738065242767,0.7704530954360962,0.0039829015731811,0.05,0.35,0.02,0.44,0.02,0.44,0.008,0.54,0.0,0.0,0.0,0.0,0.030303030303030304,0.004149377593360996,0.0,0.0,0.0,0.0,0.038461538461538464,0.02040816326530612
SFPQ,RPE1_within_vs_RPE1_to_K562,primary_source_context_comparison,0.5931161642074585,0.0181920528411865,0.4436412067056482,0.0099601336466443,0.1843074709177017,0.2561777234077453,0.5780333280563354,0.0476080775260925,0.1,0.35,0.1,0.48,0.09,0.43,0.104,0.524,0.0,0.0,0.0,1.0,0.006369426751592357,0.5,0.0,1.0,0.0,1.0,0.009900990099009901,1.0
SKA3,RPE1_within_vs_RPE1_to_K562,primary_source_context_comparison,0.5453544855117798,-0.0219452306628227,0.4320526610044757,0.0017655544547492,0.0925382301211357,0.1907643228769302,0.5433468222618103,-0.0019302368164062,0.05,0.45,0.08,0.52,0.08,0.5,0.088,0.508,0.0,0.0,0.0,0.0,0.007692307692307693,0.0025188916876574307,0.0,0.0,0.0,0.0,0.011904761904761904,0.012987012987012988
SLBP,RPE1_within_vs_RPE1_to_K562,primary_source_context_comparison,0.5704942941665649,-0.0150497034192085,0.4404555346687923,-0.0183124066693752,0.1285158544778823,0.1659373342990875,0.5760319232940674,-0.0238363742828369,0.05,0.5,0.04,0.5,0.06,0.51,0.084,0.476,0.0,0.0,0.0,0.0,0.011363636363636364,0.0017921146953405018,0.0,0.0,0.0,0.0,0.01694915254237288,0.009523809523809525
SMC1A,RPE1_within_vs_RPE1_to_K562,primary_source_context_comparison,0.6112799644470215,-0.0239468328654766,0.4895439446377577,-0.0230782073876821,0.1494809836149215,0.2377357333898544,0.6198986172676086,-0.0287295579910278,0.0,0.45,0.02,0.44,0.01,0.45,0.128,0.516,0.0,0.0,0.0,0.0,0.008771929824561403,0.0014727540500736377,0.0,0.0,0.0,0.0,0.012987012987012988,0.007352941176470588
SMC4,RPE1_within_vs_RPE1_to_K562,primary_source_context_comparison,0.7485319375991821,0.0091513954102993,0.6021710993957483,0.0129823997208538,0.1165861114859581,0.2056783884763717,0.7506572008132935,-0.0059547424316406,0.05,0.4,0.08,0.5,0.07,0.46,0.016,0.476,0.0,0.0,0.0,0.0,0.037037037037037035,0.0020491803278688526,0.0,0.0,0.0,0.0,0.05,0.010638297872340425
SMU1,RPE1_within_vs_RPE1_to_K562,primary_source_context_comparison,0.6155866384506226,-0.0359751209616661,0.4951428504415974,-0.021602165712605,0.2176294922828674,0.2618224620819092,0.6147693395614624,-0.0500963926315307,0.0,0.4,0.0,0.46,0.03,0.51,0.096,0.556,0.0,0.0,0.0,0.0,0.0196078431372549,0.0013679890560875513,0.0,0.0,0.0,0.0,0.02857142857142857,0.006802721088435374
SNAPC1,RPE1_within_vs_RPE1_to_K562,primary_source_context_comparison,0.6915598511695862,-0.0100509105250239,0.5507840655485815,0.0133328915093156,0.1105427220463752,0.2043302208185196,0.6958578824996948,-0.0072206258773803,0.0,0.45,0.02,0.52,0.02,0.52,0.012,0.512,0.0,0.0,0.0,0.0,0.00980392156862745,0.0017825311942959,0.0,0.0,0.0,0.0,0.014925373134328358,0.009345794392523364
SNAPC3,RPE1_within_vs_RPE1_to_K562,primary_source_context_comparison,0.7264630794525146,-0.0029408084228634,0.5758861854674474,0.0208394109780765,0.1029001027345657,0.1887501925230026,0.7202786207199097,-0.0081965923309326,0.0,0.5,0.04,0.4,0.04,0.45,0.024,0.496,0.0,0.0,0.0,0.0,0.037037037037037035,0.0016778523489932886,0.0,0.0,0.0,0.0,0.05,0.008928571428571428
SNRNP48,RPE1_within_vs_RPE1_to_K562,primary_source_context_comparison,0.4413017630577087,0.0222352743148803,0.339182840199454,0.0285291248531649,0.1822282373905182,0.1834299266338348,0.426497220993042,0.0354136824607849,0.15,0.35,0.12,0.4,0.18,0.42,0.152,0.436,0.0,0.0,0.0,0.0,0.0196078431372549,0.014285714285714285,0.0,0.0,0.0,0.0,0.027777777777777776,0.07692307692307693
SNRPE,RPE1_within_vs_RPE1_to_K562,primary_source_context_comparison,0.7688312530517578,0.0061111794784665,0.6342880553379682,0.0006353285054131,0.1547330170869827,0.2712266743183136,0.7576349377632141,0.0220720767974853,0.0,0.45,0.02,0.48,0.04,0.48,0.024,0.52,0.0,0.0,0.0,0.0,0.013513513513513514,0.008849557522123894,0.0,0.0,0.0,0.0,0.02,0.045454545454545456
SRRM1,RPE1_within_vs_RPE1_to_K562,primary_source_context_comparison,0.5861468315124512,0.0099387215450406,0.5113700307550741,-0.0005138393965782,0.133452758193016,0.1662685424089431,0.5890776515007019,0.0091931223869323,0.0,0.45,0.06,0.46,0.09,0.46,0.088,0.492,0.0,0.0,0.0,0.0,0.005405405405405406,0.003134796238244514,0.0,0.0,0.0,0.0,0.009009009009009009,0.01639344262295082
SRRT,RPE1_within_vs_RPE1_to_K562,primary_source_context_comparison,0.4468094706535339,0.0064472625963389,0.3955327196933087,0.0031540052463116,0.1430457681417465,0.1685690134763717,0.4480327367782593,0.0188241004943847,0.0,0.25,0.04,0.42,0.05,0.44,0.196,0.464,0.0,0.0,0.0,0.0,0.004366812227074236,0.004694835680751174,0.0,0.0,0.0,0.0,0.007751937984496124,0.027777777777777776
SYF2,RPE1_within_vs_RPE1_to_K562,primary_source_context_comparison,0.5670323371887207,0.0297849737107753,0.4491153625086144,0.0252436596023522,0.0948123335838317,0.092232845723629,0.5679513216018677,0.0318488478660583,0.0,0.35,0.02,0.48,0.04,0.51,0.112,0.408,0.0,0.0,0.0,0.0,0.006622516556291391,0.016129032258064516,0.0,0.0,0.0,0.0,0.010309278350515464,0.08333333333333333
SYMPK,RPE1_within_vs_RPE1_to_K562,primary_source_context_comparison,0.6578738689422607,-0.0026882076635956,0.5283282051618081,0.0018190130647605,0.152738556265831,0.2169878035783767,0.6553003191947937,0.0143244266510009,0.0,0.5,0.02,0.54,0.04,0.53,0.104,0.492,0.0,0.0,0.0,0.0,0.007936507936507936,0.005952380952380952,0.0,0.0,0.0,0.0,0.012345679012345678,0.030303030303030304
THG1L,RPE1_within_vs_RPE1_to_K562,primary_source_context_comparison,0.3758538365364074,0.0223786532878875,0.2874278675018095,0.0167675615515073,0.1213321909308433,0.1491144299507141,0.3756818771362304,0.0333554744720459,0.0,0.4,0.0,0.56,0.03,0.54,0.232,0.448,0.0,0.0,0.0,0.0,0.004048582995951417,0.017857142857142856,0.0,0.0,0.0,0.0,0.007575757575757576,0.07142857142857142
TIMM9,RPE1_within_vs_RPE1_to_K562,primary_source_context_comparison,0.7178400158882141,-0.016837228089571,0.5402273222270237,-0.0462685461409627,0.1059412732720375,0.0579016283154487,0.7223860025405884,-0.0158209800720214,0.05,0.4,0.02,0.38,0.04,0.42,0.02,0.592,0.0,0.0,0.0,0.0,0.023809523809523808,0.005235602094240838,0.0,0.0,0.0,0.0,0.034482758620689655,0.029411764705882353
TOMM22,RPE1_within_vs_RPE1_to_K562,primary_source_context_comparison,0.3696944415569305,0.0359352603554725,0.2533433777938956,0.0165806238160208,0.1095901504158973,0.1829371452331543,0.3519220352172851,0.0302132964134216,0.05,0.45,0.14,0.48,0.15,0.51,0.244,0.512,0.0,0.0,0.0,0.0,0.007194244604316547,0.08333333333333333,0.0,0.0,0.0,1.0,0.01098901098901099,0.3333333333333333
TREX2,RPE1_within_vs_RPE1_to_K562,primary_source_context_comparison,0.7601264119148254,0.0064164232462644,0.6821443218305157,0.0216183404652524,0.0761932656168937,0.139055460691452,0.7618891000747681,0.0079482793807983,0.1,0.3,0.12,0.46,0.07,0.42,0.016,0.444,0.0,0.0,0.0,0.0,0.020833333333333332,0.002583979328165375,0.0,0.0,0.0,0.0,0.02857142857142857,0.0136986301369863
TSR1,RPE1_within_vs_RPE1_to_K562,primary_source_context_comparison,0.7545360922813416,-0.0504395440220832,0.632109048786703,-0.0470392670529575,0.0777991712093353,0.0753210037946701,0.7543221712112427,-0.0523220300674438,0.05,0.45,0.06,0.4,0.05,0.39,0.048,0.588,0.0,0.0,0.0,0.0,0.013888888888888888,0.0013869625520110957,0.0,0.0,0.0,0.0,0.02040816326530612,0.006896551724137931
TUT1,RPE1_within_vs_RPE1_to_K562,primary_source_context_comparison,0.6087958812713623,0.0981893017888069,0.4618129332146844,0.0803352419071938,0.0601505674421787,0.0418562889099121,0.6182885766029358,0.0987843871116638,0.05,0.2,0.08,0.26,0.06,0.29,0.056,0.4,0.0,0.0,0.0,0.0,0.006060606060606061,0.002932551319648094,0.0,0.0,0.0,0.0,0.00980392156862745,0.013157894736842105
UBA1,RPE1_within_vs_RPE1_to_K562,primary_source_context_comparison,0.2306225001811981,-0.0563822463154792,0.1901563096153798,-0.0421961677528594,0.0870561599731445,0.1199210062623024,0.2236048579216003,-0.0653421878814697,0.2,0.65,0.18,0.58,0.23,0.55,0.312,0.612,0.0,0.0,0.0,0.0,0.003968253968253968,0.0013736263736263737,0.0,0.0,0.0,0.0,0.0072992700729927005,0.006802721088435374
UPF2,RPE1_within_vs_RPE1_to_K562,primary_source_context_comparison,0.2541914880275726,0.0640755891799926,0.2043452322427136,0.0540958897971338,0.1414951533079147,0.0889337286353111,0.21347177028656,0.0481915473937988,0.15,0.45,0.14,0.42,0.14,0.44,0.352,0.38,0.0,0.0,0.0,0.0,0.003676470588235294,0.014285714285714285,0.0,0.0,0.0,0.0,0.006896551724137931,0.06666666666666667
USP5,RPE1_within_vs_RPE1_to_K562,primary_source_context_comparison,0.6714363098144531,-0.0304164327681064,0.5379930154846324,-0.03303917748236,0.0681044906377792,0.103806734085083,0.6719245314598083,-0.0342538356781005,0.1,0.35,0.06,0.42,0.06,0.52,0.04,0.512,0.0,0.0,0.0,0.0,0.008620689655172414,0.0014947683109118087,0.0,0.0,0.0,0.0,0.013513513513513514,0.0072992700729927005
UTP18,RPE1_within_vs_RPE1_to_K562,primary_source_context_comparison,0.7702682018280029,0.0083019603043794,0.6154298109679628,0.0075387300615492,0.1182670891284942,0.2113075107336044,0.7689341902732849,-0.00990891456604,0.0,0.45,0.02,0.52,0.03,0.5,0.028,0.544,0.0,0.0,0.0,0.0,0.02,0.002178649237472767,0.0,0.0,0.0,0.0,0.02857142857142857,0.011904761904761904
UXT,RPE1_within_vs_RPE1_to_K562,primary_source_context_comparison,0.4578588604927063,-0.0330607257783412,0.3805204303430822,-0.0286648609392823,0.1114817410707473,0.1123353242874145,0.4651399850845337,-0.0413177013397216,0.0,0.5,0.06,0.46,0.06,0.5,0.184,0.52,0.0,0.0,0.0,0.0,0.004878048780487805,0.001388888888888889,0.0,0.0,0.0,0.0,0.008333333333333333,0.006944444444444444
VPS35,RPE1_within_vs_RPE1_to_K562,primary_source_context_comparison,0.5603458881378174,0.0043167313560843,0.423982901823316,-0.0041016139401629,0.1065052226185798,0.1300028264522552,0.5632451772689819,0.0186434388160705,0.0,0.3,0.06,0.36,0.08,0.42,0.052,0.524,0.0,0.0,0.0,0.0,0.02,0.008928571428571428,0.0,0.0,0.0,0.0,0.030303030303030304,0.0625
VPS54,RPE1_within_vs_RPE1_to_K562,primary_source_context_comparison,0.5852062106132507,0.1327158510684967,0.463429477386546,0.1072304769369396,0.0505397208034992,0.0468262508511543,0.5845786929130554,0.1287710070610046,0.1,0.45,0.12,0.32,0.09,0.41,0.068,0.256,0.0,0.0,0.0,0.0,0.006211180124223602,0.022222222222222223,0.0,0.0,0.0,0.0,0.009708737864077669,0.08333333333333333
VPS72,RPE1_within_vs_RPE1_to_K562,primary_source_context_comparison,0.2182849794626236,-0.008253613486886,0.1683856126875895,-0.0136879665321756,0.0990502461791038,0.0783110558986663,0.2313454151153564,-0.0463702678680419,0.25,0.4,0.16,0.34,0.18,0.37,0.232,0.496,0.0,0.0,0.0,0.0,0.004132231404958678,0.0015082956259426848,0.0,0.0,0.0,0.0,0.007518796992481203,0.007042253521126761
WAC,RPE1_within_vs_RPE1_to_K562,primary_source_context_comparison,0.3199774622917175,-0.0212982334196567,0.264013926432557,-0.0234090632442952,0.1060966551303863,0.0575611814856529,0.3238660097122192,-0.019985556602478,0.1,0.1,0.16,0.18,0.14,0.32,0.328,0.488,0.0,0.0,0.0,0.0,0.003861003861003861,0.0034482758620689655,0.0,0.0,0.0,0.0,0.007142857142857143,0.019230769230769232
WBP11,RPE1_within_vs_RPE1_to_K562,primary_source_context_comparison,0.5678198337554932,-0.0239619687199592,0.4145554359880654,-0.0175534780625604,0.075806938111782,0.1318702548742294,0.5684654116630554,-0.0295708179473876,0.0,0.65,0.02,0.52,0.05,0.46,0.072,0.56,0.0,0.0,0.0,0.0,0.008403361344537815,0.001652892561983471,0.0,0.0,0.0,0.0,0.012987012987012988,0.008620689655172414
WDR12,RPE1_within_vs_RPE1_to_K562,primary_source_context_comparison,0.791370153427124,0.0246246419847011,0.6573702913505886,0.0083239474535572,0.1328040361404419,0.18973009288311,0.7949272990226746,0.0082090497016906,0.0,0.45,0.0,0.52,0.01,0.46,0.016,0.46,0.0,0.0,0.0,0.0,0.1111111111111111,0.0038314176245210726,0.0,0.0,0.0,0.0,0.125,0.018518518518518517
YTHDC1,RPE1_within_vs_RPE1_to_K562,primary_source_context_comparison,0.5616016387939453,-0.0185694545507431,0.4374810656912425,-0.0173687676235844,0.121873527765274,0.1431914418935775,0.5623943209648132,-0.0352067947387695,0.0,0.5,0.0,0.54,0.03,0.5,0.116,0.536,0.0,0.0,0.0,0.0,0.005714285714285714,0.001402524544179523,0.0,0.0,0.0,0.0,0.009174311926605505,0.006896551724137931
ZFC3H1,RPE1_within_vs_RPE1_to_K562,primary_source_context_comparison,0.2951719760894775,-0.0018956805579364,0.3071611039664441,-0.0089757109192438,0.1064605265855789,0.1215645223855972,0.2999091148376465,-0.0109102725982666,0.0,0.35,0.04,0.34,0.11,0.45,0.204,0.476,0.0,0.0,0.0,0.0,0.00390625,0.00145985401459854,0.0,0.0,0.0,0.0,0.0072992700729927005,0.007462686567164179
ABCE1,RPE1_within_vs_K562_to_RPE1,exploratory_target_context_comparison,0.5259520411491394,-0.0187216084450483,0.4230004902960195,-0.0182020493360819,0.1777755171060562,0.2165142297744751,0.4989200234413147,0.0275933742523193,0.1,0.45,0.08,0.46,0.09,0.49,0.164,0.5,0.0,0.0,0.0,0.0,0.006097560975609756,0.03333333333333333,0.0,0.0,0.0,0.0,0.00980392156862745,0.16666666666666666
ACTR6,RPE1_within_vs_K562_to_RPE1,exploratory_target_context_comparison,0.3033663630485534,-0.0679977536201477,0.2528357719594989,-0.0567886018756328,0.1044180393218994,0.0897600278258323,0.3059465885162353,-0.1326916217803955,0.35,0.5,0.2,0.48,0.2,0.4,0.272,0.632,0.0,0.0,0.0,0.0,0.003745318352059925,0.0056179775280898875,0.0,0.0,0.0,0.0,0.006993006993006993,0.02631578947368421
ARPC4,RPE1_within_vs_K562_to_RPE1,exploratory_target_context_comparison,0.4809408485889435,0.0125505533069372,0.350466171803058,0.0030353754497064,0.145722284913063,0.1687391996383667,0.4792318344116211,-0.020869493484497,0.0,0.4,0.0,0.4,0.03,0.38,0.104,0.56,0.0,0.0,0.0,0.0,0.007575757575757576,0.0030120481927710845,0.0,0.0,0.0,0.0,0.011627906976744186,0.013888888888888888
ATP6V0C,RPE1_within_vs_K562_to_RPE1,exploratory_target_context_comparison,0.4959698915481567,0.1122515350580215,0.4553115924793912,0.1223113686380675,0.0660095885396003,0.0798783004283905,0.4990366101264953,0.092975914478302,0.15,0.35,0.08,0.32,0.05,0.4,0.088,0.384,0.0,0.0,0.0,0.0,0.005128205128205128,0.006097560975609756,0.0,0.0,0.0,0.0,0.008695652173913044,0.027777777777777776
BTF3,RPE1_within_vs_K562_to_RPE1,exploratory_target_context_comparison,0.6731859445571899,-0.0637027397751808,0.5166715765476633,-0.0577603081531848,0.1222041472792625,0.1666089296340942,0.6727323532104492,-0.0878655910491943,0.0,0.45,0.0,0.42,0.03,0.39,0.036,0.68,0.0,0.0,0.0,0.0,0.1111111111111111,0.00202020202020202,0.0,0.0,0.0,0.0,0.125,0.01
CCDC84,RPE1_within_vs_K562_to_RPE1,exploratory_target_context_comparison,0.3367125391960144,0.0775322169065475,0.2405715393828615,0.0609499298329227,0.1145350486040115,0.1195631325244903,0.3241658210754394,0.0473228693008422,0.15,0.4,0.12,0.34,0.2,0.37,0.268,0.396,0.0,0.0,0.0,0.0,0.007246376811594203,0.008064516129032258,0.0,0.0,0.0,0.0,0.01282051282051282,0.030303030303030304
CD3EAP,RPE1_within_vs_K562_to_RPE1,exploratory_target_context_comparison,0.6431909799575806,0.1095508262515068,0.4895682839742306,0.0881825336477668,0.1537432670593261,0.1988177597522735,0.6432160139083862,0.0715854167938232,0.05,0.35,0.06,0.42,0.04,0.42,0.032,0.36,0.0,0.0,0.0,0.0,0.034482758620689655,0.010526315789473684,0.0,0.0,0.0,0.0,0.045454545454545456,0.043478260869565216
CDC27,RPE1_within_vs_K562_to_RPE1,exploratory_target_context_comparison,0.6397315859794617,0.1532029211521148,0.4852794456788245,0.1376811661792466,0.1245016008615493,0.1595895439386367,0.639703094959259,0.1239715218544006,0.05,0.3,0.08,0.36,0.05,0.43,0.04,0.352,0.0,0.0,0.0,0.0,0.011764705882352941,0.006060606060606061,0.0,0.0,0.0,0.0,0.01818181818181818,0.020833333333333332
CDC6,RPE1_within_vs_K562_to_RPE1,exploratory_target_context_comparison,0.7060741186141968,-0.0227429643273353,0.5828485683699427,-0.0082935199643379,0.1361776143312454,0.1830658614635467,0.7094478607177734,-0.0501744747161865,0.05,0.35,0.02,0.38,0.04,0.38,0.016,0.612,1.0,0.0,1.0,0.0,1.0,0.003289473684210526,1.0,0.0,1.0,0.0,1.0,0.01639344262295082
CDK1,RPE1_within_vs_K562_to_RPE1,exploratory_target_context_comparison,0.6974466443061829,-0.0370215997099876,0.5630278573321398,-0.0049299077813146,0.1296994388103485,0.1842904239892959,0.7016921639442444,-0.0926867723464965,0.05,0.35,0.08,0.38,0.07,0.4,0.028,0.612,0.0,0.0,0.0,0.0,0.038461538461538464,0.0018832391713747645,0.0,0.0,0.0,0.0,0.045454545454545456,0.008771929824561403
CENPK,RPE1_within_vs_K562_to_RPE1,exploratory_target_context_comparison,0.497257798910141,0.0633528307080268,0.3791078894065128,0.0832971711098859,0.1078349947929382,0.1345981508493423,0.4994915127754211,0.0450431108474731,0.1,0.35,0.14,0.4,0.13,0.38,0.092,0.544,0.0,0.0,0.0,0.0,0.0625,0.037037037037037035,0.0,0.0,0.0,0.0,0.07692307692307693,0.16666666666666666
CHMP3,RPE1_within_vs_K562_to_RPE1,exploratory_target_context_comparison,0.4703038334846496,0.0004450078122317,0.3536645755150709,0.0055189931328921,0.1384488344192505,0.1906818747520446,0.4688208103179931,0.0264028906822204,0.0,0.45,0.04,0.42,0.04,0.44,0.132,0.492,0.0,0.0,0.0,0.0,0.00819672131147541,0.03225806451612903,0.0,0.0,0.0,0.0,0.01282051282051282,0.14285714285714285
CNIH4,RPE1_within_vs_K562_to_RPE1,exploratory_target_context_comparison,-0.092557743191719,0.0438878983259201,-0.0199752865754908,0.0545327249065441,0.0933111608028411,0.0580840446054935,-0.0938653945922851,0.0470051765441894,0.35,0.45,0.34,0.28,0.28,0.45,0.576,0.428,0.0,0.0,0.0,0.0,0.0033003300330033004,0.07692307692307693,0.0,0.0,0.0,1.0,0.006756756756756757,0.5
CPSF1,RPE1_within_vs_K562_to_RPE1,exploratory_target_context_comparison,0.6612841486930847,0.0018717320635914,0.5007365627174625,0.0024103488485296,0.1283693015575409,0.1778603792190551,0.656534731388092,-0.0765762329101562,0.05,0.3,0.02,0.42,0.06,0.41,0.064,0.612,0.0,0.0,0.0,0.0,0.008849557522123894,0.0015037593984962407,0.0,0.0,0.0,0.0,0.014084507042253521,0.007194244604316547
CSE1L,RPE1_within_vs_K562_to_RPE1,exploratory_target_context_comparison,0.7953248620033264,-0.0193408466875553,0.7129782071933511,-0.0040321678253834,0.1268745809793472,0.2180733531713485,0.7965582609176636,-0.0725764036178588,0.05,0.25,0.02,0.42,0.03,0.4,0.02,0.652,0.0,0.0,0.0,0.0,0.016129032258064516,0.002105263157894737,0.0,0.0,0.0,0.0,0.024390243902439025,0.01020408163265306
CTNNBL1,RPE1_within_vs_K562_to_RPE1,exploratory_target_context_comparison,0.3512820899486542,-0.0439575165510177,0.2472076086723043,-0.0178479049867729,0.0902402028441429,0.0993825793266296,0.3524562120437622,-0.0615966320037841,0.1,0.25,0.08,0.36,0.19,0.39,0.192,0.62,0.0,0.0,0.0,0.0,0.006172839506172839,0.0017094017094017094,0.0,0.0,0.0,0.0,0.01,0.008264462809917356
CXXC1,RPE1_within_vs_K562_to_RPE1,exploratory_target_context_comparison,0.4338319599628448,-0.1377829611301422,0.3424817876517106,-0.1160831640464705,0.0995775833725929,0.1221277639269828,0.4294248819351196,-0.1247237920761108,0.0,0.6,0.08,0.42,0.09,0.45,0.164,0.66,0.0,0.0,0.0,0.0,0.005050505050505051,0.008264462809917356,0.0,0.0,0.0,0.0,0.008620689655172414,0.04
DDX41,RPE1_within_vs_K562_to_RPE1,exploratory_target_context_comparison,0.4390515089035034,0.0045389831066131,0.3146579359783173,0.0063052861083627,0.162084475159645,0.1960530132055282,0.4271467328071594,-0.0844643115997314,0.0,0.3,0.04,0.38,0.07,0.36,0.196,0.66,0.0,0.0,0.0,0.0,0.004545454545454545,0.001834862385321101,0.0,0.0,0.0,0.0,0.008,0.008695652173913044
DDX5,RPE1_within_vs_K562_to_RPE1,exploratory_target_context_comparison,-0.0372924655675888,-0.008249276317656,-0.0379959794754867,-0.0024652046427265,0.0656380057334899,0.0654523894190788,-0.032629370689392,-0.0376385450363159,0.25,0.35,0.28,0.38,0.25,0.42,0.536,0.5,0.0,0.0,0.0,0.0,0.03333333333333333,0.0049504950495049506,0.0,0.0,1.0,0.0,0.2,0.023255813953488372
DDX52,RPE1_within_vs_K562_to_RPE1,exploratory_target_context_comparison,0.4704682230949402,-0.0223688632249832,0.340631827385273,-0.0041364060696547,0.1710986793041229,0.1973650306463241,0.4605991840362549,-0.0560379028320312,0.1,0.35,0.1,0.32,0.15,0.31,0.112,0.568,0.0,0.0,0.0,0.0,0.03225806451612903,0.0035087719298245615,0.0,0.0,0.0,0.0,0.04,0.016666666666666666
DDX55,RPE1_within_vs_K562_to_RPE1,exploratory_target_context_comparison,0.6288518309593201,-0.1070349514484405,0.526441337086288,-0.1044742924475086,0.1098732873797416,0.1544697284698486,0.6254527568817139,-0.1733540296554565,0.2,0.45,0.12,0.46,0.11,0.46,0.048,0.72,0.0,0.0,0.0,0.0,0.014925373134328358,0.001445086705202312,0.0,0.0,0.0,0.0,0.02040816326530612,0.007042253521126761
DDX59,RPE1_within_vs_K562_to_RPE1,exploratory_target_context_comparison,0.5097012519836426,0.0891329795122146,0.3699981444248057,0.0640208294629791,0.0898138061165809,0.1040402427315712,0.516556441783905,0.0544672012329101,0.0,0.1,0.02,0.24,0.05,0.36,0.1,0.464,0.0,0.0,0.0,0.0,0.007633587786259542,0.0037313432835820895,0.0,0.0,0.0,0.0,0.012345679012345678,0.014925373134328358
DHX15,RPE1_within_vs_K562_to_RPE1,exploratory_target_context_comparison,0.657086968421936,0.0082335136830806,0.5517140080338014,0.0422604680264187,0.1473657935857772,0.221897155046463,0.6558481454849243,-0.0464272499084472,0.0,0.45,0.0,0.4,0.01,0.4,0.056,0.644,0.0,0.0,0.0,0.0,0.00819672131147541,0.0014619883040935672,0.0,0.0,0.0,0.0,0.012658227848101266,0.0070921985815602835
DHX36,RPE1_within_vs_K562_to_RPE1,exploratory_target_context_comparison,0.1102536395192146,0.0552578717470169,0.097987448678553,0.0521646178330886,0.1249414160847663,0.1237643733620643,0.1214008331298828,0.087002158164978,0.15,0.3,0.2,0.38,0.23,0.4,0.4,0.424,0.0,0.0,0.0,0.0,0.015873015873015872,0.16666666666666666,0.0,0.0,0.0,1.0,0.02857142857142857,0.3333333333333333
DSN1,RPE1_within_vs_K562_to_RPE1,exploratory_target_context_comparison,0.7052954435348511,-0.0118002817034721,0.5559584466996809,-0.0202725067638733,0.1107876747846603,0.1554799973964691,0.7094094753265381,-0.0430972576141357,0.0,0.45,0.04,0.54,0.05,0.51,0.048,0.62,0.0,0.0,0.0,0.0,0.011235955056179775,0.0049261083743842365,0.0,0.0,0.0,0.0,0.01694915254237288,0.020833333333333332
DTL,RPE1_within_vs_K562_to_RPE1,exploratory_target_context_comparison,0.456262469291687,-0.0647424533963203,0.3410109921286239,-0.0811168459026206,0.1056421548128128,0.1360223442316055,0.45222008228302,-0.0940707921981811,0.05,0.25,0.04,0.34,0.1,0.49,0.132,0.7,0.0,0.0,0.0,0.0,0.018518518518518517,0.002824858757062147,0.0,0.0,0.0,0.0,0.02857142857142857,0.013157894736842105
DYNC1H1,RPE1_within_vs_K562_to_RPE1,exploratory_target_context_comparison,0.5255463123321533,0.0427108071744442,0.3710685287325524,0.022680153020839,0.1103779301047325,0.1307115703821182,0.5360002517700195,0.0050593614578247,0.0,0.35,0.02,0.38,0.04,0.42,0.104,0.476,0.0,0.0,0.0,0.0,0.005917159763313609,0.0017123287671232876,0.0,0.0,0.0,0.0,0.00980392156862745,0.008264462809917356
DYNC1I2,RPE1_within_vs_K562_to_RPE1,exploratory_target_context_comparison,0.6790143847465515,0.0040694843046367,0.5220602792789406,0.0188532824514887,0.1116767078638076,0.1628011912107467,0.6777049899101257,-0.054381251335144,0.0,0.25,0.04,0.42,0.04,0.37,0.024,0.62,0.0,0.0,0.0,0.0,0.07142857142857142,0.001567398119122257,0.0,0.0,0.0,0.0,0.07692307692307693,0.007633587786259542
DYNLL1,RPE1_within_vs_K562_to_RPE1,exploratory_target_context_comparison,0.3074107766151428,-0.0679670944809913,0.2155603839339357,-0.0453190613189377,0.0831748843193054,0.0844985917210578,0.2779992818832397,-0.1107960939407348,0.1,0.5,0.16,0.42,0.18,0.43,0.22,0.636,0.0,0.0,0.0,0.0,0.004310344827586207,0.0016313213703099511,0.0,0.0,0.0,0.0,0.007751937984496124,0.007874015748031496
EFTUD2,RPE1_within_vs_K562_to_RPE1,exploratory_target_context_comparison,0.7164039611816406,-0.036608699709177,0.6015808359032334,-0.0356295372820366,0.1571679264307022,0.2341717928647995,0.6941388845443726,-0.1220881938934326,0.05,0.35,0.04,0.36,0.05,0.41,0.024,0.688,0.0,0.0,0.0,0.0,0.013157894736842105,0.0015527950310559005,0.0,0.0,0.0,0.0,0.02,0.007575757575757576
EIF3D,RPE1_within_vs_K562_to_RPE1,exploratory_target_context_comparison,0.6367844343185425,0.0230283923447132,0.4888477272776414,0.0294592950997858,0.1702966541051864,0.225204050540924,0.6166572570800781,-0.0690945386886596,0.0,0.2,0.04,0.36,0.07,0.43,0.052,0.588,0.0,0.0,0.0,0.0,0.009345794392523364,0.001976284584980237,0.0,0.0,0.0,0.0,0.014084507042253521,0.009523809523809525
EIF3I,RPE1_within_vs_K562_to_RPE1,exploratory_target_context_comparison,0.6847426295280457,0.0296683572232723,0.5485226744340714,0.0221657967602278,0.1517191231250763,0.2126986980438232,0.6808778047561646,-0.0603007078170776,0.0,0.35,0.04,0.42,0.03,0.43,0.072,0.544,0.0,0.0,0.0,0.0,0.008620689655172414,0.0015552099533437014,0.0,0.0,0.0,0.0,0.0136986301369863,0.007575757575757576
EIF3M,RPE1_within_vs_K562_to_RPE1,exploratory_target_context_comparison,0.5688080787658691,0.0126686189323663,0.4185151432686056,0.0123906175845168,0.1377961635589599,0.1740424185991287,0.5631344318389893,-0.077842116355896,0.1,0.15,0.04,0.38,0.05,0.35,0.108,0.596,0.0,0.0,0.0,0.0,0.005263157894736842,0.0014684287812041115,0.0,0.0,0.0,0.0,0.008695652173913044,0.007142857142857143
ELP5,RPE1_within_vs_K562_to_RPE1,exploratory_target_context_comparison,0.5215551853179932,0.0888407230377197,0.4018902044692535,0.0966690350303616,0.0814157277345657,0.095004454255104,0.5259851813316345,0.0733018517494201,0.1,0.25,0.08,0.28,0.1,0.3,0.132,0.424,0.0,0.0,0.0,0.0,0.005263157894736842,0.0018018018018018018,0.0,0.0,0.0,0.0,0.008771929824561403,0.008849557522123894
EXOSC3,RPE1_within_vs_K562_to_RPE1,exploratory_target_context_comparison,0.7225403785705566,-0.0949547514319419,0.6041974798798991,-0.085518553840847,0.1333242803812027,0.2063686251640319,0.7240412831306458,-0.1207262277603149,0.05,0.45,0.02,0.46,0.02,0.46,0.056,0.688,0.0,0.0,0.0,0.0,0.018867924528301886,0.0024330900243309003,0.0,0.0,0.0,0.0,0.02564102564102564,0.011627906976744186
GFER,RPE1_within_vs_K562_to_RPE1,exploratory_target_context_comparison,0.4231616854667663,0.1538529098033905,0.3011996333424428,0.1251402892996183,0.0919324159622192,0.1001640409231185,0.4187967777252197,0.1496474742889404,0.1,0.2,0.12,0.3,0.16,0.3,0.156,0.34,0.0,0.0,0.0,0.0,0.00847457627118644,0.043478260869565216,0.0,0.0,0.0,0.0,0.01282051282051282,0.14285714285714285
GRB2,RPE1_within_vs_K562_to_RPE1,exploratory_target_context_comparison,0.3690037727355957,-0.1569834947586059,0.2944444539749782,-0.1197806415809751,0.0633932799100875,0.070207193493843,0.3805814385414123,-0.1897168159484863,0.0,0.3,0.04,0.22,0.06,0.24,0.168,0.712,0.0,0.0,0.0,0.0,0.00425531914893617,0.003861003861003861,0.0,0.0,0.0,0.0,0.007692307692307693,0.01818181818181818
GTF2A1,RPE1_within_vs_K562_to_RPE1,exploratory_target_context_comparison,0.1716389954090118,0.1184818297624588,0.1328555013077856,0.1059415628322051,0.122868612408638,0.1138383895158767,0.1620474457740783,0.1094270348548889,0.1,0.3,0.22,0.28,0.28,0.31,0.284,0.416,0.0,0.0,0.0,0.0,0.004629629629629629,0.001976284584980237,0.0,0.0,0.0,0.0,0.007874015748031496,0.008849557522123894
GTF2H4,RPE1_within_vs_K562_to_RPE1,exploratory_target_context_comparison,0.6254085302352905,-0.1505230516195297,0.4817675624502649,-0.1292230842662274,0.1116562783718109,0.1534871011972427,0.6272396445274353,-0.1696435213088989,0.0,0.3,0.0,0.32,0.05,0.35,0.068,0.72,0.0,0.0,0.0,0.0,0.009174311926605505,0.0022172949002217295,0.0,0.0,0.0,0.0,0.014285714285714285,0.010526315789473684
HARS,RPE1_within_vs_K562_to_RPE1,exploratory_target_context_comparison,0.3491000533103943,-0.0008739042095839,0.2590893003377901,-0.0227545051661802,0.1783816516399383,0.2244516164064407,0.3111576437950134,-0.0982697010040283,0.05,0.3,0.04,0.36,0.06,0.43,0.232,0.672,0.0,0.0,0.0,0.0,0.0196078431372549,0.0018867924528301887,0.0,0.0,0.0,0.0,0.024390243902439025,0.008695652173913044
IK,RPE1_within_vs_K562_to_RPE1,exploratory_target_context_comparison,0.6432021856307983,-0.0830006748437881,0.4995585161303088,-0.0884504518441408,0.1039201319217681,0.1568907350301742,0.6292386651039124,-0.1642471551895141,0.0,0.4,0.0,0.38,0.01,0.43,0.04,0.716,0.0,0.0,0.0,0.0,0.009523809523809525,0.002369668246445498,0.0,0.0,0.0,0.0,0.015625,0.011235955056179775
INTS2,RPE1_within_vs_K562_to_RPE1,exploratory_target_context_comparison,0.7586816549301147,0.0123162232339382,0.6547187842367513,0.0166850368758019,0.1224406734108924,0.2398062795400619,0.7590343356132507,-0.0030865669250488,0.0,0.35,0.02,0.46,0.02,0.44,0.056,0.62,0.0,0.0,0.0,0.0,0.015384615384615385,0.0136986301369863,0.0,0.0,0.0,0.0,0.022727272727272728,0.05263157894736842
INTS8,RPE1_within_vs_K562_to_RPE1,exploratory_target_context_comparison,0.5993648767471313,-0.0057688718661665,0.495498777943843,-0.0025335029813401,0.1616515666246414,0.2163924574851989,0.5981643199920654,-0.0150779485702514,0.0,0.5,0.04,0.44,0.04,0.52,0.1,0.576,0.0,0.0,0.0,0.0,0.011494252873563218,0.015151515151515152,0.0,0.0,0.0,0.0,0.017543859649122806,0.058823529411764705
KRI1,RPE1_within_vs_K562_to_RPE1,exploratory_target_context_comparison,0.7441259622573853,0.1255101412534713,0.60476114276496,0.1158278461774534,0.1101380437612533,0.1619172990322113,0.7461550831794739,0.0990152359008789,0.05,0.3,0.06,0.34,0.04,0.42,0.032,0.4,0.0,0.0,0.0,0.0,0.016666666666666666,0.010526315789473684,0.0,0.0,0.0,0.0,0.024390243902439025,0.043478260869565216
LARS,RPE1_within_vs_K562_to_RPE1,exploratory_target_context_comparison,0.6284074187278748,0.0614571161568164,0.481277609534655,0.0634465223458608,0.153476670384407,0.2060321718454361,0.6290301084518433,-0.0024226903915405,0.0,0.35,0.0,0.42,0.07,0.41,0.084,0.528,0.0,0.0,0.0,0.0,0.008064516129032258,0.004166666666666667,0.0,0.0,0.0,0.0,0.012658227848101266,0.017241379310344827
LSM10,RPE1_within_vs_K562_to_RPE1,exploratory_target_context_comparison,0.4198307394981384,-0.1240940913558006,0.3830892441899579,-0.1176612406669212,0.0976247563958168,0.0991014614701271,0.4164134860038757,-0.1071881055831909,0.05,0.3,0.12,0.3,0.13,0.32,0.12,0.592,0.0,0.0,0.0,0.0,0.0041841004184100415,0.008264462809917356,0.0,0.0,0.0,0.0,0.007633587786259542,0.043478260869565216
LSM3,RPE1_within_vs_K562_to_RPE1,exploratory_target_context_comparison,0.7114700078964233,0.004544008988887,0.5973126416525055,-0.0039722992470826,0.1180766373872757,0.1501194685697555,0.7129129767417908,-0.024381399154663,0.0,0.3,0.04,0.48,0.07,0.43,0.02,0.548,0.0,0.0,0.0,0.0,0.009615384615384616,0.0024813895781637717,0.0,0.0,0.0,0.0,0.015873015873015872,0.011627906976744186
LSM6,RPE1_within_vs_K562_to_RPE1,exploratory_target_context_comparison,0.7527813911437988,-0.0151728298515081,0.6192097999501142,-0.027544700973788,0.1269608587026596,0.2122258096933365,0.7395974397659302,-0.0788456201553344,0.0,0.4,0.0,0.5,0.04,0.44,0.012,0.676,0.0,0.0,0.0,0.0,0.023255813953488372,0.0019047619047619048,0.0,0.0,0.0,0.0,0.03333333333333333,0.00909090909090909
MAD2L1,RPE1_within_vs_K562_to_RPE1,exploratory_target_context_comparison,0.7765778303146362,-0.0056640864349901,0.6234032149350902,0.007362791766865,0.0843287706375122,0.143558844923973,0.7772318720817566,-0.0565752983093261,0.1,0.45,0.06,0.44,0.04,0.44,0.008,0.604,0.0,0.0,0.0,0.0,0.1111111111111111,0.0017574692442882249,0.0,0.0,0.0,0.0,0.125,0.008547008547008548
MAT2A,RPE1_within_vs_K562_to_RPE1,exploratory_target_context_comparison,0.5259544253349304,0.0143717611208558,0.4023063802395658,0.011735195318816,0.0556916631758213,0.0698469132184982,0.5301449298858643,-0.0127633810043334,0.25,0.25,0.16,0.36,0.15,0.39,0.076,0.512,0.0,0.0,0.0,0.0,0.006172839506172839,0.0045871559633027525,0.0,0.0,0.0,0.0,0.009708737864077669,0.02127659574468085
MCM10,RPE1_within_vs_K562_to_RPE1,exploratory_target_context_comparison,0.6635889410972595,0.0470457002520561,0.531565225198609,0.0375115393111624,0.0916176810860633,0.1239594370126724,0.6660280823707581,0.0318212509155273,0.05,0.15,0.06,0.2,0.06,0.29,0.032,0.476,0.0,0.0,0.0,0.0,0.05555555555555555,0.005952380952380952,0.0,0.0,0.0,0.0,0.07142857142857142,0.023255813953488372
MCM3,RPE1_within_vs_K562_to_RPE1,exploratory_target_context_comparison,0.8211759924888611,0.2519624829292297,0.733340226773609,0.2004213601016645,0.0801445543766021,0.1358078122138977,0.8190761804580688,0.2311930060386657,0.0,0.4,0.04,0.3,0.02,0.3,0.012,0.3,0.0,0.0,0.0,0.0,0.05263157894736842,0.047619047619047616,0.0,0.0,0.0,0.0,0.0625,0.16666666666666666
MCM3AP,RPE1_within_vs_K562_to_RPE1,exploratory_target_context_comparison,0.638441801071167,0.2063570320606231,0.4896499384212523,0.1390811333845971,0.1052210927009582,0.1323653012514114,0.6304196715354919,0.207967460155487,0.05,0.15,0.04,0.24,0.03,0.29,0.096,0.336,0.0,0.0,0.0,0.0,0.007575757575757576,0.04,0.0,0.0,0.0,0.0,0.011904761904761904,0.125
MED1,RPE1_within_vs_K562_to_RPE1,exploratory_target_context_comparison,0.3748981058597564,0.0155711229890584,0.311087646930972,0.0312033978256336,0.1043419241905212,0.1462606787681579,0.3614197969436645,0.0299371480941772,0.0,0.3,0.02,0.3,0.09,0.36,0.212,0.472,0.0,0.0,0.0,0.0,0.004219409282700422,0.027777777777777776,0.0,0.0,0.0,0.0,0.007751937984496124,0.125
MED19,RPE1_within_vs_K562_to_RPE1,exploratory_target_context_comparison,0.6049089431762695,0.0342661179602146,0.565892913209298,0.0407595686383827,0.1208305358886718,0.1669322103261947,0.6046034693717957,0.034409761428833,0.05,0.45,0.08,0.44,0.05,0.46,0.136,0.508,0.0,0.0,0.0,0.0,0.005555555555555556,0.014285714285714285,0.0,0.0,0.0,0.0,0.009174311926605505,0.047619047619047616
MEX3A,RPE1_within_vs_K562_to_RPE1,exploratory_target_context_comparison,0.5042845010757446,0.2348503172397613,0.3848686915547475,0.190258716755481,0.1103002354502677,0.1217603236436843,0.5058876872062683,0.2262110710144043,0.05,0.3,0.1,0.38,0.07,0.37,0.136,0.328,0.0,0.0,0.0,0.0,0.007142857142857143,0.005025125628140704,0.0,0.0,0.0,0.0,0.011111111111111112,0.022727272727272728
MIOS,RPE1_within_vs_K562_to_RPE1,exploratory_target_context_comparison,0.3649005889892578,-0.0748056396842002,0.2999172431078877,-0.0804838189550792,0.0753729715943336,0.0763196647167205,0.3724894523620605,-0.1196355819702148,0.2,0.55,0.14,0.34,0.15,0.33,0.184,0.584,0.0,0.0,0.0,0.0,0.003952569169960474,0.011363636363636364,0.0,0.0,0.0,0.0,0.007352941176470588,0.0625
MRPL49,RPE1_within_vs_K562_to_RPE1,exploratory_target_context_comparison,0.1407493203878402,-0.1228647381067276,0.0914066117406519,-0.0964365752357774,0.1469214558601379,0.1440467685461044,0.1351661086082458,-0.1092121601104736,0.05,0.2,0.18,0.3,0.23,0.28,0.38,0.636,0.0,0.0,0.0,0.0,0.006024096385542169,0.0029239766081871343,0.0,0.0,0.0,0.0,0.01020408163265306,0.013888888888888888
MRPS14,RPE1_within_vs_K562_to_RPE1,exploratory_target_context_comparison,0.2855741083621979,-0.0766139924526214,0.1913413555462464,-0.0606689853387594,0.1470827758312225,0.1531662046909332,0.2676892280578613,-0.0417245626449584,0.1,0.35,0.1,0.46,0.15,0.36,0.28,0.54,0.0,0.0,0.0,0.0,0.005235602094240838,0.01694915254237288,0.0,0.0,0.0,0.0,0.00909090909090909,0.1111111111111111
MVD,RPE1_within_vs_K562_to_RPE1,exploratory_target_context_comparison,0.3733004927635193,0.1789566129446029,0.2986677483930459,0.1741549940701997,0.0976914092898368,0.1007038429379463,0.3636900186538696,0.1511375904083252,0.1,0.45,0.06,0.3,0.12,0.35,0.188,0.328,0.0,0.0,0.0,0.0,0.0048543689320388345,0.0025906735751295338,0.0,0.0,0.0,0.0,0.008264462809917356,0.011904761904761904
MYBL2,RPE1_within_vs_K562_to_RPE1,exploratory_target_context_comparison,0.2922157347202301,-0.0377614460885524,0.2425169831377813,-0.0157925831132194,0.0564199425280094,0.0432844087481498,0.290279746055603,-0.0340346097946167,0.15,0.35,0.18,0.38,0.18,0.34,0.28,0.516,0.0,0.0,0.0,0.0,0.003663003663003663,0.0013831258644536654,0.0,0.0,0.0,0.0,0.006944444444444444,0.006802721088435374
NAA20,RPE1_within_vs_K562_to_RPE1,exploratory_target_context_comparison,0.3483589291572571,0.0499064214527606,0.2857709221576954,0.0471576992325715,0.0868852064013481,0.0787577778100967,0.3664798140525818,-0.0105593204498291,0.1,0.45,0.1,0.46,0.12,0.42,0.208,0.504,0.0,0.0,0.0,0.0,0.00398406374501992,0.001443001443001443,0.0,0.0,0.0,0.0,0.007352941176470588,0.006802721088435374
NBAS,RPE1_within_vs_K562_to_RPE1,exploratory_target_context_comparison,0.6119390726089478,0.1011071130633354,0.4702796491151859,0.0820842606913704,0.1224389597773552,0.157526358962059,0.6121925711631775,0.0869914293289184,0.0,0.4,0.02,0.36,0.02,0.4,0.116,0.384,0.0,0.0,0.0,0.0,0.006896551724137931,0.003246753246753247,0.0,0.0,0.0,0.0,0.010752688172043012,0.014285714285714285
NCAPH,RPE1_within_vs_K562_to_RPE1,exploratory_target_context_comparison,0.7599537372589111,0.0813255459070205,0.5981549445341977,0.0819008921400356,0.1190283223986625,0.187238797545433,0.7571763396263123,0.0278540849685668,0.0,0.3,0.02,0.34,0.01,0.4,0.012,0.452,0.0,0.0,0.0,0.0,0.04,0.0030864197530864196,0.0,0.0,0.0,0.0,0.05555555555555555,0.014492753623188406
NDUFAB1,RPE1_within_vs_K562_to_RPE1,exploratory_target_context_comparison,0.5786359310150146,0.1851118355989456,0.4464022445602307,0.1580820911910776,0.1355273872613906,0.1601654887199401,0.5790157318115234,0.1609338521957397,0.0,0.25,0.02,0.32,0.03,0.32,0.06,0.324,0.0,0.0,1.0,0.0,0.25,0.009708737864077669,0.0,0.0,1.0,0.0,0.25,0.05
NELFA,RPE1_within_vs_K562_to_RPE1,exploratory_target_context_comparison,0.6346700191497803,-0.0060187894850969,0.4942756421828883,0.0057937742801681,0.1206857562065124,0.1593418717384338,0.6309780478477478,-0.0681757926940918,0.0,0.5,0.06,0.38,0.04,0.43,0.072,0.572,0.0,0.0,0.0,0.0,0.006666666666666667,0.0017301038062283738,0.0,0.0,0.0,0.0,0.010416666666666666,0.008403361344537815
NELFB,RPE1_within_vs_K562_to_RPE1,exploratory_target_context_comparison,0.6307506561279297,-0.0308075696229934,0.5495171564390631,-0.0194560815467102,0.0991165488958358,0.1332620978355407,0.6197522282600403,-0.1166504621505737,0.0,0.4,0.08,0.48,0.06,0.49,0.1,0.644,0.0,0.0,0.0,0.0,0.005747126436781609,0.001394700139470014,0.0,0.0,0.0,0.0,0.009259259259259259,0.006802721088435374
NFRKB,RPE1_within_vs_K562_to_RPE1,exploratory_target_context_comparison,0.5211798548698425,-0.0415720492601394,0.391453234636919,-0.0132963480054494,0.0653532370924949,0.0769707560539245,0.5318578481674194,-0.0722894668579101,0.05,0.5,0.04,0.44,0.03,0.41,0.136,0.584,0.0,0.0,0.0,0.0,0.0047169811320754715,0.011235955056179775,0.0,0.0,0.0,0.0,0.008264462809917356,0.08333333333333333
NOLC1,RPE1_within_vs_K562_to_RPE1,exploratory_target_context_comparison,0.4918494820594787,0.0678211227059364,0.373951404663031,0.0595390720164207,0.1544762700796127,0.1761133372783661,0.4773207306861877,0.0445901751518249,0.2,0.5,0.12,0.44,0.13,0.44,0.112,0.48,0.0,0.0,0.0,0.0,0.008064516129032258,0.0021413276231263384,0.0,0.0,0.0,0.0,0.011904761904761904,0.010416666666666666
NOM1,RPE1_within_vs_K562_to_RPE1,exploratory_target_context_comparison,0.7251322269439697,0.0156300440430641,0.593603678432147,0.0219989560975421,0.1134810298681259,0.1662934720516204,0.7247352600097656,-0.0288312435150146,0.05,0.25,0.08,0.44,0.06,0.43,0.056,0.564,0.0,0.0,0.0,0.0,0.012345679012345678,0.0026455026455026454,0.0,0.0,0.0,0.0,0.01818181818181818,0.01282051282051282
NUP85,RPE1_within_vs_K562_to_RPE1,exploratory_target_context_comparison,0.781295657157898,0.0947828292846679,0.6769371832374873,0.0804065593481218,0.1132116913795471,0.1828954666852951,0.7792949080467224,0.0473913550376892,0.0,0.35,0.0,0.32,0.0,0.39,0.016,0.412,0.0,0.0,0.0,0.0,0.02564102564102564,0.002631578947368421,0.0,0.0,0.0,0.0,0.034482758620689655,0.011111111111111112
PAM16,RPE1_within_vs_K562_to_RPE1,exploratory_target_context_comparison,0.6389279961585999,0.0374248176813125,0.5146987836206567,0.0162921233560759,0.116228237748146,0.1801760047674179,0.6458503007888794,-0.0341269969940185,0.0,0.6,0.0,0.4,0.06,0.42,0.068,0.568,0.0,0.0,0.0,0.0,0.006578947368421052,0.006134969325153374,0.0,0.0,0.0,0.0,0.010416666666666666,0.027777777777777776
PAXBP1,RPE1_within_vs_K562_to_RPE1,exploratory_target_context_comparison,0.618471622467041,0.0125216208398342,0.5277642458812353,0.0047832108479024,0.0987495183944702,0.1303779482841491,0.6266748905181885,-0.0063433647155761,0.05,0.45,0.08,0.46,0.04,0.43,0.084,0.472,0.0,0.0,0.0,0.0,0.008928571428571428,0.006756756756756757,0.0,0.0,0.0,0.0,0.013333333333333334,0.03333333333333333
PCBP1,RPE1_within_vs_K562_to_RPE1,exploratory_target_context_comparison,0.350294291973114,-0.0338857471942901,0.275864643086448,-0.0299804433613763,0.075818046927452,0.0902772471308708,0.3610945343971252,-0.0857377052307128,0.05,0.35,0.06,0.4,0.11,0.41,0.164,0.572,0.0,0.0,0.0,0.0,0.004830917874396135,0.0016233766233766235,0.0,0.0,0.0,0.0,0.008333333333333333,0.008064516129032258
PCNA,RPE1_within_vs_K562_to_RPE1,exploratory_target_context_comparison,0.5494470596313477,-0.0825916454195976,0.4232457460483035,-0.0932347169156263,0.1784048825502395,0.2377821803092956,0.5401943325996399,-0.1446272134780883,0.0,0.3,0.06,0.38,0.12,0.44,0.068,0.76,0.0,0.0,0.0,0.0,0.019230769230769232,0.001483679525222552,0.0,0.0,0.0,0.0,0.02857142857142857,0.007246376811594203
PDAP1,RPE1_within_vs_K562_to_RPE1,exploratory_target_context_comparison,0.3816295862197876,-0.0882278680801391,0.2808606040344241,-0.0945703380890832,0.103991612792015,0.1135436594486236,0.3786267042160034,-0.0827971696853637,0.05,0.55,0.12,0.4,0.11,0.44,0.188,0.652,0.0,0.0,0.0,0.0,0.0045871559633027525,0.01,0.0,0.0,0.0,0.0,0.008130081300813009,0.05263157894736842
PDCD7,RPE1_within_vs_K562_to_RPE1,exploratory_target_context_comparison,0.2256830334663391,0.0025681294500827,0.1587399327495973,0.0088443079859845,0.1710407137870788,0.1780687272548675,0.232112169265747,-0.0389544963836669,0.15,0.25,0.16,0.4,0.19,0.39,0.276,0.556,0.0,0.0,0.0,0.0,0.00684931506849315,0.0018018018018018018,0.0,0.0,0.0,0.0,0.01098901098901099,0.008547008547008548
PET117,RPE1_within_vs_K562_to_RPE1,exploratory_target_context_comparison,0.1780747473239898,-0.1479942798614502,0.1313495948025933,-0.1497812649548453,0.0699240267276763,0.0692441835999488,0.1470013856887817,-0.0976066589355468,0.05,0.4,0.12,0.36,0.18,0.33,0.42,0.604,0.0,0.0,0.0,0.0,0.0035587188612099642,0.022222222222222223,0.0,0.0,0.0,0.0,0.00684931506849315,0.16666666666666666
PMPCA,RPE1_within_vs_K562_to_RPE1,exploratory_target_context_comparison,0.652048647403717,-0.0058165462687611,0.4941642803544311,-0.0514948882037955,0.1251106113195419,0.1779236197471618,0.6419615745544434,-0.0723552703857421,0.0,0.25,0.06,0.34,0.04,0.39,0.056,0.664,0.0,0.0,0.0,0.0,0.011494252873563218,0.003663003663003663,0.0,0.0,0.0,0.0,0.017241379310344827,0.017241379310344827
POLR1E,RPE1_within_vs_K562_to_RPE1,exploratory_target_context_comparison,0.664212703704834,-0.1901161670684814,0.5144008722450718,-0.1518638206011317,0.1368226259946823,0.1877101510763168,0.6607347130775452,-0.2178593873977661,0.05,0.35,0.06,0.36,0.07,0.39,0.024,0.784,0.0,0.0,0.0,0.0,0.043478260869565216,0.001388888888888889,0.0,0.0,0.0,0.0,0.05263157894736842,0.007042253521126761
POLR2F,RPE1_within_vs_K562_to_RPE1,exploratory_target_context_comparison,0.6752275228500366,0.009462796151638,0.5478115739764629,0.020987157817501,0.1079351082444191,0.1310232281684875,0.6742399334907532,0.0062274932861328,0.0,0.45,0.02,0.4,0.04,0.42,0.048,0.552,0.0,0.0,0.0,0.0,0.007874015748031496,0.010638297872340425,0.0,0.0,0.0,0.0,0.012345679012345678,0.037037037037037035
POLR2I,RPE1_within_vs_K562_to_RPE1,exploratory_target_context_comparison,0.830136775970459,-0.0192044991999864,0.7317399771911609,-0.005708626308345,0.105765052139759,0.2238922268152237,0.8243095874786377,-0.0862634181976318,0.0,0.3,0.02,0.34,0.01,0.44,0.0,0.692,0.0,0.0,0.0,0.0,0.14285714285714285,0.001567398119122257,0.0,0.0,0.0,0.0,0.14285714285714285,0.007518796992481203
POLR3C,RPE1_within_vs_K562_to_RPE1,exploratory_target_context_comparison,0.5925473570823669,-0.0311452150344848,0.4481169496154328,-0.0454090794698122,0.1083131060004234,0.1240836679935455,0.5988244414329529,-0.066948652267456,0.0,0.5,0.0,0.3,0.02,0.39,0.136,0.556,0.0,0.0,0.0,0.0,0.00641025641025641,0.008130081300813009,0.0,0.0,0.0,0.0,0.01,0.03571428571428571
PPIH,RPE1_within_vs_K562_to_RPE1,exploratory_target_context_comparison,0.3590307533740997,0.0361745357513427,0.2846587611120141,0.0422871534865308,0.1016381680965423,0.0982665419578552,0.3596994876861572,0.0301210880279541,0.15,0.6,0.18,0.5,0.17,0.49,0.224,0.44,0.0,0.0,0.0,0.0,0.004310344827586207,0.0034965034965034965,0.0,0.0,0.0,0.0,0.007751937984496124,0.017543859649122806
PPP1R11,RPE1_within_vs_K562_to_RPE1,exploratory_target_context_comparison,0.4001594483852386,-0.0835837423801422,0.2901270922520467,-0.0982386745446201,0.1450082212686538,0.1655549854040146,0.392350971698761,-0.1317353248596191,0.05,0.25,0.12,0.32,0.11,0.38,0.148,0.6,0.0,0.0,0.0,0.0,0.0125,0.001607717041800643,0.0,0.0,0.0,0.0,0.02127659574468085,0.007874015748031496
PRELID1,RPE1_within_vs_K562_to_RPE1,exploratory_target_context_comparison,0.3733452558517456,0.021384933963418,0.2624123299524932,0.0150311299943274,0.1894166618585586,0.2075375169515609,0.3552470207214355,-0.0176472663879394,0.05,0.3,0.2,0.34,0.21,0.37,0.204,0.548,0.0,0.0,0.0,0.0,0.05263157894736842,0.0044444444444444444,0.0,0.0,0.0,0.0,0.06666666666666667,0.02040816326530612
PRELID3B,RPE1_within_vs_K562_to_RPE1,exploratory_target_context_comparison,0.646774411201477,0.0596867389976978,0.4678743821822043,0.0589182112861424,0.0909803435206413,0.1418578624725341,0.6374655961990356,-0.0010584592819213,0.0,0.45,0.02,0.5,0.03,0.44,0.04,0.596,1.0,0.0,1.0,0.0,1.0,0.006944444444444444,1.0,0.0,1.0,0.0,1.0,0.030303030303030304
PRMT5,RPE1_within_vs_K562_to_RPE1,exploratory_target_context_comparison,0.5689162611961365,-0.1144982278347015,0.4099879437828767,-0.0581306368080157,0.0618967860937118,0.0646377280354499,0.5664653182029724,-0.1416342258453369,0.1,0.3,0.1,0.28,0.07,0.36,0.064,0.692,0.0,0.0,0.0,0.0,0.005747126436781609,0.002638522427440633,0.0,0.0,0.0,0.0,0.009174311926605505,0.012345679012345678
PRPF19,RPE1_within_vs_K562_to_RPE1,exploratory_target_context_comparison,0.7813161611557007,-0.0345523431897163,0.6686655206186687,-0.040592883594638,0.1128383204340934,0.1986563354730606,0.7831093668937683,-0.0636789798736572,0.0,0.3,0.0,0.32,0.01,0.44,0.02,0.64,0.0,0.0,0.0,0.0,0.021739130434782608,0.0051813471502590676,0.0,0.0,0.0,0.0,0.03125,0.023809523809523808
PRPF3,RPE1_within_vs_K562_to_RPE1,exploratory_target_context_comparison,0.8123281598091125,0.0321861691772937,0.7130200484419144,0.0478792857563205,0.12222720682621,0.2300963401794433,0.8041788935661316,-0.046483039855957,0.0,0.55,0.02,0.5,0.01,0.52,0.024,0.628,0.0,0.0,0.0,0.0,0.023255813953488372,0.0016501650165016502,0.0,0.0,0.0,0.0,0.034482758620689655,0.007874015748031496
PRRC2A,RPE1_within_vs_K562_to_RPE1,exploratory_target_context_comparison,0.004672581795603,0.0388931818306446,0.0116573537148537,0.025424058443403,0.0592412091791629,0.0565356500446796,0.002947986125946,0.004481554031372,0.1,0.3,0.2,0.36,0.27,0.41,0.48,0.432,0.0,0.0,0.0,0.0,0.003472222222222222,0.004672897196261682,0.0,0.0,0.0,0.0,0.00684931506849315,0.020833333333333332
PUF60,RPE1_within_vs_K562_to_RPE1,exploratory_target_context_comparison,0.5135248899459839,0.0450701192021369,0.3670092248563689,0.022577026599081,0.1888342052698135,0.2226509600877761,0.5135834217071533,0.0084801912307739,0.0,0.5,0.04,0.38,0.07,0.44,0.148,0.488,0.0,0.0,0.0,0.0,0.00625,0.0037593984962406013,0.0,0.0,0.0,0.0,0.01020408163265306,0.018518518518518517
RBM25,RPE1_within_vs_K562_to_RPE1,exploratory_target_context_comparison,0.2113069891929626,0.0410386845469474,0.1290768440430737,0.0545324493826067,0.2014702409505844,0.2261587381362915,0.2125322222709655,-0.0066123008728027,0.1,0.5,0.1,0.38,0.19,0.41,0.252,0.536,0.0,0.0,0.0,0.0,0.029411764705882353,0.002457002457002457,0.0,0.0,0.0,0.0,0.03571428571428571,0.010869565217391304
RBM4,RPE1_within_vs_K562_to_RPE1,exploratory_target_context_comparison,0.3087602853775024,0.0308583714067935,0.2330291825963527,0.0274633618045118,0.0904129147529602,0.0907226875424385,0.3108025789260864,0.00789076089859,0.15,0.35,0.14,0.38,0.21,0.39,0.22,0.464,0.0,0.0,0.0,0.0,0.004201680672268907,0.0040650406504065045,0.0,0.0,0.0,0.0,0.007575757575757576,0.017857142857142856
RBM42,RPE1_within_vs_K562_to_RPE1,exploratory_target_context_comparison,0.6329656839370728,0.0552903711795806,0.4840241863005841,0.0591419373750969,0.1595625132322311,0.1994116902351379,0.5951808094978333,0.0120959877967834,0.1,0.3,0.06,0.3,0.06,0.35,0.04,0.492,0.0,0.0,0.0,0.0,0.01020408163265306,0.0015337423312883436,0.0,0.0,0.0,0.0,0.015873015873015872,0.007246376811594203
RBX1,RPE1_within_vs_K562_to_RPE1,exploratory_target_context_comparison,0.0823316723108291,0.0302102267742156,0.0464772654144369,0.0046355485855331,0.1843031942844391,0.1857594549655914,0.0730232596397399,0.0126752257347106,0.3,0.3,0.2,0.36,0.27,0.41,0.512,0.464,0.0,0.0,0.0,0.0,0.023255813953488372,0.015625,0.0,0.0,0.0,0.0,0.037037037037037035,0.05263157894736842
RCL1,RPE1_within_vs_K562_to_RPE1,exploratory_target_context_comparison,0.7062736749649048,0.0977443009614944,0.5682233406489335,0.087207603158583,0.1325284540653228,0.1905341297388076,0.7074322700500488,0.0693945288658142,0.05,0.4,0.04,0.4,0.05,0.5,0.048,0.444,0.0,0.0,0.0,0.0,0.0196078431372549,0.01639344262295082,0.0,0.0,0.0,0.0,0.02702702702702703,0.05555555555555555
RINT1,RPE1_within_vs_K562_to_RPE1,exploratory_target_context_comparison,0.6319109201431274,0.0177187677472829,0.5007742956870089,-0.0055348641416602,0.120497278869152,0.1531697511672973,0.6346040964126587,-0.0022690296173095,0.0,0.35,0.04,0.4,0.04,0.4,0.108,0.448,0.0,0.0,0.0,0.0,0.005988023952095809,0.017857142857142856,0.0,0.0,0.0,0.0,0.009523809523809525,0.1
RNASEH2C,RPE1_within_vs_K562_to_RPE1,exploratory_target_context_comparison,0.3863849639892578,-0.0411953181028366,0.3158311009608239,-0.0563027547882178,0.0796498879790306,0.0720406770706176,0.3934217691421509,-0.0744941234588623,0.05,0.25,0.18,0.36,0.13,0.35,0.216,0.58,0.0,0.0,0.0,0.0,0.004048582995951417,0.006756756756756757,0.0,0.0,0.0,0.0,0.007407407407407408,0.03571428571428571
RNGTT,RPE1_within_vs_K562_to_RPE1,exploratory_target_context_comparison,0.437521755695343,0.0014911694452166,0.3410525853221033,-0.0081862230636453,0.1110550016164779,0.12809719145298,0.4408982992172241,-0.0344505310058593,0.1,0.3,0.1,0.3,0.14,0.45,0.136,0.576,0.0,0.0,0.0,0.0,0.007042253521126761,0.0018248175182481751,0.0,0.0,0.0,0.0,0.01098901098901099,0.009009009009009009
RPA1,RPE1_within_vs_K562_to_RPE1,exploratory_target_context_comparison,0.8129557371139526,0.1377838850021362,0.680884142915707,0.1379376389801265,0.0984299108386039,0.171389490365982,0.81085205078125,0.101588487625122,0.0,0.25,0.02,0.4,0.01,0.45,0.012,0.364,0.0,0.0,1.0,0.0,0.2,0.004273504273504274,0.0,0.0,1.0,0.0,0.2,0.01639344262295082
RPL12,RPE1_within_vs_K562_to_RPE1,exploratory_target_context_comparison,0.8511507511138916,0.0518316850066185,0.7578481804579271,0.0386462452427773,0.1166765540838241,0.234423279762268,0.8485613465309143,-0.0081664323806762,0.0,0.35,0.02,0.4,0.02,0.41,0.0,0.536,1.0,0.0,1.0,0.0,1.0,0.002932551319648094,1.0,0.0,1.0,0.0,1.0,0.013513513513513514
RPL17,RPE1_within_vs_K562_to_RPE1,exploratory_target_context_comparison,0.819197416305542,0.0227750856429338,0.7198211885688475,0.0330133626965345,0.1350129097700119,0.2615874409675598,0.8214626908302307,-0.0202940702438354,0.0,0.35,0.02,0.46,0.02,0.48,0.012,0.588,0.0,0.0,0.0,0.0,0.07692307692307693,0.004329004329004329,0.0,0.0,0.0,0.0,0.09090909090909091,0.018867924528301886
RPL26,RPE1_within_vs_K562_to_RPE1,exploratory_target_context_comparison,0.7144495248794556,0.0538888201117515,0.6215060254340734,0.0553259253210204,0.15662781894207,0.236969769001007,0.7123565673828125,0.0093385577201843,0.05,0.3,0.06,0.44,0.06,0.47,0.04,0.508,0.0,0.0,0.0,0.0,0.05555555555555555,0.005988023952095809,0.0,0.0,0.0,0.0,0.0625,0.023255813953488372
RPL35,RPE1_within_vs_K562_to_RPE1,exploratory_target_context_comparison,0.8117591142654419,0.0350239761173725,0.7163016430520657,0.0383167829726713,0.133498877286911,0.2472270727157592,0.8136603832244873,-0.002670407295227,0.05,0.4,0.04,0.38,0.03,0.39,0.008,0.544,0.0,0.0,0.0,0.0,0.07692307692307693,0.005263157894736842,0.0,0.0,0.0,0.0,0.1,0.022222222222222223
RPL35A,RPE1_within_vs_K562_to_RPE1,exploratory_target_context_comparison,0.8423062562942505,0.0138195697218179,0.748046602337864,0.0018290241852926,0.1234730556607246,0.2416500300168991,0.8403105139732361,-0.0257008075714111,0.05,0.4,0.04,0.38,0.02,0.46,0.008,0.608,0.0,0.0,1.0,0.0,0.3333333333333333,0.005376344086021506,0.0,0.0,1.0,0.0,0.3333333333333333,0.022222222222222223
RPL5,RPE1_within_vs_K562_to_RPE1,exploratory_target_context_comparison,0.7058717608451843,0.0505007766187191,0.5446197330778602,0.0474249181232731,0.1510686874389648,0.2232121974229812,0.7012727856636047,0.0485012531280517,0.0,0.45,0.0,0.42,0.02,0.45,0.064,0.516,0.0,0.0,0.0,0.0,0.007874015748031496,0.04,0.0,0.0,0.0,1.0,0.012195121951219513,0.2
RPL9,RPE1_within_vs_K562_to_RPE1,exploratory_target_context_comparison,0.7671027183532715,0.0070441304706037,0.6437749358629973,0.0010272639291152,0.1343641877174377,0.2268135696649551,0.7656765580177307,-0.0256565809249877,0.0,0.35,0.06,0.38,0.05,0.46,0.016,0.588,0.0,0.0,0.0,0.0,0.07142857142857142,0.005780346820809248,0.0,0.0,0.0,0.0,0.07692307692307693,0.025
RPLP0,RPE1_within_vs_K562_to_RPE1,exploratory_target_context_comparison,0.8427221775054932,0.0170053131878376,0.7412442421955595,0.0183739389749575,0.1103419661521911,0.2254992872476577,0.843206524848938,-0.0134246349334716,0.0,0.35,0.02,0.38,0.03,0.38,0.008,0.58,0.0,0.0,0.0,0.0,0.1111111111111111,0.0070921985815602835,0.0,0.0,0.0,0.0,0.125,0.030303030303030304
RPLP2,RPE1_within_vs_K562_to_RPE1,exploratory_target_context_comparison,0.6776684522628784,0.0367128401994705,0.529295870176538,0.0357177226944233,0.1225582957267761,0.1397690176963806,0.6816180348396301,-0.0060197114944458,0.0,0.35,0.02,0.46,0.02,0.48,0.064,0.58,0.0,0.0,0.0,0.0,0.007518796992481203,0.0055248618784530384,0.0,0.0,0.0,0.0,0.011904761904761904,0.022727272727272728
RPS27A,RPE1_within_vs_K562_to_RPE1,exploratory_target_context_comparison,0.7474697232246399,-0.0008290305268019,0.6244508633130214,-0.0084559087222363,0.1521026045083999,0.2368152439594268,0.7460366487503052,-0.002256155014038,0.0,0.4,0.06,0.4,0.06,0.39,0.036,0.532,0.0,0.0,0.0,0.0,0.022727272727272728,0.012345679012345678,0.0,0.0,0.0,0.0,0.03125,0.05263157894736842
RPS3,RPE1_within_vs_K562_to_RPE1,exploratory_target_context_comparison,0.7384262084960938,0.0560564622282981,0.5991464756442385,0.0691232591809303,0.1386318355798721,0.2243277132511139,0.738415539264679,0.0499983429908752,0.0,0.25,0.0,0.34,0.01,0.42,0.028,0.424,0.0,0.0,0.0,0.0,0.019230769230769232,0.023255813953488372,0.0,0.0,0.0,0.0,0.029411764705882353,0.07692307692307693
SAMM50,RPE1_within_vs_K562_to_RPE1,exploratory_target_context_comparison,0.288862943649292,0.0149403680115938,0.2133534223683778,8.485661139833756e-05,0.1550448536872863,0.1783207356929779,0.3141183257102966,-0.0513646602630615,0.0,0.3,0.06,0.34,0.15,0.42,0.288,0.62,0.0,0.0,0.0,0.0,0.03125,0.002079002079002079,0.0,0.0,0.0,0.0,0.047619047619047616,0.009708737864077669
SF3A2,RPE1_within_vs_K562_to_RPE1,exploratory_target_context_comparison,0.8001874685287476,-0.0683651268482208,0.6803065362049161,-0.0698946072631392,0.1228460222482681,0.1250012814998626,0.8010176420211792,-0.0888644456863403,0.0,0.4,0.02,0.42,0.03,0.44,0.016,0.724,0.0,0.0,0.0,0.0,0.01818181818181818,0.004545454545454545,0.0,0.0,0.0,0.0,0.027777777777777776,0.021739130434782608
SF3B3,RPE1_within_vs_K562_to_RPE1,exploratory_target_context_comparison,0.7707502245903015,0.041584987193346,0.6653908002636014,0.0624470817618832,0.140341505408287,0.2367242127656936,0.7704530954360962,-0.0238460302352905,0.05,0.35,0.02,0.32,0.02,0.41,0.008,0.604,0.0,0.0,0.0,0.0,0.030303030303030304,0.0018148820326678765,0.0,0.0,0.0,0.0,0.038461538461538464,0.008620689655172414
SFPQ,RPE1_within_vs_K562_to_RPE1,exploratory_target_context_comparison,0.5931161642074585,-0.0277513638138771,0.4436412067056482,-0.0005471976699273,0.1843074709177017,0.2332766652107238,0.5780333280563354,-0.1242051124572753,0.1,0.4,0.1,0.5,0.09,0.46,0.104,0.644,0.0,0.0,0.0,0.0,0.006369426751592357,0.001644736842105263,0.0,0.0,0.0,0.0,0.009900990099009901,0.008
SKA3,RPE1_within_vs_K562_to_RPE1,exploratory_target_context_comparison,0.5453544855117798,-0.2507207095623016,0.4320526610044757,-0.1970109805186239,0.0925382301211357,0.1223793253302574,0.5433468222618103,-0.2746942043304443,0.05,0.3,0.08,0.3,0.08,0.33,0.088,0.784,0.0,0.0,0.0,0.0,0.007692307692307693,0.001440922190201729,0.0,0.0,0.0,0.0,0.011904761904761904,0.0072992700729927005
SLBP,RPE1_within_vs_K562_to_RPE1,exploratory_target_context_comparison,0.5704942941665649,0.0110739385709166,0.4404555346687923,0.0283378301108734,0.1285158544778823,0.1595833599567413,0.5760319232940674,0.0042651891708374,0.05,0.45,0.04,0.36,0.06,0.36,0.084,0.512,0.0,0.0,0.0,0.0,0.011363636363636364,0.006993006993006993,0.0,0.0,0.0,0.0,0.01694915254237288,0.03125
SMC1A,RPE1_within_vs_K562_to_RPE1,exploratory_target_context_comparison,0.6112799644470215,0.0179529301822185,0.4895439446377577,0.022106372949316,0.1494809836149215,0.217949241399765,0.6198986172676086,-0.0770775079727172,0.0,0.35,0.02,0.36,0.01,0.38,0.128,0.636,0.0,0.0,0.0,0.0,0.008771929824561403,0.001466275659824047,0.0,0.0,0.0,0.0,0.012987012987012988,0.0070921985815602835
SMC4,RPE1_within_vs_K562_to_RPE1,exploratory_target_context_comparison,0.7485319375991821,-0.0837221667170524,0.6021710993957483,-0.0635926622877064,0.1165861114859581,0.1863379776477813,0.7506572008132935,-0.128519058227539,0.05,0.45,0.08,0.48,0.07,0.42,0.016,0.724,0.0,0.0,0.0,0.0,0.037037037037037035,0.001652892561983471,0.0,0.0,0.0,0.0,0.05,0.007874015748031496
SMU1,RPE1_within_vs_K562_to_RPE1,exploratory_target_context_comparison,0.6155866384506226,-0.0301855113357305,0.4951428504415974,-0.0414717558528608,0.2176294922828674,0.2906500101089477,0.6147693395614624,-0.0926284790039062,0.0,0.35,0.0,0.36,0.03,0.43,0.096,0.668,0.0,0.0,0.0,0.0,0.0196078431372549,0.0031645569620253164,0.0,0.0,0.0,0.0,0.02857142857142857,0.014705882352941176
SNAPC1,RPE1_within_vs_K562_to_RPE1,exploratory_target_context_comparison,0.6915598511695862,0.0343451835215091,0.5507840655485815,0.0372865114612502,0.1105427220463752,0.1548392623662948,0.6958578824996948,-0.0074670314788818,0.0,0.4,0.02,0.36,0.02,0.4,0.012,0.464,0.0,0.0,0.0,0.0,0.00980392156862745,0.002421307506053269,0.0,0.0,0.0,0.0,0.014925373134328358,0.010869565217391304
SNAPC3,RPE1_within_vs_K562_to_RPE1,exploratory_target_context_comparison,0.7264630794525146,-0.0197352785617113,0.5758861854674474,-0.0114521816906369,0.1029001027345657,0.1495192348957061,0.7202786207199097,-0.0482491254806518,0.0,0.4,0.04,0.3,0.04,0.38,0.024,0.612,0.0,0.0,0.0,0.0,0.037037037037037035,0.002824858757062147,0.0,0.0,0.0,0.0,0.05,0.013888888888888888
SNRNP48,RPE1_within_vs_K562_to_RPE1,exploratory_target_context_comparison,0.4413017630577087,0.121453121304512,0.339182840199454,0.1061235565271301,0.1822282373905182,0.2004279047250747,0.426497220993042,0.0873678922653198,0.15,0.3,0.12,0.36,0.18,0.41,0.152,0.352,0.0,0.0,0.0,0.0,0.0196078431372549,0.00423728813559322,0.0,0.0,0.0,0.0,0.027777777777777776,0.017241379310344827
SNRPE,RPE1_within_vs_K562_to_RPE1,exploratory_target_context_comparison,0.7688312530517578,0.0354054532945156,0.6342880553379682,0.0637772836901526,0.1547330170869827,0.2702030837535858,0.7576349377632141,-0.0505646467208862,0.0,0.25,0.02,0.32,0.04,0.37,0.024,0.628,0.0,0.0,0.0,0.0,0.013513513513513514,0.0014367816091954023,0.0,0.0,0.0,0.0,0.02,0.006993006993006993
SRRM1,RPE1_within_vs_K562_to_RPE1,exploratory_target_context_comparison,0.5861468315124512,0.0489073246717453,0.5113700307550741,0.0471781281293896,0.133452758193016,0.1297288388013839,0.5890776515007019,-0.0209664106369018,0.0,0.35,0.06,0.34,0.09,0.4,0.088,0.524,0.0,0.0,0.0,0.0,0.005405405405405406,0.001652892561983471,0.0,0.0,0.0,0.0,0.009009009009009009,0.007936507936507936
SRRT,RPE1_within_vs_K562_to_RPE1,exploratory_target_context_comparison,0.4468094706535339,0.0127917751669883,0.3955327196933087,0.0356674023741201,0.1430457681417465,0.1706918627023697,0.4480327367782593,-0.0147813558578491,0.0,0.45,0.04,0.4,0.05,0.44,0.196,0.552,0.0,0.0,0.0,0.0,0.004366812227074236,0.0033783783783783786,0.0,0.0,0.0,0.0,0.007751937984496124,0.015873015873015872
SYF2,RPE1_within_vs_K562_to_RPE1,exploratory_target_context_comparison,0.5670323371887207,-0.0718993693590164,0.4491153625086144,-0.0643702160483535,0.0948123335838317,0.119018331170082,0.5679513216018677,-0.0833154916763305,0.0,0.35,0.02,0.4,0.04,0.41,0.112,0.632,0.0,0.0,0.0,0.0,0.006622516556291391,0.005747126436781609,0.0,0.0,0.0,0.0,0.010309278350515464,0.02631578947368421
SYMPK,RPE1_within_vs_K562_to_RPE1,exploratory_target_context_comparison,0.6578738689422607,0.0379872396588325,0.5283282051618081,0.0428502040670365,0.152738556265831,0.2091991305351257,0.6553003191947937,-0.0239388942718505,0.0,0.3,0.02,0.42,0.04,0.46,0.104,0.564,0.0,0.0,0.0,0.0,0.007936507936507936,0.001519756838905775,0.0,0.0,0.0,0.0,0.012345679012345678,0.007407407407407408
THG1L,RPE1_within_vs_K562_to_RPE1,exploratory_target_context_comparison,0.3758538365364074,-0.0254336073994636,0.2874278675018095,-0.0387153062544705,0.1213321909308433,0.1382227838039398,0.3756818771362304,-0.0863568782806396,0.0,0.35,0.0,0.44,0.03,0.47,0.232,0.616,0.0,0.0,0.0,0.0,0.004048582995951417,0.0025575447570332483,0.0,0.0,0.0,0.0,0.007575757575757576,0.011494252873563218
TIMM9,RPE1_within_vs_K562_to_RPE1,exploratory_target_context_comparison,0.7178400158882141,0.0469997376203537,0.5402273222270237,0.02248376187589,0.1059412732720375,0.1543809920549392,0.7223860025405884,0.0304686427116394,0.05,0.45,0.02,0.4,0.04,0.47,0.02,0.48,0.0,0.0,0.0,0.0,0.023809523809523808,0.0033112582781456954,0.0,0.0,0.0,0.0,0.034482758620689655,0.01694915254237288
TOMM22,RPE1_within_vs_K562_to_RPE1,exploratory_target_context_comparison,0.3696944415569305,0.0552647151052951,0.2533433777938956,0.0137319745659381,0.1095901504158973,0.1234268769621849,0.3519220352172851,0.0265206098556518,0.05,0.45,0.14,0.48,0.15,0.45,0.244,0.452,0.0,0.0,0.0,0.0,0.007194244604316547,0.05,0.0,0.0,0.0,1.0,0.01098901098901099,0.5
TREX2,RPE1_within_vs_K562_to_RPE1,exploratory_target_context_comparison,0.7601264119148254,0.1149384081363678,0.6821443218305157,0.1078631130742906,0.0761932656168937,0.1208566203713417,0.7618891000747681,0.0676437616348266,0.1,0.45,0.12,0.36,0.07,0.37,0.016,0.424,0.0,0.0,0.0,0.0,0.020833333333333332,0.0047169811320754715,0.0,0.0,0.0,0.0,0.02857142857142857,0.02
TSR1,RPE1_within_vs_K562_to_RPE1,exploratory_target_context_comparison,0.7545360922813416,-0.0308206006884574,0.632109048786703,-0.0201191493497316,0.0777991712093353,0.0953996777534484,0.7543221712112427,-0.0473332405090332,0.05,0.35,0.06,0.42,0.05,0.38,0.048,0.604,0.0,0.0,0.0,0.0,0.013888888888888888,0.005076142131979695,0.0,0.0,0.0,0.0,0.02040816326530612,0.02631578947368421
TUT1,RPE1_within_vs_K562_to_RPE1,exploratory_target_context_comparison,0.6087958812713623,-0.0609639324247837,0.4618129332146844,-0.047861859787623,0.0601505674421787,0.0555095449090004,0.6182885766029358,-0.0772801637649536,0.05,0.25,0.08,0.36,0.06,0.39,0.056,0.624,0.0,0.0,0.0,0.0,0.006060606060606061,0.0018484288354898336,0.0,0.0,0.0,0.0,0.00980392156862745,0.008928571428571428
UBA1,RPE1_within_vs_K562_to_RPE1,exploratory_target_context_comparison,0.2306225001811981,-0.0174541324377059,0.1901563096153798,-0.0115337734384581,0.0870561599731445,0.1036415621638298,0.2236048579216003,0.02375328540802,0.2,0.3,0.18,0.28,0.23,0.39,0.312,0.456,0.0,0.0,0.0,0.0,0.003968253968253968,0.025,0.0,0.0,0.0,1.0,0.0072992700729927005,0.2
UPF2,RPE1_within_vs_K562_to_RPE1,exploratory_target_context_comparison,0.2541914880275726,-0.0083047477528452,0.2043452322427136,-0.030738540127017,0.1414951533079147,0.1429809331893921,0.21347177028656,0.0753217339515686,0.15,0.25,0.14,0.36,0.14,0.39,0.352,0.388,0.0,0.0,0.0,0.0,0.003676470588235294,0.14285714285714285,0.0,1.0,0.0,1.0,0.006896551724137931,1.0
USP5,RPE1_within_vs_K562_to_RPE1,exploratory_target_context_comparison,0.6714363098144531,-0.1725223362445831,0.5379930154846324,-0.1388505029306822,0.0681044906377792,0.0978652089834213,0.6719245314598083,-0.1760520935058593,0.1,0.35,0.06,0.44,0.06,0.44,0.04,0.756,0.0,0.0,0.0,0.0,0.008620689655172414,0.0017211703958691911,0.0,0.0,0.0,0.0,0.013513513513513514,0.00847457627118644
UTP18,RPE1_within_vs_K562_to_RPE1,exploratory_target_context_comparison,0.7702682018280029,0.0493416562676429,0.6154298109679628,0.0338566170358898,0.1182670891284942,0.1871828287839889,0.7689341902732849,-0.0199183225631713,0.0,0.45,0.02,0.46,0.03,0.48,0.028,0.52,0.0,0.0,0.0,0.0,0.02,0.0023148148148148147,0.0,0.0,0.0,0.0,0.02857142857142857,0.012048192771084338
UXT,RPE1_within_vs_K562_to_RPE1,exploratory_target_context_comparison,0.4578588604927063,-0.0164800994098186,0.3805204303430822,0.0015342043335154,0.1114817410707473,0.1311594098806381,0.4651399850845337,-0.0550892353057861,0.0,0.45,0.06,0.42,0.06,0.43,0.184,0.548,0.0,0.0,0.0,0.0,0.004878048780487805,0.0014285714285714286,0.0,0.0,0.0,0.0,0.008333333333333333,0.007042253521126761
VPS35,RPE1_within_vs_K562_to_RPE1,exploratory_target_context_comparison,0.5603458881378174,0.2498808205127716,0.423982901823316,0.1844879229608,0.1065052226185798,0.1231439709663391,0.5632451772689819,0.220844030380249,0.0,0.05,0.06,0.28,0.08,0.35,0.052,0.232,0.0,0.0,0.0,0.0,0.02,0.024390243902439025,0.0,0.0,0.0,0.0,0.030303030303030304,0.1
VPS54,RPE1_within_vs_K562_to_RPE1,exploratory_target_context_comparison,0.5852062106132507,-0.0423407591879367,0.463429477386546,-0.0231643561596861,0.0505397208034992,0.0658766031265258,0.5845786929130554,-0.0512317419052124,0.1,0.3,0.12,0.48,0.09,0.45,0.068,0.556,0.0,0.0,0.0,0.0,0.006211180124223602,0.008264462809917356,0.0,0.0,0.0,0.0,0.009708737864077669,0.041666666666666664
VPS72,RPE1_within_vs_K562_to_RPE1,exploratory_target_context_comparison,0.2182849794626236,0.0981850251555442,0.1683856126875895,0.0761958804754926,0.0990502461791038,0.1007398217916488,0.2313454151153564,0.0751423239707946,0.25,0.35,0.16,0.3,0.18,0.35,0.232,0.432,0.0,0.0,0.0,0.0,0.004132231404958678,0.001455604075691412,0.0,0.0,0.0,0.0,0.007518796992481203,0.006896551724137931
WAC,RPE1_within_vs_K562_to_RPE1,exploratory_target_context_comparison,0.3199774622917175,0.0720056965947151,0.264013926432557,0.0745560351422413,0.1060966551303863,0.0975287035107612,0.3238660097122192,0.0548318624496459,0.1,0.35,0.16,0.34,0.14,0.4,0.328,0.4,0.0,0.0,0.0,0.0,0.003861003861003861,0.0020161290322580645,0.0,0.0,0.0,0.0,0.007142857142857143,0.009259259259259259
WBP11,RPE1_within_vs_K562_to_RPE1,exploratory_target_context_comparison,0.5678198337554932,-0.005903644952923,0.4145554359880654,0.0037552356542995,0.075806938111782,0.112511396408081,0.5684654116630554,-0.0877896547317504,0.0,0.35,0.02,0.46,0.05,0.43,0.072,0.708,0.0,0.0,0.0,0.0,0.008403361344537815,0.0016722408026755853,0.0,0.0,0.0,0.0,0.012987012987012988,0.008130081300813009
WDR12,RPE1_within_vs_K562_to_RPE1,exploratory_target_context_comparison,0.791370153427124,-0.0277854800224304,0.6573702913505886,-0.0320113313132215,0.1328040361404419,0.2264106571674347,0.7949272990226746,-0.0898612737655639,0.0,0.35,0.0,0.38,0.01,0.39,0.016,0.648,0.0,0.0,0.0,0.0,0.1111111111111111,0.002178649237472767,0.0,0.0,0.0,0.0,0.125,0.010101010101010102
YTHDC1,RPE1_within_vs_K562_to_RPE1,exploratory_target_context_comparison,0.5616016387939453,0.0473211593925952,0.4374810656912425,0.0501620818464832,0.121873527765274,0.1516798138618469,0.5623943209648132,0.0388312339782714,0.0,0.35,0.0,0.5,0.03,0.45,0.116,0.4,0.0,0.0,0.0,0.0,0.005714285714285714,0.02,0.0,0.0,0.0,0.0,0.009174311926605505,0.06666666666666667
ZFC3H1,RPE1_within_vs_K562_to_RPE1,exploratory_target_context_comparison,0.2951719760894775,-0.2021613717079162,0.3071611039664441,-0.1872823446752937,0.1064605265855789,0.1158079653978347,0.2999091148376465,-0.2137322425842285,0.0,0.25,0.04,0.28,0.11,0.29,0.204,0.716,0.0,0.0,0.0,0.0,0.00390625,0.00684931506849315,0.0,0.0,0.0,0.0,0.0072992700729927005,0.03225806451612903
ABCE1,K562_within_vs_RPE1_to_K562,exploratory_target_context_comparison,0.3201071619987488,0.0014938076492398,0.2138433233377328,0.0058623343147747,0.1011010259389877,0.1955833882093429,0.3536211848258972,-0.0270739793777465,0.0,0.2,0.02,0.4,0.12,0.45,0.224,0.48,0.0,0.0,0.0,0.0,0.07142857142857142,0.0014749262536873156,0.0,0.0,0.0,0.0,0.07692307692307693,0.007142857142857143
ACTR6,K562_within_vs_RPE1_to_K562,exploratory_target_context_comparison,-0.0425720326602458,-0.0012615527957677,-0.0257081187581757,0.0183956190402662,0.0749377310276031,0.0695573687553405,-0.0579950809478759,0.0061355829238891,0.15,0.5,0.26,0.56,0.31,0.54,0.544,0.492,0.0,0.0,0.0,0.0,0.004651162790697674,0.003194888178913738,0.0,0.0,0.0,0.0,0.006666666666666667,0.016129032258064516
ACTR8,K562_within_vs_RPE1_to_K562,exploratory_target_context_comparison,0.1330751180648803,-0.0317771397531032,0.1112710564721832,-0.0216236671705035,0.0641773045063018,0.0676727890968322,0.1293308138847351,-0.0317887067794799,0.2,0.35,0.26,0.34,0.25,0.39,0.384,0.52,0.0,0.0,0.0,0.0,0.005681818181818182,0.002506265664160401,0.0,0.0,0.0,0.0,0.007936507936507936,0.013513513513513514
ALG13,K562_within_vs_RPE1_to_K562,exploratory_target_context_comparison,0.0988547950983047,-0.0008209855295717,0.1039173047351862,0.0170517599144796,0.0537354126572608,0.0900748670101165,0.0898613333702087,0.0067523717880249,0.1,0.35,0.2,0.5,0.28,0.47,0.424,0.56,0.0,0.0,0.0,0.0,0.0051813471502590676,0.0028089887640449437,0.0,0.0,0.0,0.0,0.007575757575757576,0.015151515151515152
ARCN1,K562_within_vs_RPE1_to_K562,exploratory_target_context_comparison,0.5866018533706665,-0.0084366416558623,0.4188616273866758,-0.0105266853018253,0.0612612031400203,0.1807612031698227,0.5268389582633972,0.0012086629867553,0.0,0.4,0.0,0.56,0.04,0.57,0.08,0.504,0.0,0.0,0.0,0.0,0.1111111111111111,0.0024390243902439024,0.0,0.0,0.0,0.0,0.1111111111111111,0.0125
ATP6AP1,K562_within_vs_RPE1_to_K562,exploratory_target_context_comparison,0.1278226375579834,0.0386102199554443,0.0766684884999397,0.0289232125050934,0.0791401714086532,0.0683324411511421,0.1319437623023986,0.0344573259353637,0.35,0.5,0.24,0.5,0.3,0.53,0.396,0.42,0.0,0.0,0.0,0.0,0.006944444444444444,0.0031446540880503146,0.0,0.0,0.0,0.0,0.010526315789473684,0.013888888888888888
ATP6V1A,K562_within_vs_RPE1_to_K562,exploratory_target_context_comparison,0.0418156534433364,0.0200646985322237,0.0399723793118545,0.020036253921931,0.0853782072663307,0.0746141895651817,0.0583229064941406,0.0169163942337036,0.25,0.35,0.22,0.44,0.24,0.45,0.444,0.476,0.0,0.0,0.0,0.0,0.00558659217877095,0.037037037037037035,0.0,0.0,0.0,0.0,0.007936507936507936,0.14285714285714285
BRIX1,K562_within_vs_RPE1_to_K562,exploratory_target_context_comparison,0.404216468334198,0.0098273195326328,0.279621451824858,0.0073914595276583,0.0783125534653663,0.2182811349630355,0.4066122770309448,0.0036818981170654,0.15,0.55,0.14,0.6,0.14,0.55,0.16,0.424,0.0,0.0,0.0,0.0,0.02564102564102564,0.002631578947368421,0.0,0.0,0.0,0.0,0.043478260869565216,0.014492753623188406
CCNH,K562_within_vs_RPE1_to_K562,exploratory_target_context_comparison,0.147979199886322,-0.0087624285370111,0.1015815224594507,0.0055887828319537,0.0834161713719368,0.1416107565164566,0.1490120887756347,-0.0164119005203247,0.35,0.5,0.24,0.44,0.28,0.51,0.34,0.512,0.0,0.0,0.0,0.0,0.009615384615384616,0.002178649237472767,0.0,0.0,0.0,0.0,0.012345679012345678,0.010752688172043012
CCNK,K562_within_vs_RPE1_to_K562,exploratory_target_context_comparison,0.1055672392249107,0.0498731881380081,0.0673977007807606,0.0328797693815581,0.0516409650444984,0.0475743114948272,0.1001198291778564,0.0496740341186523,0.25,0.2,0.32,0.22,0.33,0.34,0.408,0.452,0.0,0.0,0.0,0.0,0.00546448087431694,0.027777777777777776,0.0,0.0,0.0,0.0,0.007751937984496124,0.125
CCT3,K562_within_vs_RPE1_to_K562,exploratory_target_context_comparison,0.3357331752777099,-0.0008009183220565,0.24643813975144,-0.0061722963430399,0.0807270929217338,0.2206858694553375,0.3088699579238891,0.0066406726837158,0.2,0.45,0.16,0.5,0.17,0.45,0.232,0.484,0.0,0.0,0.0,0.0,0.011235955056179775,0.0036101083032490976,0.0,0.0,0.0,0.0,0.013888888888888888,0.02040816326530612
CCT7,K562_within_vs_RPE1_to_K562,exploratory_target_context_comparison,0.2738344669342041,-0.0145411994308233,0.1940621146517995,-0.0140044111045125,0.0966183021664619,0.2285844981670379,0.2523311376571655,-0.0085679292678833,0.15,0.45,0.14,0.52,0.2,0.46,0.264,0.528,0.0,0.0,0.0,0.0,0.012658227848101266,0.002004008016032064,0.0,0.0,0.0,0.0,0.015151515151515152,0.00980392156862745
CDC73,K562_within_vs_RPE1_to_K562,exploratory_target_context_comparison,0.3913329541683197,-0.0001408560201525,0.3027439437257577,0.0051719065108762,0.133725106716156,0.2115434259176254,0.2706974744796753,0.0277007818222045,0.0,0.35,0.04,0.46,0.14,0.44,0.224,0.484,0.0,0.0,0.0,0.0,0.009900990099009901,0.025,0.0,0.0,0.0,0.0,0.012345679012345678,0.14285714285714285
CENPJ,K562_within_vs_RPE1_to_K562,exploratory_target_context_comparison,0.31801438331604,0.0150874694809317,0.1966423456445715,-0.0017583805664196,0.0689325109124183,0.2221900820732116,0.334948182106018,-0.0037633180618286,0.1,0.5,0.1,0.54,0.17,0.48,0.24,0.496,0.0,0.0,0.0,0.0,0.018518518518518517,0.002976190476190476,0.0,0.0,0.0,0.0,0.021739130434782608,0.015625
CHMP3,K562_within_vs_RPE1_to_K562,exploratory_target_context_comparison,0.3656600713729858,-0.0220125988125801,0.2829713435084363,-0.0235210956774083,0.1631128340959549,0.2604706287384033,0.3684265613555908,-0.027886152267456,0.0,0.5,0.06,0.56,0.14,0.49,0.16,0.524,0.0,0.0,0.0,0.0,0.09090909090909091,0.0014903129657228018,0.0,0.0,0.0,0.0,0.09090909090909091,0.007194244604316547
CIAPIN1,K562_within_vs_RPE1_to_K562,exploratory_target_context_comparison,0.2390718758106231,-0.0074730990454554,0.1844025483030816,-0.0071552075985517,0.0638415068387985,0.1968538165092468,0.2616739273071289,-0.0178859233856201,0.15,0.45,0.14,0.38,0.24,0.43,0.264,0.492,0.0,0.0,0.0,0.0,0.02857142857142857,0.001610305958132045,0.0,0.0,0.0,0.0,0.03571428571428571,0.007633587786259542
CKAP5,K562_within_vs_RPE1_to_K562,exploratory_target_context_comparison,0.331280767917633,-0.0565333925187587,0.2496424038316876,-0.022998678105603,0.0555799975991249,0.0670658946037292,0.288409411907196,-0.0311837196350097,0.15,0.6,0.08,0.46,0.1,0.44,0.192,0.556,0.0,0.0,0.0,0.0,0.017857142857142856,0.0019455252918287938,0.0,0.0,0.0,0.0,0.020833333333333332,0.00980392156862745
CNIH4,K562_within_vs_RPE1_to_K562,exploratory_target_context_comparison,0.1317584812641143,0.0003312621265649,0.0995175118550888,0.0003203181728434,0.082650788128376,0.0743777155876159,0.1362881064414978,0.0033624172210693,0.3,0.3,0.26,0.3,0.28,0.41,0.324,0.512,0.0,0.0,0.0,0.0,0.007407407407407408,0.0020833333333333333,0.0,0.0,0.0,0.0,0.009900990099009901,0.009708737864077669
CPSF1,K562_within_vs_RPE1_to_K562,exploratory_target_context_comparison,0.1074594631791114,-0.0057586096227169,0.0972452190281426,-0.0058373644254945,0.1011599376797676,0.1949322372674942,0.1194251179695129,0.0063626766204833,0.25,0.55,0.22,0.58,0.27,0.5,0.372,0.548,0.0,0.0,0.0,0.0,0.008130081300813009,0.0078125,0.0,0.0,0.0,0.0,0.010526315789473684,0.05555555555555555
CXXC1,K562_within_vs_RPE1_to_K562,exploratory_target_context_comparison,0.1450302749872207,-0.0114007797092199,0.1207252908828064,-0.0067117273727912,0.0844268649816513,0.0917282178997993,0.1559851169586181,-0.0177496671676635,0.2,0.35,0.18,0.38,0.25,0.43,0.392,0.512,0.0,0.0,0.0,0.0,0.008547008547008548,0.0015105740181268882,0.0,0.0,0.0,0.0,0.01098901098901099,0.0072992700729927005
DBR1,K562_within_vs_RPE1_to_K562,exploratory_target_context_comparison,0.0492766126990318,0.0135067254304885,0.0521909248101421,0.0189314008235278,0.0897601693868637,0.0990459024906158,0.011528730392456,0.0450491309165954,0.15,0.45,0.2,0.52,0.26,0.49,0.432,0.432,0.0,0.0,0.0,0.0,0.004739336492890996,0.00390625,0.0,0.0,0.0,0.0,0.006711409395973154,0.018867924528301886
DDB1,K562_within_vs_RPE1_to_K562,exploratory_target_context_comparison,0.2236971855163574,0.0862390026450157,0.1394541691469012,0.0674582736151879,0.0692973732948303,0.0684898123145103,0.2338674068450927,0.0817276239395141,0.05,0.4,0.18,0.48,0.27,0.46,0.296,0.42,0.0,0.0,0.0,0.0,0.02127659574468085,0.005076142131979695,0.0,0.0,0.0,0.0,0.02564102564102564,0.022727272727272728
DDX46,K562_within_vs_RPE1_to_K562,exploratory_target_context_comparison,0.2483978569507599,-0.0046226819977164,0.1672818525913184,-0.0066166380248243,0.0835348889231681,0.1725037693977356,0.2452034950256347,-0.0040963888168334,0.05,0.35,0.08,0.48,0.15,0.48,0.3,0.492,0.0,0.0,0.0,0.0,0.012658227848101266,0.0026041666666666665,0.0,0.0,0.0,0.0,0.015384615384615385,0.013333333333333334
DDX47,K562_within_vs_RPE1_to_K562,exploratory_target_context_comparison,0.4363723397254944,0.0120397536084055,0.2761952278836951,-0.0115759587670383,0.0955926030874252,0.2134117782115936,0.5056124329566956,-0.0241891145706176,0.0,0.55,0.08,0.54,0.12,0.54,0.132,0.468,0.0,0.0,0.0,0.0,0.058823529411764705,0.001607717041800643,0.0,0.0,0.0,0.0,0.07692307692307693,0.008
DHX33,K562_within_vs_RPE1_to_K562,exploratory_target_context_comparison,0.2230013608932495,-0.009541867300868,0.1455840079868543,0.0009658422627264,0.0670431703329086,0.1672809869050979,0.2249438762664795,-0.0137816667556762,0.3,0.55,0.32,0.5,0.26,0.47,0.328,0.532,0.0,0.0,0.0,0.0,0.007936507936507936,0.002304147465437788,0.0,0.0,0.0,0.0,0.01020408163265306,0.012195121951219513
DICER1,K562_within_vs_RPE1_to_K562,exploratory_target_context_comparison,0.1262517422437667,-0.0030962522141635,0.0943542333145498,0.0019269462051703,0.0569984465837478,0.112554632127285,0.1385112404823303,-0.0082453489303588,0.2,0.55,0.2,0.48,0.25,0.51,0.372,0.488,0.0,0.0,0.0,0.0,0.006024096385542169,0.0015723270440251573,0.0,0.0,0.0,0.0,0.008620689655172414,0.007518796992481203
DYNC1H1,K562_within_vs_RPE1_to_K562,exploratory_target_context_comparison,0.4709141552448272,-0.052746906876564,0.3004433478777872,-0.0248692964057561,0.0493869557976722,0.0681931674480438,0.4699366092681885,-0.0481609106063842,0.05,0.5,0.04,0.52,0.09,0.55,0.096,0.588,0.0,0.0,1.0,0.0,0.3333333333333333,0.002079002079002079,0.0,0.0,1.0,0.0,0.3333333333333333,0.011363636363636364
DYNLL1,K562_within_vs_RPE1_to_K562,exploratory_target_context_comparison,0.102123737335205,0.0233957171440124,0.0689195275887811,0.0152188083207523,0.0890207141637802,0.1329267024993896,0.0901387929916381,0.0293563604354858,0.15,0.45,0.2,0.52,0.2,0.5,0.38,0.484,0.0,0.0,0.0,0.0,0.006097560975609756,0.00980392156862745,0.0,0.0,0.0,0.0,0.008547008547008548,0.058823529411764705
EEF1G,K562_within_vs_RPE1_to_K562,exploratory_target_context_comparison,0.1926194727420807,-0.0158926267176866,0.1354914274614125,-0.0052884067877901,0.0656710416078567,0.0759752318263053,0.1918202638626098,-0.0092710256576538,0.3,0.5,0.18,0.38,0.17,0.43,0.368,0.508,0.0,0.0,0.0,0.0,0.008849557522123894,0.0026954177897574125,0.0,0.0,0.0,0.0,0.011235955056179775,0.012048192771084338
EIF2S2,K562_within_vs_RPE1_to_K562,exploratory_target_context_comparison,0.1261384487152099,-0.0032446314580738,0.102527344010015,-0.0021844103913764,0.100057415664196,0.2165426164865493,0.1448248028755188,-0.0125671625137329,0.35,0.45,0.26,0.56,0.22,0.51,0.392,0.504,0.0,0.0,0.0,0.0,0.02,0.0019342359767891683,0.0,0.0,0.0,0.0,0.02564102564102564,0.00980392156862745
EIF3E,K562_within_vs_RPE1_to_K562,exploratory_target_context_comparison,0.3314526677131653,0.0048337657935917,0.2544259637351448,-0.0084189278887571,0.1047595217823982,0.1853293031454086,0.2781637907028198,0.0131526589393615,0.1,0.5,0.12,0.5,0.16,0.51,0.252,0.572,0.0,0.0,0.0,0.0,0.012195121951219513,0.007462686567164179,0.0,0.0,0.0,0.0,0.0196078431372549,0.05555555555555555
EIF3I,K562_within_vs_RPE1_to_K562,exploratory_target_context_comparison,0.2994312047958374,0.0237529333680868,0.195907427100297,-0.0088250358412132,0.1115522906184196,0.1914245784282684,0.3123865127563476,0.0089417695999145,0.0,0.4,0.06,0.5,0.15,0.49,0.252,0.504,0.0,0.0,0.0,0.0,0.02702702702702703,0.004739336492890996,0.0,0.0,0.0,0.0,0.045454545454545456,0.02631578947368421
ERCC2,K562_within_vs_RPE1_to_K562,exploratory_target_context_comparison,0.1400256752967834,-0.0130908098071813,0.1077925451488758,0.0125617752230739,0.0703101456165313,0.1283739358186721,0.141325831413269,-0.0181324481964111,0.25,0.55,0.26,0.56,0.25,0.51,0.352,0.512,0.0,0.0,0.0,0.0,0.007142857142857143,0.0014903129657228018,0.0,0.0,0.0,0.0,0.009345794392523364,0.007352941176470588
EXOSC8,K562_within_vs_RPE1_to_K562,exploratory_target_context_comparison,0.2692462503910064,0.0115808621048927,0.21183265325581,0.0220949102128569,0.1141365841031074,0.1755619198083877,0.2767800092697143,0.0047242641448974,0.0,0.4,0.08,0.48,0.1,0.49,0.22,0.468,0.0,0.0,0.0,0.0,0.013888888888888888,0.0030581039755351682,0.0,0.0,0.0,0.0,0.022727272727272728,0.016666666666666666
FAM136A,K562_within_vs_RPE1_to_K562,exploratory_target_context_comparison,0.2173809558153152,0.0557889491319656,0.1660945999437702,0.0250409160428386,0.1431635022163391,0.144268050789833,0.2202579975128173,0.0516663789749145,0.35,0.2,0.26,0.34,0.29,0.29,0.296,0.416,0.0,0.0,0.0,0.0,0.05,0.0026455026455026454,0.0,0.0,0.0,0.0,0.05555555555555555,0.0136986301369863
FAM32A,K562_within_vs_RPE1_to_K562,exploratory_target_context_comparison,0.1429468393325805,-0.0141837336122989,0.1013295831596152,-0.0132525682101027,0.0962816327810287,0.2296084463596344,0.0932210087776184,-0.0042651891708374,0.15,0.5,0.18,0.5,0.18,0.5,0.412,0.54,0.0,0.0,0.0,0.0,0.00625,0.0027100271002710027,0.0,0.0,0.0,0.0,0.00909090909090909,0.013513513513513514
GINS2,K562_within_vs_RPE1_to_K562,exploratory_target_context_comparison,0.2895706295967102,0.0032273463439196,0.1715699779915052,0.0078437253859372,0.0806058421730995,0.1963995099067688,0.3265780210494995,-0.015794038772583,0.0,0.35,0.12,0.46,0.13,0.43,0.28,0.484,0.0,0.0,0.0,0.0,0.03333333333333333,0.0017889087656529517,0.0,0.0,0.0,0.0,0.038461538461538464,0.008695652173913044
GINS4,K562_within_vs_RPE1_to_K562,exploratory_target_context_comparison,0.1185711473226547,0.0051857437938451,0.062204157307152,-0.0078681239311026,0.096289575099945,0.1832854449748993,0.1334904432296753,-0.0156010389328002,0.3,0.3,0.3,0.38,0.32,0.5,0.388,0.496,0.0,0.0,0.0,0.0,0.018518518518518517,0.0016611295681063123,0.0,0.0,0.0,0.0,0.022222222222222223,0.007874015748031496
GPS1,K562_within_vs_RPE1_to_K562,exploratory_target_context_comparison,0.2217500805854797,-0.0248682275414466,0.1856836348807146,-0.0134372205221338,0.0538404285907745,0.2015040665864944,0.1862455010414123,-0.0130795240402221,0.05,0.5,0.14,0.5,0.16,0.44,0.288,0.508,0.0,0.0,0.0,0.0,0.006622516556291391,0.0017825311942959,0.0,0.0,0.0,0.0,0.009523809523809525,0.008771929824561403
GRB2,K562_within_vs_RPE1_to_K562,exploratory_target_context_comparison,0.1383256465196609,-0.042055957019329,0.1022273281530931,-0.0373721722175776,0.0839208662509918,0.0739104151725769,0.1336092948913574,-0.0405645370483398,0.35,0.35,0.32,0.4,0.33,0.4,0.368,0.576,0.0,0.0,0.0,0.0,0.007407407407407408,0.0014388489208633094,0.0,0.0,0.0,0.0,0.010869565217391304,0.007042253521126761
GTF3C3,K562_within_vs_RPE1_to_K562,exploratory_target_context_comparison,0.111249953508377,0.0107868034392595,0.0674839627825977,0.0215794522556959,0.0585265159606933,0.1970705986022949,0.0950214266777038,0.0199410915374755,0.2,0.35,0.26,0.42,0.3,0.47,0.448,0.484,0.0,0.0,0.0,0.0,0.00558659217877095,0.011764705882352941,0.0,0.0,0.0,0.0,0.008130081300813009,0.07142857142857142
HARS,K562_within_vs_RPE1_to_K562,exploratory_target_context_comparison,0.4416577517986297,0.001936933491379,0.3227063364272333,-0.0084077219525106,0.1180178076028823,0.1804166436195373,0.3921633958816528,0.0145457983016967,0.0,0.55,0.06,0.52,0.14,0.45,0.108,0.524,0.0,0.0,0.0,0.0,0.0625,0.008547008547008548,0.0,0.0,0.0,0.0,0.0625,0.05
HNRNPC,K562_within_vs_RPE1_to_K562,exploratory_target_context_comparison,0.3918481469154358,-0.0187980588525533,0.301928202797128,-0.0180120497764819,0.0983828380703926,0.1931656599044799,0.3760019540786743,-0.0184369087219238,0.05,0.35,0.04,0.54,0.1,0.52,0.18,0.532,0.0,0.0,0.0,0.0,0.015873015873015872,0.0015772870662460567,0.0,0.0,0.0,0.0,0.018867924528301886,0.008
HSCB,K562_within_vs_RPE1_to_K562,exploratory_target_context_comparison,0.126837357878685,-0.0026922114193439,0.0800863436533758,0.0006062560082938,0.0668164417147636,0.1622610539197921,0.1276200413703918,-0.0042166709899902,0.1,0.4,0.16,0.38,0.17,0.44,0.32,0.484,0.0,0.0,0.0,0.0,0.006622516556291391,0.002066115702479339,0.0,0.0,0.0,0.0,0.009345794392523364,0.010101010101010102
HUWE1,K562_within_vs_RPE1_to_K562,exploratory_target_context_comparison,0.1628256738185882,-0.0090027060359716,0.1231636726385468,-0.0104940933965193,0.0777627825736999,0.1613791584968567,0.1580320000648498,0.0011109709739685,0.2,0.4,0.26,0.46,0.25,0.45,0.344,0.54,0.0,0.0,0.0,0.0,0.008849557522123894,0.0025252525252525255,0.0,0.0,0.0,0.0,0.011235955056179775,0.012987012987012988
ICE1,K562_within_vs_RPE1_to_K562,exploratory_target_context_comparison,0.2798475623130798,0.005646975710988,0.1891249957775388,0.0045160378927499,0.0743482038378715,0.1912957280874252,0.2196123003959655,0.0238246321678161,0.1,0.35,0.12,0.44,0.12,0.45,0.264,0.548,0.0,0.0,0.0,0.0,0.008333333333333333,0.03571428571428571,0.0,0.0,0.0,1.0,0.01098901098901099,0.2
INTS5,K562_within_vs_RPE1_to_K562,exploratory_target_context_comparison,0.375340461730957,0.0067104585468769,0.2761634191745367,0.0100675593789439,0.1387597769498825,0.189733549952507,0.3845645189285278,-0.0020327568054199,0.1,0.6,0.12,0.52,0.12,0.48,0.152,0.484,0.0,0.0,0.0,0.0,0.01694915254237288,0.0023148148148148147,0.0,0.0,0.0,0.0,0.02,0.011235955056179775
JAZF1,K562_within_vs_RPE1_to_K562,exploratory_target_context_comparison,0.2348922193050384,0.0211138017475605,0.1923334519425701,0.0098919079328633,0.0482022501528263,0.0439298339188098,0.2099239826202392,0.0201855301856994,0.1,0.45,0.14,0.42,0.16,0.42,0.312,0.472,0.0,0.0,0.0,0.0,0.007246376811594203,0.02857142857142857,0.0,0.0,0.0,0.0,0.010309278350515464,0.08333333333333333
KPNB1,K562_within_vs_RPE1_to_K562,exploratory_target_context_comparison,0.3906503319740295,-0.0126061243936419,0.2739255915621721,-0.0332874058434962,0.0991331860423088,0.2061228901147842,0.3993867039680481,-0.0219562053680419,0.05,0.45,0.08,0.44,0.1,0.46,0.168,0.524,0.0,0.0,0.0,0.0,0.02857142857142857,0.0017241379310344827,0.0,0.0,0.0,0.0,0.03125,0.00847457627118644
LAS1L,K562_within_vs_RPE1_to_K562,exploratory_target_context_comparison,0.3474621474742889,0.030985839664936,0.2252216645824879,0.0277429468863837,0.0778827294707298,0.2177969217300415,0.3784202933311462,0.0174698233604431,0.1,0.35,0.14,0.48,0.19,0.52,0.212,0.424,0.0,0.0,0.0,0.0,0.021739130434782608,0.009708737864077669,0.0,0.0,0.0,0.0,0.038461538461538464,0.06666666666666667
MAGOH,K562_within_vs_RPE1_to_K562,exploratory_target_context_comparison,0.2672189474105835,0.0852613449096679,0.1887289816931592,0.0873723094009893,0.0791685953736305,0.0891138836741447,0.2783563733100891,0.068512737751007,0.05,0.4,0.06,0.5,0.14,0.5,0.28,0.364,0.0,0.0,0.0,0.0,0.010309278350515464,0.00684931506849315,0.0,0.0,0.0,0.0,0.014285714285714285,0.03225806451612903
MCM6,K562_within_vs_RPE1_to_K562,exploratory_target_context_comparison,0.1684918105602264,0.0277264192700386,0.10264099721703,0.0264744901482503,0.0691150650382042,0.1606297492980957,0.2053474187850952,0.0136201977729797,0.25,0.6,0.26,0.58,0.33,0.52,0.324,0.456,0.0,0.0,0.0,0.0,0.011764705882352941,0.004081632653061225,0.0,0.0,0.0,0.0,0.016129032258064516,0.02127659574468085
MCMBP,K562_within_vs_RPE1_to_K562,exploratory_target_context_comparison,0.1064036190509796,-0.0032809479162096,0.0775510078916239,0.000273734314969,0.0670090392231941,0.0705331042408943,0.1002840995788574,-0.0003736019134521,0.25,0.35,0.22,0.46,0.25,0.47,0.368,0.52,0.0,0.0,0.0,0.0,0.005494505494505495,0.0022727272727272726,0.0,0.0,0.0,0.0,0.007874015748031496,0.011111111111111112
MED12,K562_within_vs_RPE1_to_K562,exploratory_target_context_comparison,0.6489377021789551,0.0201974175870418,0.4835171405478943,0.0260418442902987,0.1227644458413124,0.1714461594820022,0.6279175877571106,0.0166869163513183,0.0,0.35,0.02,0.56,0.07,0.48,0.08,0.444,0.0,0.0,1.0,0.0,0.25,0.004739336492890996,0.0,0.0,1.0,0.0,0.25,0.022222222222222223
MIOS,K562_within_vs_RPE1_to_K562,exploratory_target_context_comparison,0.2067734897136688,-0.0126370741054415,0.1408453978839568,-0.0020652258109559,0.052540548145771,0.0537971705198287,0.1848512887954712,-0.0113776922225952,0.35,0.25,0.34,0.38,0.28,0.4,0.316,0.496,0.0,0.0,0.0,0.0,0.009259259259259259,0.003205128205128205,0.0,0.0,0.0,0.0,0.011764705882352941,0.016129032258064516
MRPL49,K562_within_vs_RPE1_to_K562,exploratory_target_context_comparison,0.0374006852507591,-0.0230859313160181,0.0189395293344902,0.0006610946664755,0.1094682812690734,0.0941569283604621,0.0548009872436523,-0.0275301933288574,0.25,0.3,0.18,0.36,0.19,0.37,0.368,0.512,0.0,0.0,0.0,0.0,0.005747126436781609,0.001519756838905775,0.0,0.0,0.0,0.0,0.007874015748031496,0.007352941176470588
MRPS34,K562_within_vs_RPE1_to_K562,exploratory_target_context_comparison,0.1477819979190826,0.0154247488826513,0.1087382691175307,0.0281618413205013,0.0781442821025848,0.094638280570507,0.1331565380096435,0.0195148587226867,0.2,0.45,0.2,0.42,0.28,0.4,0.308,0.476,0.0,0.0,0.0,0.0,0.0070921985815602835,0.009523809523809525,0.0,0.0,0.0,0.0,0.009433962264150943,0.05263157894736842
NAA15,K562_within_vs_RPE1_to_K562,exploratory_target_context_comparison,0.1824508905410766,-0.0195630881935358,0.130276693761321,-0.0097230249171543,0.0648561492562294,0.0984561443328857,0.1899880170822143,-0.0282597541809082,0.15,0.25,0.16,0.42,0.23,0.46,0.32,0.496,0.0,0.0,0.0,0.0,0.008547008547008548,0.0015923566878980893,0.0,0.0,0.0,0.0,0.011494252873563218,0.007936507936507936
NAA20,K562_within_vs_RPE1_to_K562,exploratory_target_context_comparison,0.1847650706768036,-0.038354430347681,0.1242674970205943,-0.0450670795510096,0.0581575967371463,0.0736366808414459,0.1857197880744934,-0.0396732091903686,0.15,0.45,0.24,0.5,0.26,0.48,0.336,0.592,0.0,0.0,0.0,0.0,0.006711409395973154,0.0015923566878980893,0.0,0.0,0.0,0.0,0.00909090909090909,0.008
NDC80,K562_within_vs_RPE1_to_K562,exploratory_target_context_comparison,0.5375991463661194,-0.0020698364824056,0.3609997055479722,-0.0046177880088223,0.0580115132033824,0.2220635861158371,0.5220420956611633,0.0019190311431884,0.0,0.4,0.02,0.54,0.06,0.46,0.052,0.484,0.0,0.0,1.0,0.0,0.5,0.003134796238244514,0.0,0.0,1.0,0.0,0.5,0.017543859649122806
NDUFB10,K562_within_vs_RPE1_to_K562,exploratory_target_context_comparison,0.043903462588787,0.0003807879984378,0.0195475827513107,-0.0008478321939743,0.0556040480732917,0.0518147237598896,0.0028749108314514,-0.0072084665298461,0.2,0.45,0.18,0.36,0.32,0.38,0.468,0.484,0.0,0.0,0.0,0.0,0.004830917874396135,0.00425531914893617,0.0,0.0,0.0,0.0,0.00684931506849315,0.021739130434782608
NEDD8,K562_within_vs_RPE1_to_K562,exploratory_target_context_comparison,0.1190273612737655,-0.0230277944356203,0.0967882510968217,-0.0057778091438057,0.0878982096910476,0.1799414008855819,0.1214869022369384,-0.0254408121109008,0.05,0.45,0.12,0.5,0.15,0.55,0.44,0.472,0.0,0.0,0.0,0.0,0.005555555555555556,0.0014144271570014145,0.0,0.0,0.0,0.0,0.007692307692307693,0.00684931506849315
NELFB,K562_within_vs_RPE1_to_K562,exploratory_target_context_comparison,0.2306412160396576,-0.000771396793425,0.1812574107033469,0.0154673705706948,0.0695017501711845,0.1314699500799179,0.2418324947357177,-0.0104349851608276,0.0,0.5,0.1,0.56,0.17,0.51,0.26,0.448,0.0,0.0,0.0,0.0,0.013888888888888888,0.001851851851851852,0.0,0.0,0.0,0.0,0.01694915254237288,0.00909090909090909
NELFCD,K562_within_vs_RPE1_to_K562,exploratory_target_context_comparison,0.0073873386718332,-0.018023919314146,0.0006989144919901,-0.0202204594973036,0.0636081099510192,0.1165942996740341,0.0517325401306152,-0.0310842990875244,0.25,0.4,0.28,0.42,0.31,0.48,0.456,0.532,0.0,0.0,0.0,0.0,0.005128205128205128,0.001402524544179523,0.0,0.0,0.0,0.0,0.007407407407407408,0.006711409395973154
NIFK,K562_within_vs_RPE1_to_K562,exploratory_target_context_comparison,0.4365770220756531,0.0054014986380934,0.31068726323386,-0.0077111950768179,0.0835797563195228,0.2294250726699829,0.4579693078994751,-0.0100506544113159,0.0,0.4,0.06,0.54,0.12,0.5,0.156,0.524,0.0,0.0,0.0,0.0,0.0625,0.0022222222222222222,0.0,0.0,0.0,0.0,0.09090909090909091,0.011764705882352941
NLE1,K562_within_vs_RPE1_to_K562,exploratory_target_context_comparison,0.5145665407180786,0.0234201401472091,0.3648191779862784,0.0088071095207071,0.0655139312148094,0.215018555521965,0.5279724597930908,0.0082511305809021,0.0,0.4,0.0,0.56,0.05,0.52,0.108,0.472,0.0,0.0,0.0,0.0,0.058823529411764705,0.0037174721189591076,0.0,0.0,0.0,0.0,0.07692307692307693,0.023809523809523808
NMD3,K562_within_vs_RPE1_to_K562,exploratory_target_context_comparison,0.2406457215547561,-0.0017433501780033,0.1842537858589956,-0.0099108903006734,0.0863236933946609,0.1824595481157302,0.2406007647514343,-0.0041011571884155,0.25,0.4,0.24,0.52,0.29,0.48,0.3,0.504,0.0,0.0,0.0,0.0,0.018518518518518517,0.002109704641350211,0.0,0.0,0.0,0.0,0.02702702702702703,0.010752688172043012
NUP107,K562_within_vs_RPE1_to_K562,exploratory_target_context_comparison,0.3181426525115967,0.0091609172523021,0.2095716778109859,0.0009761961510712,0.0926123484969139,0.2173519134521484,0.3210482597351074,0.0048677921295166,0.05,0.35,0.12,0.44,0.13,0.46,0.244,0.48,0.0,0.0,0.0,0.0,0.07142857142857142,0.0036231884057971015,0.0,0.0,0.0,0.0,0.08333333333333333,0.0196078431372549
NUP98,K562_within_vs_RPE1_to_K562,exploratory_target_context_comparison,0.5641569495201111,0.0035331505350768,0.3955676288467051,-0.0109034034283978,0.0678476393222808,0.2105069607496261,0.5747420787811279,-0.0074912309646606,0.0,0.45,0.04,0.52,0.05,0.48,0.088,0.508,1.0,0.0,1.0,0.0,1.0,0.0024271844660194173,1.0,0.0,1.0,0.0,1.0,0.011904761904761904
OGT,K562_within_vs_RPE1_to_K562,exploratory_target_context_comparison,-0.0090261595323681,0.0004933588206768,-0.0276254079850163,0.003113865436704,0.1295505911111831,0.1651231795549392,-0.0004172325134277,-0.0093467235565185,0.35,0.3,0.26,0.44,0.34,0.43,0.492,0.484,0.0,0.0,0.0,0.0,0.0047169811320754715,0.0016474464579901153,0.0,0.0,0.0,0.0,0.006756756756756757,0.008130081300813009
PES1,K562_within_vs_RPE1_to_K562,exploratory_target_context_comparison,0.2057491540908813,0.0204453356564044,0.1520538916181556,0.0031655044627721,0.0972952470183372,0.1859554946422577,0.237132728099823,0.0040469765663146,0.2,0.45,0.18,0.48,0.24,0.49,0.328,0.476,0.0,0.0,0.0,0.0,0.025,0.007194244604316547,0.0,0.0,0.0,0.0,0.041666666666666664,0.05263157894736842
PET117,K562_within_vs_RPE1_to_K562,exploratory_target_context_comparison,-0.024359606206417,0.0458121672272682,-0.0340607107433331,0.0352565796216478,0.0682605877518653,0.0582036562263965,-0.0112791061401367,0.0434908866882324,0.45,0.35,0.32,0.4,0.36,0.37,0.496,0.46,0.0,0.0,0.0,0.0,0.004739336492890996,0.0136986301369863,0.0,0.0,0.0,0.0,0.006802721088435374,0.05263157894736842
PHB2,K562_within_vs_RPE1_to_K562,exploratory_target_context_comparison,0.6724581122398376,0.0195605363696813,0.5130751757193208,0.0114825194678519,0.1483594626188278,0.2475501447916031,0.6231396198272705,0.0241798758506774,0.0,0.45,0.0,0.5,0.03,0.46,0.04,0.476,0.0,0.0,1.0,0.0,0.25,0.008620689655172414,0.0,0.0,1.0,0.0,0.25,0.05
PMF1,K562_within_vs_RPE1_to_K562,exploratory_target_context_comparison,0.5003809332847595,-0.0127668920904397,0.3524312078337067,0.004521239220958,0.0460809543728828,0.1570911258459091,0.462614893913269,-0.0011165142059326,0.0,0.35,0.06,0.4,0.1,0.43,0.092,0.556,0.0,0.0,0.0,0.0,0.06666666666666667,0.003048780487804878,0.0,0.0,0.0,0.0,0.06666666666666667,0.017857142857142856
PMPCA,K562_within_vs_RPE1_to_K562,exploratory_target_context_comparison,0.3603180646896362,0.0383376404643058,0.2427613511781066,0.0270807697232307,0.0771586820483207,0.2029552906751632,0.3154915571212768,0.0509859323501586,0.0,0.25,0.1,0.44,0.13,0.4,0.188,0.412,0.0,0.0,0.0,0.0,0.015625,0.058823529411764705,0.0,0.0,0.0,1.0,0.018867924528301886,0.2
POLD1,K562_within_vs_RPE1_to_K562,exploratory_target_context_comparison,0.2953891158103943,-0.001224341103807,0.2254850056436351,-0.0100210674895642,0.0840528532862663,0.2009595334529876,0.3239206671714782,-0.0148333311080932,0.05,0.4,0.04,0.46,0.07,0.46,0.216,0.508,0.0,0.0,0.0,0.0,0.014705882352941176,0.001658374792703151,0.0,0.0,0.0,0.0,0.017241379310344827,0.007936507936507936
POLD3,K562_within_vs_RPE1_to_K562,exploratory_target_context_comparison,0.1376581937074661,0.016069259494543,0.0798343023152881,0.0077395004377657,0.0953359007835388,0.1865998804569244,0.1439036130905151,-0.0097129344940185,0.3,0.55,0.3,0.4,0.3,0.54,0.348,0.46,0.0,0.0,0.0,0.0,0.009523809523809525,0.002012072434607646,0.0,0.0,0.0,0.0,0.01282051282051282,0.009708737864077669
POLR2I,K562_within_vs_RPE1_to_K562,exploratory_target_context_comparison,0.5071816444396973,0.0060167945921421,0.3385413586616543,0.0138392545702344,0.1222751811146736,0.2464877367019653,0.4417060613632202,0.0155427455902099,0.0,0.3,0.08,0.4,0.14,0.43,0.112,0.504,0.0,0.0,0.0,0.0,0.05,0.0032258064516129032,0.0,0.0,0.0,0.0,0.05555555555555555,0.016666666666666666
POLRMT,K562_within_vs_RPE1_to_K562,exploratory_target_context_comparison,0.0698092952370643,0.0640256255865097,-0.0146706723478831,-0.0235275248942303,0.0883830562233924,0.089212842285633,0.0935673713684082,0.0565434098243713,0.25,0.45,0.2,0.54,0.21,0.44,0.552,0.572,0.0,0.0,0.0,1.0,0.0053475935828877,0.2,0.0,0.0,0.0,1.0,0.007575757575757576,0.3333333333333333
POP1,K562_within_vs_RPE1_to_K562,exploratory_target_context_comparison,0.054977498948574,0.0257995910942554,0.0122560521708303,0.0141218093172112,0.0869712680578231,0.2046721279621124,0.0858964323997497,-0.002671480178833,0.3,0.35,0.28,0.52,0.3,0.49,0.452,0.48,0.0,0.0,0.0,0.0,0.005847953216374269,0.0026246719160104987,0.0,0.0,0.0,0.0,0.0078125,0.013888888888888888
PPARGC1B,K562_within_vs_RPE1_to_K562,exploratory_target_context_comparison,0.0197345279157161,-0.0017620569560676,0.0034658109068819,-0.0105344904856324,0.05992017313838,0.0547197833657264,0.0313037037849426,-0.0084660053253173,0.45,0.5,0.3,0.46,0.31,0.48,0.508,0.492,0.0,0.0,0.0,0.0,0.004807692307692308,0.00398406374501992,0.0,0.0,0.0,0.0,0.00684931506849315,0.02
PPP1CA,K562_within_vs_RPE1_to_K562,exploratory_target_context_comparison,0.0700925067067146,-0.0176433622837066,0.0658949832933808,-4.649534586092972e-05,0.0762784853577613,0.0675682127475738,0.0317775607109069,-0.0168675184249877,0.2,0.45,0.26,0.5,0.3,0.46,0.444,0.532,0.0,0.0,0.0,0.0,0.0051813471502590676,0.006097560975609756,0.0,0.0,0.0,0.0,0.007246376811594203,0.030303030303030304
PPP4C,K562_within_vs_RPE1_to_K562,exploratory_target_context_comparison,0.1520739197731018,0.0166783668100833,0.1182382901563693,0.0289419171903712,0.0579792372882366,0.0612042136490345,0.1694503426551818,0.0087864995002746,0.3,0.35,0.26,0.46,0.26,0.47,0.344,0.496,0.0,0.0,0.0,0.0,0.011764705882352941,0.0026109660574412533,0.0,0.0,0.0,0.0,0.014705882352941176,0.01282051282051282
PRIM1,K562_within_vs_RPE1_to_K562,exploratory_target_context_comparison,0.3348895311355591,0.0001639523543417,0.2317541928764161,0.0044646984825879,0.0882091000676155,0.2237551212310791,0.3400318622589111,-0.006921648979187,0.0,0.5,0.02,0.56,0.04,0.49,0.18,0.48,0.0,0.0,0.0,0.0,0.025,0.002028397565922921,0.0,0.0,0.0,0.0,0.02857142857142857,0.010101010101010102
PRIM2,K562_within_vs_RPE1_to_K562,exploratory_target_context_comparison,0.2655254602432251,-0.004465252161026,0.1960925654738212,-0.0237408873496354,0.0960702002048492,0.2108415961265564,0.2827035188674927,-0.0164225101470947,0.0,0.5,0.12,0.58,0.22,0.52,0.288,0.476,0.0,0.0,0.0,0.0,0.029411764705882353,0.0017035775127768314,0.0,0.0,0.0,0.0,0.034482758620689655,0.008333333333333333
PRPF19,K562_within_vs_RPE1_to_K562,exploratory_target_context_comparison,0.2335022091865539,-0.0119916712865233,0.1477173461326938,-0.0103297636139342,0.0962020084261894,0.2056480050086975,0.2353289127349853,-0.014946699142456,0.25,0.3,0.24,0.5,0.2,0.52,0.272,0.536,0.0,0.0,0.0,0.0,0.020833333333333332,0.0020964360587002098,0.0,0.0,0.0,0.0,0.024390243902439025,0.010869565217391304
PRPF3,K562_within_vs_RPE1_to_K562,exploratory_target_context_comparison,0.5330048203468323,-0.0105425603687763,0.3708806143410268,-0.0199361042214441,0.1059066355228424,0.2519330680370331,0.5068976283073425,-0.0033841133117675,0.0,0.5,0.02,0.48,0.09,0.48,0.108,0.532,0.0,0.0,0.0,0.0,0.14285714285714285,0.002777777777777778,0.0,0.0,0.0,0.0,0.14285714285714285,0.014492753623188406
PRPF4,K562_within_vs_RPE1_to_K562,exploratory_target_context_comparison,0.278336763381958,-0.0128224371001124,0.1870021885495517,-0.0103194447172731,0.1159187704324722,0.2362330555915832,0.2638177871704101,-0.0018914937973022,0.1,0.35,0.16,0.44,0.16,0.46,0.296,0.588,0.0,0.0,0.0,0.0,0.02040816326530612,0.004219409282700422,0.0,0.0,0.0,0.0,0.023809523809523808,0.023255813953488372
PRPF8,K562_within_vs_RPE1_to_K562,exploratory_target_context_comparison,0.4471217691898346,-0.001228311099112,0.2946825410743741,-0.0007090998043639,0.0924501940608024,0.2326149940490722,0.4078076481819153,0.0148773789405822,0.0,0.55,0.14,0.44,0.12,0.42,0.152,0.54,0.0,0.0,0.0,0.0,0.030303030303030304,0.006535947712418301,0.0,0.0,0.0,0.0,0.03571428571428571,0.041666666666666664
PSMB2,K562_within_vs_RPE1_to_K562,exploratory_target_context_comparison,0.2767795920372009,-0.0122725330293178,0.1866084959763398,-0.0054789421712891,0.1065250486135482,0.2788262665271759,0.2593607902526855,-0.0091603994369506,0.2,0.55,0.22,0.66,0.23,0.55,0.248,0.576,0.0,0.0,0.0,0.0,0.01639344262295082,0.002061855670103093,0.0,0.0,0.0,0.0,0.02040816326530612,0.010309278350515464
PSMB5,K562_within_vs_RPE1_to_K562,exploratory_target_context_comparison,0.3650575280189514,-0.0040969084948301,0.2366706780221874,-0.0051828124953124,0.0917474254965782,0.2731254696846008,0.3698595762252807,-0.0109592676162719,0.05,0.6,0.08,0.54,0.13,0.47,0.22,0.476,0.0,0.0,0.0,0.0,0.025,0.002,0.0,0.0,0.0,0.0,0.029411764705882353,0.009615384615384616
PSMB6,K562_within_vs_RPE1_to_K562,exploratory_target_context_comparison,0.408074676990509,-0.0119970347732305,0.2900547043340333,-0.0084039448801577,0.1101171374320983,0.2861938178539276,0.387749433517456,-0.0106782913208007,0.0,0.6,0.02,0.5,0.08,0.48,0.204,0.492,0.0,0.0,0.0,0.0,0.02857142857142857,0.001976284584980237,0.0,0.0,0.0,0.0,0.03225806451612903,0.00980392156862745
PSMG3,K562_within_vs_RPE1_to_K562,exploratory_target_context_comparison,0.1306395828723907,-0.0142246317118406,0.0906711022413724,-0.0246960490370273,0.0392572693526744,0.0649600401520729,0.0887732505798339,0.0118132829666137,0.25,0.35,0.28,0.44,0.31,0.48,0.44,0.48,0.0,0.0,0.0,0.0,0.00546448087431694,0.0022988505747126436,0.0,0.0,0.0,0.0,0.0078125,0.011235955056179775
PTBP1,K562_within_vs_RPE1_to_K562,exploratory_target_context_comparison,0.2178952097892761,-0.0138125456869602,0.1525782911591316,0.0030826831473813,0.0769656896591186,0.1703562289476394,0.1770200729370117,-0.0014327764511108,0.2,0.2,0.16,0.36,0.22,0.38,0.328,0.524,0.0,0.0,0.0,0.0,0.00847457627118644,0.001736111111111111,0.0,0.0,0.0,0.0,0.010869565217391304,0.00847457627118644
RAD21,K562_within_vs_RPE1_to_K562,exploratory_target_context_comparison,0.3263691663742065,-0.0376164838671684,0.2384012666777723,-0.031709724933911,0.1046244651079177,0.1582595109939575,0.327513575553894,-0.0417678356170654,0.05,0.5,0.02,0.46,0.12,0.45,0.228,0.564,0.0,0.0,0.0,0.0,0.027777777777777776,0.001451378809869376,0.0,0.0,0.0,0.0,0.03333333333333333,0.007194244604316547
RBM42,K562_within_vs_RPE1_to_K562,exploratory_target_context_comparison,0.0770803689956665,0.0042449440807104,0.0548981054798768,-0.0043298239491929,0.0856962352991104,0.1895731836557388,0.0742206573486328,0.00624680519104,0.1,0.3,0.2,0.38,0.3,0.43,0.448,0.488,0.0,0.0,0.0,0.0,0.005952380952380952,0.004132231404958678,0.0,0.0,0.0,0.0,0.008130081300813009,0.024390243902439025
RCC1,K562_within_vs_RPE1_to_K562,exploratory_target_context_comparison,0.2498259544372558,-0.0184534788131713,0.1673488758019714,-0.019886219499926,0.0514108277857303,0.0976549983024597,0.2279528975486755,0.0122182369232177,0.1,0.3,0.1,0.36,0.19,0.46,0.272,0.504,0.0,0.0,0.0,0.0,0.010752688172043012,0.003676470588235294,0.0,0.0,0.0,0.0,0.013513513513513514,0.023809523809523808
RFC4,K562_within_vs_RPE1_to_K562,exploratory_target_context_comparison,0.1145748496055603,0.0174704976379871,0.0589067646282705,0.0092806851716728,0.0859531983733177,0.0760340988636016,0.1527736186981201,0.0222586989402771,0.35,0.45,0.34,0.44,0.36,0.34,0.368,0.46,0.0,0.0,0.0,0.0,0.009523809523809525,0.0016750418760469012,0.0,0.0,0.0,0.0,0.014492753623188406,0.007936507936507936
RIOK1,K562_within_vs_RPE1_to_K562,exploratory_target_context_comparison,0.5188324451446533,-0.0138850286602973,0.3576531993792953,-0.0328563502750425,0.0675800293684005,0.1102049425244331,0.5655030012130737,-0.0347106456756591,0.0,0.5,0.12,0.44,0.14,0.44,0.116,0.548,0.0,0.0,0.0,0.0,0.03571428571428571,0.0016313213703099511,0.0,0.0,0.0,0.0,0.0625,0.008130081300813009
RNF40,K562_within_vs_RPE1_to_K562,exploratory_target_context_comparison,0.2122001498937606,0.0058155991137027,0.1387204386114761,0.0014686040748146,0.0582908578217029,0.0680691823363304,0.205232560634613,0.0111740827560424,0.05,0.25,0.08,0.42,0.18,0.45,0.26,0.436,0.0,0.0,0.0,0.0,0.009615384615384616,0.002680965147453083,0.0,0.0,0.0,0.0,0.012048192771084338,0.014705882352941176
RPA1,K562_within_vs_RPE1_to_K562,exploratory_target_context_comparison,0.5297673344612122,-0.007184830494225,0.3525025495814821,-0.0197026559725791,0.0574085861444473,0.1757434457540512,0.4243857860565185,0.0151429176330566,0.1,0.55,0.06,0.52,0.06,0.49,0.1,0.524,0.0,0.0,0.0,0.0,0.02127659574468085,0.0053475935828877,0.0,0.0,0.0,0.0,0.025,0.034482758620689655
RPA3,K562_within_vs_RPE1_to_K562,exploratory_target_context_comparison,0.4398105144500732,-0.0096798781305551,0.337610533584832,-0.0222695859153179,0.075443647801876,0.1890581548213958,0.4245016574859619,0.0020282864570617,0.0,0.4,0.08,0.54,0.11,0.51,0.136,0.512,0.0,0.0,0.0,0.0,0.04,0.00390625,0.0,0.0,0.0,0.0,0.047619047619047616,0.024390243902439025
RPAP1,K562_within_vs_RPE1_to_K562,exploratory_target_context_comparison,0.2389573752880096,-0.0245036464184522,0.1550291845051673,-0.0115414501259349,0.0985892489552497,0.1960741579532623,0.2302968502044677,-0.0216226577758789,0.2,0.4,0.24,0.48,0.28,0.49,0.312,0.544,0.0,0.0,0.0,0.0,0.01818181818181818,0.0015923566878980893,0.0,0.0,0.0,0.0,0.021739130434782608,0.0078125
RPL12,K562_within_vs_RPE1_to_K562,exploratory_target_context_comparison,0.484771192073822,-0.0030184139031916,0.4349046237530602,-0.0153544871425479,0.123214803636074,0.2646991312503814,0.4771918654441833,-0.0111266374588012,0.0,0.4,0.08,0.44,0.09,0.45,0.18,0.484,0.0,0.0,0.0,0.0,0.022727272727272728,0.0021231422505307855,0.0,0.0,0.0,0.0,0.043478260869565216,0.01098901098901099
RPL18A,K562_within_vs_RPE1_to_K562,exploratory_target_context_comparison,0.6245030760765076,0.0198441836982965,0.4687950409278016,-0.0034311226014095,0.1187659204006195,0.2731114625930786,0.6554282903671265,-0.0060704946517944,0.05,0.5,0.14,0.56,0.12,0.56,0.032,0.476,0.0,0.0,0.0,0.0,0.037037037037037035,0.0024509803921568627,0.0,0.0,0.0,0.0,0.06666666666666667,0.0125
RPL23A,K562_within_vs_RPE1_to_K562,exploratory_target_context_comparison,0.7847702503204346,0.0182151347398757,0.6571578515343139,-0.00576804075886,0.094146728515625,0.2687533795833587,0.8137537240982056,-0.0159504413604736,0.05,0.55,0.06,0.56,0.05,0.57,0.004,0.468,0.0,0.0,1.0,0.0,0.3333333333333333,0.001652892561983471,0.0,0.0,1.0,0.0,0.5,0.008130081300813009
RPL30,K562_within_vs_RPE1_to_K562,exploratory_target_context_comparison,0.8466967344284058,0.0223053805530071,0.7595035099823684,0.0067063080762523,0.080486349761486,0.259882777929306,0.858144223690033,-0.011636734008789,0.0,0.55,0.04,0.5,0.04,0.53,0.0,0.456,1.0,0.0,1.0,0.0,1.0,0.0016750418760469012,1.0,0.0,1.0,0.0,1.0,0.00819672131147541
RPL35,K562_within_vs_RPE1_to_K562,exploratory_target_context_comparison,0.629460871219635,0.0089261680841445,0.4762850634308334,-0.0095471355341145,0.1110888421535492,0.2957799136638641,0.6626805663108826,-0.0203034877777099,0.0,0.5,0.04,0.5,0.04,0.46,0.04,0.476,0.0,0.0,0.0,0.0,0.043478260869565216,0.0016420361247947454,0.0,0.0,0.0,0.0,0.09090909090909091,0.008130081300813009
RPL5,K562_within_vs_RPE1_to_K562,exploratory_target_context_comparison,0.8005893230438232,0.0021100221201777,0.6866833169558131,-0.0191832102713284,0.0822913497686386,0.2419638782739639,0.8210282325744629,-0.0236194133758544,0.0,0.45,0.1,0.5,0.07,0.56,0.008,0.492,0.0,0.0,1.0,0.0,0.3333333333333333,0.001658374792703151,0.0,0.0,1.0,0.0,0.5,0.008130081300813009
RPS24,K562_within_vs_RPE1_to_K562,exploratory_target_context_comparison,0.7371121644973755,0.0115959150716662,0.5758691371082281,-0.003728738693239,0.0868225544691085,0.2357172966003418,0.7699241042137146,-0.0227816104888916,0.0,0.55,0.0,0.46,0.0,0.51,0.016,0.5,0.0,0.0,1.0,0.0,0.2,0.0016420361247947454,0.0,0.0,1.0,0.0,0.25,0.008064516129032258
RPS27A,K562_within_vs_RPE1_to_K562,exploratory_target_context_comparison,0.5578696131706238,0.020083624869585,0.3842894277235771,0.0001402588376137,0.1058717221021652,0.2202359139919281,0.6070547103881836,-0.017424464225769,0.0,0.55,0.04,0.56,0.07,0.52,0.068,0.492,0.0,0.0,0.0,0.0,0.06666666666666667,0.0016366612111292963,0.0,0.0,0.0,0.0,0.1111111111111111,0.008064516129032258
RPS29,K562_within_vs_RPE1_to_K562,exploratory_target_context_comparison,0.6710375547409058,0.0004371609538793,0.4902745570585155,-0.0137939306167503,0.0773444473743438,0.2314565926790237,0.7081242799758911,-0.0323883295059204,0.0,0.35,0.04,0.38,0.05,0.4,0.028,0.488,0.0,0.0,0.0,0.0,0.14285714285714285,0.001443001443001443,0.0,0.0,1.0,0.0,0.2,0.006993006993006993
SARS2,K562_within_vs_RPE1_to_K562,exploratory_target_context_comparison,0.1575966328382492,-0.0241272784769535,0.1225789510778675,0.0013467341819986,0.0536025017499923,0.0529154129326343,0.1395543813705444,-0.0123931169509887,0.35,0.2,0.36,0.4,0.29,0.43,0.308,0.564,0.0,0.0,0.0,0.0,0.0070921985815602835,0.0025974025974025974,0.0,0.0,0.0,0.0,0.008928571428571428,0.012658227848101266
SART1,K562_within_vs_RPE1_to_K562,exploratory_target_context_comparison,0.4016020894050598,0.0022607159335166,0.2795616098998832,-0.0076413165296526,0.0931642353534698,0.2281145006418228,0.3349455595016479,0.0231990218162536,0.05,0.4,0.04,0.42,0.09,0.39,0.176,0.544,0.0,0.0,0.0,0.0,0.029411764705882353,0.016666666666666666,0.0,0.0,0.0,0.0,0.030303030303030304,0.1111111111111111
SCFD1,K562_within_vs_RPE1_to_K562,exploratory_target_context_comparison,0.3921575844287872,-0.0039746426045894,0.2758386852415473,-0.0094678124589397,0.0648643895983696,0.1802812367677688,0.3874877691268921,-0.0036393404006958,0.0,0.45,0.08,0.52,0.11,0.53,0.152,0.484,0.0,0.0,0.0,0.0,0.02564102564102564,0.002380952380952381,0.0,0.0,0.0,0.0,0.02857142857142857,0.012048192771084338
SDHC,K562_within_vs_RPE1_to_K562,exploratory_target_context_comparison,0.0833348631858825,0.003597458358854,0.0618084069873031,0.0153484862306761,0.0721075907349586,0.1027237251400947,0.071802020072937,0.0083663463592529,0.25,0.4,0.26,0.44,0.31,0.45,0.424,0.5,0.0,0.0,0.0,0.0,0.005405405405405406,0.006802721088435374,0.0,0.0,0.0,0.0,0.007751937984496124,0.034482758620689655
SEH1L,K562_within_vs_RPE1_to_K562,exploratory_target_context_comparison,0.168363332748413,0.0073588360100984,0.1050001342825253,0.0224501197785436,0.0953512713313102,0.1756982505321502,0.11417156457901,0.0278300046920776,0.3,0.25,0.26,0.46,0.31,0.47,0.372,0.48,0.0,0.0,0.0,0.0,0.0064516129032258064,0.011363636363636364,0.0,0.0,0.0,0.0,0.008849557522123894,0.06666666666666667
SERBP1,K562_within_vs_RPE1_to_K562,exploratory_target_context_comparison,0.0137093681842088,0.0006969282403588,0.0144010359374239,-0.0032282887533639,0.0798689946532249,0.0596711598336696,0.0171854496002197,0.0024480819702148,0.25,0.4,0.26,0.38,0.25,0.41,0.448,0.46,0.0,0.0,0.0,0.0,0.004878048780487805,0.001589825119236884,0.0,0.0,0.0,0.0,0.006896551724137931,0.007462686567164179
SF3A2,K562_within_vs_RPE1_to_K562,exploratory_target_context_comparison,0.5204974412918091,-0.0015450441278517,0.3859392762906212,-0.0063683993430416,0.0802161544561386,0.1811709851026535,0.5271754264831543,-0.0130952596664428,0.0,0.4,0.0,0.56,0.06,0.55,0.088,0.528,0.0,0.0,0.0,0.0,0.05,0.001937984496124031,0.0,0.0,0.0,0.0,0.05555555555555555,0.009708737864077669
SFPQ,K562_within_vs_RPE1_to_K562,exploratory_target_context_comparison,0.383409172296524,0.0181920528411865,0.2593396418100339,0.0099601336466443,0.1668770760297775,0.2561777234077453,0.326899766921997,0.0476080775260925,0.1,0.35,0.08,0.48,0.07,0.43,0.168,0.524,0.0,0.0,0.0,1.0,0.019230769230769232,0.5,0.0,0.0,0.0,1.0,0.024390243902439025,0.5
SLBP,K562_within_vs_RPE1_to_K562,exploratory_target_context_comparison,0.1354144662618637,-0.0150497034192085,0.0628532670946561,-0.0183124066693752,0.1229843869805336,0.1659373342990875,0.155264139175415,-0.0238363742828369,0.35,0.5,0.2,0.5,0.24,0.51,0.332,0.476,0.0,0.0,0.0,0.0,0.009708737864077669,0.0017921146953405018,0.0,0.0,0.0,0.0,0.015873015873015872,0.009009009009009009
SMARCB1,K562_within_vs_RPE1_to_K562,exploratory_target_context_comparison,0.066929668188095,0.0033332863822579,0.0487214209751954,-0.0031206490370506,0.0597957707941532,0.0531834587454795,0.065027117729187,0.0039587616920471,0.3,0.55,0.4,0.46,0.36,0.44,0.416,0.524,0.0,0.0,0.0,0.0,0.0051813471502590676,0.0020876826722338203,0.0,0.0,0.0,0.0,0.007194244604316547,0.009900990099009901
SMN2,K562_within_vs_RPE1_to_K562,exploratory_target_context_comparison,0.3813296556472778,-0.0053266095928847,0.2644600704501381,0.0032331460174034,0.1209740713238716,0.2437545955181121,0.3184456825256347,0.0101836919784545,0.0,0.6,0.02,0.5,0.1,0.53,0.236,0.528,0.0,0.0,0.0,0.0,0.013157894736842105,0.004098360655737705,0.0,0.0,0.0,0.0,0.017543859649122806,0.024390243902439025
SNRPB,K562_within_vs_RPE1_to_K562,exploratory_target_context_comparison,0.5769492387771606,0.0021874415688216,0.3972624277560314,0.002877499363169,0.1176740676164627,0.2494213283061981,0.4769286513328552,0.0237103700637817,0.0,0.35,0.0,0.48,0.06,0.49,0.088,0.536,0.0,0.0,0.0,0.0,0.043478260869565216,0.011627906976744186,0.0,0.0,0.0,0.0,0.047619047619047616,0.06666666666666667
SNRPD1,K562_within_vs_RPE1_to_K562,exploratory_target_context_comparison,0.5484771728515625,-0.0004709607455879,0.3759644968346725,-0.0001593459903776,0.1487915962934494,0.274033635854721,0.4906167984008789,0.010279357433319,0.0,0.4,0.06,0.54,0.09,0.42,0.092,0.528,0.0,0.0,0.0,0.0,0.07692307692307693,0.005050505050505051,0.0,0.0,0.0,0.0,0.08333333333333333,0.034482758620689655
SNRPG,K562_within_vs_RPE1_to_K562,exploratory_target_context_comparison,0.6746006011962891,-0.0011827726848423,0.5090993149681909,-0.0010713038829035,0.0777219608426094,0.2401078045368194,0.6577366590499878,-0.0051017999649047,0.05,0.3,0.04,0.4,0.06,0.45,0.052,0.512,0.0,0.0,1.0,0.0,0.3333333333333333,0.002012072434607646,0.0,0.0,1.0,0.0,0.3333333333333333,0.009708737864077669
SPC25,K562_within_vs_RPE1_to_K562,exploratory_target_context_comparison,0.5803512930870056,-0.0027041966095566,0.3941344839668386,0.0052745216829808,0.1006765961647033,0.2665976881980896,0.5643000602722168,0.0001783967018127,0.0,0.45,0.0,0.5,0.02,0.48,0.052,0.528,1.0,0.0,1.0,0.0,1.0,0.002583979328165375,1.0,0.0,1.0,0.0,1.0,0.014084507042253521
SRRT,K562_within_vs_RPE1_to_K562,exploratory_target_context_comparison,0.3088287115097046,0.0064472625963389,0.1985087491498783,0.0031540052463116,0.1184621527791023,0.1685690134763717,0.2672570943832397,0.0188241004943847,0.2,0.25,0.12,0.42,0.12,0.44,0.252,0.464,0.0,0.0,0.0,0.0,0.011111111111111112,0.004694835680751174,0.0,0.0,0.0,0.0,0.015151515151515152,0.029411764705882353
SSU72,K562_within_vs_RPE1_to_K562,exploratory_target_context_comparison,0.162907987833023,0.0234303213655948,0.1078590797327176,0.0287405451343115,0.0889931693673133,0.1399174332618713,0.1468814611434936,0.0311550498008728,0.25,0.35,0.24,0.46,0.3,0.45,0.34,0.432,0.0,0.0,0.0,0.0,0.011494252873563218,0.009615384615384616,0.0,0.0,0.0,0.0,0.014285714285714285,0.0625
TCERG1,K562_within_vs_RPE1_to_K562,exploratory_target_context_comparison,0.0830566883087158,-0.0021855912636965,0.0659842062777027,0.0044386070736508,0.0733864679932594,0.0809326395392417,0.0881606340408325,-0.0069323778152465,0.2,0.4,0.2,0.46,0.27,0.44,0.484,0.452,0.0,0.0,0.0,0.0,0.007692307692307693,0.00273224043715847,0.0,0.0,0.0,0.0,0.01,0.01282051282051282
TEFM,K562_within_vs_RPE1_to_K562,exploratory_target_context_comparison,0.0289376229047775,0.0199194941669702,-0.0545928894477155,0.0151835935528013,0.0694331303238868,0.0661131963133812,0.0626862645149231,0.0285055637359619,0.25,0.3,0.3,0.22,0.28,0.34,0.556,0.516,0.0,0.0,0.0,0.0,0.005128205128205128,0.005494505494505495,0.0,0.0,0.0,0.0,0.007246376811594203,0.023255813953488372
TERF2,K562_within_vs_RPE1_to_K562,exploratory_target_context_comparison,0.2061628997325897,0.008559382520616,0.136330352624486,0.03193509089417,0.1056164726614952,0.2284168452024459,0.1953234076499939,0.0155518054962158,0.1,0.45,0.2,0.56,0.24,0.51,0.3,0.54,0.0,0.0,0.0,0.0,0.012195121951219513,0.004405286343612335,0.0,0.0,0.0,0.0,0.015625,0.02564102564102564
TFDP1,K562_within_vs_RPE1_to_K562,exploratory_target_context_comparison,0.1200726330280304,-0.0214818902313709,0.0584795662996037,-0.0167958617310592,0.0609208233654499,0.0575515329837799,0.136171817779541,-0.0186868906021118,0.25,0.4,0.2,0.4,0.22,0.35,0.404,0.516,0.0,0.0,0.0,0.0,0.006622516556291391,0.0044444444444444444,0.0,0.0,0.0,0.0,0.009523809523809525,0.018518518518518517
THAP1,K562_within_vs_RPE1_to_K562,exploratory_target_context_comparison,0.1948101967573166,-0.0044376114383339,0.151636596512021,-0.0024778172672316,0.0741458609700203,0.1754302829504013,0.1811093091964721,0.005675196647644,0.25,0.35,0.16,0.46,0.22,0.46,0.372,0.536,0.0,0.0,0.0,0.0,0.007874015748031496,0.0030211480362537764,0.0,0.0,0.0,0.0,0.010752688172043012,0.01639344262295082
THAP11,K562_within_vs_RPE1_to_K562,exploratory_target_context_comparison,0.0269394516944885,-0.0105357998982071,0.0183292410384893,-0.0128943958450136,0.0804377794265747,0.0751211121678352,0.0198531746864318,-0.0070462226867675,0.3,0.45,0.22,0.52,0.25,0.45,0.464,0.528,0.0,0.0,0.0,0.0,0.004807692307692308,0.0037313432835820895,0.0,0.0,0.0,0.0,0.006944444444444444,0.02040816326530612
TIMM23B,K562_within_vs_RPE1_to_K562,exploratory_target_context_comparison,0.502507209777832,-0.0098184291273355,0.3623554593843079,-0.0232200066893575,0.1172526776790618,0.2536424696445465,0.4769452810287475,-0.0019090175628662,0.1,0.4,0.06,0.44,0.05,0.44,0.14,0.536,0.0,0.0,0.0,0.0,0.0625,0.0031746031746031746,0.0,0.0,0.0,0.0,0.0625,0.016129032258064516
TNPO3,K562_within_vs_RPE1_to_K562,exploratory_target_context_comparison,0.0651163905858993,-0.0135386427864432,0.0396261288490451,0.0022848548113941,0.083230160176754,0.127306580543518,0.0295901298522949,0.0030573010444641,0.15,0.5,0.32,0.48,0.28,0.5,0.464,0.52,0.0,0.0,0.0,0.0,0.004901960784313725,0.0033222591362126247,0.0,0.0,0.0,0.0,0.007042253521126761,0.0196078431372549
TOP1,K562_within_vs_RPE1_to_K562,exploratory_target_context_comparison,0.076792299747467,-0.0031027654185891,0.0388194251217086,-0.0174824460752978,0.0787688940763473,0.2195838093757629,0.0984538197517395,-0.011636734008789,0.2,0.4,0.24,0.48,0.24,0.42,0.392,0.5,0.0,0.0,0.0,0.0,0.006024096385542169,0.0021413276231263384,0.0,0.0,0.0,0.0,0.008695652173913044,0.010752688172043012
TRA2B,K562_within_vs_RPE1_to_K562,exploratory_target_context_comparison,0.1481566429138183,-0.0046867467463016,0.148067445049805,0.0557228498142513,0.0731821656227111,0.0849873647093772,0.1416864991188049,0.000367522239685,0.25,0.35,0.26,0.46,0.26,0.48,0.348,0.44,0.0,0.0,0.0,0.0,0.006711409395973154,0.001941747572815534,0.0,0.0,0.0,0.0,0.008849557522123894,0.009615384615384616
TREX2,K562_within_vs_RPE1_to_K562,exploratory_target_context_comparison,0.4485812187194824,0.0064164232462644,0.2939112708726663,0.0216183404652524,0.0475455373525619,0.139055460691452,0.4197694063186645,0.0079482793807983,0.0,0.3,0.08,0.46,0.18,0.42,0.128,0.444,0.0,0.0,0.0,0.0,0.1,0.002583979328165375,0.0,0.0,0.0,0.0,0.1111111111111111,0.0136986301369863
TRMT112,K562_within_vs_RPE1_to_K562,exploratory_target_context_comparison,0.180923581123352,0.0200307071208953,0.080391705411527,0.0148313225456088,0.0714850649237632,0.1594407260417938,0.2209797501564026,0.0007023215293884,0.35,0.4,0.2,0.5,0.19,0.5,0.3,0.4,0.0,0.0,0.0,0.0,0.008620689655172414,0.003105590062111801,0.0,0.0,0.0,0.0,0.011904761904761904,0.01694915254237288
TUT1,K562_within_vs_RPE1_to_K562,exploratory_target_context_comparison,0.1235178709030151,0.0981893017888069,0.0939362092499573,0.0803352419071938,0.0593127310276031,0.0418562889099121,0.1230562329292297,0.0987843871116638,0.2,0.2,0.2,0.26,0.18,0.29,0.356,0.4,0.0,0.0,0.0,0.0,0.005813953488372093,0.002932551319648094,0.0,0.0,0.0,0.0,0.008264462809917356,0.012658227848101266
UBA1,K562_within_vs_RPE1_to_K562,exploratory_target_context_comparison,0.1871336102485656,-0.0563822463154792,0.1220261636970465,-0.0421961677528594,0.1099021285772323,0.1199210062623024,0.1986815929412841,-0.0653421878814697,0.05,0.65,0.1,0.58,0.18,0.55,0.344,0.612,0.0,0.0,0.0,0.0,0.009259259259259259,0.0013736263736263737,0.0,0.0,0.0,0.0,0.011627906976744186,0.006711409395973154
UBE2I,K562_within_vs_RPE1_to_K562,exploratory_target_context_comparison,0.0967108309268951,0.0041077989153563,0.0769191686004588,0.0169873717514948,0.1013229712843895,0.1723541617393493,0.0980499982833862,0.0022157430648803,0.3,0.5,0.28,0.48,0.27,0.46,0.336,0.48,0.0,0.0,0.0,0.0,0.006535947712418301,0.0025974025974025974,0.0,0.0,0.0,0.0,0.008695652173913044,0.0136986301369863
UQCRB,K562_within_vs_RPE1_to_K562,exploratory_target_context_comparison,0.0938386395573616,-0.010587683878839,0.0627665425601681,-0.0157256683734041,0.0640510320663452,0.0650347173213958,0.0519738793373107,0.0026472210884094,0.05,0.5,0.18,0.5,0.23,0.48,0.448,0.488,0.0,0.0,0.0,0.0,0.005235602094240838,0.0033003300330033004,0.0,0.0,0.0,0.0,0.007352941176470588,0.014925373134328358
UTP15,K562_within_vs_RPE1_to_K562,exploratory_target_context_comparison,0.706783652305603,0.0067761344835162,0.5484683586747343,-0.0062359183294367,0.0766637548804283,0.234757512807846,0.7399193048477173,-0.0182998180389404,0.0,0.5,0.02,0.48,0.01,0.48,0.02,0.512,0.0,0.0,0.0,0.0,0.058823529411764705,0.0017301038062283738,0.0,0.0,0.0,0.0,0.125,0.00847457627118644
VPS29,K562_within_vs_RPE1_to_K562,exploratory_target_context_comparison,0.2124244719743728,0.0299258716404438,0.1270522476603854,0.0305099004705927,0.0683668628334999,0.0807889699935913,0.1771562695503235,0.0429468750953674,0.1,0.6,0.14,0.56,0.18,0.54,0.272,0.492,0.0,0.0,0.0,1.0,0.00847457627118644,0.3333333333333333,0.0,0.0,0.0,1.0,0.010638297872340425,0.3333333333333333
WDR12,K562_within_vs_RPE1_to_K562,exploratory_target_context_comparison,0.3458393812179565,0.0246246419847011,0.2042320846172833,0.0083239474535572,0.0741271153092384,0.18973009288311,0.3754677176475525,0.0082090497016906,0.05,0.45,0.08,0.52,0.1,0.46,0.18,0.46,0.0,0.0,0.0,0.0,0.03333333333333333,0.0038314176245210726,0.0,0.0,0.0,0.0,0.05,0.021739130434782608
XPO1,K562_within_vs_RPE1_to_K562,exploratory_target_context_comparison,0.4017803072929382,0.0068323630839586,0.2766170296566811,0.0182192991940837,0.121358685195446,0.2328695803880691,0.3769019246101379,0.0163382887840271,0.05,0.15,0.06,0.32,0.08,0.43,0.14,0.472,0.0,0.0,0.0,0.0,0.037037037037037035,0.003745318352059925,0.0,0.0,0.0,0.0,0.043478260869565216,0.021739130434782608
ZNF207,K562_within_vs_RPE1_to_K562,exploratory_target_context_comparison,0.2733474969863891,0.0061398050747811,0.1814713797708551,0.0011789503672146,0.0717401430010795,0.2054589837789535,0.2872228622436523,-0.0025554895401,0.05,0.35,0.1,0.4,0.14,0.41,0.244,0.464,0.0,0.0,0.0,0.0,0.017241379310344827,0.002770083102493075,0.0,0.0,0.0,0.0,0.02127659574468085,0.014925373134328358
