dataset	split	target	gears_condition	in_gears_train	in_gears_test	in_state_train	in_state_test	alignment_status	reason_if_not_aligned
norman_l1	L1_seed1	AHR+FEV	AHR+FEV	True	False	True	False	ALIGNED	
norman_l1	L1_seed1	AHR+KLF1	AHR+KLF1	False	True	False	True	ALIGNED	
norman_l1	L1_seed1	AHR	AHR+ctrl	True	False	True	False	ALIGNED	
norman_l1	L1_seed1	ARID1A	ARID1A+ctrl	True	False	True	False	ALIGNED	
norman_l1	L1_seed1	ARRDC3	ARRDC3+ctrl	True	False	True	False	ALIGNED	
norman_l1	L1_seed1	ATL1	ATL1+ctrl	False	True	False	True	ALIGNED	
norman_l1	L1_seed1	BAK1	BAK1+ctrl	False	True	False	True	ALIGNED	
norman_l1	L1_seed1	BCL2L11+BAK1	BCL2L11+BAK1	False	True	False	True	ALIGNED	
norman_l1	L1_seed1	BCL2L11+TGFBR2	BCL2L11+TGFBR2	False	True	False	True	ALIGNED	
norman_l1	L1_seed1	BCL2L11	BCL2L11+ctrl	True	False	True	False	ALIGNED	
norman_l1	L1_seed1	BCORL1	BCORL1+ctrl	True	False	True	False	ALIGNED	
norman_l1	L1_seed1	BPGM+SAMD1	BPGM+SAMD1	True	False	True	False	ALIGNED	
norman_l1	L1_seed1	BPGM+ZBTB1	BPGM+ZBTB1	True	False	True	False	ALIGNED	
norman_l1	L1_seed1	BPGM	BPGM+ctrl	False	True	False	True	ALIGNED	
norman_l1	L1_seed1	C19orf26	C19orf26+ctrl	False	True	False	True	ALIGNED	
norman_l1	L1_seed1	C3orf72+FOXL2	C3orf72+FOXL2	True	False	True	False	ALIGNED	
norman_l1	L1_seed1	C3orf72	C3orf72+ctrl	True	False	True	False	ALIGNED	
norman_l1	L1_seed1	CBFA2T3	CBFA2T3+ctrl	True	False	True	False	ALIGNED	
norman_l1	L1_seed1	CBL+CNN1	CBL+CNN1	True	False	True	False	ALIGNED	
norman_l1	L1_seed1	CBL+TGFBR2	CBL+TGFBR2	False	True	False	True	ALIGNED	
norman_l1	L1_seed1	CBL+UBASH3A	CBL+UBASH3A	False	True	False	True	ALIGNED	
norman_l1	L1_seed1	CBL+UBASH3B	CBL+UBASH3B	False	True	False	True	ALIGNED	
norman_l1	L1_seed1	CDKN1A	CDKN1A+ctrl	True	False	True	False	ALIGNED	
norman_l1	L1_seed1	CDKN1B+CDKN1A	CDKN1B+CDKN1A	True	False	True	False	ALIGNED	
norman_l1	L1_seed1	CDKN1B	CDKN1B+ctrl	True	False	True	False	ALIGNED	
norman_l1	L1_seed1	CDKN1C+CDKN1A	CDKN1C+CDKN1A	True	False	True	False	ALIGNED	
norman_l1	L1_seed1	CDKN1C+CDKN1B	CDKN1C+CDKN1B	False	True	False	True	ALIGNED	
norman_l1	L1_seed1	CDKN1C	CDKN1C+ctrl	True	False	True	False	ALIGNED	
norman_l1	L1_seed1	CEBPB+CEBPA	CEBPB+CEBPA	False	True	False	True	ALIGNED	
norman_l1	L1_seed1	CEBPB+MAPK1	CEBPB+MAPK1	True	False	True	False	ALIGNED	
norman_l1	L1_seed1	CEBPB+OSR2	CEBPB+OSR2	True	False	True	False	ALIGNED	
norman_l1	L1_seed1	CEBPB+PTPN12	CEBPB+PTPN12	True	False	True	False	ALIGNED	
norman_l1	L1_seed1	CEBPB	CEBPB+ctrl	False	True	False	True	ALIGNED	
norman_l1	L1_seed1	CEBPE+CEBPA	CEBPE+CEBPA	True	False	True	False	ALIGNED	
norman_l1	L1_seed1	CEBPE+CEBPB	CEBPE+CEBPB	True	False	True	False	ALIGNED	
norman_l1	L1_seed1	CEBPE+CNN1	CEBPE+CNN1	True	False	True	False	ALIGNED	
norman_l1	L1_seed1	CEBPE+KLF1	CEBPE+KLF1	True	False	True	False	ALIGNED	
norman_l1	L1_seed1	CEBPE+PTPN12	CEBPE+PTPN12	True	False	True	False	ALIGNED	
norman_l1	L1_seed1	CEBPE+RUNX1T1	CEBPE+RUNX1T1	True	False	True	False	ALIGNED	
norman_l1	L1_seed1	CEBPE+SPI1	CEBPE+SPI1	False	True	False	True	ALIGNED	
norman_l1	L1_seed1	CEBPE	CEBPE+ctrl	True	False	True	False	ALIGNED	
norman_l1	L1_seed1	CELF2	CELF2+ctrl	True	False	True	False	ALIGNED	
norman_l1	L1_seed1	CITED1	CITED1+ctrl	True	False	True	False	ALIGNED	
norman_l1	L1_seed1	CKS1B	CKS1B+ctrl	True	False	True	False	ALIGNED	
norman_l1	L1_seed1	CLDN6	CLDN6+ctrl	False	True	False	True	ALIGNED	
norman_l1	L1_seed1	CNN1+MAPK1	CNN1+MAPK1	True	False	True	False	ALIGNED	
norman_l1	L1_seed1	CNN1+UBASH3A	CNN1+UBASH3A	True	False	True	False	ALIGNED	
norman_l1	L1_seed1	CNN1	CNN1+ctrl	True	False	True	False	ALIGNED	
norman_l1	L1_seed1	COL1A1	COL1A1+ctrl	True	False	True	False	ALIGNED	
norman_l1	L1_seed1	COL2A1	COL2A1+ctrl	False	True	False	True	ALIGNED	
norman_l1	L1_seed1	CSRNP1	CSRNP1+ctrl	True	False	True	False	ALIGNED	
norman_l1	L1_seed1	DLX2	DLX2+ctrl	True	False	True	False	ALIGNED	
norman_l1	L1_seed1	DUSP9+ETS2	DUSP9+ETS2	True	False	True	False	ALIGNED	
norman_l1	L1_seed1	DUSP9+IGDCC3	DUSP9+IGDCC3	True	False	True	False	ALIGNED	
norman_l1	L1_seed1	DUSP9+KLF1	DUSP9+KLF1	False	True	False	True	ALIGNED	
norman_l1	L1_seed1	DUSP9+MAPK1	DUSP9+MAPK1	True	False	True	False	ALIGNED	
norman_l1	L1_seed1	DUSP9+PRTG	DUSP9+PRTG	True	False	True	False	ALIGNED	
norman_l1	L1_seed1	DUSP9+SNAI1	DUSP9+SNAI1	True	False	True	False	ALIGNED	
norman_l1	L1_seed1	DUSP9	DUSP9+ctrl	False	True	False	True	ALIGNED	
norman_l1	L1_seed1	EGR1	EGR1+ctrl	True	False	True	False	ALIGNED	
norman_l1	L1_seed1	ETS2+CEBPE	ETS2+CEBPE	False	True	False	True	ALIGNED	
norman_l1	L1_seed1	ETS2+CNN1	ETS2+CNN1	False	True	False	True	ALIGNED	
norman_l1	L1_seed1	ETS2+IGDCC3	ETS2+IGDCC3	True	False	True	False	ALIGNED	
norman_l1	L1_seed1	ETS2+IKZF3	ETS2+IKZF3	True	False	True	False	ALIGNED	
norman_l1	L1_seed1	ETS2+MAP7D1	ETS2+MAP7D1	True	False	True	False	ALIGNED	
norman_l1	L1_seed1	ETS2+MAPK1	ETS2+MAPK1	True	False	True	False	ALIGNED	
norman_l1	L1_seed1	ETS2+PRTG	ETS2+PRTG	True	False	True	False	ALIGNED	
norman_l1	L1_seed1	FEV+CBFA2T3	FEV+CBFA2T3	True	False	True	False	ALIGNED	
norman_l1	L1_seed1	FEV+ISL2	FEV+ISL2	True	False	True	False	ALIGNED	
norman_l1	L1_seed1	FEV+MAP7D1	FEV+MAP7D1	True	False	True	False	ALIGNED	
norman_l1	L1_seed1	FEV	FEV+ctrl	True	False	True	False	ALIGNED	
norman_l1	L1_seed1	FOSB+CEBPB	FOSB+CEBPB	False	True	False	True	ALIGNED	
norman_l1	L1_seed1	FOSB+CEBPE	FOSB+CEBPE	True	False	True	False	ALIGNED	
norman_l1	L1_seed1	FOSB+OSR2	FOSB+OSR2	True	False	True	False	ALIGNED	
norman_l1	L1_seed1	FOSB+PTPN12	FOSB+PTPN12	True	False	True	False	ALIGNED	
norman_l1	L1_seed1	FOSB+UBASH3B	FOSB+UBASH3B	True	False	True	False	ALIGNED	
norman_l1	L1_seed1	FOSB	FOSB+ctrl	False	True	False	True	ALIGNED	
norman_l1	L1_seed1	FOXA1+FOXF1	FOXA1+FOXF1	True	False	True	False	ALIGNED	
norman_l1	L1_seed1	FOXA1+FOXL2	FOXA1+FOXL2	True	False	True	False	ALIGNED	
norman_l1	L1_seed1	FOXA1+HOXB9	FOXA1+HOXB9	False	True	False	True	ALIGNED	
norman_l1	L1_seed1	FOXA1	FOXA1+ctrl	True	False	True	False	ALIGNED	
norman_l1	L1_seed1	FOXA3+FOXA1	FOXA3+FOXA1	True	False	True	False	ALIGNED	
norman_l1	L1_seed1	FOXA3+FOXF1	FOXA3+FOXF1	True	False	True	False	ALIGNED	
norman_l1	L1_seed1	FOXA3+FOXL2	FOXA3+FOXL2	True	False	True	False	ALIGNED	
norman_l1	L1_seed1	FOXA3+HOXB9	FOXA3+HOXB9	True	False	True	False	ALIGNED	
norman_l1	L1_seed1	FOXA3	FOXA3+ctrl	True	False	True	False	ALIGNED	
norman_l1	L1_seed1	FOXF1+FOXL2	FOXF1+FOXL2	True	False	True	False	ALIGNED	
norman_l1	L1_seed1	FOXF1+HOXB9	FOXF1+HOXB9	True	False	True	False	ALIGNED	
norman_l1	L1_seed1	FOXL2+HOXB9	FOXL2+HOXB9	True	False	True	False	ALIGNED	
norman_l1	L1_seed1	FOXL2+MEIS1	FOXL2+MEIS1	True	False	True	False	ALIGNED	
norman_l1	L1_seed1	FOXL2	FOXL2+ctrl	True	False	True	False	ALIGNED	
norman_l1	L1_seed1	FOXO4	FOXO4+ctrl	True	False	True	False	ALIGNED	
norman_l1	L1_seed1	GLB1L2	GLB1L2+ctrl	True	False	True	False	ALIGNED	
norman_l1	L1_seed1	HES7	HES7+ctrl	True	False	True	False	ALIGNED	
norman_l1	L1_seed1	HK2	HK2+ctrl	False	True	False	True	ALIGNED	
norman_l1	L1_seed1	HNF4A	HNF4A+ctrl	True	False	True	False	ALIGNED	
norman_l1	L1_seed1	HOXA13	HOXA13+ctrl	True	False	True	False	ALIGNED	
norman_l1	L1_seed1	HOXB9	HOXB9+ctrl	True	False	True	False	ALIGNED	
norman_l1	L1_seed1	HOXC13	HOXC13+ctrl	False	True	False	True	ALIGNED	
norman_l1	L1_seed1	IGDCC3+PRTG	IGDCC3+PRTG	True	False	True	False	ALIGNED	
norman_l1	L1_seed1	IGDCC3+ZBTB25	IGDCC3+ZBTB25	False	True	False	True	ALIGNED	
norman_l1	L1_seed1	IKZF3	IKZF3+ctrl	True	False	True	False	ALIGNED	
norman_l1	L1_seed1	IRF1+SET	IRF1+SET	True	False	True	False	ALIGNED	
norman_l1	L1_seed1	IRF1	IRF1+ctrl	True	False	True	False	ALIGNED	
norman_l1	L1_seed1	ISL2	ISL2+ctrl	True	False	True	False	ALIGNED	
norman_l1	L1_seed1	JUN+CEBPA	JUN+CEBPA	True	False	True	False	ALIGNED	
norman_l1	L1_seed1	JUN	JUN+ctrl	True	False	True	False	ALIGNED	
norman_l1	L1_seed1	KIF18B+KIF2C	KIF18B+KIF2C	True	False	True	False	ALIGNED	
norman_l1	L1_seed1	KIF2C	KIF2C+ctrl	False	True	False	True	ALIGNED	
norman_l1	L1_seed1	KLF1+BAK1	KLF1+BAK1	True	False	True	False	ALIGNED	
norman_l1	L1_seed1	KLF1+CEBPA	KLF1+CEBPA	False	True	False	True	ALIGNED	
norman_l1	L1_seed1	KLF1+CLDN6	KLF1+CLDN6	True	False	True	False	ALIGNED	
norman_l1	L1_seed1	KLF1+COL2A1	KLF1+COL2A1	True	False	True	False	ALIGNED	
norman_l1	L1_seed1	KLF1+FOXA1	KLF1+FOXA1	True	False	True	False	ALIGNED	
norman_l1	L1_seed1	KLF1+MAP2K6	KLF1+MAP2K6	False	True	False	True	ALIGNED	
norman_l1	L1_seed1	KLF1+TGFBR2	KLF1+TGFBR2	True	False	True	False	ALIGNED	
norman_l1	L1_seed1	KLF1	KLF1+ctrl	True	False	True	False	ALIGNED	
norman_l1	L1_seed1	KMT2A	KMT2A+ctrl	False	True	False	True	ALIGNED	
norman_l1	L1_seed1	LHX1	LHX1+ctrl	True	False	True	False	ALIGNED	
norman_l1	L1_seed1	LYL1+CEBPB	LYL1+CEBPB	True	False	True	False	ALIGNED	
norman_l1	L1_seed1	LYL1	LYL1+ctrl	True	False	True	False	ALIGNED	
norman_l1	L1_seed1	MAML2	MAML2+ctrl	False	True	False	True	ALIGNED	
norman_l1	L1_seed1	MAP2K3+ELMSAN1	MAP2K3+ELMSAN1	False	True	False	True	ALIGNED	
norman_l1	L1_seed1	MAP2K3+IKZF3	MAP2K3+IKZF3	True	False	True	False	ALIGNED	
norman_l1	L1_seed1	MAP2K3+MAP2K6	MAP2K3+MAP2K6	True	False	True	False	ALIGNED	
norman_l1	L1_seed1	MAP2K3+SLC38A2	MAP2K3+SLC38A2	True	False	True	False	ALIGNED	
norman_l1	L1_seed1	MAP2K3	MAP2K3+ctrl	True	False	True	False	ALIGNED	
norman_l1	L1_seed1	MAP2K6+ELMSAN1	MAP2K6+ELMSAN1	True	False	True	False	ALIGNED	
norman_l1	L1_seed1	MAP2K6+IKZF3	MAP2K6+IKZF3	True	False	True	False	ALIGNED	
norman_l1	L1_seed1	MAP2K6	MAP2K6+ctrl	True	False	True	False	ALIGNED	
norman_l1	L1_seed1	MAP4K3	MAP4K3+ctrl	False	True	False	True	ALIGNED	
norman_l1	L1_seed1	MAP4K5	MAP4K5+ctrl	True	False	True	False	ALIGNED	
norman_l1	L1_seed1	MAP7D1	MAP7D1+ctrl	True	False	True	False	ALIGNED	
norman_l1	L1_seed1	MAPK1+IKZF3	MAPK1+IKZF3	True	False	True	False	ALIGNED	
norman_l1	L1_seed1	MAPK1+PRTG	MAPK1+PRTG	True	False	True	False	ALIGNED	
norman_l1	L1_seed1	MAPK1+TGFBR2	MAPK1+TGFBR2	True	False	True	False	ALIGNED	
norman_l1	L1_seed1	MAPK1	MAPK1+ctrl	True	False	True	False	ALIGNED	
norman_l1	L1_seed1	MEIS1	MEIS1+ctrl	True	False	True	False	ALIGNED	
norman_l1	L1_seed1	MIDN	MIDN+ctrl	True	False	True	False	ALIGNED	
norman_l1	L1_seed1	NCL	NCL+ctrl	True	False	True	False	ALIGNED	
norman_l1	L1_seed1	NIT1	NIT1+ctrl	True	False	True	False	ALIGNED	
norman_l1	L1_seed1	OSR2	OSR2+ctrl	False	True	False	True	ALIGNED	
norman_l1	L1_seed1	PLK4+STIL	PLK4+STIL	True	False	True	False	ALIGNED	
norman_l1	L1_seed1	PLK4	PLK4+ctrl	True	False	True	False	ALIGNED	
norman_l1	L1_seed1	POU3F2+CBFA2T3	POU3F2+CBFA2T3	False	True	False	True	ALIGNED	
norman_l1	L1_seed1	POU3F2+FOXL2	POU3F2+FOXL2	True	False	True	False	ALIGNED	
norman_l1	L1_seed1	POU3F2	POU3F2+ctrl	True	False	True	False	ALIGNED	
norman_l1	L1_seed1	PRDM1+CBFA2T3	PRDM1+CBFA2T3	False	True	False	True	ALIGNED	
norman_l1	L1_seed1	PRDM1	PRDM1+ctrl	True	False	True	False	ALIGNED	
norman_l1	L1_seed1	PRTG	PRTG+ctrl	True	False	True	False	ALIGNED	
norman_l1	L1_seed1	PTPN1	PTPN1+ctrl	True	False	True	False	ALIGNED	
norman_l1	L1_seed1	PTPN12+PTPN9	PTPN12+PTPN9	True	False	True	False	ALIGNED	
norman_l1	L1_seed1	PTPN12+SNAI1	PTPN12+SNAI1	True	False	True	False	ALIGNED	
norman_l1	L1_seed1	PTPN12+UBASH3A	PTPN12+UBASH3A	True	False	True	False	ALIGNED	
norman_l1	L1_seed1	PTPN12+ZBTB25	PTPN12+ZBTB25	False	True	False	True	ALIGNED	
norman_l1	L1_seed1	PTPN12	PTPN12+ctrl	True	False	True	False	ALIGNED	
norman_l1	L1_seed1	PTPN13	PTPN13+ctrl	False	True	False	True	ALIGNED	
norman_l1	L1_seed1	PTPN9	PTPN9+ctrl	True	False	True	False	ALIGNED	
norman_l1	L1_seed1	RREB1	RREB1+ctrl	True	False	True	False	ALIGNED	
norman_l1	L1_seed1	RUNX1T1	RUNX1T1+ctrl	False	True	False	True	ALIGNED	
norman_l1	L1_seed1	S1PR2	S1PR2+ctrl	False	True	False	True	ALIGNED	
norman_l1	L1_seed1	SAMD1+PTPN12	SAMD1+PTPN12	True	False	True	False	ALIGNED	
norman_l1	L1_seed1	SAMD1+TGFBR2	SAMD1+TGFBR2	True	False	True	False	ALIGNED	
norman_l1	L1_seed1	SAMD1+UBASH3B	SAMD1+UBASH3B	True	False	True	False	ALIGNED	
norman_l1	L1_seed1	SAMD1	SAMD1+ctrl	True	False	True	False	ALIGNED	
norman_l1	L1_seed1	SET+CEBPE	SET+CEBPE	False	True	False	True	ALIGNED	
norman_l1	L1_seed1	SET+KLF1	SET+KLF1	True	False	True	False	ALIGNED	
norman_l1	L1_seed1	SET	SET+ctrl	False	True	False	True	ALIGNED	
norman_l1	L1_seed1	SGK1+S1PR2	SGK1+S1PR2	True	False	True	False	ALIGNED	
norman_l1	L1_seed1	SGK1+TBX2	SGK1+TBX2	True	False	True	False	ALIGNED	
norman_l1	L1_seed1	SGK1+TBX3	SGK1+TBX3	True	False	True	False	ALIGNED	
norman_l1	L1_seed1	SGK1	SGK1+ctrl	False	True	False	True	ALIGNED	
norman_l1	L1_seed1	SLC4A1	SLC4A1+ctrl	False	True	False	True	ALIGNED	
norman_l1	L1_seed1	SLC6A9	SLC6A9+ctrl	True	False	True	False	ALIGNED	
norman_l1	L1_seed1	SNAI1+DLX2	SNAI1+DLX2	True	False	True	False	ALIGNED	
norman_l1	L1_seed1	SNAI1	SNAI1+ctrl	True	False	True	False	ALIGNED	
norman_l1	L1_seed1	SPI1	SPI1+ctrl	True	False	True	False	ALIGNED	
norman_l1	L1_seed1	STIL	STIL+ctrl	True	False	True	False	ALIGNED	
norman_l1	L1_seed1	TBX2	TBX2+ctrl	True	False	True	False	ALIGNED	
norman_l1	L1_seed1	TBX3+TBX2	TBX3+TBX2	True	False	True	False	ALIGNED	
norman_l1	L1_seed1	TBX3	TBX3+ctrl	True	False	True	False	ALIGNED	
norman_l1	L1_seed1	TGFBR2+C19orf26	TGFBR2+C19orf26	True	False	True	False	ALIGNED	
norman_l1	L1_seed1	TGFBR2+PRTG	TGFBR2+PRTG	True	False	True	False	ALIGNED	
norman_l1	L1_seed1	TGFBR2	TGFBR2+ctrl	True	False	True	False	ALIGNED	
norman_l1	L1_seed1	TMSB4X+BAK1	TMSB4X+BAK1	True	False	True	False	ALIGNED	
norman_l1	L1_seed1	TMSB4X	TMSB4X+ctrl	True	False	True	False	ALIGNED	
norman_l1	L1_seed1	TP73	TP73+ctrl	False	True	False	True	ALIGNED	
norman_l1	L1_seed1	UBASH3A	UBASH3A+ctrl	True	False	True	False	ALIGNED	
norman_l1	L1_seed1	UBASH3B+CNN1	UBASH3B+CNN1	False	True	False	True	ALIGNED	
norman_l1	L1_seed1	UBASH3B+OSR2	UBASH3B+OSR2	True	False	True	False	ALIGNED	
norman_l1	L1_seed1	UBASH3B+PTPN9	UBASH3B+PTPN9	True	False	True	False	ALIGNED	
norman_l1	L1_seed1	UBASH3B+UBASH3A	UBASH3B+UBASH3A	True	False	True	False	ALIGNED	
norman_l1	L1_seed1	UBASH3B+ZBTB25	UBASH3B+ZBTB25	True	False	True	False	ALIGNED	
norman_l1	L1_seed1	UBASH3B	UBASH3B+ctrl	True	False	True	False	ALIGNED	
norman_l1	L1_seed1	ZBTB1	ZBTB1+ctrl	True	False	True	False	ALIGNED	
norman_l1	L1_seed1	ZBTB10+DLX2	ZBTB10+DLX2	True	False	True	False	ALIGNED	
norman_l1	L1_seed1	ZBTB10+ELMSAN1	ZBTB10+ELMSAN1	True	False	True	False	ALIGNED	
norman_l1	L1_seed1	ZBTB10+PTPN12	ZBTB10+PTPN12	True	False	True	False	ALIGNED	
norman_l1	L1_seed1	ZBTB10+SNAI1	ZBTB10+SNAI1	True	False	True	False	ALIGNED	
norman_l1	L1_seed1	ZBTB10	ZBTB10+ctrl	True	False	True	False	ALIGNED	
norman_l1	L1_seed1	ZBTB25	ZBTB25+ctrl	True	False	True	False	ALIGNED	
norman_l1	L1_seed1	ZC3HAV1+CEBPA	ZC3HAV1+CEBPA	True	False	True	False	ALIGNED	
norman_l1	L1_seed1	ZC3HAV1+CEBPE	ZC3HAV1+CEBPE	True	False	True	False	ALIGNED	
norman_l1	L1_seed1	ZC3HAV1+HOXC13	ZC3HAV1+HOXC13	True	False	True	False	ALIGNED	
norman_l1	L1_seed1	ZC3HAV1	ZC3HAV1+ctrl	True	False	True	False	ALIGNED	
norman_l1	L1_seed1	ZNF318	ZNF318+ctrl	True	False	True	False	ALIGNED	
norman_l1	L1_seed1	ctrl	ctrl	True	False	True	False	ALIGNED	
norman_l1	L1_seed1	ctrl+BAK1	ctrl+BAK1	True	False	True	False	ALIGNED	
norman_l1	L1_seed1	ctrl+C19orf26	ctrl+C19orf26	False	True	False	True	ALIGNED	
norman_l1	L1_seed1	ctrl+CBFA2T3	ctrl+CBFA2T3	True	False	True	False	ALIGNED	
norman_l1	L1_seed1	ctrl+CDKN1A	ctrl+CDKN1A	False	True	False	True	ALIGNED	
norman_l1	L1_seed1	ctrl+CDKN1B	ctrl+CDKN1B	False	True	False	True	ALIGNED	
norman_l1	L1_seed1	ctrl+CEBPA	ctrl+CEBPA	False	True	False	True	ALIGNED	
norman_l1	L1_seed1	ctrl+CEBPB	ctrl+CEBPB	True	False	True	False	ALIGNED	
norman_l1	L1_seed1	ctrl+CEBPE	ctrl+CEBPE	True	False	True	False	ALIGNED	
norman_l1	L1_seed1	ctrl+CLDN6	ctrl+CLDN6	True	False	True	False	ALIGNED	
norman_l1	L1_seed1	ctrl+CNN1	ctrl+CNN1	True	False	True	False	ALIGNED	
norman_l1	L1_seed1	ctrl+COL2A1	ctrl+COL2A1	True	False	True	False	ALIGNED	
norman_l1	L1_seed1	ctrl+DLX2	ctrl+DLX2	True	False	True	False	ALIGNED	
norman_l1	L1_seed1	ctrl+ELMSAN1	ctrl+ELMSAN1	True	False	True	False	ALIGNED	
norman_l1	L1_seed1	ctrl+ETS2	ctrl+ETS2	True	False	True	False	ALIGNED	
norman_l1	L1_seed1	ctrl+FEV	ctrl+FEV	True	False	True	False	ALIGNED	
norman_l1	L1_seed1	ctrl+FOXA1	ctrl+FOXA1	False	True	False	True	ALIGNED	
norman_l1	L1_seed1	ctrl+FOXF1	ctrl+FOXF1	True	False	True	False	ALIGNED	
norman_l1	L1_seed1	ctrl+FOXL2	ctrl+FOXL2	True	False	True	False	ALIGNED	
norman_l1	L1_seed1	ctrl+HOXB9	ctrl+HOXB9	False	True	False	True	ALIGNED	
norman_l1	L1_seed1	ctrl+HOXC13	ctrl+HOXC13	True	False	True	False	ALIGNED	
norman_l1	L1_seed1	ctrl+IGDCC3	ctrl+IGDCC3	False	True	False	True	ALIGNED	
norman_l1	L1_seed1	ctrl+IKZF3	ctrl+IKZF3	True	False	True	False	ALIGNED	
norman_l1	L1_seed1	ctrl+ISL2	ctrl+ISL2	True	False	True	False	ALIGNED	
norman_l1	L1_seed1	ctrl+KIF2C	ctrl+KIF2C	True	False	True	False	ALIGNED	
norman_l1	L1_seed1	ctrl+KLF1	ctrl+KLF1	True	False	True	False	ALIGNED	
norman_l1	L1_seed1	ctrl+MAP7D1	ctrl+MAP7D1	True	False	True	False	ALIGNED	
norman_l1	L1_seed1	ctrl+MAPK1	ctrl+MAPK1	True	False	True	False	ALIGNED	
norman_l1	L1_seed1	ctrl+MEIS1	ctrl+MEIS1	True	False	True	False	ALIGNED	
norman_l1	L1_seed1	ctrl+OSR2	ctrl+OSR2	True	False	True	False	ALIGNED	
norman_l1	L1_seed1	ctrl+PTPN12	ctrl+PTPN12	True	False	True	False	ALIGNED	
norman_l1	L1_seed1	ctrl+PTPN9	ctrl+PTPN9	True	False	True	False	ALIGNED	
norman_l1	L1_seed1	ctrl+RUNX1T1	ctrl+RUNX1T1	False	True	False	True	ALIGNED	
norman_l1	L1_seed1	ctrl+SAMD1	ctrl+SAMD1	True	False	True	False	ALIGNED	
norman_l1	L1_seed1	ctrl+SET	ctrl+SET	True	False	True	False	ALIGNED	
norman_l1	L1_seed1	ctrl+SLC38A2	ctrl+SLC38A2	True	False	True	False	ALIGNED	
norman_l1	L1_seed1	ctrl+SNAI1	ctrl+SNAI1	True	False	True	False	ALIGNED	
norman_l1	L1_seed1	ctrl+SPI1	ctrl+SPI1	True	False	True	False	ALIGNED	
norman_l1	L1_seed1	ctrl+STIL	ctrl+STIL	True	False	True	False	ALIGNED	
norman_l1	L1_seed1	ctrl+TBX3	ctrl+TBX3	True	False	True	False	ALIGNED	
norman_l1	L1_seed1	ctrl+TGFBR2	ctrl+TGFBR2	True	False	True	False	ALIGNED	
norman_l1	L1_seed1	ctrl+UBASH3B	ctrl+UBASH3B	False	True	False	True	ALIGNED	
norman_l1	L1_seed1	ctrl+ZBTB1	ctrl+ZBTB1	True	False	True	False	ALIGNED	
norman_l2	L2_seed1	AHR+FEV	AHR+FEV	True	False	True	False	ALIGNED	
norman_l2	L2_seed1	AHR+KLF1	AHR+KLF1	True	False	True	False	ALIGNED	
norman_l2	L2_seed1	AHR	AHR+ctrl	True	False	True	False	ALIGNED	
norman_l2	L2_seed1	ARID1A	ARID1A+ctrl	True	False	True	False	ALIGNED	
norman_l2	L2_seed1	ARRDC3	ARRDC3+ctrl	True	False	True	False	ALIGNED	
norman_l2	L2_seed1	ATL1	ATL1+ctrl	True	False	True	False	ALIGNED	
norman_l2	L2_seed1	BAK1	BAK1+ctrl	True	False	True	False	ALIGNED	
norman_l2	L2_seed1	BCL2L11+TGFBR2	BCL2L11+TGFBR2	False	True	False	True	ALIGNED	
norman_l2	L2_seed1	BCL2L11	BCL2L11+ctrl	False	True	False	True	ALIGNED	
norman_l2	L2_seed1	BCORL1	BCORL1+ctrl	False	True	False	True	ALIGNED	
norman_l2	L2_seed1	BPGM+SAMD1	BPGM+SAMD1	True	False	True	False	ALIGNED	
norman_l2	L2_seed1	BPGM+ZBTB1	BPGM+ZBTB1	True	False	True	False	ALIGNED	
norman_l2	L2_seed1	BPGM	BPGM+ctrl	True	False	True	False	ALIGNED	
norman_l2	L2_seed1	C19orf26	C19orf26+ctrl	False	True	False	True	ALIGNED	
norman_l2	L2_seed1	C3orf72+FOXL2	C3orf72+FOXL2	True	False	True	False	ALIGNED	
norman_l2	L2_seed1	C3orf72	C3orf72+ctrl	True	False	True	False	ALIGNED	
norman_l2	L2_seed1	CBFA2T3	CBFA2T3+ctrl	True	False	True	False	ALIGNED	
norman_l2	L2_seed1	CBL+CNN1	CBL+CNN1	True	False	True	False	ALIGNED	
norman_l2	L2_seed1	CBL+PTPN12	CBL+PTPN12	True	False	True	False	ALIGNED	
norman_l2	L2_seed1	CBL+PTPN9	CBL+PTPN9	True	False	True	False	ALIGNED	
norman_l2	L2_seed1	CBL+UBASH3A	CBL+UBASH3A	True	False	True	False	ALIGNED	
norman_l2	L2_seed1	CBL	CBL+ctrl	True	False	True	False	ALIGNED	
norman_l2	L2_seed1	CDKN1A	CDKN1A+ctrl	True	False	True	False	ALIGNED	
norman_l2	L2_seed1	CDKN1B+CDKN1A	CDKN1B+CDKN1A	True	False	True	False	ALIGNED	
norman_l2	L2_seed1	CDKN1B	CDKN1B+ctrl	True	False	True	False	ALIGNED	
norman_l2	L2_seed1	CEBPA	CEBPA+ctrl	True	False	True	False	ALIGNED	
norman_l2	L2_seed1	CEBPB+MAPK1	CEBPB+MAPK1	False	True	False	True	ALIGNED	
norman_l2	L2_seed1	CEBPB	CEBPB+ctrl	False	True	False	True	ALIGNED	
norman_l2	L2_seed1	CEBPE+CEBPB	CEBPE+CEBPB	False	True	False	True	ALIGNED	
norman_l2	L2_seed1	CEBPE+SPI1	CEBPE+SPI1	False	True	False	True	ALIGNED	
norman_l2	L2_seed1	CEBPE	CEBPE+ctrl	False	True	False	True	ALIGNED	
norman_l2	L2_seed1	CELF2	CELF2+ctrl	True	False	True	False	ALIGNED	
norman_l2	L2_seed1	CITED1	CITED1+ctrl	False	True	False	True	ALIGNED	
norman_l2	L2_seed1	CKS1B	CKS1B+ctrl	False	True	False	True	ALIGNED	
norman_l2	L2_seed1	CLDN6	CLDN6+ctrl	True	False	True	False	ALIGNED	
norman_l2	L2_seed1	CNN1+UBASH3A	CNN1+UBASH3A	True	False	True	False	ALIGNED	
norman_l2	L2_seed1	CNN1	CNN1+ctrl	True	False	True	False	ALIGNED	
norman_l2	L2_seed1	CNNM4	CNNM4+ctrl	True	False	True	False	ALIGNED	
norman_l2	L2_seed1	COL1A1	COL1A1+ctrl	True	False	True	False	ALIGNED	
norman_l2	L2_seed1	COL2A1	COL2A1+ctrl	True	False	True	False	ALIGNED	
norman_l2	L2_seed1	CSRNP1	CSRNP1+ctrl	True	False	True	False	ALIGNED	
norman_l2	L2_seed1	DLX2	DLX2+ctrl	True	False	True	False	ALIGNED	
norman_l2	L2_seed1	DUSP9+ETS2	DUSP9+ETS2	True	False	True	False	ALIGNED	
norman_l2	L2_seed1	DUSP9+IGDCC3	DUSP9+IGDCC3	True	False	True	False	ALIGNED	
norman_l2	L2_seed1	DUSP9+KLF1	DUSP9+KLF1	True	False	True	False	ALIGNED	
norman_l2	L2_seed1	DUSP9+PRTG	DUSP9+PRTG	True	False	True	False	ALIGNED	
norman_l2	L2_seed1	DUSP9+SNAI1	DUSP9+SNAI1	True	False	True	False	ALIGNED	
norman_l2	L2_seed1	DUSP9	DUSP9+ctrl	True	False	True	False	ALIGNED	
norman_l2	L2_seed1	EGR1	EGR1+ctrl	True	False	True	False	ALIGNED	
norman_l2	L2_seed1	ELMSAN1	ELMSAN1+ctrl	True	False	True	False	ALIGNED	
norman_l2	L2_seed1	ETS2+CNN1	ETS2+CNN1	True	False	True	False	ALIGNED	
norman_l2	L2_seed1	ETS2+IGDCC3	ETS2+IGDCC3	True	False	True	False	ALIGNED	
norman_l2	L2_seed1	ETS2+PRTG	ETS2+PRTG	True	False	True	False	ALIGNED	
norman_l2	L2_seed1	ETS2	ETS2+ctrl	True	False	True	False	ALIGNED	
norman_l2	L2_seed1	FEV+CBFA2T3	FEV+CBFA2T3	True	False	True	False	ALIGNED	
norman_l2	L2_seed1	FEV+ISL2	FEV+ISL2	True	False	True	False	ALIGNED	
norman_l2	L2_seed1	FEV	FEV+ctrl	True	False	True	False	ALIGNED	
norman_l2	L2_seed1	FOSB+OSR2	FOSB+OSR2	True	False	True	False	ALIGNED	
norman_l2	L2_seed1	FOSB+PTPN12	FOSB+PTPN12	True	False	True	False	ALIGNED	
norman_l2	L2_seed1	FOSB	FOSB+ctrl	True	False	True	False	ALIGNED	
norman_l2	L2_seed1	FOXA1	FOXA1+ctrl	False	True	False	True	ALIGNED	
norman_l2	L2_seed1	FOXA3+FOXF1	FOXA3+FOXF1	True	False	True	False	ALIGNED	
norman_l2	L2_seed1	FOXA3+FOXL2	FOXA3+FOXL2	True	False	True	False	ALIGNED	
norman_l2	L2_seed1	FOXA3	FOXA3+ctrl	True	False	True	False	ALIGNED	
norman_l2	L2_seed1	FOXF1+FOXL2	FOXF1+FOXL2	True	False	True	False	ALIGNED	
norman_l2	L2_seed1	FOXF1	FOXF1+ctrl	True	False	True	False	ALIGNED	
norman_l2	L2_seed1	FOXL2	FOXL2+ctrl	True	False	True	False	ALIGNED	
norman_l2	L2_seed1	GLB1L2	GLB1L2+ctrl	True	False	True	False	ALIGNED	
norman_l2	L2_seed1	HES7	HES7+ctrl	True	False	True	False	ALIGNED	
norman_l2	L2_seed1	HK2	HK2+ctrl	True	False	True	False	ALIGNED	
norman_l2	L2_seed1	HNF4A	HNF4A+ctrl	True	False	True	False	ALIGNED	
norman_l2	L2_seed1	HOXA13	HOXA13+ctrl	False	True	False	True	ALIGNED	
norman_l2	L2_seed1	HOXC13	HOXC13+ctrl	False	True	False	True	ALIGNED	
norman_l2	L2_seed1	IGDCC3+PRTG	IGDCC3+PRTG	True	False	True	False	ALIGNED	
norman_l2	L2_seed1	IGDCC3	IGDCC3+ctrl	True	False	True	False	ALIGNED	
norman_l2	L2_seed1	IRF1+SET	IRF1+SET	False	True	False	True	ALIGNED	
norman_l2	L2_seed1	IRF1	IRF1+ctrl	False	True	False	True	ALIGNED	
norman_l2	L2_seed1	ISL2	ISL2+ctrl	True	False	True	False	ALIGNED	
norman_l2	L2_seed1	JUN+CEBPA	JUN+CEBPA	True	False	True	False	ALIGNED	
norman_l2	L2_seed1	JUN	JUN+ctrl	True	False	True	False	ALIGNED	
norman_l2	L2_seed1	KIF18B	KIF18B+ctrl	True	False	True	False	ALIGNED	
norman_l2	L2_seed1	KIF2C	KIF2C+ctrl	False	True	False	True	ALIGNED	
norman_l2	L2_seed1	KLF1+BAK1	KLF1+BAK1	True	False	True	False	ALIGNED	
norman_l2	L2_seed1	KLF1+CEBPA	KLF1+CEBPA	True	False	True	False	ALIGNED	
norman_l2	L2_seed1	KLF1+CLDN6	KLF1+CLDN6	True	False	True	False	ALIGNED	
norman_l2	L2_seed1	KLF1+COL2A1	KLF1+COL2A1	True	False	True	False	ALIGNED	
norman_l2	L2_seed1	KLF1+MAP2K6	KLF1+MAP2K6	True	False	True	False	ALIGNED	
norman_l2	L2_seed1	KLF1	KLF1+ctrl	True	False	True	False	ALIGNED	
norman_l2	L2_seed1	KMT2A	KMT2A+ctrl	True	False	True	False	ALIGNED	
norman_l2	L2_seed1	MAML2	MAML2+ctrl	True	False	True	False	ALIGNED	
norman_l2	L2_seed1	MAP2K3+ELMSAN1	MAP2K3+ELMSAN1	True	False	True	False	ALIGNED	
norman_l2	L2_seed1	MAP2K3+MAP2K6	MAP2K3+MAP2K6	True	False	True	False	ALIGNED	
norman_l2	L2_seed1	MAP2K3	MAP2K3+ctrl	True	False	True	False	ALIGNED	
norman_l2	L2_seed1	MAP2K6+ELMSAN1	MAP2K6+ELMSAN1	True	False	True	False	ALIGNED	
norman_l2	L2_seed1	MAP2K6	MAP2K6+ctrl	True	False	True	False	ALIGNED	
norman_l2	L2_seed1	MAP4K3	MAP4K3+ctrl	True	False	True	False	ALIGNED	
norman_l2	L2_seed1	MAP4K5	MAP4K5+ctrl	False	True	False	True	ALIGNED	
norman_l2	L2_seed1	MAP7D1	MAP7D1+ctrl	False	True	False	True	ALIGNED	
norman_l2	L2_seed1	MAPK1+TGFBR2	MAPK1+TGFBR2	False	True	False	True	ALIGNED	
norman_l2	L2_seed1	MAPK1	MAPK1+ctrl	False	True	False	True	ALIGNED	
norman_l2	L2_seed1	MIDN	MIDN+ctrl	True	False	True	False	ALIGNED	
norman_l2	L2_seed1	NCL	NCL+ctrl	False	True	False	True	ALIGNED	
norman_l2	L2_seed1	NIT1	NIT1+ctrl	True	False	True	False	ALIGNED	
norman_l2	L2_seed1	OSR2	OSR2+ctrl	True	False	True	False	ALIGNED	
norman_l2	L2_seed1	PLK4+STIL	PLK4+STIL	True	False	True	False	ALIGNED	
norman_l2	L2_seed1	PLK4	PLK4+ctrl	True	False	True	False	ALIGNED	
norman_l2	L2_seed1	POU3F2+CBFA2T3	POU3F2+CBFA2T3	True	False	True	False	ALIGNED	
norman_l2	L2_seed1	POU3F2+FOXL2	POU3F2+FOXL2	True	False	True	False	ALIGNED	
norman_l2	L2_seed1	POU3F2	POU3F2+ctrl	True	False	True	False	ALIGNED	
norman_l2	L2_seed1	PRDM1+CBFA2T3	PRDM1+CBFA2T3	True	False	True	False	ALIGNED	
norman_l2	L2_seed1	PRDM1	PRDM1+ctrl	True	False	True	False	ALIGNED	
norman_l2	L2_seed1	PRTG	PRTG+ctrl	True	False	True	False	ALIGNED	
norman_l2	L2_seed1	PTPN1	PTPN1+ctrl	True	False	True	False	ALIGNED	
norman_l2	L2_seed1	PTPN12+OSR2	PTPN12+OSR2	True	False	True	False	ALIGNED	
norman_l2	L2_seed1	PTPN12+PTPN9	PTPN12+PTPN9	True	False	True	False	ALIGNED	
norman_l2	L2_seed1	PTPN12+SNAI1	PTPN12+SNAI1	True	False	True	False	ALIGNED	
norman_l2	L2_seed1	PTPN12+UBASH3A	PTPN12+UBASH3A	True	False	True	False	ALIGNED	
norman_l2	L2_seed1	PTPN12	PTPN12+ctrl	True	False	True	False	ALIGNED	
norman_l2	L2_seed1	PTPN13	PTPN13+ctrl	True	False	True	False	ALIGNED	
norman_l2	L2_seed1	PTPN9	PTPN9+ctrl	True	False	True	False	ALIGNED	
norman_l2	L2_seed1	RREB1	RREB1+ctrl	True	False	True	False	ALIGNED	
norman_l2	L2_seed1	S1PR2	S1PR2+ctrl	True	False	True	False	ALIGNED	
norman_l2	L2_seed1	SAMD1+PTPN12	SAMD1+PTPN12	True	False	True	False	ALIGNED	
norman_l2	L2_seed1	SAMD1+ZBTB1	SAMD1+ZBTB1	True	False	True	False	ALIGNED	
norman_l2	L2_seed1	SAMD1	SAMD1+ctrl	True	False	True	False	ALIGNED	
norman_l2	L2_seed1	SET+CEBPE	SET+CEBPE	False	True	False	True	ALIGNED	
norman_l2	L2_seed1	SET	SET+ctrl	False	True	False	True	ALIGNED	
norman_l2	L2_seed1	SGK1+S1PR2	SGK1+S1PR2	True	False	True	False	ALIGNED	
norman_l2	L2_seed1	SGK1+TBX2	SGK1+TBX2	True	False	True	False	ALIGNED	
norman_l2	L2_seed1	SGK1+TBX3	SGK1+TBX3	True	False	True	False	ALIGNED	
norman_l2	L2_seed1	SGK1	SGK1+ctrl	True	False	True	False	ALIGNED	
norman_l2	L2_seed1	SLC4A1	SLC4A1+ctrl	True	False	True	False	ALIGNED	
norman_l2	L2_seed1	SLC6A9	SLC6A9+ctrl	True	False	True	False	ALIGNED	
norman_l2	L2_seed1	SNAI1+DLX2	SNAI1+DLX2	True	False	True	False	ALIGNED	
norman_l2	L2_seed1	SNAI1	SNAI1+ctrl	True	False	True	False	ALIGNED	
norman_l2	L2_seed1	SPI1	SPI1+ctrl	False	True	False	True	ALIGNED	
norman_l2	L2_seed1	STIL	STIL+ctrl	True	False	True	False	ALIGNED	
norman_l2	L2_seed1	TBX2	TBX2+ctrl	True	False	True	False	ALIGNED	
norman_l2	L2_seed1	TBX3+TBX2	TBX3+TBX2	True	False	True	False	ALIGNED	
norman_l2	L2_seed1	TBX3	TBX3+ctrl	True	False	True	False	ALIGNED	
norman_l2	L2_seed1	TGFBR2+C19orf26	TGFBR2+C19orf26	False	True	False	True	ALIGNED	
norman_l2	L2_seed1	TGFBR2	TGFBR2+ctrl	False	True	False	True	ALIGNED	
norman_l2	L2_seed1	TMSB4X+BAK1	TMSB4X+BAK1	True	False	True	False	ALIGNED	
norman_l2	L2_seed1	TMSB4X	TMSB4X+ctrl	True	False	True	False	ALIGNED	
norman_l2	L2_seed1	TP73	TP73+ctrl	True	False	True	False	ALIGNED	
norman_l2	L2_seed1	TSC22D1	TSC22D1+ctrl	True	False	True	False	ALIGNED	
norman_l2	L2_seed1	UBASH3A	UBASH3A+ctrl	True	False	True	False	ALIGNED	
norman_l2	L2_seed1	ZBTB1	ZBTB1+ctrl	True	False	True	False	ALIGNED	
norman_l2	L2_seed1	ZBTB10+DLX2	ZBTB10+DLX2	True	False	True	False	ALIGNED	
norman_l2	L2_seed1	ZBTB10+ELMSAN1	ZBTB10+ELMSAN1	True	False	True	False	ALIGNED	
norman_l2	L2_seed1	ZBTB10+PTPN12	ZBTB10+PTPN12	True	False	True	False	ALIGNED	
norman_l2	L2_seed1	ZBTB10+SNAI1	ZBTB10+SNAI1	True	False	True	False	ALIGNED	
norman_l2	L2_seed1	ZBTB10	ZBTB10+ctrl	True	False	True	False	ALIGNED	
norman_l2	L2_seed1	ZBTB25	ZBTB25+ctrl	False	True	False	True	ALIGNED	
norman_l2	L2_seed1	ZC3HAV1+CEBPA	ZC3HAV1+CEBPA	True	False	True	False	ALIGNED	
norman_l2	L2_seed1	ZC3HAV1	ZC3HAV1+ctrl	True	False	True	False	ALIGNED	
norman_l2	L2_seed1	ZNF318+FOXL2	ZNF318+FOXL2	True	False	True	False	ALIGNED	
norman_l2	L2_seed1	ZNF318	ZNF318+ctrl	True	False	True	False	ALIGNED	
norman_l2	L2_seed1	ctrl	ctrl	True	False	True	False	ALIGNED	
norman_l2	L2_seed1	ctrl+BAK1	ctrl+BAK1	True	False	True	False	ALIGNED	
norman_l2	L2_seed1	ctrl+C19orf26	ctrl+C19orf26	False	True	False	True	ALIGNED	
norman_l2	L2_seed1	ctrl+CBFA2T3	ctrl+CBFA2T3	True	False	True	False	ALIGNED	
norman_l2	L2_seed1	ctrl+CDKN1A	ctrl+CDKN1A	True	False	True	False	ALIGNED	
norman_l2	L2_seed1	ctrl+CDKN1B	ctrl+CDKN1B	True	False	True	False	ALIGNED	
norman_l2	L2_seed1	ctrl+CEBPA	ctrl+CEBPA	True	False	True	False	ALIGNED	
norman_l2	L2_seed1	ctrl+CEBPB	ctrl+CEBPB	False	True	False	True	ALIGNED	
norman_l2	L2_seed1	ctrl+CEBPE	ctrl+CEBPE	False	True	False	True	ALIGNED	
norman_l2	L2_seed1	ctrl+CLDN6	ctrl+CLDN6	True	False	True	False	ALIGNED	
norman_l2	L2_seed1	ctrl+CNN1	ctrl+CNN1	True	False	True	False	ALIGNED	
norman_l2	L2_seed1	ctrl+COL2A1	ctrl+COL2A1	True	False	True	False	ALIGNED	
norman_l2	L2_seed1	ctrl+DLX2	ctrl+DLX2	True	False	True	False	ALIGNED	
norman_l2	L2_seed1	ctrl+ELMSAN1	ctrl+ELMSAN1	True	False	True	False	ALIGNED	
norman_l2	L2_seed1	ctrl+ETS2	ctrl+ETS2	True	False	True	False	ALIGNED	
norman_l2	L2_seed1	ctrl+FEV	ctrl+FEV	True	False	True	False	ALIGNED	
norman_l2	L2_seed1	ctrl+FOXA1	ctrl+FOXA1	False	True	False	True	ALIGNED	
norman_l2	L2_seed1	ctrl+FOXF1	ctrl+FOXF1	True	False	True	False	ALIGNED	
norman_l2	L2_seed1	ctrl+FOXL2	ctrl+FOXL2	True	False	True	False	ALIGNED	
norman_l2	L2_seed1	ctrl+HOXC13	ctrl+HOXC13	False	True	False	True	ALIGNED	
norman_l2	L2_seed1	ctrl+IGDCC3	ctrl+IGDCC3	True	False	True	False	ALIGNED	
norman_l2	L2_seed1	ctrl+ISL2	ctrl+ISL2	True	False	True	False	ALIGNED	
norman_l2	L2_seed1	ctrl+KIF2C	ctrl+KIF2C	False	True	False	True	ALIGNED	
norman_l2	L2_seed1	ctrl+KLF1	ctrl+KLF1	True	False	True	False	ALIGNED	
norman_l2	L2_seed1	ctrl+MAP2K6	ctrl+MAP2K6	True	False	True	False	ALIGNED	
norman_l2	L2_seed1	ctrl+MAP7D1	ctrl+MAP7D1	False	True	False	True	ALIGNED	
norman_l2	L2_seed1	ctrl+MAPK1	ctrl+MAPK1	False	True	False	True	ALIGNED	
norman_l2	L2_seed1	ctrl+OSR2	ctrl+OSR2	True	False	True	False	ALIGNED	
norman_l2	L2_seed1	ctrl+PRTG	ctrl+PRTG	True	False	True	False	ALIGNED	
norman_l2	L2_seed1	ctrl+PTPN12	ctrl+PTPN12	True	False	True	False	ALIGNED	
norman_l2	L2_seed1	ctrl+PTPN9	ctrl+PTPN9	True	False	True	False	ALIGNED	
norman_l2	L2_seed1	ctrl+SAMD1	ctrl+SAMD1	True	False	True	False	ALIGNED	
norman_l2	L2_seed1	ctrl+SET	ctrl+SET	False	True	False	True	ALIGNED	
norman_l2	L2_seed1	ctrl+SNAI1	ctrl+SNAI1	True	False	True	False	ALIGNED	
norman_l2	L2_seed1	ctrl+SPI1	ctrl+SPI1	False	True	False	True	ALIGNED	
norman_l2	L2_seed1	ctrl+STIL	ctrl+STIL	True	False	True	False	ALIGNED	
norman_l2	L2_seed1	ctrl+TBX2	ctrl+TBX2	True	False	True	False	ALIGNED	
norman_l2	L2_seed1	ctrl+TBX3	ctrl+TBX3	True	False	True	False	ALIGNED	
norman_l2	L2_seed1	ctrl+TGFBR2	ctrl+TGFBR2	False	True	False	True	ALIGNED	
norman_l2	L2_seed1	ctrl+UBASH3A	ctrl+UBASH3A	True	False	True	False	ALIGNED	
norman_l2	L2_seed1	ctrl+ZBTB1	ctrl+ZBTB1	True	False	True	False	ALIGNED	
norman_l2	L2_seed1	ctrl+ZBTB25	ctrl+ZBTB25	False	True	False	True	ALIGNED	
replogle_k562_rl1	R-L1-K562_seed1	AAMP	AAMP+ctrl	True	False	True	False	ALIGNED	
replogle_k562_rl1	R-L1-K562_seed1	AARS	AARS+ctrl	True	False	True	False	ALIGNED	
replogle_k562_rl1	R-L1-K562_seed1	AATF	AATF+ctrl	True	False	True	False	ALIGNED	
replogle_k562_rl1	R-L1-K562_seed1	ABCE1	ABCE1+ctrl	False	True	False	True	ALIGNED	
replogle_k562_rl1	R-L1-K562_seed1	ABCF1	ABCF1+ctrl	True	False	True	False	ALIGNED	
replogle_k562_rl1	R-L1-K562_seed1	ABT1	ABT1+ctrl	True	False	True	False	ALIGNED	
replogle_k562_rl1	R-L1-K562_seed1	ACTB	ACTB+ctrl	True	False	True	False	ALIGNED	
replogle_k562_rl1	R-L1-K562_seed1	ACTL6A	ACTL6A+ctrl	True	False	True	False	ALIGNED	
replogle_k562_rl1	R-L1-K562_seed1	ACTR6	ACTR6+ctrl	False	True	False	True	ALIGNED	
replogle_k562_rl1	R-L1-K562_seed1	ACTR8	ACTR8+ctrl	False	True	False	True	ALIGNED	
replogle_k562_rl1	R-L1-K562_seed1	AHCTF1	AHCTF1+ctrl	True	False	True	False	ALIGNED	
replogle_k562_rl1	R-L1-K562_seed1	AHCY	AHCY+ctrl	True	False	True	False	ALIGNED	
replogle_k562_rl1	R-L1-K562_seed1	AKIRIN2	AKIRIN2+ctrl	True	False	True	False	ALIGNED	
replogle_k562_rl1	R-L1-K562_seed1	ALDOA	ALDOA+ctrl	True	False	True	False	ALIGNED	
replogle_k562_rl1	R-L1-K562_seed1	ALG13	ALG13+ctrl	False	True	False	True	ALIGNED	
replogle_k562_rl1	R-L1-K562_seed1	ALYREF	ALYREF+ctrl	True	False	True	False	ALIGNED	
replogle_k562_rl1	R-L1-K562_seed1	ANAPC2	ANAPC2+ctrl	True	False	True	False	ALIGNED	
replogle_k562_rl1	R-L1-K562_seed1	ANAPC4	ANAPC4+ctrl	True	False	True	False	ALIGNED	
replogle_k562_rl1	R-L1-K562_seed1	ANKRD11	ANKRD11+ctrl	True	False	True	False	ALIGNED	
replogle_k562_rl1	R-L1-K562_seed1	AP2S1	AP2S1+ctrl	True	False	True	False	ALIGNED	
replogle_k562_rl1	R-L1-K562_seed1	AQR	AQR+ctrl	True	False	True	False	ALIGNED	
replogle_k562_rl1	R-L1-K562_seed1	ARCN1	ARCN1+ctrl	False	True	False	True	ALIGNED	
replogle_k562_rl1	R-L1-K562_seed1	ARGLU1	ARGLU1+ctrl	True	False	True	False	ALIGNED	
replogle_k562_rl1	R-L1-K562_seed1	ARIH1	ARIH1+ctrl	True	False	True	False	ALIGNED	
replogle_k562_rl1	R-L1-K562_seed1	ARL2	ARL2+ctrl	True	False	True	False	ALIGNED	
replogle_k562_rl1	R-L1-K562_seed1	ARMC7	ARMC7+ctrl	True	False	True	False	ALIGNED	
replogle_k562_rl1	R-L1-K562_seed1	ARPC4	ARPC4+ctrl	True	False	True	False	ALIGNED	
replogle_k562_rl1	R-L1-K562_seed1	ATF4	ATF4+ctrl	True	False	True	False	ALIGNED	
replogle_k562_rl1	R-L1-K562_seed1	ATF5	ATF5+ctrl	True	False	True	False	ALIGNED	
replogle_k562_rl1	R-L1-K562_seed1	ATP6AP1	ATP6AP1+ctrl	False	True	False	True	ALIGNED	
replogle_k562_rl1	R-L1-K562_seed1	ATP6V0B	ATP6V0B+ctrl	True	False	True	False	ALIGNED	
replogle_k562_rl1	R-L1-K562_seed1	ATP6V0C	ATP6V0C+ctrl	True	False	True	False	ALIGNED	
replogle_k562_rl1	R-L1-K562_seed1	ATP6V1A	ATP6V1A+ctrl	False	True	False	True	ALIGNED	
replogle_k562_rl1	R-L1-K562_seed1	ATP6V1B2	ATP6V1B2+ctrl	True	False	True	False	ALIGNED	
replogle_k562_rl1	R-L1-K562_seed1	ATR	ATR+ctrl	True	False	True	False	ALIGNED	
replogle_k562_rl1	R-L1-K562_seed1	ATRIP	ATRIP+ctrl	True	False	True	False	ALIGNED	
replogle_k562_rl1	R-L1-K562_seed1	BAP1	BAP1+ctrl	True	False	True	False	ALIGNED	
replogle_k562_rl1	R-L1-K562_seed1	BCAS2	BCAS2+ctrl	True	False	True	False	ALIGNED	
replogle_k562_rl1	R-L1-K562_seed1	BDP1	BDP1+ctrl	True	False	True	False	ALIGNED	
replogle_k562_rl1	R-L1-K562_seed1	BGLAP	BGLAP+ctrl	True	False	True	False	ALIGNED	
replogle_k562_rl1	R-L1-K562_seed1	BNIP1	BNIP1+ctrl	True	False	True	False	ALIGNED	
replogle_k562_rl1	R-L1-K562_seed1	BOP1	BOP1+ctrl	True	False	True	False	ALIGNED	
replogle_k562_rl1	R-L1-K562_seed1	BRD8	BRD8+ctrl	True	False	True	False	ALIGNED	
replogle_k562_rl1	R-L1-K562_seed1	BRIX1	BRIX1+ctrl	False	True	False	True	ALIGNED	
replogle_k562_rl1	R-L1-K562_seed1	BUD13	BUD13+ctrl	True	False	True	False	ALIGNED	
replogle_k562_rl1	R-L1-K562_seed1	BUD31	BUD31+ctrl	True	False	True	False	ALIGNED	
replogle_k562_rl1	R-L1-K562_seed1	BYSL	BYSL+ctrl	True	False	True	False	ALIGNED	
replogle_k562_rl1	R-L1-K562_seed1	C12orf45	C12orf45+ctrl	True	False	True	False	ALIGNED	
replogle_k562_rl1	R-L1-K562_seed1	C1QBP	C1QBP+ctrl	True	False	True	False	ALIGNED	
replogle_k562_rl1	R-L1-K562_seed1	CACTIN	CACTIN+ctrl	True	False	True	False	ALIGNED	
replogle_k562_rl1	R-L1-K562_seed1	CAPZB	CAPZB+ctrl	True	False	True	False	ALIGNED	
replogle_k562_rl1	R-L1-K562_seed1	CASP8AP2	CASP8AP2+ctrl	True	False	True	False	ALIGNED	
replogle_k562_rl1	R-L1-K562_seed1	CCDC174	CCDC174+ctrl	True	False	True	False	ALIGNED	
replogle_k562_rl1	R-L1-K562_seed1	CCDC84	CCDC84+ctrl	True	False	True	False	ALIGNED	
replogle_k562_rl1	R-L1-K562_seed1	CCDC86	CCDC86+ctrl	True	False	True	False	ALIGNED	
replogle_k562_rl1	R-L1-K562_seed1	CCNH	CCNH+ctrl	False	True	False	True	ALIGNED	
replogle_k562_rl1	R-L1-K562_seed1	CCNK	CCNK+ctrl	False	True	False	True	ALIGNED	
replogle_k562_rl1	R-L1-K562_seed1	CCT2	CCT2+ctrl	True	False	True	False	ALIGNED	
replogle_k562_rl1	R-L1-K562_seed1	CCT3	CCT3+ctrl	False	True	False	True	ALIGNED	
replogle_k562_rl1	R-L1-K562_seed1	CCT4	CCT4+ctrl	True	False	True	False	ALIGNED	
replogle_k562_rl1	R-L1-K562_seed1	CCT5	CCT5+ctrl	False	True	False	True	ALIGNED	
replogle_k562_rl1	R-L1-K562_seed1	CCT6A	CCT6A+ctrl	True	False	True	False	ALIGNED	
replogle_k562_rl1	R-L1-K562_seed1	CCT7	CCT7+ctrl	False	True	False	True	ALIGNED	
replogle_k562_rl1	R-L1-K562_seed1	CCT8	CCT8+ctrl	True	False	True	False	ALIGNED	
replogle_k562_rl1	R-L1-K562_seed1	CD3EAP	CD3EAP+ctrl	True	False	True	False	ALIGNED	
replogle_k562_rl1	R-L1-K562_seed1	CDC23	CDC23+ctrl	True	False	True	False	ALIGNED	
replogle_k562_rl1	R-L1-K562_seed1	CDC27	CDC27+ctrl	True	False	True	False	ALIGNED	
replogle_k562_rl1	R-L1-K562_seed1	CDC40	CDC40+ctrl	True	False	True	False	ALIGNED	
replogle_k562_rl1	R-L1-K562_seed1	CDC5L	CDC5L+ctrl	True	False	True	False	ALIGNED	
replogle_k562_rl1	R-L1-K562_seed1	CDC73	CDC73+ctrl	False	True	False	True	ALIGNED	
replogle_k562_rl1	R-L1-K562_seed1	CDK1	CDK1+ctrl	True	False	True	False	ALIGNED	
replogle_k562_rl1	R-L1-K562_seed1	CDK9	CDK9+ctrl	True	False	True	False	ALIGNED	
replogle_k562_rl1	R-L1-K562_seed1	CEBPZ	CEBPZ+ctrl	True	False	True	False	ALIGNED	
replogle_k562_rl1	R-L1-K562_seed1	CENPC	CENPC+ctrl	True	False	True	False	ALIGNED	
replogle_k562_rl1	R-L1-K562_seed1	CENPJ	CENPJ+ctrl	False	True	False	True	ALIGNED	
replogle_k562_rl1	R-L1-K562_seed1	CENPK	CENPK+ctrl	True	False	True	False	ALIGNED	
replogle_k562_rl1	R-L1-K562_seed1	CEP192	CEP192+ctrl	True	False	True	False	ALIGNED	
replogle_k562_rl1	R-L1-K562_seed1	CHAF1A	CHAF1A+ctrl	True	False	True	False	ALIGNED	
replogle_k562_rl1	R-L1-K562_seed1	CHAF1B	CHAF1B+ctrl	True	False	True	False	ALIGNED	
replogle_k562_rl1	R-L1-K562_seed1	CHD4	CHD4+ctrl	True	False	True	False	ALIGNED	
replogle_k562_rl1	R-L1-K562_seed1	CHEK1	CHEK1+ctrl	True	False	True	False	ALIGNED	
replogle_k562_rl1	R-L1-K562_seed1	CHERP	CHERP+ctrl	True	False	True	False	ALIGNED	
replogle_k562_rl1	R-L1-K562_seed1	CHMP1A	CHMP1A+ctrl	True	False	True	False	ALIGNED	
replogle_k562_rl1	R-L1-K562_seed1	CHMP2A	CHMP2A+ctrl	True	False	True	False	ALIGNED	
replogle_k562_rl1	R-L1-K562_seed1	CHMP3	CHMP3+ctrl	False	True	False	True	ALIGNED	
replogle_k562_rl1	R-L1-K562_seed1	CHMP6	CHMP6+ctrl	True	False	True	False	ALIGNED	
replogle_k562_rl1	R-L1-K562_seed1	CIAPIN1	CIAPIN1+ctrl	False	True	False	True	ALIGNED	
replogle_k562_rl1	R-L1-K562_seed1	CINP	CINP+ctrl	True	False	True	False	ALIGNED	
replogle_k562_rl1	R-L1-K562_seed1	CKAP5	CKAP5+ctrl	False	True	False	True	ALIGNED	
replogle_k562_rl1	R-L1-K562_seed1	CLNS1A	CLNS1A+ctrl	True	False	True	False	ALIGNED	
replogle_k562_rl1	R-L1-K562_seed1	CLP1	CLP1+ctrl	True	False	True	False	ALIGNED	
replogle_k562_rl1	R-L1-K562_seed1	CLTC	CLTC+ctrl	True	False	True	False	ALIGNED	
replogle_k562_rl1	R-L1-K562_seed1	CMTR1	CMTR1+ctrl	True	False	True	False	ALIGNED	
replogle_k562_rl1	R-L1-K562_seed1	CNIH4	CNIH4+ctrl	False	True	False	True	ALIGNED	
replogle_k562_rl1	R-L1-K562_seed1	CNOT1	CNOT1+ctrl	True	False	True	False	ALIGNED	
replogle_k562_rl1	R-L1-K562_seed1	CNOT2	CNOT2+ctrl	True	False	True	False	ALIGNED	
replogle_k562_rl1	R-L1-K562_seed1	CNOT3	CNOT3+ctrl	True	False	True	False	ALIGNED	
replogle_k562_rl1	R-L1-K562_seed1	COG3	COG3+ctrl	True	False	True	False	ALIGNED	
replogle_k562_rl1	R-L1-K562_seed1	COPB1	COPB1+ctrl	True	False	True	False	ALIGNED	
replogle_k562_rl1	R-L1-K562_seed1	COPB2	COPB2+ctrl	True	False	True	False	ALIGNED	
replogle_k562_rl1	R-L1-K562_seed1	COPS2	COPS2+ctrl	True	False	True	False	ALIGNED	
replogle_k562_rl1	R-L1-K562_seed1	COPS3	COPS3+ctrl	True	False	True	False	ALIGNED	
replogle_k562_rl1	R-L1-K562_seed1	COPS4	COPS4+ctrl	True	False	True	False	ALIGNED	
replogle_k562_rl1	R-L1-K562_seed1	COPS5	COPS5+ctrl	True	False	True	False	ALIGNED	
replogle_k562_rl1	R-L1-K562_seed1	COPS8	COPS8+ctrl	True	False	True	False	ALIGNED	
replogle_k562_rl1	R-L1-K562_seed1	COPZ1	COPZ1+ctrl	True	False	True	False	ALIGNED	
replogle_k562_rl1	R-L1-K562_seed1	COX11	COX11+ctrl	True	False	True	False	ALIGNED	
replogle_k562_rl1	R-L1-K562_seed1	COX15	COX15+ctrl	True	False	True	False	ALIGNED	
replogle_k562_rl1	R-L1-K562_seed1	COX7C	COX7C+ctrl	True	False	True	False	ALIGNED	
replogle_k562_rl1	R-L1-K562_seed1	CPSF1	CPSF1+ctrl	False	True	False	True	ALIGNED	
replogle_k562_rl1	R-L1-K562_seed1	CPSF3	CPSF3+ctrl	True	False	True	False	ALIGNED	
replogle_k562_rl1	R-L1-K562_seed1	CPSF4	CPSF4+ctrl	True	False	True	False	ALIGNED	
replogle_k562_rl1	R-L1-K562_seed1	CPSF6	CPSF6+ctrl	False	True	False	True	ALIGNED	
replogle_k562_rl1	R-L1-K562_seed1	CRNKL1	CRNKL1+ctrl	True	False	True	False	ALIGNED	
replogle_k562_rl1	R-L1-K562_seed1	CSE1L	CSE1L+ctrl	True	False	True	False	ALIGNED	
replogle_k562_rl1	R-L1-K562_seed1	CSNK1A1	CSNK1A1+ctrl	True	False	True	False	ALIGNED	
replogle_k562_rl1	R-L1-K562_seed1	CSNK2B	CSNK2B+ctrl	True	False	True	False	ALIGNED	
replogle_k562_rl1	R-L1-K562_seed1	CSTF3	CSTF3+ctrl	True	False	True	False	ALIGNED	
replogle_k562_rl1	R-L1-K562_seed1	CTDP1	CTDP1+ctrl	True	False	True	False	ALIGNED	
replogle_k562_rl1	R-L1-K562_seed1	CTNNBL1	CTNNBL1+ctrl	True	False	True	False	ALIGNED	
replogle_k562_rl1	R-L1-K562_seed1	CTR9	CTR9+ctrl	True	False	True	False	ALIGNED	
replogle_k562_rl1	R-L1-K562_seed1	CUL1	CUL1+ctrl	True	False	True	False	ALIGNED	
replogle_k562_rl1	R-L1-K562_seed1	CUL2	CUL2+ctrl	True	False	True	False	ALIGNED	
replogle_k562_rl1	R-L1-K562_seed1	CUL7	CUL7+ctrl	True	False	True	False	ALIGNED	
replogle_k562_rl1	R-L1-K562_seed1	CWC15	CWC15+ctrl	True	False	True	False	ALIGNED	
replogle_k562_rl1	R-L1-K562_seed1	CWC22	CWC22+ctrl	True	False	True	False	ALIGNED	
replogle_k562_rl1	R-L1-K562_seed1	CWF19L2	CWF19L2+ctrl	True	False	True	False	ALIGNED	
replogle_k562_rl1	R-L1-K562_seed1	CXXC1	CXXC1+ctrl	False	True	False	True	ALIGNED	
replogle_k562_rl1	R-L1-K562_seed1	CYCS	CYCS+ctrl	False	True	False	True	ALIGNED	
replogle_k562_rl1	R-L1-K562_seed1	DAD1	DAD1+ctrl	True	False	True	False	ALIGNED	
replogle_k562_rl1	R-L1-K562_seed1	DBR1	DBR1+ctrl	False	True	False	True	ALIGNED	
replogle_k562_rl1	R-L1-K562_seed1	DCUN1D5	DCUN1D5+ctrl	True	False	True	False	ALIGNED	
replogle_k562_rl1	R-L1-K562_seed1	DDB1	DDB1+ctrl	False	True	False	True	ALIGNED	
replogle_k562_rl1	R-L1-K562_seed1	DDX10	DDX10+ctrl	True	False	True	False	ALIGNED	
replogle_k562_rl1	R-L1-K562_seed1	DDX20	DDX20+ctrl	True	False	True	False	ALIGNED	
replogle_k562_rl1	R-L1-K562_seed1	DDX21	DDX21+ctrl	True	False	True	False	ALIGNED	
replogle_k562_rl1	R-L1-K562_seed1	DDX23	DDX23+ctrl	True	False	True	False	ALIGNED	
replogle_k562_rl1	R-L1-K562_seed1	DDX24	DDX24+ctrl	False	True	False	True	ALIGNED	
replogle_k562_rl1	R-L1-K562_seed1	DDX27	DDX27+ctrl	True	False	True	False	ALIGNED	
replogle_k562_rl1	R-L1-K562_seed1	DDX41	DDX41+ctrl	True	False	True	False	ALIGNED	
replogle_k562_rl1	R-L1-K562_seed1	DDX46	DDX46+ctrl	False	True	False	True	ALIGNED	
replogle_k562_rl1	R-L1-K562_seed1	DDX47	DDX47+ctrl	False	True	False	True	ALIGNED	
replogle_k562_rl1	R-L1-K562_seed1	DDX49	DDX49+ctrl	True	False	True	False	ALIGNED	
replogle_k562_rl1	R-L1-K562_seed1	DDX51	DDX51+ctrl	True	False	True	False	ALIGNED	
replogle_k562_rl1	R-L1-K562_seed1	DDX52	DDX52+ctrl	True	False	True	False	ALIGNED	
replogle_k562_rl1	R-L1-K562_seed1	DDX54	DDX54+ctrl	True	False	True	False	ALIGNED	
replogle_k562_rl1	R-L1-K562_seed1	DDX55	DDX55+ctrl	True	False	True	False	ALIGNED	
replogle_k562_rl1	R-L1-K562_seed1	DDX56	DDX56+ctrl	True	False	True	False	ALIGNED	
replogle_k562_rl1	R-L1-K562_seed1	DDX59	DDX59+ctrl	True	False	True	False	ALIGNED	
replogle_k562_rl1	R-L1-K562_seed1	DDX6	DDX6+ctrl	True	False	True	False	ALIGNED	
replogle_k562_rl1	R-L1-K562_seed1	DENR	DENR+ctrl	True	False	True	False	ALIGNED	
replogle_k562_rl1	R-L1-K562_seed1	DERL2	DERL2+ctrl	True	False	True	False	ALIGNED	
replogle_k562_rl1	R-L1-K562_seed1	DHDDS	DHDDS+ctrl	True	False	True	False	ALIGNED	
replogle_k562_rl1	R-L1-K562_seed1	DHODH	DHODH+ctrl	False	True	False	True	ALIGNED	
replogle_k562_rl1	R-L1-K562_seed1	DHX15	DHX15+ctrl	True	False	True	False	ALIGNED	
replogle_k562_rl1	R-L1-K562_seed1	DHX16	DHX16+ctrl	True	False	True	False	ALIGNED	
replogle_k562_rl1	R-L1-K562_seed1	DHX33	DHX33+ctrl	False	True	False	True	ALIGNED	
replogle_k562_rl1	R-L1-K562_seed1	DHX36	DHX36+ctrl	True	False	True	False	ALIGNED	
replogle_k562_rl1	R-L1-K562_seed1	DICER1	DICER1+ctrl	False	True	False	True	ALIGNED	
replogle_k562_rl1	R-L1-K562_seed1	DIMT1	DIMT1+ctrl	True	False	True	False	ALIGNED	
replogle_k562_rl1	R-L1-K562_seed1	DIS3	DIS3+ctrl	True	False	True	False	ALIGNED	
replogle_k562_rl1	R-L1-K562_seed1	DKC1	DKC1+ctrl	True	False	True	False	ALIGNED	
replogle_k562_rl1	R-L1-K562_seed1	DLD	DLD+ctrl	True	False	True	False	ALIGNED	
replogle_k562_rl1	R-L1-K562_seed1	DNAJA3	DNAJA3+ctrl	True	False	True	False	ALIGNED	
replogle_k562_rl1	R-L1-K562_seed1	DNAJC17	DNAJC17+ctrl	True	False	True	False	ALIGNED	
replogle_k562_rl1	R-L1-K562_seed1	DNAJC19	DNAJC19+ctrl	True	False	True	False	ALIGNED	
replogle_k562_rl1	R-L1-K562_seed1	DNAJC8	DNAJC8+ctrl	True	False	True	False	ALIGNED	
replogle_k562_rl1	R-L1-K562_seed1	DNM1L	DNM1L+ctrl	True	False	True	False	ALIGNED	
replogle_k562_rl1	R-L1-K562_seed1	DNMT1	DNMT1+ctrl	True	False	True	False	ALIGNED	
replogle_k562_rl1	R-L1-K562_seed1	DNTTIP2	DNTTIP2+ctrl	False	True	False	True	ALIGNED	
replogle_k562_rl1	R-L1-K562_seed1	DOHH	DOHH+ctrl	True	False	True	False	ALIGNED	
replogle_k562_rl1	R-L1-K562_seed1	DONSON	DONSON+ctrl	True	False	True	False	ALIGNED	
replogle_k562_rl1	R-L1-K562_seed1	DPH2	DPH2+ctrl	True	False	True	False	ALIGNED	
replogle_k562_rl1	R-L1-K562_seed1	DR1	DR1+ctrl	True	False	True	False	ALIGNED	
replogle_k562_rl1	R-L1-K562_seed1	DRAP1	DRAP1+ctrl	True	False	True	False	ALIGNED	
replogle_k562_rl1	R-L1-K562_seed1	DTL	DTL+ctrl	True	False	True	False	ALIGNED	
replogle_k562_rl1	R-L1-K562_seed1	DTYMK	DTYMK+ctrl	True	False	True	False	ALIGNED	
replogle_k562_rl1	R-L1-K562_seed1	DUT	DUT+ctrl	True	False	True	False	ALIGNED	
replogle_k562_rl1	R-L1-K562_seed1	DYNC1H1	DYNC1H1+ctrl	False	True	False	True	ALIGNED	
replogle_k562_rl1	R-L1-K562_seed1	DYNC1I2	DYNC1I2+ctrl	True	False	True	False	ALIGNED	
replogle_k562_rl1	R-L1-K562_seed1	DYNLL1	DYNLL1+ctrl	False	True	False	True	ALIGNED	
replogle_k562_rl1	R-L1-K562_seed1	E4F1	E4F1+ctrl	True	False	True	False	ALIGNED	
replogle_k562_rl1	R-L1-K562_seed1	EBNA1BP2	EBNA1BP2+ctrl	True	False	True	False	ALIGNED	
replogle_k562_rl1	R-L1-K562_seed1	ECD	ECD+ctrl	True	False	True	False	ALIGNED	
replogle_k562_rl1	R-L1-K562_seed1	EEF1G	EEF1G+ctrl	False	True	False	True	ALIGNED	
replogle_k562_rl1	R-L1-K562_seed1	EEF2	EEF2+ctrl	True	False	True	False	ALIGNED	
replogle_k562_rl1	R-L1-K562_seed1	EFTUD2	EFTUD2+ctrl	True	False	True	False	ALIGNED	
replogle_k562_rl1	R-L1-K562_seed1	EIF1AX	EIF1AX+ctrl	True	False	True	False	ALIGNED	
replogle_k562_rl1	R-L1-K562_seed1	EIF2B1	EIF2B1+ctrl	True	False	True	False	ALIGNED	
replogle_k562_rl1	R-L1-K562_seed1	EIF2B2	EIF2B2+ctrl	True	False	True	False	ALIGNED	
replogle_k562_rl1	R-L1-K562_seed1	EIF2B3	EIF2B3+ctrl	True	False	True	False	ALIGNED	
replogle_k562_rl1	R-L1-K562_seed1	EIF2B4	EIF2B4+ctrl	True	False	True	False	ALIGNED	
replogle_k562_rl1	R-L1-K562_seed1	EIF2B5	EIF2B5+ctrl	True	False	True	False	ALIGNED	
replogle_k562_rl1	R-L1-K562_seed1	EIF2S1	EIF2S1+ctrl	True	False	True	False	ALIGNED	
replogle_k562_rl1	R-L1-K562_seed1	EIF2S2	EIF2S2+ctrl	False	True	False	True	ALIGNED	
replogle_k562_rl1	R-L1-K562_seed1	EIF2S3	EIF2S3+ctrl	True	False	True	False	ALIGNED	
replogle_k562_rl1	R-L1-K562_seed1	EIF3A	EIF3A+ctrl	True	False	True	False	ALIGNED	
replogle_k562_rl1	R-L1-K562_seed1	EIF3CL	EIF3CL+ctrl	True	False	True	False	ALIGNED	
replogle_k562_rl1	R-L1-K562_seed1	EIF3D	EIF3D+ctrl	True	False	True	False	ALIGNED	
replogle_k562_rl1	R-L1-K562_seed1	EIF3E	EIF3E+ctrl	False	True	False	True	ALIGNED	
replogle_k562_rl1	R-L1-K562_seed1	EIF3F	EIF3F+ctrl	True	False	True	False	ALIGNED	
replogle_k562_rl1	R-L1-K562_seed1	EIF3G	EIF3G+ctrl	True	False	True	False	ALIGNED	
replogle_k562_rl1	R-L1-K562_seed1	EIF3H	EIF3H+ctrl	True	False	True	False	ALIGNED	
replogle_k562_rl1	R-L1-K562_seed1	EIF3I	EIF3I+ctrl	False	True	False	True	ALIGNED	
replogle_k562_rl1	R-L1-K562_seed1	EIF3J	EIF3J+ctrl	True	False	True	False	ALIGNED	
replogle_k562_rl1	R-L1-K562_seed1	EIF3M	EIF3M+ctrl	True	False	True	False	ALIGNED	
replogle_k562_rl1	R-L1-K562_seed1	EIF4E	EIF4E+ctrl	True	False	True	False	ALIGNED	
replogle_k562_rl1	R-L1-K562_seed1	EIF4G1	EIF4G1+ctrl	True	False	True	False	ALIGNED	
replogle_k562_rl1	R-L1-K562_seed1	EIF4G2	EIF4G2+ctrl	True	False	True	False	ALIGNED	
replogle_k562_rl1	R-L1-K562_seed1	EIF5	EIF5+ctrl	True	False	True	False	ALIGNED	
replogle_k562_rl1	R-L1-K562_seed1	EIF6	EIF6+ctrl	True	False	True	False	ALIGNED	
replogle_k562_rl1	R-L1-K562_seed1	ELP3	ELP3+ctrl	True	False	True	False	ALIGNED	
replogle_k562_rl1	R-L1-K562_seed1	ELP5	ELP5+ctrl	True	False	True	False	ALIGNED	
replogle_k562_rl1	R-L1-K562_seed1	EP400	EP400+ctrl	True	False	True	False	ALIGNED	
replogle_k562_rl1	R-L1-K562_seed1	EPRS	EPRS+ctrl	True	False	True	False	ALIGNED	
replogle_k562_rl1	R-L1-K562_seed1	ERCC2	ERCC2+ctrl	False	True	False	True	ALIGNED	
replogle_k562_rl1	R-L1-K562_seed1	ERCC3	ERCC3+ctrl	True	False	True	False	ALIGNED	
replogle_k562_rl1	R-L1-K562_seed1	ERH	ERH+ctrl	True	False	True	False	ALIGNED	
replogle_k562_rl1	R-L1-K562_seed1	ESF1	ESF1+ctrl	True	False	True	False	ALIGNED	
replogle_k562_rl1	R-L1-K562_seed1	EXOC7	EXOC7+ctrl	True	False	True	False	ALIGNED	
replogle_k562_rl1	R-L1-K562_seed1	EXOSC10	EXOSC10+ctrl	True	False	True	False	ALIGNED	
replogle_k562_rl1	R-L1-K562_seed1	EXOSC2	EXOSC2+ctrl	True	False	True	False	ALIGNED	
replogle_k562_rl1	R-L1-K562_seed1	EXOSC3	EXOSC3+ctrl	True	False	True	False	ALIGNED	
replogle_k562_rl1	R-L1-K562_seed1	EXOSC4	EXOSC4+ctrl	True	False	True	False	ALIGNED	
replogle_k562_rl1	R-L1-K562_seed1	EXOSC5	EXOSC5+ctrl	True	False	True	False	ALIGNED	
replogle_k562_rl1	R-L1-K562_seed1	EXOSC6	EXOSC6+ctrl	True	False	True	False	ALIGNED	
replogle_k562_rl1	R-L1-K562_seed1	EXOSC7	EXOSC7+ctrl	True	False	True	False	ALIGNED	
replogle_k562_rl1	R-L1-K562_seed1	EXOSC8	EXOSC8+ctrl	False	True	False	True	ALIGNED	
replogle_k562_rl1	R-L1-K562_seed1	EXOSC9	EXOSC9+ctrl	False	True	False	True	ALIGNED	
replogle_k562_rl1	R-L1-K562_seed1	FAM136A	FAM136A+ctrl	False	True	False	True	ALIGNED	
replogle_k562_rl1	R-L1-K562_seed1	FAM32A	FAM32A+ctrl	False	True	False	True	ALIGNED	
replogle_k562_rl1	R-L1-K562_seed1	FAM50A	FAM50A+ctrl	True	False	True	False	ALIGNED	
replogle_k562_rl1	R-L1-K562_seed1	FARSA	FARSA+ctrl	True	False	True	False	ALIGNED	
replogle_k562_rl1	R-L1-K562_seed1	FARSB	FARSB+ctrl	True	False	True	False	ALIGNED	
replogle_k562_rl1	R-L1-K562_seed1	FASTKD5	FASTKD5+ctrl	False	True	False	True	ALIGNED	
replogle_k562_rl1	R-L1-K562_seed1	FBL	FBL+ctrl	True	False	True	False	ALIGNED	
replogle_k562_rl1	R-L1-K562_seed1	FBXO5	FBXO5+ctrl	False	True	False	True	ALIGNED	
replogle_k562_rl1	R-L1-K562_seed1	FCF1	FCF1+ctrl	True	False	True	False	ALIGNED	
replogle_k562_rl1	R-L1-K562_seed1	FNTA	FNTA+ctrl	True	False	True	False	ALIGNED	
replogle_k562_rl1	R-L1-K562_seed1	FTSJ3	FTSJ3+ctrl	True	False	True	False	ALIGNED	
replogle_k562_rl1	R-L1-K562_seed1	GAB2	GAB2+ctrl	True	False	True	False	ALIGNED	
replogle_k562_rl1	R-L1-K562_seed1	GAR1	GAR1+ctrl	True	False	True	False	ALIGNED	
replogle_k562_rl1	R-L1-K562_seed1	GARS	GARS+ctrl	True	False	True	False	ALIGNED	
replogle_k562_rl1	R-L1-K562_seed1	GATA1	GATA1+ctrl	False	True	False	True	ALIGNED	
replogle_k562_rl1	R-L1-K562_seed1	GBF1	GBF1+ctrl	True	False	True	False	ALIGNED	
replogle_k562_rl1	R-L1-K562_seed1	GFER	GFER+ctrl	True	False	True	False	ALIGNED	
replogle_k562_rl1	R-L1-K562_seed1	GFM1	GFM1+ctrl	True	False	True	False	ALIGNED	
replogle_k562_rl1	R-L1-K562_seed1	GINS1	GINS1+ctrl	True	False	True	False	ALIGNED	
replogle_k562_rl1	R-L1-K562_seed1	GINS2	GINS2+ctrl	False	True	False	True	ALIGNED	
replogle_k562_rl1	R-L1-K562_seed1	GINS3	GINS3+ctrl	False	True	False	True	ALIGNED	
replogle_k562_rl1	R-L1-K562_seed1	GINS4	GINS4+ctrl	False	True	False	True	ALIGNED	
replogle_k562_rl1	R-L1-K562_seed1	GLE1	GLE1+ctrl	True	False	True	False	ALIGNED	
replogle_k562_rl1	R-L1-K562_seed1	GMPS	GMPS+ctrl	True	False	True	False	ALIGNED	
replogle_k562_rl1	R-L1-K562_seed1	GNL2	GNL2+ctrl	True	False	True	False	ALIGNED	
replogle_k562_rl1	R-L1-K562_seed1	GNL3	GNL3+ctrl	True	False	True	False	ALIGNED	
replogle_k562_rl1	R-L1-K562_seed1	GNL3L	GNL3L+ctrl	True	False	True	False	ALIGNED	
replogle_k562_rl1	R-L1-K562_seed1	GOLT1B	GOLT1B+ctrl	True	False	True	False	ALIGNED	
replogle_k562_rl1	R-L1-K562_seed1	GPKOW	GPKOW+ctrl	True	False	True	False	ALIGNED	
replogle_k562_rl1	R-L1-K562_seed1	GPN1	GPN1+ctrl	True	False	True	False	ALIGNED	
replogle_k562_rl1	R-L1-K562_seed1	GPN2	GPN2+ctrl	True	False	True	False	ALIGNED	
replogle_k562_rl1	R-L1-K562_seed1	GPN3	GPN3+ctrl	True	False	True	False	ALIGNED	
replogle_k562_rl1	R-L1-K562_seed1	GPS1	GPS1+ctrl	False	True	False	True	ALIGNED	
replogle_k562_rl1	R-L1-K562_seed1	GRB2	GRB2+ctrl	False	True	False	True	ALIGNED	
replogle_k562_rl1	R-L1-K562_seed1	GRPEL1	GRPEL1+ctrl	True	False	True	False	ALIGNED	
replogle_k562_rl1	R-L1-K562_seed1	GRSF1	GRSF1+ctrl	True	False	True	False	ALIGNED	
replogle_k562_rl1	R-L1-K562_seed1	GSPT1	GSPT1+ctrl	True	False	True	False	ALIGNED	
replogle_k562_rl1	R-L1-K562_seed1	GTF2A1	GTF2A1+ctrl	True	False	True	False	ALIGNED	
replogle_k562_rl1	R-L1-K562_seed1	GTF2A2	GTF2A2+ctrl	True	False	True	False	ALIGNED	
replogle_k562_rl1	R-L1-K562_seed1	GTF2E1	GTF2E1+ctrl	True	False	True	False	ALIGNED	
replogle_k562_rl1	R-L1-K562_seed1	GTF2F2	GTF2F2+ctrl	True	False	True	False	ALIGNED	
replogle_k562_rl1	R-L1-K562_seed1	GTF2H1	GTF2H1+ctrl	True	False	True	False	ALIGNED	
replogle_k562_rl1	R-L1-K562_seed1	GTF2H4	GTF2H4+ctrl	True	False	True	False	ALIGNED	
replogle_k562_rl1	R-L1-K562_seed1	GTF3C3	GTF3C3+ctrl	False	True	False	True	ALIGNED	
replogle_k562_rl1	R-L1-K562_seed1	GTPBP4	GTPBP4+ctrl	True	False	True	False	ALIGNED	
replogle_k562_rl1	R-L1-K562_seed1	GUCD1	GUCD1+ctrl	True	False	True	False	ALIGNED	
replogle_k562_rl1	R-L1-K562_seed1	HARS	HARS+ctrl	False	True	False	True	ALIGNED	
replogle_k562_rl1	R-L1-K562_seed1	HARS2	HARS2+ctrl	True	False	True	False	ALIGNED	
replogle_k562_rl1	R-L1-K562_seed1	HAUS4	HAUS4+ctrl	True	False	True	False	ALIGNED	
replogle_k562_rl1	R-L1-K562_seed1	HAUS5	HAUS5+ctrl	True	False	True	False	ALIGNED	
replogle_k562_rl1	R-L1-K562_seed1	HBS1L	HBS1L+ctrl	True	False	True	False	ALIGNED	
replogle_k562_rl1	R-L1-K562_seed1	HDAC7	HDAC7+ctrl	True	False	True	False	ALIGNED	
replogle_k562_rl1	R-L1-K562_seed1	HEATR1	HEATR1+ctrl	True	False	True	False	ALIGNED	
replogle_k562_rl1	R-L1-K562_seed1	HGS	HGS+ctrl	True	False	True	False	ALIGNED	
replogle_k562_rl1	R-L1-K562_seed1	HINFP	HINFP+ctrl	True	False	True	False	ALIGNED	
replogle_k562_rl1	R-L1-K562_seed1	HIRA	HIRA+ctrl	True	False	True	False	ALIGNED	
replogle_k562_rl1	R-L1-K562_seed1	HMGCS1	HMGCS1+ctrl	True	False	True	False	ALIGNED	
replogle_k562_rl1	R-L1-K562_seed1	HNRNPC	HNRNPC+ctrl	False	True	False	True	ALIGNED	
replogle_k562_rl1	R-L1-K562_seed1	HNRNPH1	HNRNPH1+ctrl	True	False	True	False	ALIGNED	
replogle_k562_rl1	R-L1-K562_seed1	HNRNPL	HNRNPL+ctrl	True	False	True	False	ALIGNED	
replogle_k562_rl1	R-L1-K562_seed1	HNRNPM	HNRNPM+ctrl	True	False	True	False	ALIGNED	
replogle_k562_rl1	R-L1-K562_seed1	HNRNPU	HNRNPU+ctrl	True	False	True	False	ALIGNED	
replogle_k562_rl1	R-L1-K562_seed1	HSCB	HSCB+ctrl	False	True	False	True	ALIGNED	
replogle_k562_rl1	R-L1-K562_seed1	HSF1	HSF1+ctrl	False	True	False	True	ALIGNED	
replogle_k562_rl1	R-L1-K562_seed1	HSPA5	HSPA5+ctrl	True	False	True	False	ALIGNED	
replogle_k562_rl1	R-L1-K562_seed1	HSPA8	HSPA8+ctrl	True	False	True	False	ALIGNED	
replogle_k562_rl1	R-L1-K562_seed1	HSPA9	HSPA9+ctrl	True	False	True	False	ALIGNED	
replogle_k562_rl1	R-L1-K562_seed1	HSPE1	HSPE1+ctrl	True	False	True	False	ALIGNED	
replogle_k562_rl1	R-L1-K562_seed1	HUWE1	HUWE1+ctrl	False	True	False	True	ALIGNED	
replogle_k562_rl1	R-L1-K562_seed1	HYPK	HYPK+ctrl	False	True	False	True	ALIGNED	
replogle_k562_rl1	R-L1-K562_seed1	IARS	IARS+ctrl	True	False	True	False	ALIGNED	
replogle_k562_rl1	R-L1-K562_seed1	IARS2	IARS2+ctrl	True	False	True	False	ALIGNED	
replogle_k562_rl1	R-L1-K562_seed1	ICE1	ICE1+ctrl	False	True	False	True	ALIGNED	
replogle_k562_rl1	R-L1-K562_seed1	IGBP1	IGBP1+ctrl	True	False	True	False	ALIGNED	
replogle_k562_rl1	R-L1-K562_seed1	IK	IK+ctrl	True	False	True	False	ALIGNED	
replogle_k562_rl1	R-L1-K562_seed1	ILF2	ILF2+ctrl	True	False	True	False	ALIGNED	
replogle_k562_rl1	R-L1-K562_seed1	ILF3	ILF3+ctrl	True	False	True	False	ALIGNED	
replogle_k562_rl1	R-L1-K562_seed1	IMP4	IMP4+ctrl	True	False	True	False	ALIGNED	
replogle_k562_rl1	R-L1-K562_seed1	INO80	INO80+ctrl	True	False	True	False	ALIGNED	
replogle_k562_rl1	R-L1-K562_seed1	INO80B	INO80B+ctrl	True	False	True	False	ALIGNED	
replogle_k562_rl1	R-L1-K562_seed1	INTS1	INTS1+ctrl	True	False	True	False	ALIGNED	
replogle_k562_rl1	R-L1-K562_seed1	INTS2	INTS2+ctrl	True	False	True	False	ALIGNED	
replogle_k562_rl1	R-L1-K562_seed1	INTS3	INTS3+ctrl	True	False	True	False	ALIGNED	
replogle_k562_rl1	R-L1-K562_seed1	INTS4	INTS4+ctrl	True	False	True	False	ALIGNED	
replogle_k562_rl1	R-L1-K562_seed1	INTS5	INTS5+ctrl	False	True	False	True	ALIGNED	
replogle_k562_rl1	R-L1-K562_seed1	INTS6	INTS6+ctrl	True	False	True	False	ALIGNED	
replogle_k562_rl1	R-L1-K562_seed1	INTS7	INTS7+ctrl	True	False	True	False	ALIGNED	
replogle_k562_rl1	R-L1-K562_seed1	INTS9	INTS9+ctrl	True	False	True	False	ALIGNED	
replogle_k562_rl1	R-L1-K562_seed1	IPO13	IPO13+ctrl	True	False	True	False	ALIGNED	
replogle_k562_rl1	R-L1-K562_seed1	IPO9	IPO9+ctrl	True	False	True	False	ALIGNED	
replogle_k562_rl1	R-L1-K562_seed1	ISCU	ISCU+ctrl	True	False	True	False	ALIGNED	
replogle_k562_rl1	R-L1-K562_seed1	ISG20L2	ISG20L2+ctrl	False	True	False	True	ALIGNED	
replogle_k562_rl1	R-L1-K562_seed1	JAZF1	JAZF1+ctrl	False	True	False	True	ALIGNED	
replogle_k562_rl1	R-L1-K562_seed1	KANSL1	KANSL1+ctrl	True	False	True	False	ALIGNED	
replogle_k562_rl1	R-L1-K562_seed1	KANSL2	KANSL2+ctrl	True	False	True	False	ALIGNED	
replogle_k562_rl1	R-L1-K562_seed1	KARS	KARS+ctrl	True	False	True	False	ALIGNED	
replogle_k562_rl1	R-L1-K562_seed1	KAT8	KAT8+ctrl	True	False	True	False	ALIGNED	
replogle_k562_rl1	R-L1-K562_seed1	KCTD10	KCTD10+ctrl	True	False	True	False	ALIGNED	
replogle_k562_rl1	R-L1-K562_seed1	KIF20A	KIF20A+ctrl	False	True	False	True	ALIGNED	
replogle_k562_rl1	R-L1-K562_seed1	KIN	KIN+ctrl	True	False	True	False	ALIGNED	
replogle_k562_rl1	R-L1-K562_seed1	KPNB1	KPNB1+ctrl	False	True	False	True	ALIGNED	
replogle_k562_rl1	R-L1-K562_seed1	KRI1	KRI1+ctrl	True	False	True	False	ALIGNED	
replogle_k562_rl1	R-L1-K562_seed1	KRR1	KRR1+ctrl	False	True	False	True	ALIGNED	
replogle_k562_rl1	R-L1-K562_seed1	LAMTOR2	LAMTOR2+ctrl	False	True	False	True	ALIGNED	
replogle_k562_rl1	R-L1-K562_seed1	LAMTOR4	LAMTOR4+ctrl	True	False	True	False	ALIGNED	
replogle_k562_rl1	R-L1-K562_seed1	LARS	LARS+ctrl	True	False	True	False	ALIGNED	
replogle_k562_rl1	R-L1-K562_seed1	LAS1L	LAS1L+ctrl	False	True	False	True	ALIGNED	
replogle_k562_rl1	R-L1-K562_seed1	LETM1	LETM1+ctrl	True	False	True	False	ALIGNED	
replogle_k562_rl1	R-L1-K562_seed1	LIN54	LIN54+ctrl	True	False	True	False	ALIGNED	
replogle_k562_rl1	R-L1-K562_seed1	LONP1	LONP1+ctrl	True	False	True	False	ALIGNED	
replogle_k562_rl1	R-L1-K562_seed1	LRPPRC	LRPPRC+ctrl	True	False	True	False	ALIGNED	
replogle_k562_rl1	R-L1-K562_seed1	LSG1	LSG1+ctrl	True	False	True	False	ALIGNED	
replogle_k562_rl1	R-L1-K562_seed1	LSM10	LSM10+ctrl	True	False	True	False	ALIGNED	
replogle_k562_rl1	R-L1-K562_seed1	LSM11	LSM11+ctrl	True	False	True	False	ALIGNED	
replogle_k562_rl1	R-L1-K562_seed1	LSM2	LSM2+ctrl	True	False	True	False	ALIGNED	
replogle_k562_rl1	R-L1-K562_seed1	LSM3	LSM3+ctrl	True	False	True	False	ALIGNED	
replogle_k562_rl1	R-L1-K562_seed1	LSM4	LSM4+ctrl	True	False	True	False	ALIGNED	
replogle_k562_rl1	R-L1-K562_seed1	LSM5	LSM5+ctrl	True	False	True	False	ALIGNED	
replogle_k562_rl1	R-L1-K562_seed1	LSM7	LSM7+ctrl	True	False	True	False	ALIGNED	
replogle_k562_rl1	R-L1-K562_seed1	LTV1	LTV1+ctrl	False	True	False	True	ALIGNED	
replogle_k562_rl1	R-L1-K562_seed1	LUC7L3	LUC7L3+ctrl	True	False	True	False	ALIGNED	
replogle_k562_rl1	R-L1-K562_seed1	MAD2L1	MAD2L1+ctrl	True	False	True	False	ALIGNED	
replogle_k562_rl1	R-L1-K562_seed1	MAGOH	MAGOH+ctrl	False	True	False	True	ALIGNED	
replogle_k562_rl1	R-L1-K562_seed1	MAK16	MAK16+ctrl	True	False	True	False	ALIGNED	
replogle_k562_rl1	R-L1-K562_seed1	MARS	MARS+ctrl	True	False	True	False	ALIGNED	
replogle_k562_rl1	R-L1-K562_seed1	MARS2	MARS2+ctrl	True	False	True	False	ALIGNED	
replogle_k562_rl1	R-L1-K562_seed1	MAT2A	MAT2A+ctrl	True	False	True	False	ALIGNED	
replogle_k562_rl1	R-L1-K562_seed1	MAU2	MAU2+ctrl	True	False	True	False	ALIGNED	
replogle_k562_rl1	R-L1-K562_seed1	MAX	MAX+ctrl	True	False	True	False	ALIGNED	
replogle_k562_rl1	R-L1-K562_seed1	MCM10	MCM10+ctrl	True	False	True	False	ALIGNED	
replogle_k562_rl1	R-L1-K562_seed1	MCM2	MCM2+ctrl	True	False	True	False	ALIGNED	
replogle_k562_rl1	R-L1-K562_seed1	MCM3	MCM3+ctrl	True	False	True	False	ALIGNED	
replogle_k562_rl1	R-L1-K562_seed1	MCM3AP	MCM3AP+ctrl	True	False	True	False	ALIGNED	
replogle_k562_rl1	R-L1-K562_seed1	MCM4	MCM4+ctrl	True	False	True	False	ALIGNED	
replogle_k562_rl1	R-L1-K562_seed1	MCM6	MCM6+ctrl	False	True	False	True	ALIGNED	
replogle_k562_rl1	R-L1-K562_seed1	MCMBP	MCMBP+ctrl	False	True	False	True	ALIGNED	
replogle_k562_rl1	R-L1-K562_seed1	MDN1	MDN1+ctrl	False	True	False	True	ALIGNED	
replogle_k562_rl1	R-L1-K562_seed1	MED1	MED1+ctrl	True	False	True	False	ALIGNED	
replogle_k562_rl1	R-L1-K562_seed1	MED10	MED10+ctrl	False	True	False	True	ALIGNED	
replogle_k562_rl1	R-L1-K562_seed1	MED11	MED11+ctrl	True	False	True	False	ALIGNED	
replogle_k562_rl1	R-L1-K562_seed1	MED12	MED12+ctrl	False	True	False	True	ALIGNED	
replogle_k562_rl1	R-L1-K562_seed1	MED14	MED14+ctrl	True	False	True	False	ALIGNED	
replogle_k562_rl1	R-L1-K562_seed1	MED17	MED17+ctrl	True	False	True	False	ALIGNED	
replogle_k562_rl1	R-L1-K562_seed1	MED19	MED19+ctrl	True	False	True	False	ALIGNED	
replogle_k562_rl1	R-L1-K562_seed1	MED20	MED20+ctrl	True	False	True	False	ALIGNED	
replogle_k562_rl1	R-L1-K562_seed1	MED21	MED21+ctrl	True	False	True	False	ALIGNED	
replogle_k562_rl1	R-L1-K562_seed1	MED26	MED26+ctrl	True	False	True	False	ALIGNED	
replogle_k562_rl1	R-L1-K562_seed1	MED29	MED29+ctrl	True	False	True	False	ALIGNED	
replogle_k562_rl1	R-L1-K562_seed1	MED30	MED30+ctrl	True	False	True	False	ALIGNED	
replogle_k562_rl1	R-L1-K562_seed1	MED31	MED31+ctrl	True	False	True	False	ALIGNED	
replogle_k562_rl1	R-L1-K562_seed1	MED4	MED4+ctrl	True	False	True	False	ALIGNED	
replogle_k562_rl1	R-L1-K562_seed1	MED6	MED6+ctrl	True	False	True	False	ALIGNED	
replogle_k562_rl1	R-L1-K562_seed1	MED7	MED7+ctrl	True	False	True	False	ALIGNED	
replogle_k562_rl1	R-L1-K562_seed1	MED9	MED9+ctrl	True	False	True	False	ALIGNED	
replogle_k562_rl1	R-L1-K562_seed1	METAP2	METAP2+ctrl	True	False	True	False	ALIGNED	
replogle_k562_rl1	R-L1-K562_seed1	METTL14	METTL14+ctrl	True	False	True	False	ALIGNED	
replogle_k562_rl1	R-L1-K562_seed1	METTL16	METTL16+ctrl	True	False	True	False	ALIGNED	
replogle_k562_rl1	R-L1-K562_seed1	METTL3	METTL3+ctrl	True	False	True	False	ALIGNED	
replogle_k562_rl1	R-L1-K562_seed1	MEX3A	MEX3A+ctrl	True	False	True	False	ALIGNED	
replogle_k562_rl1	R-L1-K562_seed1	MFAP1	MFAP1+ctrl	True	False	True	False	ALIGNED	
replogle_k562_rl1	R-L1-K562_seed1	MICOS10	MICOS10+ctrl	True	False	True	False	ALIGNED	
replogle_k562_rl1	R-L1-K562_seed1	MIOS	MIOS+ctrl	False	True	False	True	ALIGNED	
replogle_k562_rl1	R-L1-K562_seed1	MNAT1	MNAT1+ctrl	True	False	True	False	ALIGNED	
replogle_k562_rl1	R-L1-K562_seed1	MOB4	MOB4+ctrl	True	False	True	False	ALIGNED	
replogle_k562_rl1	R-L1-K562_seed1	MPHOSPH10	MPHOSPH10+ctrl	True	False	True	False	ALIGNED	
replogle_k562_rl1	R-L1-K562_seed1	MRGBP	MRGBP+ctrl	True	False	True	False	ALIGNED	
replogle_k562_rl1	R-L1-K562_seed1	MRPL10	MRPL10+ctrl	True	False	True	False	ALIGNED	
replogle_k562_rl1	R-L1-K562_seed1	MRPL14	MRPL14+ctrl	True	False	True	False	ALIGNED	
replogle_k562_rl1	R-L1-K562_seed1	MRPL17	MRPL17+ctrl	True	False	True	False	ALIGNED	
replogle_k562_rl1	R-L1-K562_seed1	MRPL19	MRPL19+ctrl	True	False	True	False	ALIGNED	
replogle_k562_rl1	R-L1-K562_seed1	MRPL24	MRPL24+ctrl	True	False	True	False	ALIGNED	
replogle_k562_rl1	R-L1-K562_seed1	MRPL27	MRPL27+ctrl	True	False	True	False	ALIGNED	
replogle_k562_rl1	R-L1-K562_seed1	MRPL3	MRPL3+ctrl	True	False	True	False	ALIGNED	
replogle_k562_rl1	R-L1-K562_seed1	MRPL33	MRPL33+ctrl	True	False	True	False	ALIGNED	
replogle_k562_rl1	R-L1-K562_seed1	MRPL35	MRPL35+ctrl	True	False	True	False	ALIGNED	
replogle_k562_rl1	R-L1-K562_seed1	MRPL36	MRPL36+ctrl	True	False	True	False	ALIGNED	
replogle_k562_rl1	R-L1-K562_seed1	MRPL37	MRPL37+ctrl	True	False	True	False	ALIGNED	
replogle_k562_rl1	R-L1-K562_seed1	MRPL38	MRPL38+ctrl	True	False	True	False	ALIGNED	
replogle_k562_rl1	R-L1-K562_seed1	MRPL39	MRPL39+ctrl	True	False	True	False	ALIGNED	
replogle_k562_rl1	R-L1-K562_seed1	MRPL4	MRPL4+ctrl	False	True	False	True	ALIGNED	
replogle_k562_rl1	R-L1-K562_seed1	MRPL41	MRPL41+ctrl	False	True	False	True	ALIGNED	
replogle_k562_rl1	R-L1-K562_seed1	MRPL43	MRPL43+ctrl	False	True	False	True	ALIGNED	
replogle_k562_rl1	R-L1-K562_seed1	MRPL49	MRPL49+ctrl	False	True	False	True	ALIGNED	
replogle_k562_rl1	R-L1-K562_seed1	MRPL50	MRPL50+ctrl	True	False	True	False	ALIGNED	
replogle_k562_rl1	R-L1-K562_seed1	MRPL51	MRPL51+ctrl	True	False	True	False	ALIGNED	
replogle_k562_rl1	R-L1-K562_seed1	MRPL53	MRPL53+ctrl	True	False	True	False	ALIGNED	
replogle_k562_rl1	R-L1-K562_seed1	MRPL54	MRPL54+ctrl	True	False	True	False	ALIGNED	
replogle_k562_rl1	R-L1-K562_seed1	MRPS10	MRPS10+ctrl	True	False	True	False	ALIGNED	
replogle_k562_rl1	R-L1-K562_seed1	MRPS11	MRPS11+ctrl	True	False	True	False	ALIGNED	
replogle_k562_rl1	R-L1-K562_seed1	MRPS14	MRPS14+ctrl	True	False	True	False	ALIGNED	
replogle_k562_rl1	R-L1-K562_seed1	MRPS18A	MRPS18A+ctrl	True	False	True	False	ALIGNED	
replogle_k562_rl1	R-L1-K562_seed1	MRPS2	MRPS2+ctrl	True	False	True	False	ALIGNED	
replogle_k562_rl1	R-L1-K562_seed1	MRPS22	MRPS22+ctrl	False	True	False	True	ALIGNED	
replogle_k562_rl1	R-L1-K562_seed1	MRPS23	MRPS23+ctrl	True	False	True	False	ALIGNED	
replogle_k562_rl1	R-L1-K562_seed1	MRPS24	MRPS24+ctrl	True	False	True	False	ALIGNED	
replogle_k562_rl1	R-L1-K562_seed1	MRPS26	MRPS26+ctrl	False	True	False	True	ALIGNED	
replogle_k562_rl1	R-L1-K562_seed1	MRPS27	MRPS27+ctrl	True	False	True	False	ALIGNED	
replogle_k562_rl1	R-L1-K562_seed1	MRPS28	MRPS28+ctrl	True	False	True	False	ALIGNED	
replogle_k562_rl1	R-L1-K562_seed1	MRPS34	MRPS34+ctrl	False	True	False	True	ALIGNED	
replogle_k562_rl1	R-L1-K562_seed1	MRPS35	MRPS35+ctrl	True	False	True	False	ALIGNED	
replogle_k562_rl1	R-L1-K562_seed1	MRPS9	MRPS9+ctrl	True	False	True	False	ALIGNED	
replogle_k562_rl1	R-L1-K562_seed1	MTBP	MTBP+ctrl	True	False	True	False	ALIGNED	
replogle_k562_rl1	R-L1-K562_seed1	MTOR	MTOR+ctrl	True	False	True	False	ALIGNED	
replogle_k562_rl1	R-L1-K562_seed1	MTPAP	MTPAP+ctrl	True	False	True	False	ALIGNED	
replogle_k562_rl1	R-L1-K562_seed1	MVD	MVD+ctrl	True	False	True	False	ALIGNED	
replogle_k562_rl1	R-L1-K562_seed1	MYBL2	MYBL2+ctrl	True	False	True	False	ALIGNED	
replogle_k562_rl1	R-L1-K562_seed1	MZT1	MZT1+ctrl	True	False	True	False	ALIGNED	
replogle_k562_rl1	R-L1-K562_seed1	N6AMT1	N6AMT1+ctrl	False	True	False	True	ALIGNED	
replogle_k562_rl1	R-L1-K562_seed1	NAA10	NAA10+ctrl	True	False	True	False	ALIGNED	
replogle_k562_rl1	R-L1-K562_seed1	NAA15	NAA15+ctrl	False	True	False	True	ALIGNED	
replogle_k562_rl1	R-L1-K562_seed1	NAA20	NAA20+ctrl	False	True	False	True	ALIGNED	
replogle_k562_rl1	R-L1-K562_seed1	NAA25	NAA25+ctrl	True	False	True	False	ALIGNED	
replogle_k562_rl1	R-L1-K562_seed1	NAE1	NAE1+ctrl	True	False	True	False	ALIGNED	
replogle_k562_rl1	R-L1-K562_seed1	NARS	NARS+ctrl	True	False	True	False	ALIGNED	
replogle_k562_rl1	R-L1-K562_seed1	NAT10	NAT10+ctrl	False	True	False	True	ALIGNED	
replogle_k562_rl1	R-L1-K562_seed1	NBAS	NBAS+ctrl	True	False	True	False	ALIGNED	
replogle_k562_rl1	R-L1-K562_seed1	NCAPH	NCAPH+ctrl	True	False	True	False	ALIGNED	
replogle_k562_rl1	R-L1-K562_seed1	NCBP1	NCBP1+ctrl	False	True	False	True	ALIGNED	
replogle_k562_rl1	R-L1-K562_seed1	NCBP2	NCBP2+ctrl	True	False	True	False	ALIGNED	
replogle_k562_rl1	R-L1-K562_seed1	NCKAP1	NCKAP1+ctrl	True	False	True	False	ALIGNED	
replogle_k562_rl1	R-L1-K562_seed1	NCL	NCL+ctrl	True	False	True	False	ALIGNED	
replogle_k562_rl1	R-L1-K562_seed1	NDC80	NDC80+ctrl	False	True	False	True	ALIGNED	
replogle_k562_rl1	R-L1-K562_seed1	NDUFA2	NDUFA2+ctrl	True	False	True	False	ALIGNED	
replogle_k562_rl1	R-L1-K562_seed1	NDUFA6	NDUFA6+ctrl	True	False	True	False	ALIGNED	
replogle_k562_rl1	R-L1-K562_seed1	NDUFA8	NDUFA8+ctrl	False	True	False	True	ALIGNED	
replogle_k562_rl1	R-L1-K562_seed1	NDUFAB1	NDUFAB1+ctrl	True	False	True	False	ALIGNED	
replogle_k562_rl1	R-L1-K562_seed1	NDUFB10	NDUFB10+ctrl	False	True	False	True	ALIGNED	
replogle_k562_rl1	R-L1-K562_seed1	NDUFB4	NDUFB4+ctrl	True	False	True	False	ALIGNED	
replogle_k562_rl1	R-L1-K562_seed1	NDUFB8	NDUFB8+ctrl	True	False	True	False	ALIGNED	
replogle_k562_rl1	R-L1-K562_seed1	NEDD1	NEDD1+ctrl	True	False	True	False	ALIGNED	
replogle_k562_rl1	R-L1-K562_seed1	NEDD8	NEDD8+ctrl	False	True	False	True	ALIGNED	
replogle_k562_rl1	R-L1-K562_seed1	NELFB	NELFB+ctrl	False	True	False	True	ALIGNED	
replogle_k562_rl1	R-L1-K562_seed1	NELFCD	NELFCD+ctrl	False	True	False	True	ALIGNED	
replogle_k562_rl1	R-L1-K562_seed1	NELFE	NELFE+ctrl	True	False	True	False	ALIGNED	
replogle_k562_rl1	R-L1-K562_seed1	NEPRO	NEPRO+ctrl	True	False	True	False	ALIGNED	
replogle_k562_rl1	R-L1-K562_seed1	NFRKB	NFRKB+ctrl	True	False	True	False	ALIGNED	
replogle_k562_rl1	R-L1-K562_seed1	NFS1	NFS1+ctrl	True	False	True	False	ALIGNED	
replogle_k562_rl1	R-L1-K562_seed1	NIFK	NIFK+ctrl	False	True	False	True	ALIGNED	
replogle_k562_rl1	R-L1-K562_seed1	NIP7	NIP7+ctrl	True	False	True	False	ALIGNED	
replogle_k562_rl1	R-L1-K562_seed1	NKAP	NKAP+ctrl	True	False	True	False	ALIGNED	
replogle_k562_rl1	R-L1-K562_seed1	NLE1	NLE1+ctrl	False	True	False	True	ALIGNED	
replogle_k562_rl1	R-L1-K562_seed1	NMD3	NMD3+ctrl	False	True	False	True	ALIGNED	
replogle_k562_rl1	R-L1-K562_seed1	NOB1	NOB1+ctrl	True	False	True	False	ALIGNED	
replogle_k562_rl1	R-L1-K562_seed1	NOC3L	NOC3L+ctrl	True	False	True	False	ALIGNED	
replogle_k562_rl1	R-L1-K562_seed1	NOC4L	NOC4L+ctrl	True	False	True	False	ALIGNED	
replogle_k562_rl1	R-L1-K562_seed1	NOL11	NOL11+ctrl	True	False	True	False	ALIGNED	
replogle_k562_rl1	R-L1-K562_seed1	NOL12	NOL12+ctrl	True	False	True	False	ALIGNED	
replogle_k562_rl1	R-L1-K562_seed1	NOL6	NOL6+ctrl	False	True	False	True	ALIGNED	
replogle_k562_rl1	R-L1-K562_seed1	NOL8	NOL8+ctrl	True	False	True	False	ALIGNED	
replogle_k562_rl1	R-L1-K562_seed1	NOLC1	NOLC1+ctrl	True	False	True	False	ALIGNED	
replogle_k562_rl1	R-L1-K562_seed1	NOM1	NOM1+ctrl	True	False	True	False	ALIGNED	
replogle_k562_rl1	R-L1-K562_seed1	NOP10	NOP10+ctrl	False	True	False	True	ALIGNED	
replogle_k562_rl1	R-L1-K562_seed1	NOP14	NOP14+ctrl	True	False	True	False	ALIGNED	
replogle_k562_rl1	R-L1-K562_seed1	NOP16	NOP16+ctrl	True	False	True	False	ALIGNED	
replogle_k562_rl1	R-L1-K562_seed1	NOP2	NOP2+ctrl	True	False	True	False	ALIGNED	
replogle_k562_rl1	R-L1-K562_seed1	NOP58	NOP58+ctrl	False	True	False	True	ALIGNED	
replogle_k562_rl1	R-L1-K562_seed1	NPLOC4	NPLOC4+ctrl	True	False	True	False	ALIGNED	
replogle_k562_rl1	R-L1-K562_seed1	NRBP1	NRBP1+ctrl	True	False	True	False	ALIGNED	
replogle_k562_rl1	R-L1-K562_seed1	NRDE2	NRDE2+ctrl	True	False	True	False	ALIGNED	
replogle_k562_rl1	R-L1-K562_seed1	NRF1	NRF1+ctrl	True	False	True	False	ALIGNED	
replogle_k562_rl1	R-L1-K562_seed1	NSA2	NSA2+ctrl	False	True	False	True	ALIGNED	
replogle_k562_rl1	R-L1-K562_seed1	NSRP1	NSRP1+ctrl	True	False	True	False	ALIGNED	
replogle_k562_rl1	R-L1-K562_seed1	NUBP1	NUBP1+ctrl	True	False	True	False	ALIGNED	
replogle_k562_rl1	R-L1-K562_seed1	NUDCD3	NUDCD3+ctrl	True	False	True	False	ALIGNED	
replogle_k562_rl1	R-L1-K562_seed1	NUDT21	NUDT21+ctrl	True	False	True	False	ALIGNED	
replogle_k562_rl1	R-L1-K562_seed1	NUF2	NUF2+ctrl	True	False	True	False	ALIGNED	
replogle_k562_rl1	R-L1-K562_seed1	NUFIP1	NUFIP1+ctrl	False	True	False	True	ALIGNED	
replogle_k562_rl1	R-L1-K562_seed1	NUMA1	NUMA1+ctrl	True	False	True	False	ALIGNED	
replogle_k562_rl1	R-L1-K562_seed1	NUP107	NUP107+ctrl	False	True	False	True	ALIGNED	
replogle_k562_rl1	R-L1-K562_seed1	NUP133	NUP133+ctrl	True	False	True	False	ALIGNED	
replogle_k562_rl1	R-L1-K562_seed1	NUP54	NUP54+ctrl	True	False	True	False	ALIGNED	
replogle_k562_rl1	R-L1-K562_seed1	NUP62	NUP62+ctrl	True	False	True	False	ALIGNED	
replogle_k562_rl1	R-L1-K562_seed1	NUP85	NUP85+ctrl	True	False	True	False	ALIGNED	
replogle_k562_rl1	R-L1-K562_seed1	NUP88	NUP88+ctrl	True	False	True	False	ALIGNED	
replogle_k562_rl1	R-L1-K562_seed1	NUP98	NUP98+ctrl	False	True	False	True	ALIGNED	
replogle_k562_rl1	R-L1-K562_seed1	NUTF2	NUTF2+ctrl	True	False	True	False	ALIGNED	
replogle_k562_rl1	R-L1-K562_seed1	NVL	NVL+ctrl	True	False	True	False	ALIGNED	
replogle_k562_rl1	R-L1-K562_seed1	OGFOD1	OGFOD1+ctrl	True	False	True	False	ALIGNED	
replogle_k562_rl1	R-L1-K562_seed1	OGT	OGT+ctrl	False	True	False	True	ALIGNED	
replogle_k562_rl1	R-L1-K562_seed1	OPA1	OPA1+ctrl	True	False	True	False	ALIGNED	
replogle_k562_rl1	R-L1-K562_seed1	ORC1	ORC1+ctrl	True	False	True	False	ALIGNED	
replogle_k562_rl1	R-L1-K562_seed1	ORC5	ORC5+ctrl	True	False	True	False	ALIGNED	
replogle_k562_rl1	R-L1-K562_seed1	PABPN1	PABPN1+ctrl	True	False	True	False	ALIGNED	
replogle_k562_rl1	R-L1-K562_seed1	PAF1	PAF1+ctrl	True	False	True	False	ALIGNED	
replogle_k562_rl1	R-L1-K562_seed1	PAM16	PAM16+ctrl	True	False	True	False	ALIGNED	
replogle_k562_rl1	R-L1-K562_seed1	PAXBP1	PAXBP1+ctrl	True	False	True	False	ALIGNED	
replogle_k562_rl1	R-L1-K562_seed1	PCBP1	PCBP1+ctrl	True	False	True	False	ALIGNED	
replogle_k562_rl1	R-L1-K562_seed1	PCF11	PCF11+ctrl	True	False	True	False	ALIGNED	
replogle_k562_rl1	R-L1-K562_seed1	PCID2	PCID2+ctrl	True	False	True	False	ALIGNED	
replogle_k562_rl1	R-L1-K562_seed1	PCNA	PCNA+ctrl	True	False	True	False	ALIGNED	
replogle_k562_rl1	R-L1-K562_seed1	PDAP1	PDAP1+ctrl	True	False	True	False	ALIGNED	
replogle_k562_rl1	R-L1-K562_seed1	PDCD11	PDCD11+ctrl	True	False	True	False	ALIGNED	
replogle_k562_rl1	R-L1-K562_seed1	PDCD2	PDCD2+ctrl	False	True	False	True	ALIGNED	
replogle_k562_rl1	R-L1-K562_seed1	PDCD7	PDCD7+ctrl	True	False	True	False	ALIGNED	
replogle_k562_rl1	R-L1-K562_seed1	PELO	PELO+ctrl	True	False	True	False	ALIGNED	
replogle_k562_rl1	R-L1-K562_seed1	PELP1	PELP1+ctrl	True	False	True	False	ALIGNED	
replogle_k562_rl1	R-L1-K562_seed1	PES1	PES1+ctrl	False	True	False	True	ALIGNED	
replogle_k562_rl1	R-L1-K562_seed1	PET117	PET117+ctrl	False	True	False	True	ALIGNED	
replogle_k562_rl1	R-L1-K562_seed1	PFDN2	PFDN2+ctrl	True	False	True	False	ALIGNED	
replogle_k562_rl1	R-L1-K562_seed1	PFN1	PFN1+ctrl	True	False	True	False	ALIGNED	
replogle_k562_rl1	R-L1-K562_seed1	PGAM1	PGAM1+ctrl	True	False	True	False	ALIGNED	
replogle_k562_rl1	R-L1-K562_seed1	PGPEP1	PGPEP1+ctrl	False	True	False	True	ALIGNED	
replogle_k562_rl1	R-L1-K562_seed1	PHAX	PHAX+ctrl	True	False	True	False	ALIGNED	
replogle_k562_rl1	R-L1-K562_seed1	PHB	PHB+ctrl	True	False	True	False	ALIGNED	
replogle_k562_rl1	R-L1-K562_seed1	PHB2	PHB2+ctrl	False	True	False	True	ALIGNED	
replogle_k562_rl1	R-L1-K562_seed1	PHF5A	PHF5A+ctrl	True	False	True	False	ALIGNED	
replogle_k562_rl1	R-L1-K562_seed1	PIAS4	PIAS4+ctrl	True	False	True	False	ALIGNED	
replogle_k562_rl1	R-L1-K562_seed1	PKM	PKM+ctrl	True	False	True	False	ALIGNED	
replogle_k562_rl1	R-L1-K562_seed1	PLRG1	PLRG1+ctrl	True	False	True	False	ALIGNED	
replogle_k562_rl1	R-L1-K562_seed1	PMF1	PMF1+ctrl	False	True	False	True	ALIGNED	
replogle_k562_rl1	R-L1-K562_seed1	PMPCA	PMPCA+ctrl	False	True	False	True	ALIGNED	
replogle_k562_rl1	R-L1-K562_seed1	PMPCB	PMPCB+ctrl	True	False	True	False	ALIGNED	
replogle_k562_rl1	R-L1-K562_seed1	PNN	PNN+ctrl	True	False	True	False	ALIGNED	
replogle_k562_rl1	R-L1-K562_seed1	PNO1	PNO1+ctrl	True	False	True	False	ALIGNED	
replogle_k562_rl1	R-L1-K562_seed1	PNPT1	PNPT1+ctrl	True	False	True	False	ALIGNED	
replogle_k562_rl1	R-L1-K562_seed1	POLA1	POLA1+ctrl	True	False	True	False	ALIGNED	
replogle_k562_rl1	R-L1-K562_seed1	POLA2	POLA2+ctrl	True	False	True	False	ALIGNED	
replogle_k562_rl1	R-L1-K562_seed1	POLD1	POLD1+ctrl	False	True	False	True	ALIGNED	
replogle_k562_rl1	R-L1-K562_seed1	POLD2	POLD2+ctrl	True	False	True	False	ALIGNED	
replogle_k562_rl1	R-L1-K562_seed1	POLD3	POLD3+ctrl	False	True	False	True	ALIGNED	
replogle_k562_rl1	R-L1-K562_seed1	POLE	POLE+ctrl	True	False	True	False	ALIGNED	
replogle_k562_rl1	R-L1-K562_seed1	POLR1B	POLR1B+ctrl	True	False	True	False	ALIGNED	
replogle_k562_rl1	R-L1-K562_seed1	POLR1C	POLR1C+ctrl	True	False	True	False	ALIGNED	
replogle_k562_rl1	R-L1-K562_seed1	POLR1E	POLR1E+ctrl	True	False	True	False	ALIGNED	
replogle_k562_rl1	R-L1-K562_seed1	POLR2A	POLR2A+ctrl	True	False	True	False	ALIGNED	
replogle_k562_rl1	R-L1-K562_seed1	POLR2B	POLR2B+ctrl	True	False	True	False	ALIGNED	
replogle_k562_rl1	R-L1-K562_seed1	POLR2C	POLR2C+ctrl	True	False	True	False	ALIGNED	
replogle_k562_rl1	R-L1-K562_seed1	POLR2D	POLR2D+ctrl	True	False	True	False	ALIGNED	
replogle_k562_rl1	R-L1-K562_seed1	POLR2G	POLR2G+ctrl	True	False	True	False	ALIGNED	
replogle_k562_rl1	R-L1-K562_seed1	POLR2H	POLR2H+ctrl	True	False	True	False	ALIGNED	
replogle_k562_rl1	R-L1-K562_seed1	POLR2I	POLR2I+ctrl	False	True	False	True	ALIGNED	
replogle_k562_rl1	R-L1-K562_seed1	POLR2L	POLR2L+ctrl	True	False	True	False	ALIGNED	
replogle_k562_rl1	R-L1-K562_seed1	POLR3C	POLR3C+ctrl	True	False	True	False	ALIGNED	
replogle_k562_rl1	R-L1-K562_seed1	POLR3D	POLR3D+ctrl	True	False	True	False	ALIGNED	
replogle_k562_rl1	R-L1-K562_seed1	POLR3E	POLR3E+ctrl	True	False	True	False	ALIGNED	
replogle_k562_rl1	R-L1-K562_seed1	POLR3F	POLR3F+ctrl	True	False	True	False	ALIGNED	
replogle_k562_rl1	R-L1-K562_seed1	POLRMT	POLRMT+ctrl	False	True	False	True	ALIGNED	
replogle_k562_rl1	R-L1-K562_seed1	POP1	POP1+ctrl	False	True	False	True	ALIGNED	
replogle_k562_rl1	R-L1-K562_seed1	POP4	POP4+ctrl	True	False	True	False	ALIGNED	
replogle_k562_rl1	R-L1-K562_seed1	POP5	POP5+ctrl	True	False	True	False	ALIGNED	
replogle_k562_rl1	R-L1-K562_seed1	POP7	POP7+ctrl	True	False	True	False	ALIGNED	
replogle_k562_rl1	R-L1-K562_seed1	PPARGC1B	PPARGC1B+ctrl	False	True	False	True	ALIGNED	
replogle_k562_rl1	R-L1-K562_seed1	PPIE	PPIE+ctrl	True	False	True	False	ALIGNED	
replogle_k562_rl1	R-L1-K562_seed1	PPIH	PPIH+ctrl	True	False	True	False	ALIGNED	
replogle_k562_rl1	R-L1-K562_seed1	PPIL4	PPIL4+ctrl	True	False	True	False	ALIGNED	
replogle_k562_rl1	R-L1-K562_seed1	PPP1CA	PPP1CA+ctrl	False	True	False	True	ALIGNED	
replogle_k562_rl1	R-L1-K562_seed1	PPP1R11	PPP1R11+ctrl	True	False	True	False	ALIGNED	
replogle_k562_rl1	R-L1-K562_seed1	PPP1R8	PPP1R8+ctrl	True	False	True	False	ALIGNED	
replogle_k562_rl1	R-L1-K562_seed1	PPP2R1A	PPP2R1A+ctrl	True	False	True	False	ALIGNED	
replogle_k562_rl1	R-L1-K562_seed1	PPP4C	PPP4C+ctrl	False	True	False	True	ALIGNED	
replogle_k562_rl1	R-L1-K562_seed1	PPP4R2	PPP4R2+ctrl	True	False	True	False	ALIGNED	
replogle_k562_rl1	R-L1-K562_seed1	PPRC1	PPRC1+ctrl	True	False	True	False	ALIGNED	
replogle_k562_rl1	R-L1-K562_seed1	PRELID3B	PRELID3B+ctrl	True	False	True	False	ALIGNED	
replogle_k562_rl1	R-L1-K562_seed1	PRIM1	PRIM1+ctrl	False	True	False	True	ALIGNED	
replogle_k562_rl1	R-L1-K562_seed1	PRIM2	PRIM2+ctrl	False	True	False	True	ALIGNED	
replogle_k562_rl1	R-L1-K562_seed1	PRMT1	PRMT1+ctrl	True	False	True	False	ALIGNED	
replogle_k562_rl1	R-L1-K562_seed1	PRMT5	PRMT5+ctrl	True	False	True	False	ALIGNED	
replogle_k562_rl1	R-L1-K562_seed1	PRPF19	PRPF19+ctrl	False	True	False	True	ALIGNED	
replogle_k562_rl1	R-L1-K562_seed1	PRPF3	PRPF3+ctrl	False	True	False	True	ALIGNED	
replogle_k562_rl1	R-L1-K562_seed1	PRPF31	PRPF31+ctrl	False	True	False	True	ALIGNED	
replogle_k562_rl1	R-L1-K562_seed1	PRPF4	PRPF4+ctrl	False	True	False	True	ALIGNED	
replogle_k562_rl1	R-L1-K562_seed1	PRPF40A	PRPF40A+ctrl	True	False	True	False	ALIGNED	
replogle_k562_rl1	R-L1-K562_seed1	PRPF4B	PRPF4B+ctrl	True	False	True	False	ALIGNED	
replogle_k562_rl1	R-L1-K562_seed1	PRPF6	PRPF6+ctrl	True	False	True	False	ALIGNED	
replogle_k562_rl1	R-L1-K562_seed1	PRPF8	PRPF8+ctrl	False	True	False	True	ALIGNED	
replogle_k562_rl1	R-L1-K562_seed1	PRRC2A	PRRC2A+ctrl	True	False	True	False	ALIGNED	
replogle_k562_rl1	R-L1-K562_seed1	PSMA1	PSMA1+ctrl	True	False	True	False	ALIGNED	
replogle_k562_rl1	R-L1-K562_seed1	PSMA2	PSMA2+ctrl	True	False	True	False	ALIGNED	
replogle_k562_rl1	R-L1-K562_seed1	PSMA3	PSMA3+ctrl	True	False	True	False	ALIGNED	
replogle_k562_rl1	R-L1-K562_seed1	PSMA4	PSMA4+ctrl	True	False	True	False	ALIGNED	
replogle_k562_rl1	R-L1-K562_seed1	PSMA6	PSMA6+ctrl	True	False	True	False	ALIGNED	
replogle_k562_rl1	R-L1-K562_seed1	PSMA7	PSMA7+ctrl	True	False	True	False	ALIGNED	
replogle_k562_rl1	R-L1-K562_seed1	PSMB2	PSMB2+ctrl	False	True	False	True	ALIGNED	
replogle_k562_rl1	R-L1-K562_seed1	PSMB3	PSMB3+ctrl	True	False	True	False	ALIGNED	
replogle_k562_rl1	R-L1-K562_seed1	PSMB5	PSMB5+ctrl	False	True	False	True	ALIGNED	
replogle_k562_rl1	R-L1-K562_seed1	PSMB6	PSMB6+ctrl	False	True	False	True	ALIGNED	
replogle_k562_rl1	R-L1-K562_seed1	PSMB7	PSMB7+ctrl	False	True	False	True	ALIGNED	
replogle_k562_rl1	R-L1-K562_seed1	PSMC1	PSMC1+ctrl	True	False	True	False	ALIGNED	
replogle_k562_rl1	R-L1-K562_seed1	PSMC2	PSMC2+ctrl	True	False	True	False	ALIGNED	
replogle_k562_rl1	R-L1-K562_seed1	PSMC3	PSMC3+ctrl	True	False	True	False	ALIGNED	
replogle_k562_rl1	R-L1-K562_seed1	PSMC4	PSMC4+ctrl	True	False	True	False	ALIGNED	
replogle_k562_rl1	R-L1-K562_seed1	PSMC6	PSMC6+ctrl	True	False	True	False	ALIGNED	
replogle_k562_rl1	R-L1-K562_seed1	PSMD1	PSMD1+ctrl	True	False	True	False	ALIGNED	
replogle_k562_rl1	R-L1-K562_seed1	PSMD11	PSMD11+ctrl	True	False	True	False	ALIGNED	
replogle_k562_rl1	R-L1-K562_seed1	PSMD12	PSMD12+ctrl	True	False	True	False	ALIGNED	
replogle_k562_rl1	R-L1-K562_seed1	PSMD2	PSMD2+ctrl	False	True	False	True	ALIGNED	
replogle_k562_rl1	R-L1-K562_seed1	PSMD3	PSMD3+ctrl	True	False	True	False	ALIGNED	
replogle_k562_rl1	R-L1-K562_seed1	PSMD4	PSMD4+ctrl	True	False	True	False	ALIGNED	
replogle_k562_rl1	R-L1-K562_seed1	PSMD6	PSMD6+ctrl	True	False	True	False	ALIGNED	
replogle_k562_rl1	R-L1-K562_seed1	PSMD7	PSMD7+ctrl	True	False	True	False	ALIGNED	
replogle_k562_rl1	R-L1-K562_seed1	PSMG3	PSMG3+ctrl	False	True	False	True	ALIGNED	
replogle_k562_rl1	R-L1-K562_seed1	PSMG4	PSMG4+ctrl	False	True	False	True	ALIGNED	
replogle_k562_rl1	R-L1-K562_seed1	PTBP1	PTBP1+ctrl	False	True	False	True	ALIGNED	
replogle_k562_rl1	R-L1-K562_seed1	PTCD1	PTCD1+ctrl	True	False	True	False	ALIGNED	
replogle_k562_rl1	R-L1-K562_seed1	PUF60	PUF60+ctrl	True	False	True	False	ALIGNED	
replogle_k562_rl1	R-L1-K562_seed1	PWP2	PWP2+ctrl	False	True	False	True	ALIGNED	
replogle_k562_rl1	R-L1-K562_seed1	QARS	QARS+ctrl	True	False	True	False	ALIGNED	
replogle_k562_rl1	R-L1-K562_seed1	RABGGTA	RABGGTA+ctrl	True	False	True	False	ALIGNED	
replogle_k562_rl1	R-L1-K562_seed1	RACGAP1	RACGAP1+ctrl	False	True	False	True	ALIGNED	
replogle_k562_rl1	R-L1-K562_seed1	RAD21	RAD21+ctrl	False	True	False	True	ALIGNED	
replogle_k562_rl1	R-L1-K562_seed1	RAD51	RAD51+ctrl	True	False	True	False	ALIGNED	
replogle_k562_rl1	R-L1-K562_seed1	RAD51C	RAD51C+ctrl	True	False	True	False	ALIGNED	
replogle_k562_rl1	R-L1-K562_seed1	RAE1	RAE1+ctrl	True	False	True	False	ALIGNED	
replogle_k562_rl1	R-L1-K562_seed1	RAN	RAN+ctrl	True	False	True	False	ALIGNED	
replogle_k562_rl1	R-L1-K562_seed1	RANGAP1	RANGAP1+ctrl	True	False	True	False	ALIGNED	
replogle_k562_rl1	R-L1-K562_seed1	RARS	RARS+ctrl	True	False	True	False	ALIGNED	
replogle_k562_rl1	R-L1-K562_seed1	RARS2	RARS2+ctrl	True	False	True	False	ALIGNED	
replogle_k562_rl1	R-L1-K562_seed1	RBBP4	RBBP4+ctrl	True	False	True	False	ALIGNED	
replogle_k562_rl1	R-L1-K562_seed1	RBBP6	RBBP6+ctrl	True	False	True	False	ALIGNED	
replogle_k562_rl1	R-L1-K562_seed1	RBM14	RBM14+ctrl	True	False	True	False	ALIGNED	
replogle_k562_rl1	R-L1-K562_seed1	RBM17	RBM17+ctrl	True	False	True	False	ALIGNED	
replogle_k562_rl1	R-L1-K562_seed1	RBM19	RBM19+ctrl	True	False	True	False	ALIGNED	
replogle_k562_rl1	R-L1-K562_seed1	RBM25	RBM25+ctrl	True	False	True	False	ALIGNED	
replogle_k562_rl1	R-L1-K562_seed1	RBM28	RBM28+ctrl	True	False	True	False	ALIGNED	
replogle_k562_rl1	R-L1-K562_seed1	RBM39	RBM39+ctrl	True	False	True	False	ALIGNED	
replogle_k562_rl1	R-L1-K562_seed1	RBM4	RBM4+ctrl	True	False	True	False	ALIGNED	
replogle_k562_rl1	R-L1-K562_seed1	RBM42	RBM42+ctrl	False	True	False	True	ALIGNED	
replogle_k562_rl1	R-L1-K562_seed1	RBM48	RBM48+ctrl	True	False	True	False	ALIGNED	
replogle_k562_rl1	R-L1-K562_seed1	RBMX	RBMX+ctrl	True	False	True	False	ALIGNED	
replogle_k562_rl1	R-L1-K562_seed1	RBMX2	RBMX2+ctrl	True	False	True	False	ALIGNED	
replogle_k562_rl1	R-L1-K562_seed1	RBX1	RBX1+ctrl	True	False	True	False	ALIGNED	
replogle_k562_rl1	R-L1-K562_seed1	RCC1	RCC1+ctrl	False	True	False	True	ALIGNED	
replogle_k562_rl1	R-L1-K562_seed1	RCL1	RCL1+ctrl	True	False	True	False	ALIGNED	
replogle_k562_rl1	R-L1-K562_seed1	REXO2	REXO2+ctrl	True	False	True	False	ALIGNED	
replogle_k562_rl1	R-L1-K562_seed1	RFC1	RFC1+ctrl	True	False	True	False	ALIGNED	
replogle_k562_rl1	R-L1-K562_seed1	RFC2	RFC2+ctrl	True	False	True	False	ALIGNED	
replogle_k562_rl1	R-L1-K562_seed1	RFC4	RFC4+ctrl	False	True	False	True	ALIGNED	
replogle_k562_rl1	R-L1-K562_seed1	RFC5	RFC5+ctrl	True	False	True	False	ALIGNED	
replogle_k562_rl1	R-L1-K562_seed1	RIOK1	RIOK1+ctrl	False	True	False	True	ALIGNED	
replogle_k562_rl1	R-L1-K562_seed1	RIOK2	RIOK2+ctrl	True	False	True	False	ALIGNED	
replogle_k562_rl1	R-L1-K562_seed1	RMI1	RMI1+ctrl	True	False	True	False	ALIGNED	
replogle_k562_rl1	R-L1-K562_seed1	RNASEH2C	RNASEH2C+ctrl	True	False	True	False	ALIGNED	
replogle_k562_rl1	R-L1-K562_seed1	RNF20	RNF20+ctrl	True	False	True	False	ALIGNED	
replogle_k562_rl1	R-L1-K562_seed1	RNF40	RNF40+ctrl	False	True	False	True	ALIGNED	
replogle_k562_rl1	R-L1-K562_seed1	RNGTT	RNGTT+ctrl	True	False	True	False	ALIGNED	
replogle_k562_rl1	R-L1-K562_seed1	RNMT	RNMT+ctrl	True	False	True	False	ALIGNED	
replogle_k562_rl1	R-L1-K562_seed1	RNPC3	RNPC3+ctrl	True	False	True	False	ALIGNED	
replogle_k562_rl1	R-L1-K562_seed1	RNPS1	RNPS1+ctrl	True	False	True	False	ALIGNED	
replogle_k562_rl1	R-L1-K562_seed1	ROMO1	ROMO1+ctrl	True	False	True	False	ALIGNED	
replogle_k562_rl1	R-L1-K562_seed1	RPA1	RPA1+ctrl	False	True	False	True	ALIGNED	
replogle_k562_rl1	R-L1-K562_seed1	RPA2	RPA2+ctrl	True	False	True	False	ALIGNED	
replogle_k562_rl1	R-L1-K562_seed1	RPA3	RPA3+ctrl	False	True	False	True	ALIGNED	
replogle_k562_rl1	R-L1-K562_seed1	RPAP1	RPAP1+ctrl	False	True	False	True	ALIGNED	
replogle_k562_rl1	R-L1-K562_seed1	RPAP2	RPAP2+ctrl	True	False	True	False	ALIGNED	
replogle_k562_rl1	R-L1-K562_seed1	RPF1	RPF1+ctrl	True	False	True	False	ALIGNED	
replogle_k562_rl1	R-L1-K562_seed1	RPF2	RPF2+ctrl	True	False	True	False	ALIGNED	
replogle_k562_rl1	R-L1-K562_seed1	RPL10	RPL10+ctrl	True	False	True	False	ALIGNED	
replogle_k562_rl1	R-L1-K562_seed1	RPL10A	RPL10A+ctrl	True	False	True	False	ALIGNED	
replogle_k562_rl1	R-L1-K562_seed1	RPL12	RPL12+ctrl	False	True	False	True	ALIGNED	
replogle_k562_rl1	R-L1-K562_seed1	RPL13	RPL13+ctrl	True	False	True	False	ALIGNED	
replogle_k562_rl1	R-L1-K562_seed1	RPL13A	RPL13A+ctrl	True	False	True	False	ALIGNED	
replogle_k562_rl1	R-L1-K562_seed1	RPL14	RPL14+ctrl	True	False	True	False	ALIGNED	
replogle_k562_rl1	R-L1-K562_seed1	RPL15	RPL15+ctrl	True	False	True	False	ALIGNED	
replogle_k562_rl1	R-L1-K562_seed1	RPL17	RPL17+ctrl	True	False	True	False	ALIGNED	
replogle_k562_rl1	R-L1-K562_seed1	RPL18	RPL18+ctrl	True	False	True	False	ALIGNED	
replogle_k562_rl1	R-L1-K562_seed1	RPL18A	RPL18A+ctrl	False	True	False	True	ALIGNED	
replogle_k562_rl1	R-L1-K562_seed1	RPL19	RPL19+ctrl	True	False	True	False	ALIGNED	
replogle_k562_rl1	R-L1-K562_seed1	RPL21	RPL21+ctrl	True	False	True	False	ALIGNED	
replogle_k562_rl1	R-L1-K562_seed1	RPL23	RPL23+ctrl	True	False	True	False	ALIGNED	
replogle_k562_rl1	R-L1-K562_seed1	RPL23A	RPL23A+ctrl	False	True	False	True	ALIGNED	
replogle_k562_rl1	R-L1-K562_seed1	RPL26	RPL26+ctrl	True	False	True	False	ALIGNED	
replogle_k562_rl1	R-L1-K562_seed1	RPL27	RPL27+ctrl	False	True	False	True	ALIGNED	
replogle_k562_rl1	R-L1-K562_seed1	RPL27A	RPL27A+ctrl	True	False	True	False	ALIGNED	
replogle_k562_rl1	R-L1-K562_seed1	RPL30	RPL30+ctrl	False	True	False	True	ALIGNED	
replogle_k562_rl1	R-L1-K562_seed1	RPL31	RPL31+ctrl	True	False	True	False	ALIGNED	
replogle_k562_rl1	R-L1-K562_seed1	RPL32	RPL32+ctrl	True	False	True	False	ALIGNED	
replogle_k562_rl1	R-L1-K562_seed1	RPL34	RPL34+ctrl	False	True	False	True	ALIGNED	
replogle_k562_rl1	R-L1-K562_seed1	RPL35	RPL35+ctrl	False	True	False	True	ALIGNED	
replogle_k562_rl1	R-L1-K562_seed1	RPL36	RPL36+ctrl	True	False	True	False	ALIGNED	
replogle_k562_rl1	R-L1-K562_seed1	RPL36A	RPL36A+ctrl	True	False	True	False	ALIGNED	
replogle_k562_rl1	R-L1-K562_seed1	RPL37	RPL37+ctrl	True	False	True	False	ALIGNED	
replogle_k562_rl1	R-L1-K562_seed1	RPL37A	RPL37A+ctrl	True	False	True	False	ALIGNED	
replogle_k562_rl1	R-L1-K562_seed1	RPL38	RPL38+ctrl	True	False	True	False	ALIGNED	
replogle_k562_rl1	R-L1-K562_seed1	RPL39	RPL39+ctrl	True	False	True	False	ALIGNED	
replogle_k562_rl1	R-L1-K562_seed1	RPL5	RPL5+ctrl	False	True	False	True	ALIGNED	
replogle_k562_rl1	R-L1-K562_seed1	RPL6	RPL6+ctrl	True	False	True	False	ALIGNED	
replogle_k562_rl1	R-L1-K562_seed1	RPL7	RPL7+ctrl	True	False	True	False	ALIGNED	
replogle_k562_rl1	R-L1-K562_seed1	RPL7L1	RPL7L1+ctrl	True	False	True	False	ALIGNED	
replogle_k562_rl1	R-L1-K562_seed1	RPL8	RPL8+ctrl	True	False	True	False	ALIGNED	
replogle_k562_rl1	R-L1-K562_seed1	RPL9	RPL9+ctrl	True	False	True	False	ALIGNED	
replogle_k562_rl1	R-L1-K562_seed1	RPLP0	RPLP0+ctrl	True	False	True	False	ALIGNED	
replogle_k562_rl1	R-L1-K562_seed1	RPLP1	RPLP1+ctrl	True	False	True	False	ALIGNED	
replogle_k562_rl1	R-L1-K562_seed1	RPLP2	RPLP2+ctrl	True	False	True	False	ALIGNED	
replogle_k562_rl1	R-L1-K562_seed1	RPP14	RPP14+ctrl	True	False	True	False	ALIGNED	
replogle_k562_rl1	R-L1-K562_seed1	RPP40	RPP40+ctrl	True	False	True	False	ALIGNED	
replogle_k562_rl1	R-L1-K562_seed1	RPS10	RPS10+ctrl	True	False	True	False	ALIGNED	
replogle_k562_rl1	R-L1-K562_seed1	RPS11	RPS11+ctrl	False	True	False	True	ALIGNED	
replogle_k562_rl1	R-L1-K562_seed1	RPS13	RPS13+ctrl	True	False	True	False	ALIGNED	
replogle_k562_rl1	R-L1-K562_seed1	RPS14	RPS14+ctrl	True	False	True	False	ALIGNED	
replogle_k562_rl1	R-L1-K562_seed1	RPS15	RPS15+ctrl	True	False	True	False	ALIGNED	
replogle_k562_rl1	R-L1-K562_seed1	RPS15A	RPS15A+ctrl	True	False	True	False	ALIGNED	
replogle_k562_rl1	R-L1-K562_seed1	RPS16	RPS16+ctrl	True	False	True	False	ALIGNED	
replogle_k562_rl1	R-L1-K562_seed1	RPS17	RPS17+ctrl	False	True	False	True	ALIGNED	
replogle_k562_rl1	R-L1-K562_seed1	RPS18	RPS18+ctrl	True	False	True	False	ALIGNED	
replogle_k562_rl1	R-L1-K562_seed1	RPS19	RPS19+ctrl	True	False	True	False	ALIGNED	
replogle_k562_rl1	R-L1-K562_seed1	RPS19BP1	RPS19BP1+ctrl	True	False	True	False	ALIGNED	
replogle_k562_rl1	R-L1-K562_seed1	RPS2	RPS2+ctrl	True	False	True	False	ALIGNED	
replogle_k562_rl1	R-L1-K562_seed1	RPS21	RPS21+ctrl	True	False	True	False	ALIGNED	
replogle_k562_rl1	R-L1-K562_seed1	RPS23	RPS23+ctrl	False	True	False	True	ALIGNED	
replogle_k562_rl1	R-L1-K562_seed1	RPS24	RPS24+ctrl	False	True	False	True	ALIGNED	
replogle_k562_rl1	R-L1-K562_seed1	RPS27	RPS27+ctrl	True	False	True	False	ALIGNED	
replogle_k562_rl1	R-L1-K562_seed1	RPS27A	RPS27A+ctrl	False	True	False	True	ALIGNED	
replogle_k562_rl1	R-L1-K562_seed1	RPS28	RPS28+ctrl	True	False	True	False	ALIGNED	
replogle_k562_rl1	R-L1-K562_seed1	RPS29	RPS29+ctrl	False	True	False	True	ALIGNED	
replogle_k562_rl1	R-L1-K562_seed1	RPS3	RPS3+ctrl	True	False	True	False	ALIGNED	
replogle_k562_rl1	R-L1-K562_seed1	RPS3A	RPS3A+ctrl	True	False	True	False	ALIGNED	
replogle_k562_rl1	R-L1-K562_seed1	RPS4X	RPS4X+ctrl	False	True	False	True	ALIGNED	
replogle_k562_rl1	R-L1-K562_seed1	RPS5	RPS5+ctrl	True	False	True	False	ALIGNED	
replogle_k562_rl1	R-L1-K562_seed1	RPS6	RPS6+ctrl	True	False	True	False	ALIGNED	
replogle_k562_rl1	R-L1-K562_seed1	RPS7	RPS7+ctrl	True	False	True	False	ALIGNED	
replogle_k562_rl1	R-L1-K562_seed1	RPS9	RPS9+ctrl	False	True	False	True	ALIGNED	
replogle_k562_rl1	R-L1-K562_seed1	RPSA	RPSA+ctrl	True	False	True	False	ALIGNED	
replogle_k562_rl1	R-L1-K562_seed1	RPUSD4	RPUSD4+ctrl	True	False	True	False	ALIGNED	
replogle_k562_rl1	R-L1-K562_seed1	RRM1	RRM1+ctrl	True	False	True	False	ALIGNED	
replogle_k562_rl1	R-L1-K562_seed1	RRN3	RRN3+ctrl	True	False	True	False	ALIGNED	
replogle_k562_rl1	R-L1-K562_seed1	RRP1	RRP1+ctrl	False	True	False	True	ALIGNED	
replogle_k562_rl1	R-L1-K562_seed1	RRP12	RRP12+ctrl	True	False	True	False	ALIGNED	
replogle_k562_rl1	R-L1-K562_seed1	RRP7A	RRP7A+ctrl	False	True	False	True	ALIGNED	
replogle_k562_rl1	R-L1-K562_seed1	RRP9	RRP9+ctrl	True	False	True	False	ALIGNED	
replogle_k562_rl1	R-L1-K562_seed1	RRS1	RRS1+ctrl	True	False	True	False	ALIGNED	
replogle_k562_rl1	R-L1-K562_seed1	RSL1D1	RSL1D1+ctrl	True	False	True	False	ALIGNED	
replogle_k562_rl1	R-L1-K562_seed1	RSL24D1	RSL24D1+ctrl	True	False	True	False	ALIGNED	
replogle_k562_rl1	R-L1-K562_seed1	RTCB	RTCB+ctrl	True	False	True	False	ALIGNED	
replogle_k562_rl1	R-L1-K562_seed1	RTF1	RTF1+ctrl	True	False	True	False	ALIGNED	
replogle_k562_rl1	R-L1-K562_seed1	RUVBL1	RUVBL1+ctrl	True	False	True	False	ALIGNED	
replogle_k562_rl1	R-L1-K562_seed1	SAMM50	SAMM50+ctrl	True	False	True	False	ALIGNED	
replogle_k562_rl1	R-L1-K562_seed1	SAP18	SAP18+ctrl	True	False	True	False	ALIGNED	
replogle_k562_rl1	R-L1-K562_seed1	SARS	SARS+ctrl	True	False	True	False	ALIGNED	
replogle_k562_rl1	R-L1-K562_seed1	SARS2	SARS2+ctrl	False	True	False	True	ALIGNED	
replogle_k562_rl1	R-L1-K562_seed1	SART1	SART1+ctrl	False	True	False	True	ALIGNED	
replogle_k562_rl1	R-L1-K562_seed1	SART3	SART3+ctrl	True	False	True	False	ALIGNED	
replogle_k562_rl1	R-L1-K562_seed1	SBNO1	SBNO1+ctrl	True	False	True	False	ALIGNED	
replogle_k562_rl1	R-L1-K562_seed1	SCFD1	SCFD1+ctrl	False	True	False	True	ALIGNED	
replogle_k562_rl1	R-L1-K562_seed1	SDE2	SDE2+ctrl	True	False	True	False	ALIGNED	
replogle_k562_rl1	R-L1-K562_seed1	SDHC	SDHC+ctrl	False	True	False	True	ALIGNED	
replogle_k562_rl1	R-L1-K562_seed1	SEC13	SEC13+ctrl	True	False	True	False	ALIGNED	
replogle_k562_rl1	R-L1-K562_seed1	SEC61A1	SEC61A1+ctrl	True	False	True	False	ALIGNED	
replogle_k562_rl1	R-L1-K562_seed1	SEC61G	SEC61G+ctrl	True	False	True	False	ALIGNED	
replogle_k562_rl1	R-L1-K562_seed1	SEH1L	SEH1L+ctrl	False	True	False	True	ALIGNED	
replogle_k562_rl1	R-L1-K562_seed1	SERBP1	SERBP1+ctrl	False	True	False	True	ALIGNED	
replogle_k562_rl1	R-L1-K562_seed1	SETDB1	SETDB1+ctrl	True	False	True	False	ALIGNED	
replogle_k562_rl1	R-L1-K562_seed1	SF1	SF1+ctrl	True	False	True	False	ALIGNED	
replogle_k562_rl1	R-L1-K562_seed1	SF3A1	SF3A1+ctrl	False	True	False	True	ALIGNED	
replogle_k562_rl1	R-L1-K562_seed1	SF3A2	SF3A2+ctrl	False	True	False	True	ALIGNED	
replogle_k562_rl1	R-L1-K562_seed1	SF3B2	SF3B2+ctrl	True	False	True	False	ALIGNED	
replogle_k562_rl1	R-L1-K562_seed1	SF3B3	SF3B3+ctrl	True	False	True	False	ALIGNED	
replogle_k562_rl1	R-L1-K562_seed1	SF3B4	SF3B4+ctrl	True	False	True	False	ALIGNED	
replogle_k562_rl1	R-L1-K562_seed1	SF3B5	SF3B5+ctrl	True	False	True	False	ALIGNED	
replogle_k562_rl1	R-L1-K562_seed1	SFPQ	SFPQ+ctrl	False	True	False	True	ALIGNED	
replogle_k562_rl1	R-L1-K562_seed1	SFSWAP	SFSWAP+ctrl	True	False	True	False	ALIGNED	
replogle_k562_rl1	R-L1-K562_seed1	SIN3A	SIN3A+ctrl	True	False	True	False	ALIGNED	
replogle_k562_rl1	R-L1-K562_seed1	SKA3	SKA3+ctrl	True	False	True	False	ALIGNED	
replogle_k562_rl1	R-L1-K562_seed1	SKP1	SKP1+ctrl	False	True	False	True	ALIGNED	
replogle_k562_rl1	R-L1-K562_seed1	SLBP	SLBP+ctrl	False	True	False	True	ALIGNED	
replogle_k562_rl1	R-L1-K562_seed1	SLC7A5	SLC7A5+ctrl	True	False	True	False	ALIGNED	
replogle_k562_rl1	R-L1-K562_seed1	SLC7A6OS	SLC7A6OS+ctrl	True	False	True	False	ALIGNED	
replogle_k562_rl1	R-L1-K562_seed1	SLU7	SLU7+ctrl	True	False	True	False	ALIGNED	
replogle_k562_rl1	R-L1-K562_seed1	SMARCB1	SMARCB1+ctrl	False	True	False	True	ALIGNED	
replogle_k562_rl1	R-L1-K562_seed1	SMC1A	SMC1A+ctrl	True	False	True	False	ALIGNED	
replogle_k562_rl1	R-L1-K562_seed1	SMC2	SMC2+ctrl	True	False	True	False	ALIGNED	
replogle_k562_rl1	R-L1-K562_seed1	SMC3	SMC3+ctrl	True	False	True	False	ALIGNED	
replogle_k562_rl1	R-L1-K562_seed1	SMC4	SMC4+ctrl	True	False	True	False	ALIGNED	
replogle_k562_rl1	R-L1-K562_seed1	SMG5	SMG5+ctrl	True	False	True	False	ALIGNED	
replogle_k562_rl1	R-L1-K562_seed1	SMN2	SMN2+ctrl	False	True	False	True	ALIGNED	
replogle_k562_rl1	R-L1-K562_seed1	SMU1	SMU1+ctrl	True	False	True	False	ALIGNED	
replogle_k562_rl1	R-L1-K562_seed1	SNAPC1	SNAPC1+ctrl	True	False	True	False	ALIGNED	
replogle_k562_rl1	R-L1-K562_seed1	SNAPC2	SNAPC2+ctrl	True	False	True	False	ALIGNED	
replogle_k562_rl1	R-L1-K562_seed1	SNAPC3	SNAPC3+ctrl	True	False	True	False	ALIGNED	
replogle_k562_rl1	R-L1-K562_seed1	SNAPC5	SNAPC5+ctrl	True	False	True	False	ALIGNED	
replogle_k562_rl1	R-L1-K562_seed1	SNRNP200	SNRNP200+ctrl	True	False	True	False	ALIGNED	
replogle_k562_rl1	R-L1-K562_seed1	SNRNP25	SNRNP25+ctrl	True	False	True	False	ALIGNED	
replogle_k562_rl1	R-L1-K562_seed1	SNRNP27	SNRNP27+ctrl	True	False	True	False	ALIGNED	
replogle_k562_rl1	R-L1-K562_seed1	SNRNP35	SNRNP35+ctrl	True	False	True	False	ALIGNED	
replogle_k562_rl1	R-L1-K562_seed1	SNRNP48	SNRNP48+ctrl	True	False	True	False	ALIGNED	
replogle_k562_rl1	R-L1-K562_seed1	SNRNP70	SNRNP70+ctrl	True	False	True	False	ALIGNED	
replogle_k562_rl1	R-L1-K562_seed1	SNRPA1	SNRPA1+ctrl	False	True	False	True	ALIGNED	
replogle_k562_rl1	R-L1-K562_seed1	SNRPB	SNRPB+ctrl	False	True	False	True	ALIGNED	
replogle_k562_rl1	R-L1-K562_seed1	SNRPC	SNRPC+ctrl	True	False	True	False	ALIGNED	
replogle_k562_rl1	R-L1-K562_seed1	SNRPD1	SNRPD1+ctrl	False	True	False	True	ALIGNED	
replogle_k562_rl1	R-L1-K562_seed1	SNRPD3	SNRPD3+ctrl	True	False	True	False	ALIGNED	
replogle_k562_rl1	R-L1-K562_seed1	SNRPE	SNRPE+ctrl	True	False	True	False	ALIGNED	
replogle_k562_rl1	R-L1-K562_seed1	SNRPF	SNRPF+ctrl	True	False	True	False	ALIGNED	
replogle_k562_rl1	R-L1-K562_seed1	SNRPG	SNRPG+ctrl	False	True	False	True	ALIGNED	
replogle_k562_rl1	R-L1-K562_seed1	SNW1	SNW1+ctrl	True	False	True	False	ALIGNED	
replogle_k562_rl1	R-L1-K562_seed1	SON	SON+ctrl	True	False	True	False	ALIGNED	
replogle_k562_rl1	R-L1-K562_seed1	SPC24	SPC24+ctrl	True	False	True	False	ALIGNED	
replogle_k562_rl1	R-L1-K562_seed1	SPC25	SPC25+ctrl	False	True	False	True	ALIGNED	
replogle_k562_rl1	R-L1-K562_seed1	SPCS3	SPCS3+ctrl	True	False	True	False	ALIGNED	
replogle_k562_rl1	R-L1-K562_seed1	SRBD1	SRBD1+ctrl	True	False	True	False	ALIGNED	
replogle_k562_rl1	R-L1-K562_seed1	SRFBP1	SRFBP1+ctrl	False	True	False	True	ALIGNED	
replogle_k562_rl1	R-L1-K562_seed1	SRP54	SRP54+ctrl	True	False	True	False	ALIGNED	
replogle_k562_rl1	R-L1-K562_seed1	SRP68	SRP68+ctrl	True	False	True	False	ALIGNED	
replogle_k562_rl1	R-L1-K562_seed1	SRP72	SRP72+ctrl	True	False	True	False	ALIGNED	
replogle_k562_rl1	R-L1-K562_seed1	SRPRB	SRPRB+ctrl	True	False	True	False	ALIGNED	
replogle_k562_rl1	R-L1-K562_seed1	SRRM1	SRRM1+ctrl	True	False	True	False	ALIGNED	
replogle_k562_rl1	R-L1-K562_seed1	SRRM2	SRRM2+ctrl	True	False	True	False	ALIGNED	
replogle_k562_rl1	R-L1-K562_seed1	SRRT	SRRT+ctrl	False	True	False	True	ALIGNED	
replogle_k562_rl1	R-L1-K562_seed1	SRSF1	SRSF1+ctrl	True	False	True	False	ALIGNED	
replogle_k562_rl1	R-L1-K562_seed1	SRSF10	SRSF10+ctrl	True	False	True	False	ALIGNED	
replogle_k562_rl1	R-L1-K562_seed1	SRSF11	SRSF11+ctrl	True	False	True	False	ALIGNED	
replogle_k562_rl1	R-L1-K562_seed1	SRSF2	SRSF2+ctrl	True	False	True	False	ALIGNED	
replogle_k562_rl1	R-L1-K562_seed1	SRSF3	SRSF3+ctrl	True	False	True	False	ALIGNED	
replogle_k562_rl1	R-L1-K562_seed1	SRSF7	SRSF7+ctrl	True	False	True	False	ALIGNED	
replogle_k562_rl1	R-L1-K562_seed1	SS18L2	SS18L2+ctrl	True	False	True	False	ALIGNED	
replogle_k562_rl1	R-L1-K562_seed1	SSBP1	SSBP1+ctrl	True	False	True	False	ALIGNED	
replogle_k562_rl1	R-L1-K562_seed1	SSRP1	SSRP1+ctrl	False	True	False	True	ALIGNED	
replogle_k562_rl1	R-L1-K562_seed1	SSU72	SSU72+ctrl	False	True	False	True	ALIGNED	
replogle_k562_rl1	R-L1-K562_seed1	STARD7	STARD7+ctrl	False	True	False	True	ALIGNED	
replogle_k562_rl1	R-L1-K562_seed1	STRAP	STRAP+ctrl	True	False	True	False	ALIGNED	
replogle_k562_rl1	R-L1-K562_seed1	SUGP1	SUGP1+ctrl	True	False	True	False	ALIGNED	
replogle_k562_rl1	R-L1-K562_seed1	SUGT1	SUGT1+ctrl	True	False	True	False	ALIGNED	
replogle_k562_rl1	R-L1-K562_seed1	SUPT16H	SUPT16H+ctrl	False	True	False	True	ALIGNED	
replogle_k562_rl1	R-L1-K562_seed1	SUPT4H1	SUPT4H1+ctrl	True	False	True	False	ALIGNED	
replogle_k562_rl1	R-L1-K562_seed1	SUPT5H	SUPT5H+ctrl	True	False	True	False	ALIGNED	
replogle_k562_rl1	R-L1-K562_seed1	SUPT6H	SUPT6H+ctrl	True	False	True	False	ALIGNED	
replogle_k562_rl1	R-L1-K562_seed1	SUPV3L1	SUPV3L1+ctrl	False	True	False	True	ALIGNED	
replogle_k562_rl1	R-L1-K562_seed1	SURF6	SURF6+ctrl	True	False	True	False	ALIGNED	
replogle_k562_rl1	R-L1-K562_seed1	SYF2	SYF2+ctrl	True	False	True	False	ALIGNED	
replogle_k562_rl1	R-L1-K562_seed1	SYMPK	SYMPK+ctrl	True	False	True	False	ALIGNED	
replogle_k562_rl1	R-L1-K562_seed1	TADA3	TADA3+ctrl	True	False	True	False	ALIGNED	
replogle_k562_rl1	R-L1-K562_seed1	TAF1	TAF1+ctrl	True	False	True	False	ALIGNED	
replogle_k562_rl1	R-L1-K562_seed1	TAF10	TAF10+ctrl	True	False	True	False	ALIGNED	
replogle_k562_rl1	R-L1-K562_seed1	TAF12	TAF12+ctrl	True	False	True	False	ALIGNED	
replogle_k562_rl1	R-L1-K562_seed1	TAF1C	TAF1C+ctrl	True	False	True	False	ALIGNED	
replogle_k562_rl1	R-L1-K562_seed1	TAF1D	TAF1D+ctrl	True	False	True	False	ALIGNED	
replogle_k562_rl1	R-L1-K562_seed1	TAF6	TAF6+ctrl	True	False	True	False	ALIGNED	
replogle_k562_rl1	R-L1-K562_seed1	TAF7	TAF7+ctrl	True	False	True	False	ALIGNED	
replogle_k562_rl1	R-L1-K562_seed1	TAF8	TAF8+ctrl	True	False	True	False	ALIGNED	
replogle_k562_rl1	R-L1-K562_seed1	TANGO6	TANGO6+ctrl	True	False	True	False	ALIGNED	
replogle_k562_rl1	R-L1-K562_seed1	TARS	TARS+ctrl	True	False	True	False	ALIGNED	
replogle_k562_rl1	R-L1-K562_seed1	TBCB	TBCB+ctrl	True	False	True	False	ALIGNED	
replogle_k562_rl1	R-L1-K562_seed1	TBL3	TBL3+ctrl	True	False	True	False	ALIGNED	
replogle_k562_rl1	R-L1-K562_seed1	TBP	TBP+ctrl	True	False	True	False	ALIGNED	
replogle_k562_rl1	R-L1-K562_seed1	TCERG1	TCERG1+ctrl	False	True	False	True	ALIGNED	
replogle_k562_rl1	R-L1-K562_seed1	TCOF1	TCOF1+ctrl	True	False	True	False	ALIGNED	
replogle_k562_rl1	R-L1-K562_seed1	TCP1	TCP1+ctrl	False	True	False	True	ALIGNED	
replogle_k562_rl1	R-L1-K562_seed1	TEFM	TEFM+ctrl	False	True	False	True	ALIGNED	
replogle_k562_rl1	R-L1-K562_seed1	TELO2	TELO2+ctrl	True	False	True	False	ALIGNED	
replogle_k562_rl1	R-L1-K562_seed1	TERF2	TERF2+ctrl	False	True	False	True	ALIGNED	
replogle_k562_rl1	R-L1-K562_seed1	TEX10	TEX10+ctrl	True	False	True	False	ALIGNED	
replogle_k562_rl1	R-L1-K562_seed1	TFDP1	TFDP1+ctrl	False	True	False	True	ALIGNED	
replogle_k562_rl1	R-L1-K562_seed1	TFIP11	TFIP11+ctrl	False	True	False	True	ALIGNED	
replogle_k562_rl1	R-L1-K562_seed1	THAP1	THAP1+ctrl	False	True	False	True	ALIGNED	
replogle_k562_rl1	R-L1-K562_seed1	THAP11	THAP11+ctrl	False	True	False	True	ALIGNED	
replogle_k562_rl1	R-L1-K562_seed1	THG1L	THG1L+ctrl	True	False	True	False	ALIGNED	
replogle_k562_rl1	R-L1-K562_seed1	THOC1	THOC1+ctrl	True	False	True	False	ALIGNED	
replogle_k562_rl1	R-L1-K562_seed1	THOC2	THOC2+ctrl	True	False	True	False	ALIGNED	
replogle_k562_rl1	R-L1-K562_seed1	THOC3	THOC3+ctrl	True	False	True	False	ALIGNED	
replogle_k562_rl1	R-L1-K562_seed1	THOC5	THOC5+ctrl	True	False	True	False	ALIGNED	
replogle_k562_rl1	R-L1-K562_seed1	THOC6	THOC6+ctrl	True	False	True	False	ALIGNED	
replogle_k562_rl1	R-L1-K562_seed1	THOC7	THOC7+ctrl	True	False	True	False	ALIGNED	
replogle_k562_rl1	R-L1-K562_seed1	TICRR	TICRR+ctrl	True	False	True	False	ALIGNED	
replogle_k562_rl1	R-L1-K562_seed1	TIMM13	TIMM13+ctrl	True	False	True	False	ALIGNED	
replogle_k562_rl1	R-L1-K562_seed1	TIMM23B	TIMM23B+ctrl	False	True	False	True	ALIGNED	
replogle_k562_rl1	R-L1-K562_seed1	TMA16	TMA16+ctrl	False	True	False	True	ALIGNED	
replogle_k562_rl1	R-L1-K562_seed1	TMSB10	TMSB10+ctrl	True	False	True	False	ALIGNED	
replogle_k562_rl1	R-L1-K562_seed1	TMX2	TMX2+ctrl	True	False	True	False	ALIGNED	
replogle_k562_rl1	R-L1-K562_seed1	TNPO3	TNPO3+ctrl	False	True	False	True	ALIGNED	
replogle_k562_rl1	R-L1-K562_seed1	TOMM22	TOMM22+ctrl	True	False	True	False	ALIGNED	
replogle_k562_rl1	R-L1-K562_seed1	TOMM40	TOMM40+ctrl	True	False	True	False	ALIGNED	
replogle_k562_rl1	R-L1-K562_seed1	TOP1	TOP1+ctrl	False	True	False	True	ALIGNED	
replogle_k562_rl1	R-L1-K562_seed1	TPX2	TPX2+ctrl	True	False	True	False	ALIGNED	
replogle_k562_rl1	R-L1-K562_seed1	TRA2B	TRA2B+ctrl	False	True	False	True	ALIGNED	
replogle_k562_rl1	R-L1-K562_seed1	TREX2	TREX2+ctrl	False	True	False	True	ALIGNED	
replogle_k562_rl1	R-L1-K562_seed1	TRMT10C	TRMT10C+ctrl	True	False	True	False	ALIGNED	
replogle_k562_rl1	R-L1-K562_seed1	TRMT112	TRMT112+ctrl	False	True	False	True	ALIGNED	
replogle_k562_rl1	R-L1-K562_seed1	TRMT5	TRMT5+ctrl	True	False	True	False	ALIGNED	
replogle_k562_rl1	R-L1-K562_seed1	TRPM7	TRPM7+ctrl	True	False	True	False	ALIGNED	
replogle_k562_rl1	R-L1-K562_seed1	TRRAP	TRRAP+ctrl	False	True	False	True	ALIGNED	
replogle_k562_rl1	R-L1-K562_seed1	TSEN2	TSEN2+ctrl	True	False	True	False	ALIGNED	
replogle_k562_rl1	R-L1-K562_seed1	TSR1	TSR1+ctrl	True	False	True	False	ALIGNED	
replogle_k562_rl1	R-L1-K562_seed1	TSR2	TSR2+ctrl	True	False	True	False	ALIGNED	
replogle_k562_rl1	R-L1-K562_seed1	TTC27	TTC27+ctrl	True	False	True	False	ALIGNED	
replogle_k562_rl1	R-L1-K562_seed1	TTI1	TTI1+ctrl	True	False	True	False	ALIGNED	
replogle_k562_rl1	R-L1-K562_seed1	TTK	TTK+ctrl	True	False	True	False	ALIGNED	
replogle_k562_rl1	R-L1-K562_seed1	TUBGCP2	TUBGCP2+ctrl	True	False	True	False	ALIGNED	
replogle_k562_rl1	R-L1-K562_seed1	TUT1	TUT1+ctrl	False	True	False	True	ALIGNED	
replogle_k562_rl1	R-L1-K562_seed1	TWISTNB	TWISTNB+ctrl	True	False	True	False	ALIGNED	
replogle_k562_rl1	R-L1-K562_seed1	TXN	TXN+ctrl	True	False	True	False	ALIGNED	
replogle_k562_rl1	R-L1-K562_seed1	TXNL4A	TXNL4A+ctrl	True	False	True	False	ALIGNED	
replogle_k562_rl1	R-L1-K562_seed1	U2AF1	U2AF1+ctrl	True	False	True	False	ALIGNED	
replogle_k562_rl1	R-L1-K562_seed1	U2AF2	U2AF2+ctrl	True	False	True	False	ALIGNED	
replogle_k562_rl1	R-L1-K562_seed1	UBA1	UBA1+ctrl	False	True	False	True	ALIGNED	
replogle_k562_rl1	R-L1-K562_seed1	UBA2	UBA2+ctrl	True	False	True	False	ALIGNED	
replogle_k562_rl1	R-L1-K562_seed1	UBA3	UBA3+ctrl	True	False	True	False	ALIGNED	
replogle_k562_rl1	R-L1-K562_seed1	UBA52	UBA52+ctrl	True	False	True	False	ALIGNED	
replogle_k562_rl1	R-L1-K562_seed1	UBAP1	UBAP1+ctrl	True	False	True	False	ALIGNED	
replogle_k562_rl1	R-L1-K562_seed1	UBE2I	UBE2I+ctrl	False	True	False	True	ALIGNED	
replogle_k562_rl1	R-L1-K562_seed1	UBL5	UBL5+ctrl	True	False	True	False	ALIGNED	
replogle_k562_rl1	R-L1-K562_seed1	UFL1	UFL1+ctrl	True	False	True	False	ALIGNED	
replogle_k562_rl1	R-L1-K562_seed1	UFM1	UFM1+ctrl	True	False	True	False	ALIGNED	
replogle_k562_rl1	R-L1-K562_seed1	UPF1	UPF1+ctrl	True	False	True	False	ALIGNED	
replogle_k562_rl1	R-L1-K562_seed1	UQCC2	UQCC2+ctrl	True	False	True	False	ALIGNED	
replogle_k562_rl1	R-L1-K562_seed1	UQCRB	UQCRB+ctrl	False	True	False	True	ALIGNED	
replogle_k562_rl1	R-L1-K562_seed1	UQCRFS1	UQCRFS1+ctrl	True	False	True	False	ALIGNED	
replogle_k562_rl1	R-L1-K562_seed1	URB2	URB2+ctrl	True	False	True	False	ALIGNED	
replogle_k562_rl1	R-L1-K562_seed1	URI1	URI1+ctrl	True	False	True	False	ALIGNED	
replogle_k562_rl1	R-L1-K562_seed1	USP36	USP36+ctrl	True	False	True	False	ALIGNED	
replogle_k562_rl1	R-L1-K562_seed1	USP39	USP39+ctrl	True	False	True	False	ALIGNED	
replogle_k562_rl1	R-L1-K562_seed1	USP5	USP5+ctrl	True	False	True	False	ALIGNED	
replogle_k562_rl1	R-L1-K562_seed1	USPL1	USPL1+ctrl	True	False	True	False	ALIGNED	
replogle_k562_rl1	R-L1-K562_seed1	UTP15	UTP15+ctrl	False	True	False	True	ALIGNED	
replogle_k562_rl1	R-L1-K562_seed1	UTP18	UTP18+ctrl	True	False	True	False	ALIGNED	
replogle_k562_rl1	R-L1-K562_seed1	UTP20	UTP20+ctrl	True	False	True	False	ALIGNED	
replogle_k562_rl1	R-L1-K562_seed1	UTP23	UTP23+ctrl	True	False	True	False	ALIGNED	
replogle_k562_rl1	R-L1-K562_seed1	UTP3	UTP3+ctrl	True	False	True	False	ALIGNED	
replogle_k562_rl1	R-L1-K562_seed1	UTP6	UTP6+ctrl	False	True	False	True	ALIGNED	
replogle_k562_rl1	R-L1-K562_seed1	UXT	UXT+ctrl	True	False	True	False	ALIGNED	
replogle_k562_rl1	R-L1-K562_seed1	VARS	VARS+ctrl	True	False	True	False	ALIGNED	
replogle_k562_rl1	R-L1-K562_seed1	VPS28	VPS28+ctrl	True	False	True	False	ALIGNED	
replogle_k562_rl1	R-L1-K562_seed1	VPS29	VPS29+ctrl	False	True	False	True	ALIGNED	
replogle_k562_rl1	R-L1-K562_seed1	VPS35	VPS35+ctrl	True	False	True	False	ALIGNED	
replogle_k562_rl1	R-L1-K562_seed1	VPS72	VPS72+ctrl	True	False	True	False	ALIGNED	
replogle_k562_rl1	R-L1-K562_seed1	WBP11	WBP11+ctrl	True	False	True	False	ALIGNED	
replogle_k562_rl1	R-L1-K562_seed1	WDHD1	WDHD1+ctrl	True	False	True	False	ALIGNED	
replogle_k562_rl1	R-L1-K562_seed1	WDR12	WDR12+ctrl	False	True	False	True	ALIGNED	
replogle_k562_rl1	R-L1-K562_seed1	WDR24	WDR24+ctrl	True	False	True	False	ALIGNED	
replogle_k562_rl1	R-L1-K562_seed1	WDR3	WDR3+ctrl	True	False	True	False	ALIGNED	
replogle_k562_rl1	R-L1-K562_seed1	WDR36	WDR36+ctrl	True	False	True	False	ALIGNED	
replogle_k562_rl1	R-L1-K562_seed1	WDR43	WDR43+ctrl	True	False	True	False	ALIGNED	
replogle_k562_rl1	R-L1-K562_seed1	WDR46	WDR46+ctrl	True	False	True	False	ALIGNED	
replogle_k562_rl1	R-L1-K562_seed1	WDR5	WDR5+ctrl	True	False	True	False	ALIGNED	
replogle_k562_rl1	R-L1-K562_seed1	WDR55	WDR55+ctrl	True	False	True	False	ALIGNED	
replogle_k562_rl1	R-L1-K562_seed1	WDR61	WDR61+ctrl	True	False	True	False	ALIGNED	
replogle_k562_rl1	R-L1-K562_seed1	WDR70	WDR70+ctrl	True	False	True	False	ALIGNED	
replogle_k562_rl1	R-L1-K562_seed1	WDR74	WDR74+ctrl	True	False	True	False	ALIGNED	
replogle_k562_rl1	R-L1-K562_seed1	WDR75	WDR75+ctrl	True	False	True	False	ALIGNED	
replogle_k562_rl1	R-L1-K562_seed1	WDR82	WDR82+ctrl	True	False	True	False	ALIGNED	
replogle_k562_rl1	R-L1-K562_seed1	WDTC1	WDTC1+ctrl	True	False	True	False	ALIGNED	
replogle_k562_rl1	R-L1-K562_seed1	XAB2	XAB2+ctrl	True	False	True	False	ALIGNED	
replogle_k562_rl1	R-L1-K562_seed1	XPO1	XPO1+ctrl	False	True	False	True	ALIGNED	
replogle_k562_rl1	R-L1-K562_seed1	XRCC5	XRCC5+ctrl	True	False	True	False	ALIGNED	
replogle_k562_rl1	R-L1-K562_seed1	XRN2	XRN2+ctrl	False	True	False	True	ALIGNED	
replogle_k562_rl1	R-L1-K562_seed1	YEATS2	YEATS2+ctrl	True	False	True	False	ALIGNED	
replogle_k562_rl1	R-L1-K562_seed1	YEATS4	YEATS4+ctrl	True	False	True	False	ALIGNED	
replogle_k562_rl1	R-L1-K562_seed1	YTHDC1	YTHDC1+ctrl	True	False	True	False	ALIGNED	
replogle_k562_rl1	R-L1-K562_seed1	ZBTB17	ZBTB17+ctrl	True	False	True	False	ALIGNED	
replogle_k562_rl1	R-L1-K562_seed1	ZC3H18	ZC3H18+ctrl	True	False	True	False	ALIGNED	
replogle_k562_rl1	R-L1-K562_seed1	ZCCHC9	ZCCHC9+ctrl	True	False	True	False	ALIGNED	
replogle_k562_rl1	R-L1-K562_seed1	ZCRB1	ZCRB1+ctrl	True	False	True	False	ALIGNED	
replogle_k562_rl1	R-L1-K562_seed1	ZFC3H1	ZFC3H1+ctrl	True	False	True	False	ALIGNED	
replogle_k562_rl1	R-L1-K562_seed1	ZMAT2	ZMAT2+ctrl	True	False	True	False	ALIGNED	
replogle_k562_rl1	R-L1-K562_seed1	ZMAT5	ZMAT5+ctrl	True	False	True	False	ALIGNED	
replogle_k562_rl1	R-L1-K562_seed1	ZNF207	ZNF207+ctrl	False	True	False	True	ALIGNED	
replogle_k562_rl1	R-L1-K562_seed1	ZNF236	ZNF236+ctrl	True	False	True	False	ALIGNED	
replogle_k562_rl1	R-L1-K562_seed1	ZNF335	ZNF335+ctrl	True	False	True	False	ALIGNED	
replogle_k562_rl1	R-L1-K562_seed1	ZNF574	ZNF574+ctrl	True	False	True	False	ALIGNED	
replogle_k562_rl1	R-L1-K562_seed1	ZNHIT6	ZNHIT6+ctrl	False	True	False	True	ALIGNED	
replogle_k562_rl1	R-L1-K562_seed1	ZNRD1	ZNRD1+ctrl	True	False	True	False	ALIGNED	
replogle_k562_rl1	R-L1-K562_seed1	ctrl	ctrl	True	False	True	False	ALIGNED	
replogle_k562_rl4_source	R-L4-K2R_seed1_source	AARS	AARS+ctrl	True	False	True	False	ALIGNED	
replogle_k562_rl4_source	R-L4-K2R_seed1_source	ABCB7	ABCB7+ctrl	True	False	True	False	ALIGNED	
replogle_k562_rl4_source	R-L4-K2R_seed1_source	ABCE1	ABCE1+ctrl	True	False	True	False	ALIGNED	
replogle_k562_rl4_source	R-L4-K2R_seed1_source	ABCF1	ABCF1+ctrl	True	False	True	False	ALIGNED	
replogle_k562_rl4_source	R-L4-K2R_seed1_source	ACTB	ACTB+ctrl	True	False	True	False	ALIGNED	
replogle_k562_rl4_source	R-L4-K2R_seed1_source	ACTR6	ACTR6+ctrl	True	False	True	False	ALIGNED	
replogle_k562_rl4_source	R-L4-K2R_seed1_source	ACTR8	ACTR8+ctrl	True	False	True	False	ALIGNED	
replogle_k562_rl4_source	R-L4-K2R_seed1_source	AHCTF1	AHCTF1+ctrl	True	False	True	False	ALIGNED	
replogle_k562_rl4_source	R-L4-K2R_seed1_source	ALDOA	ALDOA+ctrl	True	False	True	False	ALIGNED	
replogle_k562_rl4_source	R-L4-K2R_seed1_source	ALG13	ALG13+ctrl	True	False	True	False	ALIGNED	
replogle_k562_rl4_source	R-L4-K2R_seed1_source	ALG2	ALG2+ctrl	True	False	True	False	ALIGNED	
replogle_k562_rl4_source	R-L4-K2R_seed1_source	ANAPC2	ANAPC2+ctrl	True	False	True	False	ALIGNED	
replogle_k562_rl4_source	R-L4-K2R_seed1_source	ANKRD11	ANKRD11+ctrl	True	False	True	False	ALIGNED	
replogle_k562_rl4_source	R-L4-K2R_seed1_source	ARCN1	ARCN1+ctrl	True	True	True	True	ALIGNED	
replogle_k562_rl4_source	R-L4-K2R_seed1_source	ARGLU1	ARGLU1+ctrl	True	False	True	False	ALIGNED	
replogle_k562_rl4_source	R-L4-K2R_seed1_source	ARIH1	ARIH1+ctrl	True	False	True	False	ALIGNED	
replogle_k562_rl4_source	R-L4-K2R_seed1_source	ARL2	ARL2+ctrl	True	False	True	False	ALIGNED	
replogle_k562_rl4_source	R-L4-K2R_seed1_source	ARMC7	ARMC7+ctrl	True	False	True	False	ALIGNED	
replogle_k562_rl4_source	R-L4-K2R_seed1_source	ARPC4	ARPC4+ctrl	True	True	True	True	ALIGNED	
replogle_k562_rl4_source	R-L4-K2R_seed1_source	ATF5	ATF5+ctrl	True	False	True	False	ALIGNED	
replogle_k562_rl4_source	R-L4-K2R_seed1_source	ATP6AP1	ATP6AP1+ctrl	True	False	True	False	ALIGNED	
replogle_k562_rl4_source	R-L4-K2R_seed1_source	ATP6V0B	ATP6V0B+ctrl	True	False	True	False	ALIGNED	
replogle_k562_rl4_source	R-L4-K2R_seed1_source	ATP6V0C	ATP6V0C+ctrl	True	False	True	False	ALIGNED	
replogle_k562_rl4_source	R-L4-K2R_seed1_source	ATP6V1A	ATP6V1A+ctrl	True	True	True	True	ALIGNED	
replogle_k562_rl4_source	R-L4-K2R_seed1_source	ATP6V1B2	ATP6V1B2+ctrl	True	False	True	False	ALIGNED	
replogle_k562_rl4_source	R-L4-K2R_seed1_source	ATR	ATR+ctrl	True	False	True	False	ALIGNED	
replogle_k562_rl4_source	R-L4-K2R_seed1_source	ATRIP	ATRIP+ctrl	True	False	True	False	ALIGNED	
replogle_k562_rl4_source	R-L4-K2R_seed1_source	BANP	BANP+ctrl	True	False	True	False	ALIGNED	
replogle_k562_rl4_source	R-L4-K2R_seed1_source	BAP1	BAP1+ctrl	True	False	True	False	ALIGNED	
replogle_k562_rl4_source	R-L4-K2R_seed1_source	BCAS2	BCAS2+ctrl	True	True	True	True	ALIGNED	
replogle_k562_rl4_source	R-L4-K2R_seed1_source	BDP1	BDP1+ctrl	True	False	True	False	ALIGNED	
replogle_k562_rl4_source	R-L4-K2R_seed1_source	BGLAP	BGLAP+ctrl	True	False	True	False	ALIGNED	
replogle_k562_rl4_source	R-L4-K2R_seed1_source	BNIP1	BNIP1+ctrl	True	False	True	False	ALIGNED	
replogle_k562_rl4_source	R-L4-K2R_seed1_source	BOP1	BOP1+ctrl	True	False	True	False	ALIGNED	
replogle_k562_rl4_source	R-L4-K2R_seed1_source	BRIX1	BRIX1+ctrl	True	False	True	False	ALIGNED	
replogle_k562_rl4_source	R-L4-K2R_seed1_source	BTF3	BTF3+ctrl	True	False	True	False	ALIGNED	
replogle_k562_rl4_source	R-L4-K2R_seed1_source	BUD13	BUD13+ctrl	True	False	True	False	ALIGNED	
replogle_k562_rl4_source	R-L4-K2R_seed1_source	CACTIN	CACTIN+ctrl	True	False	True	False	ALIGNED	
replogle_k562_rl4_source	R-L4-K2R_seed1_source	CAPZB	CAPZB+ctrl	True	False	True	False	ALIGNED	
replogle_k562_rl4_source	R-L4-K2R_seed1_source	CBLL1	CBLL1+ctrl	True	False	True	False	ALIGNED	
replogle_k562_rl4_source	R-L4-K2R_seed1_source	CCDC59	CCDC59+ctrl	True	False	True	False	ALIGNED	
replogle_k562_rl4_source	R-L4-K2R_seed1_source	CCDC84	CCDC84+ctrl	True	True	True	True	ALIGNED	
replogle_k562_rl4_source	R-L4-K2R_seed1_source	CCNH	CCNH+ctrl	True	False	True	False	ALIGNED	
replogle_k562_rl4_source	R-L4-K2R_seed1_source	CCNK	CCNK+ctrl	True	False	True	False	ALIGNED	
replogle_k562_rl4_source	R-L4-K2R_seed1_source	CCT2	CCT2+ctrl	True	False	True	False	ALIGNED	
replogle_k562_rl4_source	R-L4-K2R_seed1_source	CCT3	CCT3+ctrl	True	False	True	False	ALIGNED	
replogle_k562_rl4_source	R-L4-K2R_seed1_source	CCT4	CCT4+ctrl	True	False	True	False	ALIGNED	
replogle_k562_rl4_source	R-L4-K2R_seed1_source	CCT6A	CCT6A+ctrl	True	False	True	False	ALIGNED	
replogle_k562_rl4_source	R-L4-K2R_seed1_source	CCT7	CCT7+ctrl	True	False	True	False	ALIGNED	
replogle_k562_rl4_source	R-L4-K2R_seed1_source	CCT8	CCT8+ctrl	True	False	True	False	ALIGNED	
replogle_k562_rl4_source	R-L4-K2R_seed1_source	CD3EAP	CD3EAP+ctrl	True	False	True	False	ALIGNED	
replogle_k562_rl4_source	R-L4-K2R_seed1_source	CDAN1	CDAN1+ctrl	True	False	True	False	ALIGNED	
replogle_k562_rl4_source	R-L4-K2R_seed1_source	CDC123	CDC123+ctrl	True	False	True	False	ALIGNED	
replogle_k562_rl4_source	R-L4-K2R_seed1_source	CDC16	CDC16+ctrl	True	False	True	False	ALIGNED	
replogle_k562_rl4_source	R-L4-K2R_seed1_source	CDC27	CDC27+ctrl	True	False	True	False	ALIGNED	
replogle_k562_rl4_source	R-L4-K2R_seed1_source	CDC5L	CDC5L+ctrl	True	False	True	False	ALIGNED	
replogle_k562_rl4_source	R-L4-K2R_seed1_source	CDC6	CDC6+ctrl	True	True	True	True	ALIGNED	
replogle_k562_rl4_source	R-L4-K2R_seed1_source	CDC73	CDC73+ctrl	True	False	True	False	ALIGNED	
replogle_k562_rl4_source	R-L4-K2R_seed1_source	CDK1	CDK1+ctrl	True	False	True	False	ALIGNED	
replogle_k562_rl4_source	R-L4-K2R_seed1_source	CDK9	CDK9+ctrl	True	False	True	False	ALIGNED	
replogle_k562_rl4_source	R-L4-K2R_seed1_source	CEBPZ	CEBPZ+ctrl	True	False	True	False	ALIGNED	
replogle_k562_rl4_source	R-L4-K2R_seed1_source	CENPC	CENPC+ctrl	True	False	True	False	ALIGNED	
replogle_k562_rl4_source	R-L4-K2R_seed1_source	CENPE	CENPE+ctrl	True	False	True	False	ALIGNED	
replogle_k562_rl4_source	R-L4-K2R_seed1_source	CENPJ	CENPJ+ctrl	True	True	True	True	ALIGNED	
replogle_k562_rl4_source	R-L4-K2R_seed1_source	CENPK	CENPK+ctrl	True	False	True	False	ALIGNED	
replogle_k562_rl4_source	R-L4-K2R_seed1_source	CEP192	CEP192+ctrl	True	False	True	False	ALIGNED	
replogle_k562_rl4_source	R-L4-K2R_seed1_source	CHAF1B	CHAF1B+ctrl	True	False	True	False	ALIGNED	
replogle_k562_rl4_source	R-L4-K2R_seed1_source	CHCHD4	CHCHD4+ctrl	True	False	True	False	ALIGNED	
replogle_k562_rl4_source	R-L4-K2R_seed1_source	CHD4	CHD4+ctrl	True	False	True	False	ALIGNED	
replogle_k562_rl4_source	R-L4-K2R_seed1_source	CHEK1	CHEK1+ctrl	True	False	True	False	ALIGNED	
replogle_k562_rl4_source	R-L4-K2R_seed1_source	CHERP	CHERP+ctrl	True	False	True	False	ALIGNED	
replogle_k562_rl4_source	R-L4-K2R_seed1_source	CHMP3	CHMP3+ctrl	True	False	True	False	ALIGNED	
replogle_k562_rl4_source	R-L4-K2R_seed1_source	CHMP6	CHMP6+ctrl	True	False	True	False	ALIGNED	
replogle_k562_rl4_source	R-L4-K2R_seed1_source	CIAPIN1	CIAPIN1+ctrl	True	False	True	False	ALIGNED	
replogle_k562_rl4_source	R-L4-K2R_seed1_source	CINP	CINP+ctrl	True	False	True	False	ALIGNED	
replogle_k562_rl4_source	R-L4-K2R_seed1_source	CKAP5	CKAP5+ctrl	True	False	True	False	ALIGNED	
replogle_k562_rl4_source	R-L4-K2R_seed1_source	CLNS1A	CLNS1A+ctrl	True	False	True	False	ALIGNED	
replogle_k562_rl4_source	R-L4-K2R_seed1_source	CLTC	CLTC+ctrl	True	False	True	False	ALIGNED	
replogle_k562_rl4_source	R-L4-K2R_seed1_source	CMTR1	CMTR1+ctrl	True	False	True	False	ALIGNED	
replogle_k562_rl4_source	R-L4-K2R_seed1_source	CNIH4	CNIH4+ctrl	True	False	True	False	ALIGNED	
replogle_k562_rl4_source	R-L4-K2R_seed1_source	CNOT1	CNOT1+ctrl	True	False	True	False	ALIGNED	
replogle_k562_rl4_source	R-L4-K2R_seed1_source	CNOT2	CNOT2+ctrl	True	True	True	True	ALIGNED	
replogle_k562_rl4_source	R-L4-K2R_seed1_source	CNOT3	CNOT3+ctrl	True	True	True	True	ALIGNED	
replogle_k562_rl4_source	R-L4-K2R_seed1_source	COG2	COG2+ctrl	True	True	True	True	ALIGNED	
replogle_k562_rl4_source	R-L4-K2R_seed1_source	COPS2	COPS2+ctrl	True	True	True	True	ALIGNED	
replogle_k562_rl4_source	R-L4-K2R_seed1_source	COPS3	COPS3+ctrl	True	False	True	False	ALIGNED	
replogle_k562_rl4_source	R-L4-K2R_seed1_source	COPS4	COPS4+ctrl	True	False	True	False	ALIGNED	
replogle_k562_rl4_source	R-L4-K2R_seed1_source	COPS6	COPS6+ctrl	True	False	True	False	ALIGNED	
replogle_k562_rl4_source	R-L4-K2R_seed1_source	COPS8	COPS8+ctrl	True	False	True	False	ALIGNED	
replogle_k562_rl4_source	R-L4-K2R_seed1_source	COX11	COX11+ctrl	True	False	True	False	ALIGNED	
replogle_k562_rl4_source	R-L4-K2R_seed1_source	COX15	COX15+ctrl	True	False	True	False	ALIGNED	
replogle_k562_rl4_source	R-L4-K2R_seed1_source	CPSF1	CPSF1+ctrl	True	True	True	True	ALIGNED	
replogle_k562_rl4_source	R-L4-K2R_seed1_source	CPSF3	CPSF3+ctrl	True	False	True	False	ALIGNED	
replogle_k562_rl4_source	R-L4-K2R_seed1_source	CPSF4	CPSF4+ctrl	True	False	True	False	ALIGNED	
replogle_k562_rl4_source	R-L4-K2R_seed1_source	CSE1L	CSE1L+ctrl	True	True	True	True	ALIGNED	
replogle_k562_rl4_source	R-L4-K2R_seed1_source	CSNK2B	CSNK2B+ctrl	True	False	True	False	ALIGNED	
replogle_k562_rl4_source	R-L4-K2R_seed1_source	CSTF1	CSTF1+ctrl	True	False	True	False	ALIGNED	
replogle_k562_rl4_source	R-L4-K2R_seed1_source	CSTF3	CSTF3+ctrl	True	False	True	False	ALIGNED	
replogle_k562_rl4_source	R-L4-K2R_seed1_source	CTNNBL1	CTNNBL1+ctrl	True	False	True	False	ALIGNED	
replogle_k562_rl4_source	R-L4-K2R_seed1_source	CTR9	CTR9+ctrl	True	False	True	False	ALIGNED	
replogle_k562_rl4_source	R-L4-K2R_seed1_source	CUL1	CUL1+ctrl	True	False	True	False	ALIGNED	
replogle_k562_rl4_source	R-L4-K2R_seed1_source	CUL7	CUL7+ctrl	True	False	True	False	ALIGNED	
replogle_k562_rl4_source	R-L4-K2R_seed1_source	CWC15	CWC15+ctrl	True	False	True	False	ALIGNED	
replogle_k562_rl4_source	R-L4-K2R_seed1_source	CWF19L2	CWF19L2+ctrl	True	False	True	False	ALIGNED	
replogle_k562_rl4_source	R-L4-K2R_seed1_source	CXXC1	CXXC1+ctrl	True	False	True	False	ALIGNED	
replogle_k562_rl4_source	R-L4-K2R_seed1_source	DAD1	DAD1+ctrl	True	False	True	False	ALIGNED	
replogle_k562_rl4_source	R-L4-K2R_seed1_source	DARS	DARS+ctrl	True	False	True	False	ALIGNED	
replogle_k562_rl4_source	R-L4-K2R_seed1_source	DBR1	DBR1+ctrl	True	False	True	False	ALIGNED	
replogle_k562_rl4_source	R-L4-K2R_seed1_source	DCUN1D5	DCUN1D5+ctrl	True	False	True	False	ALIGNED	
replogle_k562_rl4_source	R-L4-K2R_seed1_source	DDB1	DDB1+ctrl	True	False	True	False	ALIGNED	
replogle_k562_rl4_source	R-L4-K2R_seed1_source	DDOST	DDOST+ctrl	True	False	True	False	ALIGNED	
replogle_k562_rl4_source	R-L4-K2R_seed1_source	DDX10	DDX10+ctrl	True	False	True	False	ALIGNED	
replogle_k562_rl4_source	R-L4-K2R_seed1_source	DDX20	DDX20+ctrl	True	False	True	False	ALIGNED	
replogle_k562_rl4_source	R-L4-K2R_seed1_source	DDX23	DDX23+ctrl	True	True	True	True	ALIGNED	
replogle_k562_rl4_source	R-L4-K2R_seed1_source	DDX27	DDX27+ctrl	True	False	True	False	ALIGNED	
replogle_k562_rl4_source	R-L4-K2R_seed1_source	DDX41	DDX41+ctrl	True	False	True	False	ALIGNED	
replogle_k562_rl4_source	R-L4-K2R_seed1_source	DDX46	DDX46+ctrl	True	False	True	False	ALIGNED	
replogle_k562_rl4_source	R-L4-K2R_seed1_source	DDX47	DDX47+ctrl	True	False	True	False	ALIGNED	
replogle_k562_rl4_source	R-L4-K2R_seed1_source	DDX5	DDX5+ctrl	True	False	True	False	ALIGNED	
replogle_k562_rl4_source	R-L4-K2R_seed1_source	DDX51	DDX51+ctrl	True	False	True	False	ALIGNED	
replogle_k562_rl4_source	R-L4-K2R_seed1_source	DDX52	DDX52+ctrl	True	False	True	False	ALIGNED	
replogle_k562_rl4_source	R-L4-K2R_seed1_source	DDX54	DDX54+ctrl	True	False	True	False	ALIGNED	
replogle_k562_rl4_source	R-L4-K2R_seed1_source	DDX55	DDX55+ctrl	True	False	True	False	ALIGNED	
replogle_k562_rl4_source	R-L4-K2R_seed1_source	DDX59	DDX59+ctrl	True	False	True	False	ALIGNED	
replogle_k562_rl4_source	R-L4-K2R_seed1_source	DENR	DENR+ctrl	True	False	True	False	ALIGNED	
replogle_k562_rl4_source	R-L4-K2R_seed1_source	DERL2	DERL2+ctrl	True	False	True	False	ALIGNED	
replogle_k562_rl4_source	R-L4-K2R_seed1_source	DHDDS	DHDDS+ctrl	True	False	True	False	ALIGNED	
replogle_k562_rl4_source	R-L4-K2R_seed1_source	DHX15	DHX15+ctrl	True	False	True	False	ALIGNED	
replogle_k562_rl4_source	R-L4-K2R_seed1_source	DHX16	DHX16+ctrl	True	False	True	False	ALIGNED	
replogle_k562_rl4_source	R-L4-K2R_seed1_source	DHX33	DHX33+ctrl	True	False	True	False	ALIGNED	
replogle_k562_rl4_source	R-L4-K2R_seed1_source	DHX36	DHX36+ctrl	True	False	True	False	ALIGNED	
replogle_k562_rl4_source	R-L4-K2R_seed1_source	DHX37	DHX37+ctrl	True	False	True	False	ALIGNED	
replogle_k562_rl4_source	R-L4-K2R_seed1_source	DICER1	DICER1+ctrl	True	False	True	False	ALIGNED	
replogle_k562_rl4_source	R-L4-K2R_seed1_source	DIMT1	DIMT1+ctrl	True	False	True	False	ALIGNED	
replogle_k562_rl4_source	R-L4-K2R_seed1_source	DLD	DLD+ctrl	True	False	True	False	ALIGNED	
replogle_k562_rl4_source	R-L4-K2R_seed1_source	DMAP1	DMAP1+ctrl	True	False	True	False	ALIGNED	
replogle_k562_rl4_source	R-L4-K2R_seed1_source	DNAJA3	DNAJA3+ctrl	True	False	True	False	ALIGNED	
replogle_k562_rl4_source	R-L4-K2R_seed1_source	DNAJC17	DNAJC17+ctrl	True	False	True	False	ALIGNED	
replogle_k562_rl4_source	R-L4-K2R_seed1_source	DNAJC8	DNAJC8+ctrl	True	False	True	False	ALIGNED	
replogle_k562_rl4_source	R-L4-K2R_seed1_source	DNMT1	DNMT1+ctrl	True	False	True	False	ALIGNED	
replogle_k562_rl4_source	R-L4-K2R_seed1_source	DOHH	DOHH+ctrl	True	True	True	True	ALIGNED	
replogle_k562_rl4_source	R-L4-K2R_seed1_source	DPH2	DPH2+ctrl	True	False	True	False	ALIGNED	
replogle_k562_rl4_source	R-L4-K2R_seed1_source	DR1	DR1+ctrl	True	False	True	False	ALIGNED	
replogle_k562_rl4_source	R-L4-K2R_seed1_source	DRAP1	DRAP1+ctrl	True	False	True	False	ALIGNED	
replogle_k562_rl4_source	R-L4-K2R_seed1_source	DSN1	DSN1+ctrl	True	False	True	False	ALIGNED	
replogle_k562_rl4_source	R-L4-K2R_seed1_source	DTL	DTL+ctrl	True	False	True	False	ALIGNED	
replogle_k562_rl4_source	R-L4-K2R_seed1_source	DUT	DUT+ctrl	True	False	True	False	ALIGNED	
replogle_k562_rl4_source	R-L4-K2R_seed1_source	DYNC1H1	DYNC1H1+ctrl	True	False	True	False	ALIGNED	
replogle_k562_rl4_source	R-L4-K2R_seed1_source	DYNC1I2	DYNC1I2+ctrl	True	False	True	False	ALIGNED	
replogle_k562_rl4_source	R-L4-K2R_seed1_source	DYNLL1	DYNLL1+ctrl	True	False	True	False	ALIGNED	
replogle_k562_rl4_source	R-L4-K2R_seed1_source	DYNLRB1	DYNLRB1+ctrl	True	False	True	False	ALIGNED	
replogle_k562_rl4_source	R-L4-K2R_seed1_source	E4F1	E4F1+ctrl	True	False	True	False	ALIGNED	
replogle_k562_rl4_source	R-L4-K2R_seed1_source	EBNA1BP2	EBNA1BP2+ctrl	True	False	True	False	ALIGNED	
replogle_k562_rl4_source	R-L4-K2R_seed1_source	ECD	ECD+ctrl	True	False	True	False	ALIGNED	
replogle_k562_rl4_source	R-L4-K2R_seed1_source	EEF1G	EEF1G+ctrl	True	False	True	False	ALIGNED	
replogle_k562_rl4_source	R-L4-K2R_seed1_source	EEF2	EEF2+ctrl	True	False	True	False	ALIGNED	
replogle_k562_rl4_source	R-L4-K2R_seed1_source	EFTUD2	EFTUD2+ctrl	True	False	True	False	ALIGNED	
replogle_k562_rl4_source	R-L4-K2R_seed1_source	EIF1AX	EIF1AX+ctrl	True	False	True	False	ALIGNED	
replogle_k562_rl4_source	R-L4-K2R_seed1_source	EIF2B1	EIF2B1+ctrl	True	False	True	False	ALIGNED	
replogle_k562_rl4_source	R-L4-K2R_seed1_source	EIF2B2	EIF2B2+ctrl	True	False	True	False	ALIGNED	
replogle_k562_rl4_source	R-L4-K2R_seed1_source	EIF2B3	EIF2B3+ctrl	True	False	True	False	ALIGNED	
replogle_k562_rl4_source	R-L4-K2R_seed1_source	EIF2B4	EIF2B4+ctrl	True	False	True	False	ALIGNED	
replogle_k562_rl4_source	R-L4-K2R_seed1_source	EIF2B5	EIF2B5+ctrl	True	False	True	False	ALIGNED	
replogle_k562_rl4_source	R-L4-K2R_seed1_source	EIF2S1	EIF2S1+ctrl	True	False	True	False	ALIGNED	
replogle_k562_rl4_source	R-L4-K2R_seed1_source	EIF2S2	EIF2S2+ctrl	True	False	True	False	ALIGNED	
replogle_k562_rl4_source	R-L4-K2R_seed1_source	EIF2S3	EIF2S3+ctrl	True	True	True	True	ALIGNED	
replogle_k562_rl4_source	R-L4-K2R_seed1_source	EIF3A	EIF3A+ctrl	True	False	True	False	ALIGNED	
replogle_k562_rl4_source	R-L4-K2R_seed1_source	EIF3CL	EIF3CL+ctrl	True	False	True	False	ALIGNED	
replogle_k562_rl4_source	R-L4-K2R_seed1_source	EIF3D	EIF3D+ctrl	True	False	True	False	ALIGNED	
replogle_k562_rl4_source	R-L4-K2R_seed1_source	EIF3E	EIF3E+ctrl	True	False	True	False	ALIGNED	
replogle_k562_rl4_source	R-L4-K2R_seed1_source	EIF3I	EIF3I+ctrl	True	False	True	False	ALIGNED	
replogle_k562_rl4_source	R-L4-K2R_seed1_source	EIF3J	EIF3J+ctrl	True	False	True	False	ALIGNED	
replogle_k562_rl4_source	R-L4-K2R_seed1_source	EIF3M	EIF3M+ctrl	True	True	True	True	ALIGNED	
replogle_k562_rl4_source	R-L4-K2R_seed1_source	EIF4E	EIF4E+ctrl	True	False	True	False	ALIGNED	
replogle_k562_rl4_source	R-L4-K2R_seed1_source	EIF4G1	EIF4G1+ctrl	True	False	True	False	ALIGNED	
replogle_k562_rl4_source	R-L4-K2R_seed1_source	EIF4G2	EIF4G2+ctrl	True	False	True	False	ALIGNED	
replogle_k562_rl4_source	R-L4-K2R_seed1_source	EIF5A	EIF5A+ctrl	True	False	True	False	ALIGNED	
replogle_k562_rl4_source	R-L4-K2R_seed1_source	EIF6	EIF6+ctrl	True	False	True	False	ALIGNED	
replogle_k562_rl4_source	R-L4-K2R_seed1_source	ELP3	ELP3+ctrl	True	False	True	False	ALIGNED	
replogle_k562_rl4_source	R-L4-K2R_seed1_source	ELP5	ELP5+ctrl	True	False	True	False	ALIGNED	
replogle_k562_rl4_source	R-L4-K2R_seed1_source	EP400	EP400+ctrl	True	False	True	False	ALIGNED	
replogle_k562_rl4_source	R-L4-K2R_seed1_source	EPRS	EPRS+ctrl	True	False	True	False	ALIGNED	
replogle_k562_rl4_source	R-L4-K2R_seed1_source	ERCC2	ERCC2+ctrl	True	True	True	True	ALIGNED	
replogle_k562_rl4_source	R-L4-K2R_seed1_source	ETF1	ETF1+ctrl	True	False	True	False	ALIGNED	
replogle_k562_rl4_source	R-L4-K2R_seed1_source	EXOC7	EXOC7+ctrl	True	False	True	False	ALIGNED	
replogle_k562_rl4_source	R-L4-K2R_seed1_source	EXOSC2	EXOSC2+ctrl	True	False	True	False	ALIGNED	
replogle_k562_rl4_source	R-L4-K2R_seed1_source	EXOSC3	EXOSC3+ctrl	True	False	True	False	ALIGNED	
replogle_k562_rl4_source	R-L4-K2R_seed1_source	EXOSC4	EXOSC4+ctrl	True	False	True	False	ALIGNED	
replogle_k562_rl4_source	R-L4-K2R_seed1_source	EXOSC5	EXOSC5+ctrl	True	False	True	False	ALIGNED	
replogle_k562_rl4_source	R-L4-K2R_seed1_source	EXOSC7	EXOSC7+ctrl	True	False	True	False	ALIGNED	
replogle_k562_rl4_source	R-L4-K2R_seed1_source	EXOSC8	EXOSC8+ctrl	True	False	True	False	ALIGNED	
replogle_k562_rl4_source	R-L4-K2R_seed1_source	FAM136A	FAM136A+ctrl	True	False	True	False	ALIGNED	
replogle_k562_rl4_source	R-L4-K2R_seed1_source	FAM32A	FAM32A+ctrl	True	False	True	False	ALIGNED	
replogle_k562_rl4_source	R-L4-K2R_seed1_source	FAM50A	FAM50A+ctrl	True	False	True	False	ALIGNED	
replogle_k562_rl4_source	R-L4-K2R_seed1_source	FARSA	FARSA+ctrl	True	False	True	False	ALIGNED	
replogle_k562_rl4_source	R-L4-K2R_seed1_source	FNTA	FNTA+ctrl	True	True	True	True	ALIGNED	
replogle_k562_rl4_source	R-L4-K2R_seed1_source	FTSJ3	FTSJ3+ctrl	True	True	True	True	ALIGNED	
replogle_k562_rl4_source	R-L4-K2R_seed1_source	GARS	GARS+ctrl	True	False	True	False	ALIGNED	
replogle_k562_rl4_source	R-L4-K2R_seed1_source	GBF1	GBF1+ctrl	True	False	True	False	ALIGNED	
replogle_k562_rl4_source	R-L4-K2R_seed1_source	GEMIN5	GEMIN5+ctrl	True	False	True	False	ALIGNED	
replogle_k562_rl4_source	R-L4-K2R_seed1_source	GFER	GFER+ctrl	True	False	True	False	ALIGNED	
replogle_k562_rl4_source	R-L4-K2R_seed1_source	GFM1	GFM1+ctrl	True	False	True	False	ALIGNED	
replogle_k562_rl4_source	R-L4-K2R_seed1_source	GINS1	GINS1+ctrl	True	False	True	False	ALIGNED	
replogle_k562_rl4_source	R-L4-K2R_seed1_source	GINS2	GINS2+ctrl	True	False	True	False	ALIGNED	
replogle_k562_rl4_source	R-L4-K2R_seed1_source	GINS4	GINS4+ctrl	True	False	True	False	ALIGNED	
replogle_k562_rl4_source	R-L4-K2R_seed1_source	GLE1	GLE1+ctrl	True	False	True	False	ALIGNED	
replogle_k562_rl4_source	R-L4-K2R_seed1_source	GNL2	GNL2+ctrl	True	True	True	True	ALIGNED	
replogle_k562_rl4_source	R-L4-K2R_seed1_source	GNL3	GNL3+ctrl	True	True	True	True	ALIGNED	
replogle_k562_rl4_source	R-L4-K2R_seed1_source	GOLT1B	GOLT1B+ctrl	True	False	True	False	ALIGNED	
replogle_k562_rl4_source	R-L4-K2R_seed1_source	GPKOW	GPKOW+ctrl	True	True	True	True	ALIGNED	
replogle_k562_rl4_source	R-L4-K2R_seed1_source	GPN2	GPN2+ctrl	True	False	True	False	ALIGNED	
replogle_k562_rl4_source	R-L4-K2R_seed1_source	GPN3	GPN3+ctrl	True	False	True	False	ALIGNED	
replogle_k562_rl4_source	R-L4-K2R_seed1_source	GPS1	GPS1+ctrl	True	False	True	False	ALIGNED	
replogle_k562_rl4_source	R-L4-K2R_seed1_source	GRB2	GRB2+ctrl	True	False	True	False	ALIGNED	
replogle_k562_rl4_source	R-L4-K2R_seed1_source	GRPEL1	GRPEL1+ctrl	True	False	True	False	ALIGNED	
replogle_k562_rl4_source	R-L4-K2R_seed1_source	GRSF1	GRSF1+ctrl	True	False	True	False	ALIGNED	
replogle_k562_rl4_source	R-L4-K2R_seed1_source	GSPT1	GSPT1+ctrl	True	False	True	False	ALIGNED	
replogle_k562_rl4_source	R-L4-K2R_seed1_source	GTF2A1	GTF2A1+ctrl	True	False	True	False	ALIGNED	
replogle_k562_rl4_source	R-L4-K2R_seed1_source	GTF2A2	GTF2A2+ctrl	True	False	True	False	ALIGNED	
replogle_k562_rl4_source	R-L4-K2R_seed1_source	GTF2E1	GTF2E1+ctrl	True	False	True	False	ALIGNED	
replogle_k562_rl4_source	R-L4-K2R_seed1_source	GTF2E2	GTF2E2+ctrl	True	False	True	False	ALIGNED	
replogle_k562_rl4_source	R-L4-K2R_seed1_source	GTF2F2	GTF2F2+ctrl	True	False	True	False	ALIGNED	
replogle_k562_rl4_source	R-L4-K2R_seed1_source	GTF2H4	GTF2H4+ctrl	True	False	True	False	ALIGNED	
replogle_k562_rl4_source	R-L4-K2R_seed1_source	GTF3C3	GTF3C3+ctrl	True	False	True	False	ALIGNED	
replogle_k562_rl4_source	R-L4-K2R_seed1_source	GTPBP4	GTPBP4+ctrl	True	True	True	True	ALIGNED	
replogle_k562_rl4_source	R-L4-K2R_seed1_source	GUCD1	GUCD1+ctrl	True	False	True	False	ALIGNED	
replogle_k562_rl4_source	R-L4-K2R_seed1_source	HARS	HARS+ctrl	True	False	True	False	ALIGNED	
replogle_k562_rl4_source	R-L4-K2R_seed1_source	HAUS4	HAUS4+ctrl	True	False	True	False	ALIGNED	
replogle_k562_rl4_source	R-L4-K2R_seed1_source	HAUS5	HAUS5+ctrl	True	False	True	False	ALIGNED	
replogle_k562_rl4_source	R-L4-K2R_seed1_source	HBS1L	HBS1L+ctrl	True	True	True	True	ALIGNED	
replogle_k562_rl4_source	R-L4-K2R_seed1_source	HDAC7	HDAC7+ctrl	True	False	True	False	ALIGNED	
replogle_k562_rl4_source	R-L4-K2R_seed1_source	HGS	HGS+ctrl	True	False	True	False	ALIGNED	
replogle_k562_rl4_source	R-L4-K2R_seed1_source	HIRA	HIRA+ctrl	True	False	True	False	ALIGNED	
replogle_k562_rl4_source	R-L4-K2R_seed1_source	HMGCS1	HMGCS1+ctrl	True	False	True	False	ALIGNED	
replogle_k562_rl4_source	R-L4-K2R_seed1_source	HNRNPC	HNRNPC+ctrl	True	False	True	False	ALIGNED	
replogle_k562_rl4_source	R-L4-K2R_seed1_source	HNRNPH1	HNRNPH1+ctrl	True	False	True	False	ALIGNED	
replogle_k562_rl4_source	R-L4-K2R_seed1_source	HNRNPL	HNRNPL+ctrl	True	False	True	False	ALIGNED	
replogle_k562_rl4_source	R-L4-K2R_seed1_source	HNRNPU	HNRNPU+ctrl	True	False	True	False	ALIGNED	
replogle_k562_rl4_source	R-L4-K2R_seed1_source	HSCB	HSCB+ctrl	True	False	True	False	ALIGNED	
replogle_k562_rl4_source	R-L4-K2R_seed1_source	HSPA5	HSPA5+ctrl	True	False	True	False	ALIGNED	
replogle_k562_rl4_source	R-L4-K2R_seed1_source	HSPA9	HSPA9+ctrl	True	False	True	False	ALIGNED	
replogle_k562_rl4_source	R-L4-K2R_seed1_source	HUWE1	HUWE1+ctrl	True	False	True	False	ALIGNED	
replogle_k562_rl4_source	R-L4-K2R_seed1_source	IARS	IARS+ctrl	True	False	True	False	ALIGNED	
replogle_k562_rl4_source	R-L4-K2R_seed1_source	IARS2	IARS2+ctrl	True	False	True	False	ALIGNED	
replogle_k562_rl4_source	R-L4-K2R_seed1_source	ICE1	ICE1+ctrl	True	False	True	False	ALIGNED	
replogle_k562_rl4_source	R-L4-K2R_seed1_source	IGBP1	IGBP1+ctrl	True	False	True	False	ALIGNED	
replogle_k562_rl4_source	R-L4-K2R_seed1_source	IK	IK+ctrl	True	False	True	False	ALIGNED	
replogle_k562_rl4_source	R-L4-K2R_seed1_source	ILF2	ILF2+ctrl	True	False	True	False	ALIGNED	
replogle_k562_rl4_source	R-L4-K2R_seed1_source	INO80	INO80+ctrl	True	False	True	False	ALIGNED	
replogle_k562_rl4_source	R-L4-K2R_seed1_source	INO80B	INO80B+ctrl	True	False	True	False	ALIGNED	
replogle_k562_rl4_source	R-L4-K2R_seed1_source	INTS1	INTS1+ctrl	True	False	True	False	ALIGNED	
replogle_k562_rl4_source	R-L4-K2R_seed1_source	INTS2	INTS2+ctrl	True	False	True	False	ALIGNED	
replogle_k562_rl4_source	R-L4-K2R_seed1_source	INTS3	INTS3+ctrl	True	False	True	False	ALIGNED	
replogle_k562_rl4_source	R-L4-K2R_seed1_source	INTS4	INTS4+ctrl	True	False	True	False	ALIGNED	
replogle_k562_rl4_source	R-L4-K2R_seed1_source	INTS5	INTS5+ctrl	True	False	True	False	ALIGNED	
replogle_k562_rl4_source	R-L4-K2R_seed1_source	INTS8	INTS8+ctrl	True	False	True	False	ALIGNED	
replogle_k562_rl4_source	R-L4-K2R_seed1_source	IPO13	IPO13+ctrl	True	False	True	False	ALIGNED	
replogle_k562_rl4_source	R-L4-K2R_seed1_source	IPO9	IPO9+ctrl	True	False	True	False	ALIGNED	
replogle_k562_rl4_source	R-L4-K2R_seed1_source	JAZF1	JAZF1+ctrl	True	False	True	False	ALIGNED	
replogle_k562_rl4_source	R-L4-K2R_seed1_source	KANSL3	KANSL3+ctrl	True	False	True	False	ALIGNED	
replogle_k562_rl4_source	R-L4-K2R_seed1_source	KAT8	KAT8+ctrl	True	False	True	False	ALIGNED	
replogle_k562_rl4_source	R-L4-K2R_seed1_source	KCTD10	KCTD10+ctrl	True	False	True	False	ALIGNED	
replogle_k562_rl4_source	R-L4-K2R_seed1_source	KIN	KIN+ctrl	True	True	True	True	ALIGNED	
replogle_k562_rl4_source	R-L4-K2R_seed1_source	KPNB1	KPNB1+ctrl	True	False	True	False	ALIGNED	
replogle_k562_rl4_source	R-L4-K2R_seed1_source	KRI1	KRI1+ctrl	True	True	True	True	ALIGNED	
replogle_k562_rl4_source	R-L4-K2R_seed1_source	LAMTOR4	LAMTOR4+ctrl	True	False	True	False	ALIGNED	
replogle_k562_rl4_source	R-L4-K2R_seed1_source	LARS	LARS+ctrl	True	False	True	False	ALIGNED	
replogle_k562_rl4_source	R-L4-K2R_seed1_source	LAS1L	LAS1L+ctrl	True	False	True	False	ALIGNED	
replogle_k562_rl4_source	R-L4-K2R_seed1_source	LETM1	LETM1+ctrl	True	False	True	False	ALIGNED	
replogle_k562_rl4_source	R-L4-K2R_seed1_source	LONP1	LONP1+ctrl	True	False	True	False	ALIGNED	
replogle_k562_rl4_source	R-L4-K2R_seed1_source	LRPPRC	LRPPRC+ctrl	True	False	True	False	ALIGNED	
replogle_k562_rl4_source	R-L4-K2R_seed1_source	LSG1	LSG1+ctrl	True	False	True	False	ALIGNED	
replogle_k562_rl4_source	R-L4-K2R_seed1_source	LSM10	LSM10+ctrl	True	False	True	False	ALIGNED	
replogle_k562_rl4_source	R-L4-K2R_seed1_source	LSM3	LSM3+ctrl	True	False	True	False	ALIGNED	
replogle_k562_rl4_source	R-L4-K2R_seed1_source	LSM4	LSM4+ctrl	True	True	True	True	ALIGNED	
replogle_k562_rl4_source	R-L4-K2R_seed1_source	LSM5	LSM5+ctrl	True	False	True	False	ALIGNED	
replogle_k562_rl4_source	R-L4-K2R_seed1_source	LSM6	LSM6+ctrl	True	False	True	False	ALIGNED	
replogle_k562_rl4_source	R-L4-K2R_seed1_source	LSM7	LSM7+ctrl	True	False	True	False	ALIGNED	
replogle_k562_rl4_source	R-L4-K2R_seed1_source	MAD2L1	MAD2L1+ctrl	True	True	True	True	ALIGNED	
replogle_k562_rl4_source	R-L4-K2R_seed1_source	MAGOH	MAGOH+ctrl	True	False	True	False	ALIGNED	
replogle_k562_rl4_source	R-L4-K2R_seed1_source	MARS	MARS+ctrl	True	False	True	False	ALIGNED	
replogle_k562_rl4_source	R-L4-K2R_seed1_source	MAT2A	MAT2A+ctrl	True	False	True	False	ALIGNED	
replogle_k562_rl4_source	R-L4-K2R_seed1_source	MAX	MAX+ctrl	True	True	True	True	ALIGNED	
replogle_k562_rl4_source	R-L4-K2R_seed1_source	MCM10	MCM10+ctrl	True	False	True	False	ALIGNED	
replogle_k562_rl4_source	R-L4-K2R_seed1_source	MCM2	MCM2+ctrl	True	False	True	False	ALIGNED	
replogle_k562_rl4_source	R-L4-K2R_seed1_source	MCM3	MCM3+ctrl	True	False	True	False	ALIGNED	
replogle_k562_rl4_source	R-L4-K2R_seed1_source	MCM3AP	MCM3AP+ctrl	True	False	True	False	ALIGNED	
replogle_k562_rl4_source	R-L4-K2R_seed1_source	MCM4	MCM4+ctrl	True	False	True	False	ALIGNED	
replogle_k562_rl4_source	R-L4-K2R_seed1_source	MCM6	MCM6+ctrl	True	False	True	False	ALIGNED	
replogle_k562_rl4_source	R-L4-K2R_seed1_source	MCMBP	MCMBP+ctrl	True	False	True	False	ALIGNED	
replogle_k562_rl4_source	R-L4-K2R_seed1_source	MED1	MED1+ctrl	True	False	True	False	ALIGNED	
replogle_k562_rl4_source	R-L4-K2R_seed1_source	MED11	MED11+ctrl	True	False	True	False	ALIGNED	
replogle_k562_rl4_source	R-L4-K2R_seed1_source	MED12	MED12+ctrl	True	False	True	False	ALIGNED	
replogle_k562_rl4_source	R-L4-K2R_seed1_source	MED14	MED14+ctrl	True	False	True	False	ALIGNED	
replogle_k562_rl4_source	R-L4-K2R_seed1_source	MED19	MED19+ctrl	True	False	True	False	ALIGNED	
replogle_k562_rl4_source	R-L4-K2R_seed1_source	MED4	MED4+ctrl	True	False	True	False	ALIGNED	
replogle_k562_rl4_source	R-L4-K2R_seed1_source	MED8	MED8+ctrl	True	False	True	False	ALIGNED	
replogle_k562_rl4_source	R-L4-K2R_seed1_source	METTL14	METTL14+ctrl	True	False	True	False	ALIGNED	
replogle_k562_rl4_source	R-L4-K2R_seed1_source	METTL16	METTL16+ctrl	True	False	True	False	ALIGNED	
replogle_k562_rl4_source	R-L4-K2R_seed1_source	METTL3	METTL3+ctrl	True	False	True	False	ALIGNED	
replogle_k562_rl4_source	R-L4-K2R_seed1_source	MEX3A	MEX3A+ctrl	True	False	True	False	ALIGNED	
replogle_k562_rl4_source	R-L4-K2R_seed1_source	MFAP1	MFAP1+ctrl	True	True	True	True	ALIGNED	
replogle_k562_rl4_source	R-L4-K2R_seed1_source	MIOS	MIOS+ctrl	True	False	True	False	ALIGNED	
replogle_k562_rl4_source	R-L4-K2R_seed1_source	MMS22L	MMS22L+ctrl	True	False	True	False	ALIGNED	
replogle_k562_rl4_source	R-L4-K2R_seed1_source	MNAT1	MNAT1+ctrl	True	False	True	False	ALIGNED	
replogle_k562_rl4_source	R-L4-K2R_seed1_source	MOB4	MOB4+ctrl	True	False	True	False	ALIGNED	
replogle_k562_rl4_source	R-L4-K2R_seed1_source	MRGBP	MRGBP+ctrl	True	True	True	True	ALIGNED	
replogle_k562_rl4_source	R-L4-K2R_seed1_source	MRPL19	MRPL19+ctrl	True	False	True	False	ALIGNED	
replogle_k562_rl4_source	R-L4-K2R_seed1_source	MRPL32	MRPL32+ctrl	True	False	True	False	ALIGNED	
replogle_k562_rl4_source	R-L4-K2R_seed1_source	MRPL35	MRPL35+ctrl	True	True	True	True	ALIGNED	
replogle_k562_rl4_source	R-L4-K2R_seed1_source	MRPL36	MRPL36+ctrl	True	False	True	False	ALIGNED	
replogle_k562_rl4_source	R-L4-K2R_seed1_source	MRPL38	MRPL38+ctrl	True	True	True	True	ALIGNED	
replogle_k562_rl4_source	R-L4-K2R_seed1_source	MRPL49	MRPL49+ctrl	True	True	True	True	ALIGNED	
replogle_k562_rl4_source	R-L4-K2R_seed1_source	MRPS14	MRPS14+ctrl	True	False	True	False	ALIGNED	
replogle_k562_rl4_source	R-L4-K2R_seed1_source	MRPS34	MRPS34+ctrl	True	False	True	False	ALIGNED	
replogle_k562_rl4_source	R-L4-K2R_seed1_source	MTBP	MTBP+ctrl	True	False	True	False	ALIGNED	
replogle_k562_rl4_source	R-L4-K2R_seed1_source	MTOR	MTOR+ctrl	True	False	True	False	ALIGNED	
replogle_k562_rl4_source	R-L4-K2R_seed1_source	MTPAP	MTPAP+ctrl	True	False	True	False	ALIGNED	
replogle_k562_rl4_source	R-L4-K2R_seed1_source	MVD	MVD+ctrl	True	False	True	False	ALIGNED	
replogle_k562_rl4_source	R-L4-K2R_seed1_source	MYBBP1A	MYBBP1A+ctrl	True	False	True	False	ALIGNED	
replogle_k562_rl4_source	R-L4-K2R_seed1_source	MYBL2	MYBL2+ctrl	True	False	True	False	ALIGNED	
replogle_k562_rl4_source	R-L4-K2R_seed1_source	NAA10	NAA10+ctrl	True	False	True	False	ALIGNED	
replogle_k562_rl4_source	R-L4-K2R_seed1_source	NAA15	NAA15+ctrl	True	False	True	False	ALIGNED	
replogle_k562_rl4_source	R-L4-K2R_seed1_source	NAA20	NAA20+ctrl	True	False	True	False	ALIGNED	
replogle_k562_rl4_source	R-L4-K2R_seed1_source	NAA25	NAA25+ctrl	True	False	True	False	ALIGNED	
replogle_k562_rl4_source	R-L4-K2R_seed1_source	NAE1	NAE1+ctrl	True	False	True	False	ALIGNED	
replogle_k562_rl4_source	R-L4-K2R_seed1_source	NARS	NARS+ctrl	True	False	True	False	ALIGNED	
replogle_k562_rl4_source	R-L4-K2R_seed1_source	NBAS	NBAS+ctrl	True	False	True	False	ALIGNED	
replogle_k562_rl4_source	R-L4-K2R_seed1_source	NCAPH	NCAPH+ctrl	True	False	True	False	ALIGNED	
replogle_k562_rl4_source	R-L4-K2R_seed1_source	NCBP2	NCBP2+ctrl	True	True	True	True	ALIGNED	
replogle_k562_rl4_source	R-L4-K2R_seed1_source	NCKAP1	NCKAP1+ctrl	True	False	True	False	ALIGNED	
replogle_k562_rl4_source	R-L4-K2R_seed1_source	NDC80	NDC80+ctrl	True	False	True	False	ALIGNED	
replogle_k562_rl4_source	R-L4-K2R_seed1_source	NDUFAB1	NDUFAB1+ctrl	True	False	True	False	ALIGNED	
replogle_k562_rl4_source	R-L4-K2R_seed1_source	NDUFB10	NDUFB10+ctrl	True	False	True	False	ALIGNED	
replogle_k562_rl4_source	R-L4-K2R_seed1_source	NEDD1	NEDD1+ctrl	True	False	True	False	ALIGNED	
replogle_k562_rl4_source	R-L4-K2R_seed1_source	NEDD8	NEDD8+ctrl	True	False	True	False	ALIGNED	
replogle_k562_rl4_source	R-L4-K2R_seed1_source	NELFA	NELFA+ctrl	True	False	True	False	ALIGNED	
replogle_k562_rl4_source	R-L4-K2R_seed1_source	NELFB	NELFB+ctrl	True	True	True	True	ALIGNED	
replogle_k562_rl4_source	R-L4-K2R_seed1_source	NELFCD	NELFCD+ctrl	True	False	True	False	ALIGNED	
replogle_k562_rl4_source	R-L4-K2R_seed1_source	NELFE	NELFE+ctrl	True	False	True	False	ALIGNED	
replogle_k562_rl4_source	R-L4-K2R_seed1_source	NFRKB	NFRKB+ctrl	True	False	True	False	ALIGNED	
replogle_k562_rl4_source	R-L4-K2R_seed1_source	NFS1	NFS1+ctrl	True	True	True	True	ALIGNED	
replogle_k562_rl4_source	R-L4-K2R_seed1_source	NIFK	NIFK+ctrl	True	False	True	False	ALIGNED	
replogle_k562_rl4_source	R-L4-K2R_seed1_source	NKAP	NKAP+ctrl	True	False	True	False	ALIGNED	
replogle_k562_rl4_source	R-L4-K2R_seed1_source	NLE1	NLE1+ctrl	True	False	True	False	ALIGNED	
replogle_k562_rl4_source	R-L4-K2R_seed1_source	NMD3	NMD3+ctrl	True	False	True	False	ALIGNED	
replogle_k562_rl4_source	R-L4-K2R_seed1_source	NOC3L	NOC3L+ctrl	True	False	True	False	ALIGNED	
replogle_k562_rl4_source	R-L4-K2R_seed1_source	NOL8	NOL8+ctrl	True	False	True	False	ALIGNED	
replogle_k562_rl4_source	R-L4-K2R_seed1_source	NOLC1	NOLC1+ctrl	True	False	True	False	ALIGNED	
replogle_k562_rl4_source	R-L4-K2R_seed1_source	NOM1	NOM1+ctrl	True	True	True	True	ALIGNED	
replogle_k562_rl4_source	R-L4-K2R_seed1_source	NOP14	NOP14+ctrl	True	False	True	False	ALIGNED	
replogle_k562_rl4_source	R-L4-K2R_seed1_source	NPLOC4	NPLOC4+ctrl	True	False	True	False	ALIGNED	
replogle_k562_rl4_source	R-L4-K2R_seed1_source	NRBP1	NRBP1+ctrl	True	False	True	False	ALIGNED	
replogle_k562_rl4_source	R-L4-K2R_seed1_source	NRDE2	NRDE2+ctrl	True	False	True	False	ALIGNED	
replogle_k562_rl4_source	R-L4-K2R_seed1_source	NRF1	NRF1+ctrl	True	False	True	False	ALIGNED	
replogle_k562_rl4_source	R-L4-K2R_seed1_source	NSRP1	NSRP1+ctrl	True	False	True	False	ALIGNED	
replogle_k562_rl4_source	R-L4-K2R_seed1_source	NUBP1	NUBP1+ctrl	True	False	True	False	ALIGNED	
replogle_k562_rl4_source	R-L4-K2R_seed1_source	NUDC	NUDC+ctrl	True	False	True	False	ALIGNED	
replogle_k562_rl4_source	R-L4-K2R_seed1_source	NUDCD3	NUDCD3+ctrl	True	False	True	False	ALIGNED	
replogle_k562_rl4_source	R-L4-K2R_seed1_source	NUF2	NUF2+ctrl	True	False	True	False	ALIGNED	
replogle_k562_rl4_source	R-L4-K2R_seed1_source	NUP107	NUP107+ctrl	True	False	True	False	ALIGNED	
replogle_k562_rl4_source	R-L4-K2R_seed1_source	NUP133	NUP133+ctrl	True	False	True	False	ALIGNED	
replogle_k562_rl4_source	R-L4-K2R_seed1_source	NUP160	NUP160+ctrl	True	False	True	False	ALIGNED	
replogle_k562_rl4_source	R-L4-K2R_seed1_source	NUP54	NUP54+ctrl	True	False	True	False	ALIGNED	
replogle_k562_rl4_source	R-L4-K2R_seed1_source	NUP62	NUP62+ctrl	True	False	True	False	ALIGNED	
replogle_k562_rl4_source	R-L4-K2R_seed1_source	NUP85	NUP85+ctrl	True	False	True	False	ALIGNED	
replogle_k562_rl4_source	R-L4-K2R_seed1_source	NUP88	NUP88+ctrl	True	True	True	True	ALIGNED	
replogle_k562_rl4_source	R-L4-K2R_seed1_source	NUP98	NUP98+ctrl	True	False	True	False	ALIGNED	
replogle_k562_rl4_source	R-L4-K2R_seed1_source	NUTF2	NUTF2+ctrl	True	False	True	False	ALIGNED	
replogle_k562_rl4_source	R-L4-K2R_seed1_source	NVL	NVL+ctrl	True	False	True	False	ALIGNED	
replogle_k562_rl4_source	R-L4-K2R_seed1_source	OGFOD1	OGFOD1+ctrl	True	False	True	False	ALIGNED	
replogle_k562_rl4_source	R-L4-K2R_seed1_source	OGT	OGT+ctrl	True	True	True	True	ALIGNED	
replogle_k562_rl4_source	R-L4-K2R_seed1_source	OPA1	OPA1+ctrl	True	False	True	False	ALIGNED	
replogle_k562_rl4_source	R-L4-K2R_seed1_source	ORC1	ORC1+ctrl	True	False	True	False	ALIGNED	
replogle_k562_rl4_source	R-L4-K2R_seed1_source	ORC5	ORC5+ctrl	True	False	True	False	ALIGNED	
replogle_k562_rl4_source	R-L4-K2R_seed1_source	PABPN1	PABPN1+ctrl	True	False	True	False	ALIGNED	
replogle_k562_rl4_source	R-L4-K2R_seed1_source	PAF1	PAF1+ctrl	True	False	True	False	ALIGNED	
replogle_k562_rl4_source	R-L4-K2R_seed1_source	PAM16	PAM16+ctrl	True	False	True	False	ALIGNED	
replogle_k562_rl4_source	R-L4-K2R_seed1_source	PAXBP1	PAXBP1+ctrl	True	False	True	False	ALIGNED	
replogle_k562_rl4_source	R-L4-K2R_seed1_source	PCBP1	PCBP1+ctrl	True	False	True	False	ALIGNED	
replogle_k562_rl4_source	R-L4-K2R_seed1_source	PCF11	PCF11+ctrl	True	False	True	False	ALIGNED	
replogle_k562_rl4_source	R-L4-K2R_seed1_source	PCID2	PCID2+ctrl	True	False	True	False	ALIGNED	
replogle_k562_rl4_source	R-L4-K2R_seed1_source	PCNA	PCNA+ctrl	True	False	True	False	ALIGNED	
replogle_k562_rl4_source	R-L4-K2R_seed1_source	PDAP1	PDAP1+ctrl	True	False	True	False	ALIGNED	
replogle_k562_rl4_source	R-L4-K2R_seed1_source	PDCD11	PDCD11+ctrl	True	False	True	False	ALIGNED	
replogle_k562_rl4_source	R-L4-K2R_seed1_source	PDCD7	PDCD7+ctrl	True	True	True	True	ALIGNED	
replogle_k562_rl4_source	R-L4-K2R_seed1_source	PELP1	PELP1+ctrl	True	False	True	False	ALIGNED	
replogle_k562_rl4_source	R-L4-K2R_seed1_source	PES1	PES1+ctrl	True	False	True	False	ALIGNED	
replogle_k562_rl4_source	R-L4-K2R_seed1_source	PET117	PET117+ctrl	True	False	True	False	ALIGNED	
replogle_k562_rl4_source	R-L4-K2R_seed1_source	PFDN2	PFDN2+ctrl	True	False	True	False	ALIGNED	
replogle_k562_rl4_source	R-L4-K2R_seed1_source	PFN1	PFN1+ctrl	True	False	True	False	ALIGNED	
replogle_k562_rl4_source	R-L4-K2R_seed1_source	PGAM1	PGAM1+ctrl	True	False	True	False	ALIGNED	
replogle_k562_rl4_source	R-L4-K2R_seed1_source	PHAX	PHAX+ctrl	True	False	True	False	ALIGNED	
replogle_k562_rl4_source	R-L4-K2R_seed1_source	PHB	PHB+ctrl	True	False	True	False	ALIGNED	
replogle_k562_rl4_source	R-L4-K2R_seed1_source	PHB2	PHB2+ctrl	True	False	True	False	ALIGNED	
replogle_k562_rl4_source	R-L4-K2R_seed1_source	PHF5A	PHF5A+ctrl	True	False	True	False	ALIGNED	
replogle_k562_rl4_source	R-L4-K2R_seed1_source	PIAS4	PIAS4+ctrl	True	False	True	False	ALIGNED	
replogle_k562_rl4_source	R-L4-K2R_seed1_source	PKM	PKM+ctrl	True	False	True	False	ALIGNED	
replogle_k562_rl4_source	R-L4-K2R_seed1_source	PLRG1	PLRG1+ctrl	True	False	True	False	ALIGNED	
replogle_k562_rl4_source	R-L4-K2R_seed1_source	PMF1	PMF1+ctrl	True	False	True	False	ALIGNED	
replogle_k562_rl4_source	R-L4-K2R_seed1_source	PMPCA	PMPCA+ctrl	True	False	True	False	ALIGNED	
replogle_k562_rl4_source	R-L4-K2R_seed1_source	PMPCB	PMPCB+ctrl	True	False	True	False	ALIGNED	
replogle_k562_rl4_source	R-L4-K2R_seed1_source	PNISR	PNISR+ctrl	True	False	True	False	ALIGNED	
replogle_k562_rl4_source	R-L4-K2R_seed1_source	PNN	PNN+ctrl	True	False	True	False	ALIGNED	
replogle_k562_rl4_source	R-L4-K2R_seed1_source	PNPT1	PNPT1+ctrl	True	False	True	False	ALIGNED	
replogle_k562_rl4_source	R-L4-K2R_seed1_source	POLA1	POLA1+ctrl	True	False	True	False	ALIGNED	
replogle_k562_rl4_source	R-L4-K2R_seed1_source	POLA2	POLA2+ctrl	True	False	True	False	ALIGNED	
replogle_k562_rl4_source	R-L4-K2R_seed1_source	POLD1	POLD1+ctrl	True	False	True	False	ALIGNED	
replogle_k562_rl4_source	R-L4-K2R_seed1_source	POLD2	POLD2+ctrl	True	False	True	False	ALIGNED	
replogle_k562_rl4_source	R-L4-K2R_seed1_source	POLD3	POLD3+ctrl	True	False	True	False	ALIGNED	
replogle_k562_rl4_source	R-L4-K2R_seed1_source	POLE	POLE+ctrl	True	False	True	False	ALIGNED	
replogle_k562_rl4_source	R-L4-K2R_seed1_source	POLR1C	POLR1C+ctrl	True	False	True	False	ALIGNED	
replogle_k562_rl4_source	R-L4-K2R_seed1_source	POLR1E	POLR1E+ctrl	True	False	True	False	ALIGNED	
replogle_k562_rl4_source	R-L4-K2R_seed1_source	POLR2B	POLR2B+ctrl	True	False	True	False	ALIGNED	
replogle_k562_rl4_source	R-L4-K2R_seed1_source	POLR2E	POLR2E+ctrl	True	False	True	False	ALIGNED	
replogle_k562_rl4_source	R-L4-K2R_seed1_source	POLR2F	POLR2F+ctrl	True	False	True	False	ALIGNED	
replogle_k562_rl4_source	R-L4-K2R_seed1_source	POLR2I	POLR2I+ctrl	True	False	True	False	ALIGNED	
replogle_k562_rl4_source	R-L4-K2R_seed1_source	POLR3B	POLR3B+ctrl	True	False	True	False	ALIGNED	
replogle_k562_rl4_source	R-L4-K2R_seed1_source	POLR3C	POLR3C+ctrl	True	False	True	False	ALIGNED	
replogle_k562_rl4_source	R-L4-K2R_seed1_source	POLR3D	POLR3D+ctrl	True	False	True	False	ALIGNED	
replogle_k562_rl4_source	R-L4-K2R_seed1_source	POLR3E	POLR3E+ctrl	True	False	True	False	ALIGNED	
replogle_k562_rl4_source	R-L4-K2R_seed1_source	POLR3F	POLR3F+ctrl	True	False	True	False	ALIGNED	
replogle_k562_rl4_source	R-L4-K2R_seed1_source	POLRMT	POLRMT+ctrl	True	False	True	False	ALIGNED	
replogle_k562_rl4_source	R-L4-K2R_seed1_source	POP1	POP1+ctrl	True	False	True	False	ALIGNED	
replogle_k562_rl4_source	R-L4-K2R_seed1_source	POP4	POP4+ctrl	True	False	True	False	ALIGNED	
replogle_k562_rl4_source	R-L4-K2R_seed1_source	POP5	POP5+ctrl	True	False	True	False	ALIGNED	
replogle_k562_rl4_source	R-L4-K2R_seed1_source	POP7	POP7+ctrl	True	False	True	False	ALIGNED	
replogle_k562_rl4_source	R-L4-K2R_seed1_source	PPARGC1B	PPARGC1B+ctrl	True	False	True	False	ALIGNED	
replogle_k562_rl4_source	R-L4-K2R_seed1_source	PPIH	PPIH+ctrl	True	False	True	False	ALIGNED	
replogle_k562_rl4_source	R-L4-K2R_seed1_source	PPIL4	PPIL4+ctrl	True	False	True	False	ALIGNED	
replogle_k562_rl4_source	R-L4-K2R_seed1_source	PPP1CA	PPP1CA+ctrl	True	False	True	False	ALIGNED	
replogle_k562_rl4_source	R-L4-K2R_seed1_source	PPP1R11	PPP1R11+ctrl	True	False	True	False	ALIGNED	
replogle_k562_rl4_source	R-L4-K2R_seed1_source	PPP1R8	PPP1R8+ctrl	True	False	True	False	ALIGNED	
replogle_k562_rl4_source	R-L4-K2R_seed1_source	PPP2R1A	PPP2R1A+ctrl	True	False	True	False	ALIGNED	
replogle_k562_rl4_source	R-L4-K2R_seed1_source	PPP4C	PPP4C+ctrl	True	True	True	True	ALIGNED	
replogle_k562_rl4_source	R-L4-K2R_seed1_source	PPP4R2	PPP4R2+ctrl	True	False	True	False	ALIGNED	
replogle_k562_rl4_source	R-L4-K2R_seed1_source	PPRC1	PPRC1+ctrl	True	False	True	False	ALIGNED	
replogle_k562_rl4_source	R-L4-K2R_seed1_source	PRELID1	PRELID1+ctrl	True	False	True	False	ALIGNED	
replogle_k562_rl4_source	R-L4-K2R_seed1_source	PRELID3B	PRELID3B+ctrl	True	False	True	False	ALIGNED	
replogle_k562_rl4_source	R-L4-K2R_seed1_source	PRIM1	PRIM1+ctrl	True	False	True	False	ALIGNED	
replogle_k562_rl4_source	R-L4-K2R_seed1_source	PRIM2	PRIM2+ctrl	True	False	True	False	ALIGNED	
replogle_k562_rl4_source	R-L4-K2R_seed1_source	PRMT1	PRMT1+ctrl	True	False	True	False	ALIGNED	
replogle_k562_rl4_source	R-L4-K2R_seed1_source	PRMT5	PRMT5+ctrl	True	False	True	False	ALIGNED	
replogle_k562_rl4_source	R-L4-K2R_seed1_source	PRPF18	PRPF18+ctrl	True	False	True	False	ALIGNED	
replogle_k562_rl4_source	R-L4-K2R_seed1_source	PRPF19	PRPF19+ctrl	True	False	True	False	ALIGNED	
replogle_k562_rl4_source	R-L4-K2R_seed1_source	PRPF3	PRPF3+ctrl	True	False	True	False	ALIGNED	
replogle_k562_rl4_source	R-L4-K2R_seed1_source	PRPF4	PRPF4+ctrl	True	True	True	True	ALIGNED	
replogle_k562_rl4_source	R-L4-K2R_seed1_source	PRPF40A	PRPF40A+ctrl	True	False	True	False	ALIGNED	
replogle_k562_rl4_source	R-L4-K2R_seed1_source	PRPF6	PRPF6+ctrl	True	False	True	False	ALIGNED	
replogle_k562_rl4_source	R-L4-K2R_seed1_source	PRPF8	PRPF8+ctrl	True	False	True	False	ALIGNED	
replogle_k562_rl4_source	R-L4-K2R_seed1_source	PRRC2A	PRRC2A+ctrl	True	False	True	False	ALIGNED	
replogle_k562_rl4_source	R-L4-K2R_seed1_source	PSMA3	PSMA3+ctrl	True	True	True	True	ALIGNED	
replogle_k562_rl4_source	R-L4-K2R_seed1_source	PSMA4	PSMA4+ctrl	True	False	True	False	ALIGNED	
replogle_k562_rl4_source	R-L4-K2R_seed1_source	PSMB2	PSMB2+ctrl	True	False	True	False	ALIGNED	
replogle_k562_rl4_source	R-L4-K2R_seed1_source	PSMB5	PSMB5+ctrl	True	False	True	False	ALIGNED	
replogle_k562_rl4_source	R-L4-K2R_seed1_source	PSMB6	PSMB6+ctrl	True	False	True	False	ALIGNED	
replogle_k562_rl4_source	R-L4-K2R_seed1_source	PSMC1	PSMC1+ctrl	True	False	True	False	ALIGNED	
replogle_k562_rl4_source	R-L4-K2R_seed1_source	PSMC2	PSMC2+ctrl	True	False	True	False	ALIGNED	
replogle_k562_rl4_source	R-L4-K2R_seed1_source	PSMD13	PSMD13+ctrl	True	False	True	False	ALIGNED	
replogle_k562_rl4_source	R-L4-K2R_seed1_source	PSMG3	PSMG3+ctrl	True	False	True	False	ALIGNED	
replogle_k562_rl4_source	R-L4-K2R_seed1_source	PTBP1	PTBP1+ctrl	True	False	True	False	ALIGNED	
replogle_k562_rl4_source	R-L4-K2R_seed1_source	PTCD1	PTCD1+ctrl	True	False	True	False	ALIGNED	
replogle_k562_rl4_source	R-L4-K2R_seed1_source	PUF60	PUF60+ctrl	True	False	True	False	ALIGNED	
replogle_k562_rl4_source	R-L4-K2R_seed1_source	QARS	QARS+ctrl	True	False	True	False	ALIGNED	
replogle_k562_rl4_source	R-L4-K2R_seed1_source	RABGGTA	RABGGTA+ctrl	True	False	True	False	ALIGNED	
replogle_k562_rl4_source	R-L4-K2R_seed1_source	RAD21	RAD21+ctrl	True	False	True	False	ALIGNED	
replogle_k562_rl4_source	R-L4-K2R_seed1_source	RAN	RAN+ctrl	True	False	True	False	ALIGNED	
replogle_k562_rl4_source	R-L4-K2R_seed1_source	RANGAP1	RANGAP1+ctrl	True	False	True	False	ALIGNED	
replogle_k562_rl4_source	R-L4-K2R_seed1_source	RARS	RARS+ctrl	True	False	True	False	ALIGNED	
replogle_k562_rl4_source	R-L4-K2R_seed1_source	RARS2	RARS2+ctrl	True	False	True	False	ALIGNED	
replogle_k562_rl4_source	R-L4-K2R_seed1_source	RBBP4	RBBP4+ctrl	True	False	True	False	ALIGNED	
replogle_k562_rl4_source	R-L4-K2R_seed1_source	RBM17	RBM17+ctrl	True	False	True	False	ALIGNED	
replogle_k562_rl4_source	R-L4-K2R_seed1_source	RBM25	RBM25+ctrl	True	False	True	False	ALIGNED	
replogle_k562_rl4_source	R-L4-K2R_seed1_source	RBM39	RBM39+ctrl	True	False	True	False	ALIGNED	
replogle_k562_rl4_source	R-L4-K2R_seed1_source	RBM4	RBM4+ctrl	True	False	True	False	ALIGNED	
replogle_k562_rl4_source	R-L4-K2R_seed1_source	RBM42	RBM42+ctrl	True	False	True	False	ALIGNED	
replogle_k562_rl4_source	R-L4-K2R_seed1_source	RBM48	RBM48+ctrl	True	False	True	False	ALIGNED	
replogle_k562_rl4_source	R-L4-K2R_seed1_source	RBMX2	RBMX2+ctrl	True	False	True	False	ALIGNED	
replogle_k562_rl4_source	R-L4-K2R_seed1_source	RBX1	RBX1+ctrl	True	False	True	False	ALIGNED	
replogle_k562_rl4_source	R-L4-K2R_seed1_source	RCC1	RCC1+ctrl	True	False	True	False	ALIGNED	
replogle_k562_rl4_source	R-L4-K2R_seed1_source	RCL1	RCL1+ctrl	True	False	True	False	ALIGNED	
replogle_k562_rl4_source	R-L4-K2R_seed1_source	RFC1	RFC1+ctrl	True	False	True	False	ALIGNED	
replogle_k562_rl4_source	R-L4-K2R_seed1_source	RFC2	RFC2+ctrl	True	False	True	False	ALIGNED	
replogle_k562_rl4_source	R-L4-K2R_seed1_source	RFC3	RFC3+ctrl	True	False	True	False	ALIGNED	
replogle_k562_rl4_source	R-L4-K2R_seed1_source	RFC4	RFC4+ctrl	True	False	True	False	ALIGNED	
replogle_k562_rl4_source	R-L4-K2R_seed1_source	RFC5	RFC5+ctrl	True	False	True	False	ALIGNED	
replogle_k562_rl4_source	R-L4-K2R_seed1_source	RINT1	RINT1+ctrl	True	False	True	False	ALIGNED	
replogle_k562_rl4_source	R-L4-K2R_seed1_source	RIOK1	RIOK1+ctrl	True	False	True	False	ALIGNED	
replogle_k562_rl4_source	R-L4-K2R_seed1_source	RNASEH2C	RNASEH2C+ctrl	True	False	True	False	ALIGNED	
replogle_k562_rl4_source	R-L4-K2R_seed1_source	RNF113A	RNF113A+ctrl	True	False	True	False	ALIGNED	
replogle_k562_rl4_source	R-L4-K2R_seed1_source	RNF20	RNF20+ctrl	True	False	True	False	ALIGNED	
replogle_k562_rl4_source	R-L4-K2R_seed1_source	RNF40	RNF40+ctrl	True	False	True	False	ALIGNED	
replogle_k562_rl4_source	R-L4-K2R_seed1_source	RNGTT	RNGTT+ctrl	True	False	True	False	ALIGNED	
replogle_k562_rl4_source	R-L4-K2R_seed1_source	RNMT	RNMT+ctrl	True	False	True	False	ALIGNED	
replogle_k562_rl4_source	R-L4-K2R_seed1_source	RNPC3	RNPC3+ctrl	True	False	True	False	ALIGNED	
replogle_k562_rl4_source	R-L4-K2R_seed1_source	RPA1	RPA1+ctrl	True	False	True	False	ALIGNED	
replogle_k562_rl4_source	R-L4-K2R_seed1_source	RPA2	RPA2+ctrl	True	False	True	False	ALIGNED	
replogle_k562_rl4_source	R-L4-K2R_seed1_source	RPA3	RPA3+ctrl	True	False	True	False	ALIGNED	
replogle_k562_rl4_source	R-L4-K2R_seed1_source	RPAP1	RPAP1+ctrl	True	False	True	False	ALIGNED	
replogle_k562_rl4_source	R-L4-K2R_seed1_source	RPL10	RPL10+ctrl	True	True	True	True	ALIGNED	
replogle_k562_rl4_source	R-L4-K2R_seed1_source	RPL10A	RPL10A+ctrl	True	False	True	False	ALIGNED	
replogle_k562_rl4_source	R-L4-K2R_seed1_source	RPL11	RPL11+ctrl	True	False	True	False	ALIGNED	
replogle_k562_rl4_source	R-L4-K2R_seed1_source	RPL12	RPL12+ctrl	True	False	True	False	ALIGNED	
replogle_k562_rl4_source	R-L4-K2R_seed1_source	RPL13	RPL13+ctrl	True	False	True	False	ALIGNED	
replogle_k562_rl4_source	R-L4-K2R_seed1_source	RPL13A	RPL13A+ctrl	True	False	True	False	ALIGNED	
replogle_k562_rl4_source	R-L4-K2R_seed1_source	RPL14	RPL14+ctrl	True	False	True	False	ALIGNED	
replogle_k562_rl4_source	R-L4-K2R_seed1_source	RPL15	RPL15+ctrl	True	False	True	False	ALIGNED	
replogle_k562_rl4_source	R-L4-K2R_seed1_source	RPL17	RPL17+ctrl	True	False	True	False	ALIGNED	
replogle_k562_rl4_source	R-L4-K2R_seed1_source	RPL18	RPL18+ctrl	True	False	True	False	ALIGNED	
replogle_k562_rl4_source	R-L4-K2R_seed1_source	RPL18A	RPL18A+ctrl	True	False	True	False	ALIGNED	
replogle_k562_rl4_source	R-L4-K2R_seed1_source	RPL23	RPL23+ctrl	True	False	True	False	ALIGNED	
replogle_k562_rl4_source	R-L4-K2R_seed1_source	RPL23A	RPL23A+ctrl	True	False	True	False	ALIGNED	
replogle_k562_rl4_source	R-L4-K2R_seed1_source	RPL24	RPL24+ctrl	True	False	True	False	ALIGNED	
replogle_k562_rl4_source	R-L4-K2R_seed1_source	RPL26	RPL26+ctrl	True	True	True	True	ALIGNED	
replogle_k562_rl4_source	R-L4-K2R_seed1_source	RPL27A	RPL27A+ctrl	True	False	True	False	ALIGNED	
replogle_k562_rl4_source	R-L4-K2R_seed1_source	RPL30	RPL30+ctrl	True	True	True	True	ALIGNED	
replogle_k562_rl4_source	R-L4-K2R_seed1_source	RPL31	RPL31+ctrl	True	False	True	False	ALIGNED	
replogle_k562_rl4_source	R-L4-K2R_seed1_source	RPL32	RPL32+ctrl	True	False	True	False	ALIGNED	
replogle_k562_rl4_source	R-L4-K2R_seed1_source	RPL35	RPL35+ctrl	True	False	True	False	ALIGNED	
replogle_k562_rl4_source	R-L4-K2R_seed1_source	RPL35A	RPL35A+ctrl	True	True	True	True	ALIGNED	
replogle_k562_rl4_source	R-L4-K2R_seed1_source	RPL36	RPL36+ctrl	True	False	True	False	ALIGNED	
replogle_k562_rl4_source	R-L4-K2R_seed1_source	RPL36A	RPL36A+ctrl	True	False	True	False	ALIGNED	
replogle_k562_rl4_source	R-L4-K2R_seed1_source	RPL37	RPL37+ctrl	True	False	True	False	ALIGNED	
replogle_k562_rl4_source	R-L4-K2R_seed1_source	RPL37A	RPL37A+ctrl	True	False	True	False	ALIGNED	
replogle_k562_rl4_source	R-L4-K2R_seed1_source	RPL39	RPL39+ctrl	True	False	True	False	ALIGNED	
replogle_k562_rl4_source	R-L4-K2R_seed1_source	RPL4	RPL4+ctrl	True	False	True	False	ALIGNED	
replogle_k562_rl4_source	R-L4-K2R_seed1_source	RPL5	RPL5+ctrl	True	True	True	True	ALIGNED	
replogle_k562_rl4_source	R-L4-K2R_seed1_source	RPL6	RPL6+ctrl	True	False	True	False	ALIGNED	
replogle_k562_rl4_source	R-L4-K2R_seed1_source	RPL7	RPL7+ctrl	True	False	True	False	ALIGNED	
replogle_k562_rl4_source	R-L4-K2R_seed1_source	RPL8	RPL8+ctrl	True	False	True	False	ALIGNED	
replogle_k562_rl4_source	R-L4-K2R_seed1_source	RPL9	RPL9+ctrl	True	True	True	True	ALIGNED	
replogle_k562_rl4_source	R-L4-K2R_seed1_source	RPLP0	RPLP0+ctrl	True	False	True	False	ALIGNED	
replogle_k562_rl4_source	R-L4-K2R_seed1_source	RPLP2	RPLP2+ctrl	True	False	True	False	ALIGNED	
replogle_k562_rl4_source	R-L4-K2R_seed1_source	RPP14	RPP14+ctrl	True	False	True	False	ALIGNED	
replogle_k562_rl4_source	R-L4-K2R_seed1_source	RPP30	RPP30+ctrl	True	False	True	False	ALIGNED	
replogle_k562_rl4_source	R-L4-K2R_seed1_source	RPS13	RPS13+ctrl	True	False	True	False	ALIGNED	
replogle_k562_rl4_source	R-L4-K2R_seed1_source	RPS14	RPS14+ctrl	True	False	True	False	ALIGNED	
replogle_k562_rl4_source	R-L4-K2R_seed1_source	RPS19	RPS19+ctrl	True	False	True	False	ALIGNED	
replogle_k562_rl4_source	R-L4-K2R_seed1_source	RPS2	RPS2+ctrl	True	False	True	False	ALIGNED	
replogle_k562_rl4_source	R-L4-K2R_seed1_source	RPS24	RPS24+ctrl	True	False	True	False	ALIGNED	
replogle_k562_rl4_source	R-L4-K2R_seed1_source	RPS26	RPS26+ctrl	True	True	True	True	ALIGNED	
replogle_k562_rl4_source	R-L4-K2R_seed1_source	RPS27	RPS27+ctrl	True	False	True	False	ALIGNED	
replogle_k562_rl4_source	R-L4-K2R_seed1_source	RPS27A	RPS27A+ctrl	True	False	True	False	ALIGNED	
replogle_k562_rl4_source	R-L4-K2R_seed1_source	RPS29	RPS29+ctrl	True	False	True	False	ALIGNED	
replogle_k562_rl4_source	R-L4-K2R_seed1_source	RPS3	RPS3+ctrl	True	False	True	False	ALIGNED	
replogle_k562_rl4_source	R-L4-K2R_seed1_source	RPS3A	RPS3A+ctrl	True	False	True	False	ALIGNED	
replogle_k562_rl4_source	R-L4-K2R_seed1_source	RPS6	RPS6+ctrl	True	False	True	False	ALIGNED	
replogle_k562_rl4_source	R-L4-K2R_seed1_source	RPS7	RPS7+ctrl	True	True	True	True	ALIGNED	
replogle_k562_rl4_source	R-L4-K2R_seed1_source	RPTOR	RPTOR+ctrl	True	False	True	False	ALIGNED	
replogle_k562_rl4_source	R-L4-K2R_seed1_source	RPUSD4	RPUSD4+ctrl	True	False	True	False	ALIGNED	
replogle_k562_rl4_source	R-L4-K2R_seed1_source	RRM1	RRM1+ctrl	True	False	True	False	ALIGNED	
replogle_k562_rl4_source	R-L4-K2R_seed1_source	RRN3	RRN3+ctrl	True	False	True	False	ALIGNED	
replogle_k562_rl4_source	R-L4-K2R_seed1_source	RRS1	RRS1+ctrl	True	False	True	False	ALIGNED	
replogle_k562_rl4_source	R-L4-K2R_seed1_source	RSL1D1	RSL1D1+ctrl	True	False	True	False	ALIGNED	
replogle_k562_rl4_source	R-L4-K2R_seed1_source	RTCB	RTCB+ctrl	True	False	True	False	ALIGNED	
replogle_k562_rl4_source	R-L4-K2R_seed1_source	RTF1	RTF1+ctrl	True	False	True	False	ALIGNED	
replogle_k562_rl4_source	R-L4-K2R_seed1_source	RUVBL1	RUVBL1+ctrl	True	True	True	True	ALIGNED	
replogle_k562_rl4_source	R-L4-K2R_seed1_source	SAE1	SAE1+ctrl	True	False	True	False	ALIGNED	
replogle_k562_rl4_source	R-L4-K2R_seed1_source	SAMM50	SAMM50+ctrl	True	True	True	True	ALIGNED	
replogle_k562_rl4_source	R-L4-K2R_seed1_source	SARS2	SARS2+ctrl	True	False	True	False	ALIGNED	
replogle_k562_rl4_source	R-L4-K2R_seed1_source	SART1	SART1+ctrl	True	False	True	False	ALIGNED	
replogle_k562_rl4_source	R-L4-K2R_seed1_source	SART3	SART3+ctrl	True	False	True	False	ALIGNED	
replogle_k562_rl4_source	R-L4-K2R_seed1_source	SBNO1	SBNO1+ctrl	True	False	True	False	ALIGNED	
replogle_k562_rl4_source	R-L4-K2R_seed1_source	SCAF1	SCAF1+ctrl	True	True	True	True	ALIGNED	
replogle_k562_rl4_source	R-L4-K2R_seed1_source	SCFD1	SCFD1+ctrl	True	False	True	False	ALIGNED	
replogle_k562_rl4_source	R-L4-K2R_seed1_source	SDAD1	SDAD1+ctrl	True	False	True	False	ALIGNED	
replogle_k562_rl4_source	R-L4-K2R_seed1_source	SDC1	SDC1+ctrl	True	False	True	False	ALIGNED	
replogle_k562_rl4_source	R-L4-K2R_seed1_source	SDE2	SDE2+ctrl	True	False	True	False	ALIGNED	
replogle_k562_rl4_source	R-L4-K2R_seed1_source	SDHC	SDHC+ctrl	True	False	True	False	ALIGNED	
replogle_k562_rl4_source	R-L4-K2R_seed1_source	SEH1L	SEH1L+ctrl	True	False	True	False	ALIGNED	
replogle_k562_rl4_source	R-L4-K2R_seed1_source	SERBP1	SERBP1+ctrl	True	False	True	False	ALIGNED	
replogle_k562_rl4_source	R-L4-K2R_seed1_source	SETD1A	SETD1A+ctrl	True	False	True	False	ALIGNED	
replogle_k562_rl4_source	R-L4-K2R_seed1_source	SETDB1	SETDB1+ctrl	True	False	True	False	ALIGNED	
replogle_k562_rl4_source	R-L4-K2R_seed1_source	SF3A2	SF3A2+ctrl	True	False	True	False	ALIGNED	
replogle_k562_rl4_source	R-L4-K2R_seed1_source	SF3B2	SF3B2+ctrl	True	False	True	False	ALIGNED	
replogle_k562_rl4_source	R-L4-K2R_seed1_source	SF3B3	SF3B3+ctrl	True	False	True	False	ALIGNED	
replogle_k562_rl4_source	R-L4-K2R_seed1_source	SF3B4	SF3B4+ctrl	True	False	True	False	ALIGNED	
replogle_k562_rl4_source	R-L4-K2R_seed1_source	SF3B5	SF3B5+ctrl	True	False	True	False	ALIGNED	
replogle_k562_rl4_source	R-L4-K2R_seed1_source	SFPQ	SFPQ+ctrl	True	False	True	False	ALIGNED	
replogle_k562_rl4_source	R-L4-K2R_seed1_source	SIN3A	SIN3A+ctrl	True	False	True	False	ALIGNED	
replogle_k562_rl4_source	R-L4-K2R_seed1_source	SKA3	SKA3+ctrl	True	True	True	True	ALIGNED	
replogle_k562_rl4_source	R-L4-K2R_seed1_source	SLBP	SLBP+ctrl	True	False	True	False	ALIGNED	
replogle_k562_rl4_source	R-L4-K2R_seed1_source	SLC39A9	SLC39A9+ctrl	True	False	True	False	ALIGNED	
replogle_k562_rl4_source	R-L4-K2R_seed1_source	SLC7A6OS	SLC7A6OS+ctrl	True	False	True	False	ALIGNED	
replogle_k562_rl4_source	R-L4-K2R_seed1_source	SLU7	SLU7+ctrl	True	False	True	False	ALIGNED	
replogle_k562_rl4_source	R-L4-K2R_seed1_source	SMARCB1	SMARCB1+ctrl	True	False	True	False	ALIGNED	
replogle_k562_rl4_source	R-L4-K2R_seed1_source	SMC1A	SMC1A+ctrl	True	False	True	False	ALIGNED	
replogle_k562_rl4_source	R-L4-K2R_seed1_source	SMC2	SMC2+ctrl	True	True	True	True	ALIGNED	
replogle_k562_rl4_source	R-L4-K2R_seed1_source	SMC4	SMC4+ctrl	True	False	True	False	ALIGNED	
replogle_k562_rl4_source	R-L4-K2R_seed1_source	SMG5	SMG5+ctrl	True	False	True	False	ALIGNED	
replogle_k562_rl4_source	R-L4-K2R_seed1_source	SMN2	SMN2+ctrl	True	False	True	False	ALIGNED	
replogle_k562_rl4_source	R-L4-K2R_seed1_source	SMU1	SMU1+ctrl	True	False	True	False	ALIGNED	
replogle_k562_rl4_source	R-L4-K2R_seed1_source	SNAPC1	SNAPC1+ctrl	True	False	True	False	ALIGNED	
replogle_k562_rl4_source	R-L4-K2R_seed1_source	SNAPC3	SNAPC3+ctrl	True	False	True	False	ALIGNED	
replogle_k562_rl4_source	R-L4-K2R_seed1_source	SNAPC5	SNAPC5+ctrl	True	False	True	False	ALIGNED	
replogle_k562_rl4_source	R-L4-K2R_seed1_source	SNIP1	SNIP1+ctrl	True	False	True	False	ALIGNED	
replogle_k562_rl4_source	R-L4-K2R_seed1_source	SNRNP200	SNRNP200+ctrl	True	False	True	False	ALIGNED	
replogle_k562_rl4_source	R-L4-K2R_seed1_source	SNRNP25	SNRNP25+ctrl	True	False	True	False	ALIGNED	
replogle_k562_rl4_source	R-L4-K2R_seed1_source	SNRNP27	SNRNP27+ctrl	True	False	True	False	ALIGNED	
replogle_k562_rl4_source	R-L4-K2R_seed1_source	SNRNP35	SNRNP35+ctrl	True	False	True	False	ALIGNED	
replogle_k562_rl4_source	R-L4-K2R_seed1_source	SNRNP48	SNRNP48+ctrl	True	False	True	False	ALIGNED	
replogle_k562_rl4_source	R-L4-K2R_seed1_source	SNRNP70	SNRNP70+ctrl	True	False	True	False	ALIGNED	
replogle_k562_rl4_source	R-L4-K2R_seed1_source	SNRPB	SNRPB+ctrl	True	False	True	False	ALIGNED	
replogle_k562_rl4_source	R-L4-K2R_seed1_source	SNRPD1	SNRPD1+ctrl	True	False	True	False	ALIGNED	
replogle_k562_rl4_source	R-L4-K2R_seed1_source	SNRPD3	SNRPD3+ctrl	True	False	True	False	ALIGNED	
replogle_k562_rl4_source	R-L4-K2R_seed1_source	SNRPE	SNRPE+ctrl	True	False	True	False	ALIGNED	
replogle_k562_rl4_source	R-L4-K2R_seed1_source	SNRPF	SNRPF+ctrl	True	False	True	False	ALIGNED	
replogle_k562_rl4_source	R-L4-K2R_seed1_source	SNRPG	SNRPG+ctrl	True	False	True	False	ALIGNED	
replogle_k562_rl4_source	R-L4-K2R_seed1_source	SNW1	SNW1+ctrl	True	False	True	False	ALIGNED	
replogle_k562_rl4_source	R-L4-K2R_seed1_source	SON	SON+ctrl	True	False	True	False	ALIGNED	
replogle_k562_rl4_source	R-L4-K2R_seed1_source	SPC24	SPC24+ctrl	True	False	True	False	ALIGNED	
replogle_k562_rl4_source	R-L4-K2R_seed1_source	SPC25	SPC25+ctrl	True	False	True	False	ALIGNED	
replogle_k562_rl4_source	R-L4-K2R_seed1_source	SPCS3	SPCS3+ctrl	True	False	True	False	ALIGNED	
replogle_k562_rl4_source	R-L4-K2R_seed1_source	SRBD1	SRBD1+ctrl	True	False	True	False	ALIGNED	
replogle_k562_rl4_source	R-L4-K2R_seed1_source	SRP68	SRP68+ctrl	True	False	True	False	ALIGNED	
replogle_k562_rl4_source	R-L4-K2R_seed1_source	SRP72	SRP72+ctrl	True	False	True	False	ALIGNED	
replogle_k562_rl4_source	R-L4-K2R_seed1_source	SRPRB	SRPRB+ctrl	True	False	True	False	ALIGNED	
replogle_k562_rl4_source	R-L4-K2R_seed1_source	SRRM1	SRRM1+ctrl	True	False	True	False	ALIGNED	
replogle_k562_rl4_source	R-L4-K2R_seed1_source	SRRM2	SRRM2+ctrl	True	False	True	False	ALIGNED	
replogle_k562_rl4_source	R-L4-K2R_seed1_source	SRRT	SRRT+ctrl	True	False	True	False	ALIGNED	
replogle_k562_rl4_source	R-L4-K2R_seed1_source	SRSF10	SRSF10+ctrl	True	False	True	False	ALIGNED	
replogle_k562_rl4_source	R-L4-K2R_seed1_source	SRSF11	SRSF11+ctrl	True	False	True	False	ALIGNED	
replogle_k562_rl4_source	R-L4-K2R_seed1_source	SRSF2	SRSF2+ctrl	True	False	True	False	ALIGNED	
replogle_k562_rl4_source	R-L4-K2R_seed1_source	SRSF7	SRSF7+ctrl	True	False	True	False	ALIGNED	
replogle_k562_rl4_source	R-L4-K2R_seed1_source	SSU72	SSU72+ctrl	True	False	True	False	ALIGNED	
replogle_k562_rl4_source	R-L4-K2R_seed1_source	STRAP	STRAP+ctrl	True	False	True	False	ALIGNED	
replogle_k562_rl4_source	R-L4-K2R_seed1_source	SURF6	SURF6+ctrl	True	False	True	False	ALIGNED	
replogle_k562_rl4_source	R-L4-K2R_seed1_source	SYF2	SYF2+ctrl	True	True	True	True	ALIGNED	
replogle_k562_rl4_source	R-L4-K2R_seed1_source	SYMPK	SYMPK+ctrl	True	True	True	True	ALIGNED	
replogle_k562_rl4_source	R-L4-K2R_seed1_source	TADA3	TADA3+ctrl	True	False	True	False	ALIGNED	
replogle_k562_rl4_source	R-L4-K2R_seed1_source	TAF1D	TAF1D+ctrl	True	False	True	False	ALIGNED	
replogle_k562_rl4_source	R-L4-K2R_seed1_source	TAF2	TAF2+ctrl	True	True	True	True	ALIGNED	
replogle_k562_rl4_source	R-L4-K2R_seed1_source	TAF6	TAF6+ctrl	True	False	True	False	ALIGNED	
replogle_k562_rl4_source	R-L4-K2R_seed1_source	TAF7	TAF7+ctrl	True	False	True	False	ALIGNED	
replogle_k562_rl4_source	R-L4-K2R_seed1_source	TAF8	TAF8+ctrl	True	False	True	False	ALIGNED	
replogle_k562_rl4_source	R-L4-K2R_seed1_source	TANGO6	TANGO6+ctrl	True	False	True	False	ALIGNED	
replogle_k562_rl4_source	R-L4-K2R_seed1_source	TARS	TARS+ctrl	True	False	True	False	ALIGNED	
replogle_k562_rl4_source	R-L4-K2R_seed1_source	TBCB	TBCB+ctrl	True	False	True	False	ALIGNED	
replogle_k562_rl4_source	R-L4-K2R_seed1_source	TBP	TBP+ctrl	True	False	True	False	ALIGNED	
replogle_k562_rl4_source	R-L4-K2R_seed1_source	TCERG1	TCERG1+ctrl	True	False	True	False	ALIGNED	
replogle_k562_rl4_source	R-L4-K2R_seed1_source	TCOF1	TCOF1+ctrl	True	False	True	False	ALIGNED	
replogle_k562_rl4_source	R-L4-K2R_seed1_source	TEFM	TEFM+ctrl	True	False	True	False	ALIGNED	
replogle_k562_rl4_source	R-L4-K2R_seed1_source	TELO2	TELO2+ctrl	True	False	True	False	ALIGNED	
replogle_k562_rl4_source	R-L4-K2R_seed1_source	TERF2	TERF2+ctrl	True	False	True	False	ALIGNED	
replogle_k562_rl4_source	R-L4-K2R_seed1_source	TEX10	TEX10+ctrl	True	False	True	False	ALIGNED	
replogle_k562_rl4_source	R-L4-K2R_seed1_source	TFDP1	TFDP1+ctrl	True	False	True	False	ALIGNED	
replogle_k562_rl4_source	R-L4-K2R_seed1_source	THAP1	THAP1+ctrl	True	False	True	False	ALIGNED	
replogle_k562_rl4_source	R-L4-K2R_seed1_source	THAP11	THAP11+ctrl	True	False	True	False	ALIGNED	
replogle_k562_rl4_source	R-L4-K2R_seed1_source	THG1L	THG1L+ctrl	True	False	True	False	ALIGNED	
replogle_k562_rl4_source	R-L4-K2R_seed1_source	THOC3	THOC3+ctrl	True	False	True	False	ALIGNED	
replogle_k562_rl4_source	R-L4-K2R_seed1_source	THOC7	THOC7+ctrl	True	False	True	False	ALIGNED	
replogle_k562_rl4_source	R-L4-K2R_seed1_source	TIMM13	TIMM13+ctrl	True	False	True	False	ALIGNED	
replogle_k562_rl4_source	R-L4-K2R_seed1_source	TIMM23B	TIMM23B+ctrl	True	False	True	False	ALIGNED	
replogle_k562_rl4_source	R-L4-K2R_seed1_source	TIMM44	TIMM44+ctrl	True	False	True	False	ALIGNED	
replogle_k562_rl4_source	R-L4-K2R_seed1_source	TIMM9	TIMM9+ctrl	True	False	True	False	ALIGNED	
replogle_k562_rl4_source	R-L4-K2R_seed1_source	TMSB10	TMSB10+ctrl	True	False	True	False	ALIGNED	
replogle_k562_rl4_source	R-L4-K2R_seed1_source	TMX2	TMX2+ctrl	True	False	True	False	ALIGNED	
replogle_k562_rl4_source	R-L4-K2R_seed1_source	TNPO3	TNPO3+ctrl	True	False	True	False	ALIGNED	
replogle_k562_rl4_source	R-L4-K2R_seed1_source	TOMM22	TOMM22+ctrl	True	False	True	False	ALIGNED	
replogle_k562_rl4_source	R-L4-K2R_seed1_source	TOMM40	TOMM40+ctrl	True	True	True	True	ALIGNED	
replogle_k562_rl4_source	R-L4-K2R_seed1_source	TOP1	TOP1+ctrl	True	False	True	False	ALIGNED	
replogle_k562_rl4_source	R-L4-K2R_seed1_source	TPR	TPR+ctrl	True	False	True	False	ALIGNED	
replogle_k562_rl4_source	R-L4-K2R_seed1_source	TRA2B	TRA2B+ctrl	True	False	True	False	ALIGNED	
replogle_k562_rl4_source	R-L4-K2R_seed1_source	TREX2	TREX2+ctrl	True	False	True	False	ALIGNED	
replogle_k562_rl4_source	R-L4-K2R_seed1_source	TRMT112	TRMT112+ctrl	True	False	True	False	ALIGNED	
replogle_k562_rl4_source	R-L4-K2R_seed1_source	TRMT5	TRMT5+ctrl	True	False	True	False	ALIGNED	
replogle_k562_rl4_source	R-L4-K2R_seed1_source	TSEN2	TSEN2+ctrl	True	False	True	False	ALIGNED	
replogle_k562_rl4_source	R-L4-K2R_seed1_source	TSG101	TSG101+ctrl	True	False	True	False	ALIGNED	
replogle_k562_rl4_source	R-L4-K2R_seed1_source	TSR1	TSR1+ctrl	True	False	True	False	ALIGNED	
replogle_k562_rl4_source	R-L4-K2R_seed1_source	TSR2	TSR2+ctrl	True	True	True	True	ALIGNED	
replogle_k562_rl4_source	R-L4-K2R_seed1_source	TTC27	TTC27+ctrl	True	False	True	False	ALIGNED	
replogle_k562_rl4_source	R-L4-K2R_seed1_source	TTI1	TTI1+ctrl	True	False	True	False	ALIGNED	
replogle_k562_rl4_source	R-L4-K2R_seed1_source	TTK	TTK+ctrl	True	False	True	False	ALIGNED	
replogle_k562_rl4_source	R-L4-K2R_seed1_source	TUBGCP2	TUBGCP2+ctrl	True	False	True	False	ALIGNED	
replogle_k562_rl4_source	R-L4-K2R_seed1_source	TUT1	TUT1+ctrl	True	True	True	True	ALIGNED	
replogle_k562_rl4_source	R-L4-K2R_seed1_source	U2AF1	U2AF1+ctrl	True	False	True	False	ALIGNED	
replogle_k562_rl4_source	R-L4-K2R_seed1_source	U2AF2	U2AF2+ctrl	True	False	True	False	ALIGNED	
replogle_k562_rl4_source	R-L4-K2R_seed1_source	U2SURP	U2SURP+ctrl	True	False	True	False	ALIGNED	
replogle_k562_rl4_source	R-L4-K2R_seed1_source	UBA1	UBA1+ctrl	True	False	True	False	ALIGNED	
replogle_k562_rl4_source	R-L4-K2R_seed1_source	UBA2	UBA2+ctrl	True	False	True	False	ALIGNED	
replogle_k562_rl4_source	R-L4-K2R_seed1_source	UBA3	UBA3+ctrl	True	True	True	True	ALIGNED	
replogle_k562_rl4_source	R-L4-K2R_seed1_source	UBA52	UBA52+ctrl	True	False	True	False	ALIGNED	
replogle_k562_rl4_source	R-L4-K2R_seed1_source	UBAP1	UBAP1+ctrl	True	False	True	False	ALIGNED	
replogle_k562_rl4_source	R-L4-K2R_seed1_source	UBE2I	UBE2I+ctrl	True	False	True	False	ALIGNED	
replogle_k562_rl4_source	R-L4-K2R_seed1_source	UBL5	UBL5+ctrl	True	False	True	False	ALIGNED	
replogle_k562_rl4_source	R-L4-K2R_seed1_source	UBQLN4	UBQLN4+ctrl	True	False	True	False	ALIGNED	
replogle_k562_rl4_source	R-L4-K2R_seed1_source	UFL1	UFL1+ctrl	True	False	True	False	ALIGNED	
replogle_k562_rl4_source	R-L4-K2R_seed1_source	UFM1	UFM1+ctrl	True	False	True	False	ALIGNED	
replogle_k562_rl4_source	R-L4-K2R_seed1_source	UPF1	UPF1+ctrl	True	False	True	False	ALIGNED	
replogle_k562_rl4_source	R-L4-K2R_seed1_source	UPF2	UPF2+ctrl	True	False	True	False	ALIGNED	
replogle_k562_rl4_source	R-L4-K2R_seed1_source	UQCRB	UQCRB+ctrl	True	False	True	False	ALIGNED	
replogle_k562_rl4_source	R-L4-K2R_seed1_source	UQCRQ	UQCRQ+ctrl	True	False	True	False	ALIGNED	
replogle_k562_rl4_source	R-L4-K2R_seed1_source	URB2	URB2+ctrl	True	True	True	True	ALIGNED	
replogle_k562_rl4_source	R-L4-K2R_seed1_source	URI1	URI1+ctrl	True	False	True	False	ALIGNED	
replogle_k562_rl4_source	R-L4-K2R_seed1_source	USP39	USP39+ctrl	True	False	True	False	ALIGNED	
replogle_k562_rl4_source	R-L4-K2R_seed1_source	USP5	USP5+ctrl	True	False	True	False	ALIGNED	
replogle_k562_rl4_source	R-L4-K2R_seed1_source	USPL1	USPL1+ctrl	True	True	True	True	ALIGNED	
replogle_k562_rl4_source	R-L4-K2R_seed1_source	UTP15	UTP15+ctrl	True	True	True	True	ALIGNED	
replogle_k562_rl4_source	R-L4-K2R_seed1_source	UTP18	UTP18+ctrl	True	False	True	False	ALIGNED	
replogle_k562_rl4_source	R-L4-K2R_seed1_source	UTP20	UTP20+ctrl	True	False	True	False	ALIGNED	
replogle_k562_rl4_source	R-L4-K2R_seed1_source	UTP23	UTP23+ctrl	True	False	True	False	ALIGNED	
replogle_k562_rl4_source	R-L4-K2R_seed1_source	UXT	UXT+ctrl	True	False	True	False	ALIGNED	
replogle_k562_rl4_source	R-L4-K2R_seed1_source	VARS	VARS+ctrl	True	True	True	True	ALIGNED	
replogle_k562_rl4_source	R-L4-K2R_seed1_source	VPS28	VPS28+ctrl	True	False	True	False	ALIGNED	
replogle_k562_rl4_source	R-L4-K2R_seed1_source	VPS29	VPS29+ctrl	True	False	True	False	ALIGNED	
replogle_k562_rl4_source	R-L4-K2R_seed1_source	VPS35	VPS35+ctrl	True	False	True	False	ALIGNED	
replogle_k562_rl4_source	R-L4-K2R_seed1_source	VPS54	VPS54+ctrl	True	False	True	False	ALIGNED	
replogle_k562_rl4_source	R-L4-K2R_seed1_source	VPS72	VPS72+ctrl	True	False	True	False	ALIGNED	
replogle_k562_rl4_source	R-L4-K2R_seed1_source	WAC	WAC+ctrl	True	False	True	False	ALIGNED	
replogle_k562_rl4_source	R-L4-K2R_seed1_source	WBP11	WBP11+ctrl	True	False	True	False	ALIGNED	
replogle_k562_rl4_source	R-L4-K2R_seed1_source	WDHD1	WDHD1+ctrl	True	True	True	True	ALIGNED	
replogle_k562_rl4_source	R-L4-K2R_seed1_source	WDR12	WDR12+ctrl	True	False	True	False	ALIGNED	
replogle_k562_rl4_source	R-L4-K2R_seed1_source	WDR24	WDR24+ctrl	True	False	True	False	ALIGNED	
replogle_k562_rl4_source	R-L4-K2R_seed1_source	WDR33	WDR33+ctrl	True	False	True	False	ALIGNED	
replogle_k562_rl4_source	R-L4-K2R_seed1_source	WDR43	WDR43+ctrl	True	False	True	False	ALIGNED	
replogle_k562_rl4_source	R-L4-K2R_seed1_source	WDR5	WDR5+ctrl	True	False	True	False	ALIGNED	
replogle_k562_rl4_source	R-L4-K2R_seed1_source	WDR61	WDR61+ctrl	True	False	True	False	ALIGNED	
replogle_k562_rl4_source	R-L4-K2R_seed1_source	WDTC1	WDTC1+ctrl	True	False	True	False	ALIGNED	
replogle_k562_rl4_source	R-L4-K2R_seed1_source	XPO1	XPO1+ctrl	True	False	True	False	ALIGNED	
replogle_k562_rl4_source	R-L4-K2R_seed1_source	XRCC5	XRCC5+ctrl	True	True	True	True	ALIGNED	
replogle_k562_rl4_source	R-L4-K2R_seed1_source	YEATS2	YEATS2+ctrl	True	False	True	False	ALIGNED	
replogle_k562_rl4_source	R-L4-K2R_seed1_source	YEATS4	YEATS4+ctrl	True	False	True	False	ALIGNED	
replogle_k562_rl4_source	R-L4-K2R_seed1_source	YTHDC1	YTHDC1+ctrl	True	False	True	False	ALIGNED	
replogle_k562_rl4_source	R-L4-K2R_seed1_source	ZBTB17	ZBTB17+ctrl	True	False	True	False	ALIGNED	
replogle_k562_rl4_source	R-L4-K2R_seed1_source	ZCRB1	ZCRB1+ctrl	True	False	True	False	ALIGNED	
replogle_k562_rl4_source	R-L4-K2R_seed1_source	ZFC3H1	ZFC3H1+ctrl	True	False	True	False	ALIGNED	
replogle_k562_rl4_source	R-L4-K2R_seed1_source	ZMAT2	ZMAT2+ctrl	True	False	True	False	ALIGNED	
replogle_k562_rl4_source	R-L4-K2R_seed1_source	ZMAT5	ZMAT5+ctrl	True	False	True	False	ALIGNED	
replogle_k562_rl4_source	R-L4-K2R_seed1_source	ZNF207	ZNF207+ctrl	True	True	True	True	ALIGNED	
replogle_k562_rl4_source	R-L4-K2R_seed1_source	ZNF236	ZNF236+ctrl	True	False	True	False	ALIGNED	
replogle_k562_rl4_source	R-L4-K2R_seed1_source	ZNF335	ZNF335+ctrl	True	True	True	True	ALIGNED	
replogle_k562_rl4_source	R-L4-K2R_seed1_source	ZNF574	ZNF574+ctrl	True	False	True	False	ALIGNED	
replogle_k562_rl4_source	R-L4-K2R_seed1_source	ctrl	ctrl	True	False	True	False	ALIGNED	
replogle_rpe1_rl4_target	R-L4-K2R_seed1_target	AARS	AARS+ctrl	True	False	True	False	ALIGNED	
replogle_rpe1_rl4_target	R-L4-K2R_seed1_target	ABCB7	ABCB7+ctrl	True	False	True	False	ALIGNED	
replogle_rpe1_rl4_target	R-L4-K2R_seed1_target	ABCE1	ABCE1+ctrl	True	False	True	False	ALIGNED	
replogle_rpe1_rl4_target	R-L4-K2R_seed1_target	ABCF1	ABCF1+ctrl	True	False	True	False	ALIGNED	
replogle_rpe1_rl4_target	R-L4-K2R_seed1_target	ACTB	ACTB+ctrl	True	False	True	False	ALIGNED	
replogle_rpe1_rl4_target	R-L4-K2R_seed1_target	ACTR6	ACTR6+ctrl	True	False	True	False	ALIGNED	
replogle_rpe1_rl4_target	R-L4-K2R_seed1_target	ACTR8	ACTR8+ctrl	True	False	True	False	ALIGNED	
replogle_rpe1_rl4_target	R-L4-K2R_seed1_target	AHCTF1	AHCTF1+ctrl	True	False	True	False	ALIGNED	
replogle_rpe1_rl4_target	R-L4-K2R_seed1_target	ALDOA	ALDOA+ctrl	True	False	True	False	ALIGNED	
replogle_rpe1_rl4_target	R-L4-K2R_seed1_target	ALG13	ALG13+ctrl	True	False	True	False	ALIGNED	
replogle_rpe1_rl4_target	R-L4-K2R_seed1_target	ALG2	ALG2+ctrl	True	False	True	False	ALIGNED	
replogle_rpe1_rl4_target	R-L4-K2R_seed1_target	ANAPC2	ANAPC2+ctrl	True	False	True	False	ALIGNED	
replogle_rpe1_rl4_target	R-L4-K2R_seed1_target	ANKRD11	ANKRD11+ctrl	True	False	True	False	ALIGNED	
replogle_rpe1_rl4_target	R-L4-K2R_seed1_target	ARCN1	ARCN1+ctrl	True	True	True	True	ALIGNED	
replogle_rpe1_rl4_target	R-L4-K2R_seed1_target	ARGLU1	ARGLU1+ctrl	True	False	True	False	ALIGNED	
replogle_rpe1_rl4_target	R-L4-K2R_seed1_target	ARIH1	ARIH1+ctrl	True	False	True	False	ALIGNED	
replogle_rpe1_rl4_target	R-L4-K2R_seed1_target	ARL2	ARL2+ctrl	True	False	True	False	ALIGNED	
replogle_rpe1_rl4_target	R-L4-K2R_seed1_target	ARMC7	ARMC7+ctrl	True	False	True	False	ALIGNED	
replogle_rpe1_rl4_target	R-L4-K2R_seed1_target	ARPC4	ARPC4+ctrl	True	True	True	True	ALIGNED	
replogle_rpe1_rl4_target	R-L4-K2R_seed1_target	ATF5	ATF5+ctrl	True	False	True	False	ALIGNED	
replogle_rpe1_rl4_target	R-L4-K2R_seed1_target	ATP6AP1	ATP6AP1+ctrl	True	False	True	False	ALIGNED	
replogle_rpe1_rl4_target	R-L4-K2R_seed1_target	ATP6V0B	ATP6V0B+ctrl	True	False	True	False	ALIGNED	
replogle_rpe1_rl4_target	R-L4-K2R_seed1_target	ATP6V0C	ATP6V0C+ctrl	True	False	True	False	ALIGNED	
replogle_rpe1_rl4_target	R-L4-K2R_seed1_target	ATP6V1A	ATP6V1A+ctrl	True	True	True	True	ALIGNED	
replogle_rpe1_rl4_target	R-L4-K2R_seed1_target	ATP6V1B2	ATP6V1B2+ctrl	True	False	True	False	ALIGNED	
replogle_rpe1_rl4_target	R-L4-K2R_seed1_target	ATR	ATR+ctrl	True	False	True	False	ALIGNED	
replogle_rpe1_rl4_target	R-L4-K2R_seed1_target	ATRIP	ATRIP+ctrl	True	False	True	False	ALIGNED	
replogle_rpe1_rl4_target	R-L4-K2R_seed1_target	BANP	BANP+ctrl	True	False	True	False	ALIGNED	
replogle_rpe1_rl4_target	R-L4-K2R_seed1_target	BAP1	BAP1+ctrl	True	False	True	False	ALIGNED	
replogle_rpe1_rl4_target	R-L4-K2R_seed1_target	BCAS2	BCAS2+ctrl	True	True	True	True	ALIGNED	
replogle_rpe1_rl4_target	R-L4-K2R_seed1_target	BDP1	BDP1+ctrl	True	False	True	False	ALIGNED	
replogle_rpe1_rl4_target	R-L4-K2R_seed1_target	BGLAP	BGLAP+ctrl	True	False	True	False	ALIGNED	
replogle_rpe1_rl4_target	R-L4-K2R_seed1_target	BNIP1	BNIP1+ctrl	True	False	True	False	ALIGNED	
replogle_rpe1_rl4_target	R-L4-K2R_seed1_target	BOP1	BOP1+ctrl	True	False	True	False	ALIGNED	
replogle_rpe1_rl4_target	R-L4-K2R_seed1_target	BRIX1	BRIX1+ctrl	True	False	True	False	ALIGNED	
replogle_rpe1_rl4_target	R-L4-K2R_seed1_target	BTF3	BTF3+ctrl	True	False	True	False	ALIGNED	
replogle_rpe1_rl4_target	R-L4-K2R_seed1_target	BUD13	BUD13+ctrl	True	False	True	False	ALIGNED	
replogle_rpe1_rl4_target	R-L4-K2R_seed1_target	CACTIN	CACTIN+ctrl	True	False	True	False	ALIGNED	
replogle_rpe1_rl4_target	R-L4-K2R_seed1_target	CAPZB	CAPZB+ctrl	True	False	True	False	ALIGNED	
replogle_rpe1_rl4_target	R-L4-K2R_seed1_target	CBLL1	CBLL1+ctrl	True	False	True	False	ALIGNED	
replogle_rpe1_rl4_target	R-L4-K2R_seed1_target	CCDC59	CCDC59+ctrl	True	False	True	False	ALIGNED	
replogle_rpe1_rl4_target	R-L4-K2R_seed1_target	CCDC84	CCDC84+ctrl	True	True	True	True	ALIGNED	
replogle_rpe1_rl4_target	R-L4-K2R_seed1_target	CCNH	CCNH+ctrl	True	False	True	False	ALIGNED	
replogle_rpe1_rl4_target	R-L4-K2R_seed1_target	CCNK	CCNK+ctrl	True	False	True	False	ALIGNED	
replogle_rpe1_rl4_target	R-L4-K2R_seed1_target	CCT2	CCT2+ctrl	True	False	True	False	ALIGNED	
replogle_rpe1_rl4_target	R-L4-K2R_seed1_target	CCT3	CCT3+ctrl	True	False	True	False	ALIGNED	
replogle_rpe1_rl4_target	R-L4-K2R_seed1_target	CCT4	CCT4+ctrl	True	False	True	False	ALIGNED	
replogle_rpe1_rl4_target	R-L4-K2R_seed1_target	CCT6A	CCT6A+ctrl	True	False	True	False	ALIGNED	
replogle_rpe1_rl4_target	R-L4-K2R_seed1_target	CCT7	CCT7+ctrl	True	False	True	False	ALIGNED	
replogle_rpe1_rl4_target	R-L4-K2R_seed1_target	CCT8	CCT8+ctrl	True	False	True	False	ALIGNED	
replogle_rpe1_rl4_target	R-L4-K2R_seed1_target	CD3EAP	CD3EAP+ctrl	True	False	True	False	ALIGNED	
replogle_rpe1_rl4_target	R-L4-K2R_seed1_target	CDAN1	CDAN1+ctrl	True	False	True	False	ALIGNED	
replogle_rpe1_rl4_target	R-L4-K2R_seed1_target	CDC123	CDC123+ctrl	True	False	True	False	ALIGNED	
replogle_rpe1_rl4_target	R-L4-K2R_seed1_target	CDC16	CDC16+ctrl	True	False	True	False	ALIGNED	
replogle_rpe1_rl4_target	R-L4-K2R_seed1_target	CDC27	CDC27+ctrl	True	False	True	False	ALIGNED	
replogle_rpe1_rl4_target	R-L4-K2R_seed1_target	CDC5L	CDC5L+ctrl	True	False	True	False	ALIGNED	
replogle_rpe1_rl4_target	R-L4-K2R_seed1_target	CDC6	CDC6+ctrl	True	True	True	True	ALIGNED	
replogle_rpe1_rl4_target	R-L4-K2R_seed1_target	CDC73	CDC73+ctrl	True	False	True	False	ALIGNED	
replogle_rpe1_rl4_target	R-L4-K2R_seed1_target	CDK1	CDK1+ctrl	True	False	True	False	ALIGNED	
replogle_rpe1_rl4_target	R-L4-K2R_seed1_target	CDK9	CDK9+ctrl	True	False	True	False	ALIGNED	
replogle_rpe1_rl4_target	R-L4-K2R_seed1_target	CEBPZ	CEBPZ+ctrl	True	False	True	False	ALIGNED	
replogle_rpe1_rl4_target	R-L4-K2R_seed1_target	CENPC	CENPC+ctrl	True	False	True	False	ALIGNED	
replogle_rpe1_rl4_target	R-L4-K2R_seed1_target	CENPE	CENPE+ctrl	True	False	True	False	ALIGNED	
replogle_rpe1_rl4_target	R-L4-K2R_seed1_target	CENPJ	CENPJ+ctrl	True	True	True	True	ALIGNED	
replogle_rpe1_rl4_target	R-L4-K2R_seed1_target	CENPK	CENPK+ctrl	True	False	True	False	ALIGNED	
replogle_rpe1_rl4_target	R-L4-K2R_seed1_target	CEP192	CEP192+ctrl	True	False	True	False	ALIGNED	
replogle_rpe1_rl4_target	R-L4-K2R_seed1_target	CHAF1B	CHAF1B+ctrl	True	False	True	False	ALIGNED	
replogle_rpe1_rl4_target	R-L4-K2R_seed1_target	CHCHD4	CHCHD4+ctrl	True	False	True	False	ALIGNED	
replogle_rpe1_rl4_target	R-L4-K2R_seed1_target	CHD4	CHD4+ctrl	True	False	True	False	ALIGNED	
replogle_rpe1_rl4_target	R-L4-K2R_seed1_target	CHEK1	CHEK1+ctrl	True	False	True	False	ALIGNED	
replogle_rpe1_rl4_target	R-L4-K2R_seed1_target	CHERP	CHERP+ctrl	True	False	True	False	ALIGNED	
replogle_rpe1_rl4_target	R-L4-K2R_seed1_target	CHMP3	CHMP3+ctrl	True	False	True	False	ALIGNED	
replogle_rpe1_rl4_target	R-L4-K2R_seed1_target	CHMP6	CHMP6+ctrl	True	False	True	False	ALIGNED	
replogle_rpe1_rl4_target	R-L4-K2R_seed1_target	CIAPIN1	CIAPIN1+ctrl	True	False	True	False	ALIGNED	
replogle_rpe1_rl4_target	R-L4-K2R_seed1_target	CINP	CINP+ctrl	True	False	True	False	ALIGNED	
replogle_rpe1_rl4_target	R-L4-K2R_seed1_target	CKAP5	CKAP5+ctrl	True	False	True	False	ALIGNED	
replogle_rpe1_rl4_target	R-L4-K2R_seed1_target	CLNS1A	CLNS1A+ctrl	True	False	True	False	ALIGNED	
replogle_rpe1_rl4_target	R-L4-K2R_seed1_target	CLTC	CLTC+ctrl	True	False	True	False	ALIGNED	
replogle_rpe1_rl4_target	R-L4-K2R_seed1_target	CMTR1	CMTR1+ctrl	True	False	True	False	ALIGNED	
replogle_rpe1_rl4_target	R-L4-K2R_seed1_target	CNIH4	CNIH4+ctrl	True	False	True	False	ALIGNED	
replogle_rpe1_rl4_target	R-L4-K2R_seed1_target	CNOT1	CNOT1+ctrl	True	False	True	False	ALIGNED	
replogle_rpe1_rl4_target	R-L4-K2R_seed1_target	CNOT2	CNOT2+ctrl	True	True	True	True	ALIGNED	
replogle_rpe1_rl4_target	R-L4-K2R_seed1_target	CNOT3	CNOT3+ctrl	True	True	True	True	ALIGNED	
replogle_rpe1_rl4_target	R-L4-K2R_seed1_target	COG2	COG2+ctrl	True	True	True	True	ALIGNED	
replogle_rpe1_rl4_target	R-L4-K2R_seed1_target	COPS2	COPS2+ctrl	True	True	True	True	ALIGNED	
replogle_rpe1_rl4_target	R-L4-K2R_seed1_target	COPS3	COPS3+ctrl	True	False	True	False	ALIGNED	
replogle_rpe1_rl4_target	R-L4-K2R_seed1_target	COPS4	COPS4+ctrl	True	False	True	False	ALIGNED	
replogle_rpe1_rl4_target	R-L4-K2R_seed1_target	COPS6	COPS6+ctrl	True	False	True	False	ALIGNED	
replogle_rpe1_rl4_target	R-L4-K2R_seed1_target	COPS8	COPS8+ctrl	True	False	True	False	ALIGNED	
replogle_rpe1_rl4_target	R-L4-K2R_seed1_target	COX11	COX11+ctrl	True	False	True	False	ALIGNED	
replogle_rpe1_rl4_target	R-L4-K2R_seed1_target	COX15	COX15+ctrl	True	False	True	False	ALIGNED	
replogle_rpe1_rl4_target	R-L4-K2R_seed1_target	CPSF1	CPSF1+ctrl	True	True	True	True	ALIGNED	
replogle_rpe1_rl4_target	R-L4-K2R_seed1_target	CPSF3	CPSF3+ctrl	True	False	True	False	ALIGNED	
replogle_rpe1_rl4_target	R-L4-K2R_seed1_target	CPSF4	CPSF4+ctrl	True	False	True	False	ALIGNED	
replogle_rpe1_rl4_target	R-L4-K2R_seed1_target	CSE1L	CSE1L+ctrl	True	True	True	True	ALIGNED	
replogle_rpe1_rl4_target	R-L4-K2R_seed1_target	CSNK2B	CSNK2B+ctrl	True	False	True	False	ALIGNED	
replogle_rpe1_rl4_target	R-L4-K2R_seed1_target	CSTF1	CSTF1+ctrl	True	False	True	False	ALIGNED	
replogle_rpe1_rl4_target	R-L4-K2R_seed1_target	CSTF3	CSTF3+ctrl	True	False	True	False	ALIGNED	
replogle_rpe1_rl4_target	R-L4-K2R_seed1_target	CTNNBL1	CTNNBL1+ctrl	True	False	True	False	ALIGNED	
replogle_rpe1_rl4_target	R-L4-K2R_seed1_target	CTR9	CTR9+ctrl	True	False	True	False	ALIGNED	
replogle_rpe1_rl4_target	R-L4-K2R_seed1_target	CUL1	CUL1+ctrl	True	False	True	False	ALIGNED	
replogle_rpe1_rl4_target	R-L4-K2R_seed1_target	CUL7	CUL7+ctrl	True	False	True	False	ALIGNED	
replogle_rpe1_rl4_target	R-L4-K2R_seed1_target	CWC15	CWC15+ctrl	True	False	True	False	ALIGNED	
replogle_rpe1_rl4_target	R-L4-K2R_seed1_target	CWF19L2	CWF19L2+ctrl	True	False	True	False	ALIGNED	
replogle_rpe1_rl4_target	R-L4-K2R_seed1_target	CXXC1	CXXC1+ctrl	True	False	True	False	ALIGNED	
replogle_rpe1_rl4_target	R-L4-K2R_seed1_target	DAD1	DAD1+ctrl	True	False	True	False	ALIGNED	
replogle_rpe1_rl4_target	R-L4-K2R_seed1_target	DARS	DARS+ctrl	True	False	True	False	ALIGNED	
replogle_rpe1_rl4_target	R-L4-K2R_seed1_target	DBR1	DBR1+ctrl	True	False	True	False	ALIGNED	
replogle_rpe1_rl4_target	R-L4-K2R_seed1_target	DCUN1D5	DCUN1D5+ctrl	True	False	True	False	ALIGNED	
replogle_rpe1_rl4_target	R-L4-K2R_seed1_target	DDB1	DDB1+ctrl	True	False	True	False	ALIGNED	
replogle_rpe1_rl4_target	R-L4-K2R_seed1_target	DDOST	DDOST+ctrl	True	False	True	False	ALIGNED	
replogle_rpe1_rl4_target	R-L4-K2R_seed1_target	DDX10	DDX10+ctrl	True	False	True	False	ALIGNED	
replogle_rpe1_rl4_target	R-L4-K2R_seed1_target	DDX20	DDX20+ctrl	True	False	True	False	ALIGNED	
replogle_rpe1_rl4_target	R-L4-K2R_seed1_target	DDX23	DDX23+ctrl	True	True	True	True	ALIGNED	
replogle_rpe1_rl4_target	R-L4-K2R_seed1_target	DDX27	DDX27+ctrl	True	False	True	False	ALIGNED	
replogle_rpe1_rl4_target	R-L4-K2R_seed1_target	DDX41	DDX41+ctrl	True	False	True	False	ALIGNED	
replogle_rpe1_rl4_target	R-L4-K2R_seed1_target	DDX46	DDX46+ctrl	True	False	True	False	ALIGNED	
replogle_rpe1_rl4_target	R-L4-K2R_seed1_target	DDX47	DDX47+ctrl	True	False	True	False	ALIGNED	
replogle_rpe1_rl4_target	R-L4-K2R_seed1_target	DDX5	DDX5+ctrl	True	False	True	False	ALIGNED	
replogle_rpe1_rl4_target	R-L4-K2R_seed1_target	DDX51	DDX51+ctrl	True	False	True	False	ALIGNED	
replogle_rpe1_rl4_target	R-L4-K2R_seed1_target	DDX52	DDX52+ctrl	True	False	True	False	ALIGNED	
replogle_rpe1_rl4_target	R-L4-K2R_seed1_target	DDX54	DDX54+ctrl	True	False	True	False	ALIGNED	
replogle_rpe1_rl4_target	R-L4-K2R_seed1_target	DDX55	DDX55+ctrl	True	False	True	False	ALIGNED	
replogle_rpe1_rl4_target	R-L4-K2R_seed1_target	DDX59	DDX59+ctrl	True	False	True	False	ALIGNED	
replogle_rpe1_rl4_target	R-L4-K2R_seed1_target	DENR	DENR+ctrl	True	False	True	False	ALIGNED	
replogle_rpe1_rl4_target	R-L4-K2R_seed1_target	DERL2	DERL2+ctrl	True	False	True	False	ALIGNED	
replogle_rpe1_rl4_target	R-L4-K2R_seed1_target	DHDDS	DHDDS+ctrl	True	False	True	False	ALIGNED	
replogle_rpe1_rl4_target	R-L4-K2R_seed1_target	DHX15	DHX15+ctrl	True	False	True	False	ALIGNED	
replogle_rpe1_rl4_target	R-L4-K2R_seed1_target	DHX16	DHX16+ctrl	True	False	True	False	ALIGNED	
replogle_rpe1_rl4_target	R-L4-K2R_seed1_target	DHX33	DHX33+ctrl	True	False	True	False	ALIGNED	
replogle_rpe1_rl4_target	R-L4-K2R_seed1_target	DHX36	DHX36+ctrl	True	False	True	False	ALIGNED	
replogle_rpe1_rl4_target	R-L4-K2R_seed1_target	DHX37	DHX37+ctrl	True	False	True	False	ALIGNED	
replogle_rpe1_rl4_target	R-L4-K2R_seed1_target	DICER1	DICER1+ctrl	True	False	True	False	ALIGNED	
replogle_rpe1_rl4_target	R-L4-K2R_seed1_target	DIMT1	DIMT1+ctrl	True	False	True	False	ALIGNED	
replogle_rpe1_rl4_target	R-L4-K2R_seed1_target	DLD	DLD+ctrl	True	False	True	False	ALIGNED	
replogle_rpe1_rl4_target	R-L4-K2R_seed1_target	DMAP1	DMAP1+ctrl	True	False	True	False	ALIGNED	
replogle_rpe1_rl4_target	R-L4-K2R_seed1_target	DNAJA3	DNAJA3+ctrl	True	False	True	False	ALIGNED	
replogle_rpe1_rl4_target	R-L4-K2R_seed1_target	DNAJC17	DNAJC17+ctrl	True	False	True	False	ALIGNED	
replogle_rpe1_rl4_target	R-L4-K2R_seed1_target	DNAJC8	DNAJC8+ctrl	True	False	True	False	ALIGNED	
replogle_rpe1_rl4_target	R-L4-K2R_seed1_target	DNMT1	DNMT1+ctrl	True	False	True	False	ALIGNED	
replogle_rpe1_rl4_target	R-L4-K2R_seed1_target	DOHH	DOHH+ctrl	True	True	True	True	ALIGNED	
replogle_rpe1_rl4_target	R-L4-K2R_seed1_target	DPH2	DPH2+ctrl	True	False	True	False	ALIGNED	
replogle_rpe1_rl4_target	R-L4-K2R_seed1_target	DR1	DR1+ctrl	True	False	True	False	ALIGNED	
replogle_rpe1_rl4_target	R-L4-K2R_seed1_target	DRAP1	DRAP1+ctrl	True	False	True	False	ALIGNED	
replogle_rpe1_rl4_target	R-L4-K2R_seed1_target	DSN1	DSN1+ctrl	True	False	True	False	ALIGNED	
replogle_rpe1_rl4_target	R-L4-K2R_seed1_target	DTL	DTL+ctrl	True	False	True	False	ALIGNED	
replogle_rpe1_rl4_target	R-L4-K2R_seed1_target	DUT	DUT+ctrl	True	False	True	False	ALIGNED	
replogle_rpe1_rl4_target	R-L4-K2R_seed1_target	DYNC1H1	DYNC1H1+ctrl	True	False	True	False	ALIGNED	
replogle_rpe1_rl4_target	R-L4-K2R_seed1_target	DYNC1I2	DYNC1I2+ctrl	True	False	True	False	ALIGNED	
replogle_rpe1_rl4_target	R-L4-K2R_seed1_target	DYNLL1	DYNLL1+ctrl	True	False	True	False	ALIGNED	
replogle_rpe1_rl4_target	R-L4-K2R_seed1_target	DYNLRB1	DYNLRB1+ctrl	True	False	True	False	ALIGNED	
replogle_rpe1_rl4_target	R-L4-K2R_seed1_target	E4F1	E4F1+ctrl	True	False	True	False	ALIGNED	
replogle_rpe1_rl4_target	R-L4-K2R_seed1_target	EBNA1BP2	EBNA1BP2+ctrl	True	False	True	False	ALIGNED	
replogle_rpe1_rl4_target	R-L4-K2R_seed1_target	ECD	ECD+ctrl	True	False	True	False	ALIGNED	
replogle_rpe1_rl4_target	R-L4-K2R_seed1_target	EEF1G	EEF1G+ctrl	True	False	True	False	ALIGNED	
replogle_rpe1_rl4_target	R-L4-K2R_seed1_target	EEF2	EEF2+ctrl	True	False	True	False	ALIGNED	
replogle_rpe1_rl4_target	R-L4-K2R_seed1_target	EFTUD2	EFTUD2+ctrl	True	False	True	False	ALIGNED	
replogle_rpe1_rl4_target	R-L4-K2R_seed1_target	EIF1AX	EIF1AX+ctrl	True	False	True	False	ALIGNED	
replogle_rpe1_rl4_target	R-L4-K2R_seed1_target	EIF2B1	EIF2B1+ctrl	True	False	True	False	ALIGNED	
replogle_rpe1_rl4_target	R-L4-K2R_seed1_target	EIF2B2	EIF2B2+ctrl	True	False	True	False	ALIGNED	
replogle_rpe1_rl4_target	R-L4-K2R_seed1_target	EIF2B3	EIF2B3+ctrl	True	False	True	False	ALIGNED	
replogle_rpe1_rl4_target	R-L4-K2R_seed1_target	EIF2B4	EIF2B4+ctrl	True	False	True	False	ALIGNED	
replogle_rpe1_rl4_target	R-L4-K2R_seed1_target	EIF2B5	EIF2B5+ctrl	True	False	True	False	ALIGNED	
replogle_rpe1_rl4_target	R-L4-K2R_seed1_target	EIF2S1	EIF2S1+ctrl	True	False	True	False	ALIGNED	
replogle_rpe1_rl4_target	R-L4-K2R_seed1_target	EIF2S2	EIF2S2+ctrl	True	False	True	False	ALIGNED	
replogle_rpe1_rl4_target	R-L4-K2R_seed1_target	EIF2S3	EIF2S3+ctrl	True	True	True	True	ALIGNED	
replogle_rpe1_rl4_target	R-L4-K2R_seed1_target	EIF3A	EIF3A+ctrl	True	False	True	False	ALIGNED	
replogle_rpe1_rl4_target	R-L4-K2R_seed1_target	EIF3CL	EIF3CL+ctrl	True	False	True	False	ALIGNED	
replogle_rpe1_rl4_target	R-L4-K2R_seed1_target	EIF3D	EIF3D+ctrl	True	False	True	False	ALIGNED	
replogle_rpe1_rl4_target	R-L4-K2R_seed1_target	EIF3E	EIF3E+ctrl	True	False	True	False	ALIGNED	
replogle_rpe1_rl4_target	R-L4-K2R_seed1_target	EIF3I	EIF3I+ctrl	True	False	True	False	ALIGNED	
replogle_rpe1_rl4_target	R-L4-K2R_seed1_target	EIF3J	EIF3J+ctrl	True	False	True	False	ALIGNED	
replogle_rpe1_rl4_target	R-L4-K2R_seed1_target	EIF3M	EIF3M+ctrl	True	True	True	True	ALIGNED	
replogle_rpe1_rl4_target	R-L4-K2R_seed1_target	EIF4E	EIF4E+ctrl	True	False	True	False	ALIGNED	
replogle_rpe1_rl4_target	R-L4-K2R_seed1_target	EIF4G1	EIF4G1+ctrl	True	False	True	False	ALIGNED	
replogle_rpe1_rl4_target	R-L4-K2R_seed1_target	EIF4G2	EIF4G2+ctrl	True	False	True	False	ALIGNED	
replogle_rpe1_rl4_target	R-L4-K2R_seed1_target	EIF5A	EIF5A+ctrl	True	False	True	False	ALIGNED	
replogle_rpe1_rl4_target	R-L4-K2R_seed1_target	EIF6	EIF6+ctrl	True	False	True	False	ALIGNED	
replogle_rpe1_rl4_target	R-L4-K2R_seed1_target	ELP3	ELP3+ctrl	True	False	True	False	ALIGNED	
replogle_rpe1_rl4_target	R-L4-K2R_seed1_target	ELP5	ELP5+ctrl	True	False	True	False	ALIGNED	
replogle_rpe1_rl4_target	R-L4-K2R_seed1_target	EP400	EP400+ctrl	True	False	True	False	ALIGNED	
replogle_rpe1_rl4_target	R-L4-K2R_seed1_target	EPRS	EPRS+ctrl	True	False	True	False	ALIGNED	
replogle_rpe1_rl4_target	R-L4-K2R_seed1_target	ERCC2	ERCC2+ctrl	True	True	True	True	ALIGNED	
replogle_rpe1_rl4_target	R-L4-K2R_seed1_target	ETF1	ETF1+ctrl	True	False	True	False	ALIGNED	
replogle_rpe1_rl4_target	R-L4-K2R_seed1_target	EXOC7	EXOC7+ctrl	True	False	True	False	ALIGNED	
replogle_rpe1_rl4_target	R-L4-K2R_seed1_target	EXOSC2	EXOSC2+ctrl	True	False	True	False	ALIGNED	
replogle_rpe1_rl4_target	R-L4-K2R_seed1_target	EXOSC3	EXOSC3+ctrl	True	False	True	False	ALIGNED	
replogle_rpe1_rl4_target	R-L4-K2R_seed1_target	EXOSC4	EXOSC4+ctrl	True	False	True	False	ALIGNED	
replogle_rpe1_rl4_target	R-L4-K2R_seed1_target	EXOSC5	EXOSC5+ctrl	True	False	True	False	ALIGNED	
replogle_rpe1_rl4_target	R-L4-K2R_seed1_target	EXOSC7	EXOSC7+ctrl	True	False	True	False	ALIGNED	
replogle_rpe1_rl4_target	R-L4-K2R_seed1_target	EXOSC8	EXOSC8+ctrl	True	False	True	False	ALIGNED	
replogle_rpe1_rl4_target	R-L4-K2R_seed1_target	FAM136A	FAM136A+ctrl	True	False	True	False	ALIGNED	
replogle_rpe1_rl4_target	R-L4-K2R_seed1_target	FAM32A	FAM32A+ctrl	True	False	True	False	ALIGNED	
replogle_rpe1_rl4_target	R-L4-K2R_seed1_target	FAM50A	FAM50A+ctrl	True	False	True	False	ALIGNED	
replogle_rpe1_rl4_target	R-L4-K2R_seed1_target	FARSA	FARSA+ctrl	True	False	True	False	ALIGNED	
replogle_rpe1_rl4_target	R-L4-K2R_seed1_target	FNTA	FNTA+ctrl	True	True	True	True	ALIGNED	
replogle_rpe1_rl4_target	R-L4-K2R_seed1_target	FTSJ3	FTSJ3+ctrl	True	True	True	True	ALIGNED	
replogle_rpe1_rl4_target	R-L4-K2R_seed1_target	GARS	GARS+ctrl	True	False	True	False	ALIGNED	
replogle_rpe1_rl4_target	R-L4-K2R_seed1_target	GBF1	GBF1+ctrl	True	False	True	False	ALIGNED	
replogle_rpe1_rl4_target	R-L4-K2R_seed1_target	GEMIN5	GEMIN5+ctrl	True	False	True	False	ALIGNED	
replogle_rpe1_rl4_target	R-L4-K2R_seed1_target	GFER	GFER+ctrl	True	False	True	False	ALIGNED	
replogle_rpe1_rl4_target	R-L4-K2R_seed1_target	GFM1	GFM1+ctrl	True	False	True	False	ALIGNED	
replogle_rpe1_rl4_target	R-L4-K2R_seed1_target	GINS1	GINS1+ctrl	True	False	True	False	ALIGNED	
replogle_rpe1_rl4_target	R-L4-K2R_seed1_target	GINS2	GINS2+ctrl	True	False	True	False	ALIGNED	
replogle_rpe1_rl4_target	R-L4-K2R_seed1_target	GINS4	GINS4+ctrl	True	False	True	False	ALIGNED	
replogle_rpe1_rl4_target	R-L4-K2R_seed1_target	GLE1	GLE1+ctrl	True	False	True	False	ALIGNED	
replogle_rpe1_rl4_target	R-L4-K2R_seed1_target	GNL2	GNL2+ctrl	True	True	True	True	ALIGNED	
replogle_rpe1_rl4_target	R-L4-K2R_seed1_target	GNL3	GNL3+ctrl	True	True	True	True	ALIGNED	
replogle_rpe1_rl4_target	R-L4-K2R_seed1_target	GOLT1B	GOLT1B+ctrl	True	False	True	False	ALIGNED	
replogle_rpe1_rl4_target	R-L4-K2R_seed1_target	GPKOW	GPKOW+ctrl	True	True	True	True	ALIGNED	
replogle_rpe1_rl4_target	R-L4-K2R_seed1_target	GPN2	GPN2+ctrl	True	False	True	False	ALIGNED	
replogle_rpe1_rl4_target	R-L4-K2R_seed1_target	GPN3	GPN3+ctrl	True	False	True	False	ALIGNED	
replogle_rpe1_rl4_target	R-L4-K2R_seed1_target	GPS1	GPS1+ctrl	True	False	True	False	ALIGNED	
replogle_rpe1_rl4_target	R-L4-K2R_seed1_target	GRB2	GRB2+ctrl	True	False	True	False	ALIGNED	
replogle_rpe1_rl4_target	R-L4-K2R_seed1_target	GRPEL1	GRPEL1+ctrl	True	False	True	False	ALIGNED	
replogle_rpe1_rl4_target	R-L4-K2R_seed1_target	GRSF1	GRSF1+ctrl	True	False	True	False	ALIGNED	
replogle_rpe1_rl4_target	R-L4-K2R_seed1_target	GSPT1	GSPT1+ctrl	True	False	True	False	ALIGNED	
replogle_rpe1_rl4_target	R-L4-K2R_seed1_target	GTF2A1	GTF2A1+ctrl	True	False	True	False	ALIGNED	
replogle_rpe1_rl4_target	R-L4-K2R_seed1_target	GTF2A2	GTF2A2+ctrl	True	False	True	False	ALIGNED	
replogle_rpe1_rl4_target	R-L4-K2R_seed1_target	GTF2E1	GTF2E1+ctrl	True	False	True	False	ALIGNED	
replogle_rpe1_rl4_target	R-L4-K2R_seed1_target	GTF2E2	GTF2E2+ctrl	True	False	True	False	ALIGNED	
replogle_rpe1_rl4_target	R-L4-K2R_seed1_target	GTF2F2	GTF2F2+ctrl	True	False	True	False	ALIGNED	
replogle_rpe1_rl4_target	R-L4-K2R_seed1_target	GTF2H4	GTF2H4+ctrl	True	False	True	False	ALIGNED	
replogle_rpe1_rl4_target	R-L4-K2R_seed1_target	GTF3C3	GTF3C3+ctrl	True	False	True	False	ALIGNED	
replogle_rpe1_rl4_target	R-L4-K2R_seed1_target	GTPBP4	GTPBP4+ctrl	True	True	True	True	ALIGNED	
replogle_rpe1_rl4_target	R-L4-K2R_seed1_target	GUCD1	GUCD1+ctrl	True	False	True	False	ALIGNED	
replogle_rpe1_rl4_target	R-L4-K2R_seed1_target	HARS	HARS+ctrl	True	False	True	False	ALIGNED	
replogle_rpe1_rl4_target	R-L4-K2R_seed1_target	HAUS4	HAUS4+ctrl	True	False	True	False	ALIGNED	
replogle_rpe1_rl4_target	R-L4-K2R_seed1_target	HAUS5	HAUS5+ctrl	True	False	True	False	ALIGNED	
replogle_rpe1_rl4_target	R-L4-K2R_seed1_target	HBS1L	HBS1L+ctrl	True	True	True	True	ALIGNED	
replogle_rpe1_rl4_target	R-L4-K2R_seed1_target	HDAC7	HDAC7+ctrl	True	False	True	False	ALIGNED	
replogle_rpe1_rl4_target	R-L4-K2R_seed1_target	HGS	HGS+ctrl	True	False	True	False	ALIGNED	
replogle_rpe1_rl4_target	R-L4-K2R_seed1_target	HIRA	HIRA+ctrl	True	False	True	False	ALIGNED	
replogle_rpe1_rl4_target	R-L4-K2R_seed1_target	HMGCS1	HMGCS1+ctrl	True	False	True	False	ALIGNED	
replogle_rpe1_rl4_target	R-L4-K2R_seed1_target	HNRNPC	HNRNPC+ctrl	True	False	True	False	ALIGNED	
replogle_rpe1_rl4_target	R-L4-K2R_seed1_target	HNRNPH1	HNRNPH1+ctrl	True	False	True	False	ALIGNED	
replogle_rpe1_rl4_target	R-L4-K2R_seed1_target	HNRNPL	HNRNPL+ctrl	True	False	True	False	ALIGNED	
replogle_rpe1_rl4_target	R-L4-K2R_seed1_target	HNRNPU	HNRNPU+ctrl	True	False	True	False	ALIGNED	
replogle_rpe1_rl4_target	R-L4-K2R_seed1_target	HSCB	HSCB+ctrl	True	False	True	False	ALIGNED	
replogle_rpe1_rl4_target	R-L4-K2R_seed1_target	HSPA5	HSPA5+ctrl	True	False	True	False	ALIGNED	
replogle_rpe1_rl4_target	R-L4-K2R_seed1_target	HSPA9	HSPA9+ctrl	True	False	True	False	ALIGNED	
replogle_rpe1_rl4_target	R-L4-K2R_seed1_target	HUWE1	HUWE1+ctrl	True	False	True	False	ALIGNED	
replogle_rpe1_rl4_target	R-L4-K2R_seed1_target	IARS	IARS+ctrl	True	False	True	False	ALIGNED	
replogle_rpe1_rl4_target	R-L4-K2R_seed1_target	IARS2	IARS2+ctrl	True	False	True	False	ALIGNED	
replogle_rpe1_rl4_target	R-L4-K2R_seed1_target	ICE1	ICE1+ctrl	True	False	True	False	ALIGNED	
replogle_rpe1_rl4_target	R-L4-K2R_seed1_target	IGBP1	IGBP1+ctrl	True	False	True	False	ALIGNED	
replogle_rpe1_rl4_target	R-L4-K2R_seed1_target	IK	IK+ctrl	True	False	True	False	ALIGNED	
replogle_rpe1_rl4_target	R-L4-K2R_seed1_target	ILF2	ILF2+ctrl	True	False	True	False	ALIGNED	
replogle_rpe1_rl4_target	R-L4-K2R_seed1_target	INO80	INO80+ctrl	True	False	True	False	ALIGNED	
replogle_rpe1_rl4_target	R-L4-K2R_seed1_target	INO80B	INO80B+ctrl	True	False	True	False	ALIGNED	
replogle_rpe1_rl4_target	R-L4-K2R_seed1_target	INTS1	INTS1+ctrl	True	False	True	False	ALIGNED	
replogle_rpe1_rl4_target	R-L4-K2R_seed1_target	INTS2	INTS2+ctrl	True	False	True	False	ALIGNED	
replogle_rpe1_rl4_target	R-L4-K2R_seed1_target	INTS3	INTS3+ctrl	True	False	True	False	ALIGNED	
replogle_rpe1_rl4_target	R-L4-K2R_seed1_target	INTS4	INTS4+ctrl	True	False	True	False	ALIGNED	
replogle_rpe1_rl4_target	R-L4-K2R_seed1_target	INTS5	INTS5+ctrl	True	False	True	False	ALIGNED	
replogle_rpe1_rl4_target	R-L4-K2R_seed1_target	INTS8	INTS8+ctrl	True	False	True	False	ALIGNED	
replogle_rpe1_rl4_target	R-L4-K2R_seed1_target	IPO13	IPO13+ctrl	True	False	True	False	ALIGNED	
replogle_rpe1_rl4_target	R-L4-K2R_seed1_target	IPO9	IPO9+ctrl	True	False	True	False	ALIGNED	
replogle_rpe1_rl4_target	R-L4-K2R_seed1_target	JAZF1	JAZF1+ctrl	True	False	True	False	ALIGNED	
replogle_rpe1_rl4_target	R-L4-K2R_seed1_target	KANSL3	KANSL3+ctrl	True	False	True	False	ALIGNED	
replogle_rpe1_rl4_target	R-L4-K2R_seed1_target	KAT8	KAT8+ctrl	True	False	True	False	ALIGNED	
replogle_rpe1_rl4_target	R-L4-K2R_seed1_target	KCTD10	KCTD10+ctrl	True	False	True	False	ALIGNED	
replogle_rpe1_rl4_target	R-L4-K2R_seed1_target	KIN	KIN+ctrl	True	True	True	True	ALIGNED	
replogle_rpe1_rl4_target	R-L4-K2R_seed1_target	KPNB1	KPNB1+ctrl	True	False	True	False	ALIGNED	
replogle_rpe1_rl4_target	R-L4-K2R_seed1_target	KRI1	KRI1+ctrl	True	True	True	True	ALIGNED	
replogle_rpe1_rl4_target	R-L4-K2R_seed1_target	LAMTOR4	LAMTOR4+ctrl	True	False	True	False	ALIGNED	
replogle_rpe1_rl4_target	R-L4-K2R_seed1_target	LARS	LARS+ctrl	True	False	True	False	ALIGNED	
replogle_rpe1_rl4_target	R-L4-K2R_seed1_target	LAS1L	LAS1L+ctrl	True	False	True	False	ALIGNED	
replogle_rpe1_rl4_target	R-L4-K2R_seed1_target	LETM1	LETM1+ctrl	True	False	True	False	ALIGNED	
replogle_rpe1_rl4_target	R-L4-K2R_seed1_target	LONP1	LONP1+ctrl	True	False	True	False	ALIGNED	
replogle_rpe1_rl4_target	R-L4-K2R_seed1_target	LRPPRC	LRPPRC+ctrl	True	False	True	False	ALIGNED	
replogle_rpe1_rl4_target	R-L4-K2R_seed1_target	LSG1	LSG1+ctrl	True	False	True	False	ALIGNED	
replogle_rpe1_rl4_target	R-L4-K2R_seed1_target	LSM10	LSM10+ctrl	True	False	True	False	ALIGNED	
replogle_rpe1_rl4_target	R-L4-K2R_seed1_target	LSM3	LSM3+ctrl	True	False	True	False	ALIGNED	
replogle_rpe1_rl4_target	R-L4-K2R_seed1_target	LSM4	LSM4+ctrl	True	True	True	True	ALIGNED	
replogle_rpe1_rl4_target	R-L4-K2R_seed1_target	LSM5	LSM5+ctrl	True	False	True	False	ALIGNED	
replogle_rpe1_rl4_target	R-L4-K2R_seed1_target	LSM6	LSM6+ctrl	True	False	True	False	ALIGNED	
replogle_rpe1_rl4_target	R-L4-K2R_seed1_target	LSM7	LSM7+ctrl	True	False	True	False	ALIGNED	
replogle_rpe1_rl4_target	R-L4-K2R_seed1_target	MAD2L1	MAD2L1+ctrl	True	True	True	True	ALIGNED	
replogle_rpe1_rl4_target	R-L4-K2R_seed1_target	MAGOH	MAGOH+ctrl	True	False	True	False	ALIGNED	
replogle_rpe1_rl4_target	R-L4-K2R_seed1_target	MARS	MARS+ctrl	True	False	True	False	ALIGNED	
replogle_rpe1_rl4_target	R-L4-K2R_seed1_target	MAT2A	MAT2A+ctrl	True	False	True	False	ALIGNED	
replogle_rpe1_rl4_target	R-L4-K2R_seed1_target	MAX	MAX+ctrl	True	True	True	True	ALIGNED	
replogle_rpe1_rl4_target	R-L4-K2R_seed1_target	MCM10	MCM10+ctrl	True	False	True	False	ALIGNED	
replogle_rpe1_rl4_target	R-L4-K2R_seed1_target	MCM2	MCM2+ctrl	True	False	True	False	ALIGNED	
replogle_rpe1_rl4_target	R-L4-K2R_seed1_target	MCM3	MCM3+ctrl	True	False	True	False	ALIGNED	
replogle_rpe1_rl4_target	R-L4-K2R_seed1_target	MCM3AP	MCM3AP+ctrl	True	False	True	False	ALIGNED	
replogle_rpe1_rl4_target	R-L4-K2R_seed1_target	MCM4	MCM4+ctrl	True	False	True	False	ALIGNED	
replogle_rpe1_rl4_target	R-L4-K2R_seed1_target	MCM6	MCM6+ctrl	True	False	True	False	ALIGNED	
replogle_rpe1_rl4_target	R-L4-K2R_seed1_target	MCMBP	MCMBP+ctrl	True	False	True	False	ALIGNED	
replogle_rpe1_rl4_target	R-L4-K2R_seed1_target	MED1	MED1+ctrl	True	False	True	False	ALIGNED	
replogle_rpe1_rl4_target	R-L4-K2R_seed1_target	MED11	MED11+ctrl	True	False	True	False	ALIGNED	
replogle_rpe1_rl4_target	R-L4-K2R_seed1_target	MED12	MED12+ctrl	True	False	True	False	ALIGNED	
replogle_rpe1_rl4_target	R-L4-K2R_seed1_target	MED14	MED14+ctrl	True	False	True	False	ALIGNED	
replogle_rpe1_rl4_target	R-L4-K2R_seed1_target	MED19	MED19+ctrl	True	False	True	False	ALIGNED	
replogle_rpe1_rl4_target	R-L4-K2R_seed1_target	MED4	MED4+ctrl	True	False	True	False	ALIGNED	
replogle_rpe1_rl4_target	R-L4-K2R_seed1_target	MED8	MED8+ctrl	True	False	True	False	ALIGNED	
replogle_rpe1_rl4_target	R-L4-K2R_seed1_target	METTL14	METTL14+ctrl	True	False	True	False	ALIGNED	
replogle_rpe1_rl4_target	R-L4-K2R_seed1_target	METTL16	METTL16+ctrl	True	False	True	False	ALIGNED	
replogle_rpe1_rl4_target	R-L4-K2R_seed1_target	METTL3	METTL3+ctrl	True	False	True	False	ALIGNED	
replogle_rpe1_rl4_target	R-L4-K2R_seed1_target	MEX3A	MEX3A+ctrl	True	False	True	False	ALIGNED	
replogle_rpe1_rl4_target	R-L4-K2R_seed1_target	MFAP1	MFAP1+ctrl	True	True	True	True	ALIGNED	
replogle_rpe1_rl4_target	R-L4-K2R_seed1_target	MIOS	MIOS+ctrl	True	False	True	False	ALIGNED	
replogle_rpe1_rl4_target	R-L4-K2R_seed1_target	MMS22L	MMS22L+ctrl	True	False	True	False	ALIGNED	
replogle_rpe1_rl4_target	R-L4-K2R_seed1_target	MNAT1	MNAT1+ctrl	True	False	True	False	ALIGNED	
replogle_rpe1_rl4_target	R-L4-K2R_seed1_target	MOB4	MOB4+ctrl	True	False	True	False	ALIGNED	
replogle_rpe1_rl4_target	R-L4-K2R_seed1_target	MRGBP	MRGBP+ctrl	True	True	True	True	ALIGNED	
replogle_rpe1_rl4_target	R-L4-K2R_seed1_target	MRPL19	MRPL19+ctrl	True	False	True	False	ALIGNED	
replogle_rpe1_rl4_target	R-L4-K2R_seed1_target	MRPL32	MRPL32+ctrl	True	False	True	False	ALIGNED	
replogle_rpe1_rl4_target	R-L4-K2R_seed1_target	MRPL35	MRPL35+ctrl	True	True	True	True	ALIGNED	
replogle_rpe1_rl4_target	R-L4-K2R_seed1_target	MRPL36	MRPL36+ctrl	True	False	True	False	ALIGNED	
replogle_rpe1_rl4_target	R-L4-K2R_seed1_target	MRPL38	MRPL38+ctrl	True	True	True	True	ALIGNED	
replogle_rpe1_rl4_target	R-L4-K2R_seed1_target	MRPL49	MRPL49+ctrl	True	True	True	True	ALIGNED	
replogle_rpe1_rl4_target	R-L4-K2R_seed1_target	MRPS14	MRPS14+ctrl	True	False	True	False	ALIGNED	
replogle_rpe1_rl4_target	R-L4-K2R_seed1_target	MRPS34	MRPS34+ctrl	True	False	True	False	ALIGNED	
replogle_rpe1_rl4_target	R-L4-K2R_seed1_target	MTBP	MTBP+ctrl	True	False	True	False	ALIGNED	
replogle_rpe1_rl4_target	R-L4-K2R_seed1_target	MTOR	MTOR+ctrl	True	False	True	False	ALIGNED	
replogle_rpe1_rl4_target	R-L4-K2R_seed1_target	MTPAP	MTPAP+ctrl	True	False	True	False	ALIGNED	
replogle_rpe1_rl4_target	R-L4-K2R_seed1_target	MVD	MVD+ctrl	True	False	True	False	ALIGNED	
replogle_rpe1_rl4_target	R-L4-K2R_seed1_target	MYBBP1A	MYBBP1A+ctrl	True	False	True	False	ALIGNED	
replogle_rpe1_rl4_target	R-L4-K2R_seed1_target	MYBL2	MYBL2+ctrl	True	False	True	False	ALIGNED	
replogle_rpe1_rl4_target	R-L4-K2R_seed1_target	NAA10	NAA10+ctrl	True	False	True	False	ALIGNED	
replogle_rpe1_rl4_target	R-L4-K2R_seed1_target	NAA15	NAA15+ctrl	True	False	True	False	ALIGNED	
replogle_rpe1_rl4_target	R-L4-K2R_seed1_target	NAA20	NAA20+ctrl	True	False	True	False	ALIGNED	
replogle_rpe1_rl4_target	R-L4-K2R_seed1_target	NAA25	NAA25+ctrl	True	False	True	False	ALIGNED	
replogle_rpe1_rl4_target	R-L4-K2R_seed1_target	NAE1	NAE1+ctrl	True	False	True	False	ALIGNED	
replogle_rpe1_rl4_target	R-L4-K2R_seed1_target	NARS	NARS+ctrl	True	False	True	False	ALIGNED	
replogle_rpe1_rl4_target	R-L4-K2R_seed1_target	NBAS	NBAS+ctrl	True	False	True	False	ALIGNED	
replogle_rpe1_rl4_target	R-L4-K2R_seed1_target	NCAPH	NCAPH+ctrl	True	False	True	False	ALIGNED	
replogle_rpe1_rl4_target	R-L4-K2R_seed1_target	NCBP2	NCBP2+ctrl	True	True	True	True	ALIGNED	
replogle_rpe1_rl4_target	R-L4-K2R_seed1_target	NCKAP1	NCKAP1+ctrl	True	False	True	False	ALIGNED	
replogle_rpe1_rl4_target	R-L4-K2R_seed1_target	NDC80	NDC80+ctrl	True	False	True	False	ALIGNED	
replogle_rpe1_rl4_target	R-L4-K2R_seed1_target	NDUFAB1	NDUFAB1+ctrl	True	False	True	False	ALIGNED	
replogle_rpe1_rl4_target	R-L4-K2R_seed1_target	NDUFB10	NDUFB10+ctrl	True	False	True	False	ALIGNED	
replogle_rpe1_rl4_target	R-L4-K2R_seed1_target	NEDD1	NEDD1+ctrl	True	False	True	False	ALIGNED	
replogle_rpe1_rl4_target	R-L4-K2R_seed1_target	NEDD8	NEDD8+ctrl	True	False	True	False	ALIGNED	
replogle_rpe1_rl4_target	R-L4-K2R_seed1_target	NELFA	NELFA+ctrl	True	False	True	False	ALIGNED	
replogle_rpe1_rl4_target	R-L4-K2R_seed1_target	NELFB	NELFB+ctrl	True	True	True	True	ALIGNED	
replogle_rpe1_rl4_target	R-L4-K2R_seed1_target	NELFCD	NELFCD+ctrl	True	False	True	False	ALIGNED	
replogle_rpe1_rl4_target	R-L4-K2R_seed1_target	NELFE	NELFE+ctrl	True	False	True	False	ALIGNED	
replogle_rpe1_rl4_target	R-L4-K2R_seed1_target	NFRKB	NFRKB+ctrl	True	False	True	False	ALIGNED	
replogle_rpe1_rl4_target	R-L4-K2R_seed1_target	NFS1	NFS1+ctrl	True	True	True	True	ALIGNED	
replogle_rpe1_rl4_target	R-L4-K2R_seed1_target	NIFK	NIFK+ctrl	True	False	True	False	ALIGNED	
replogle_rpe1_rl4_target	R-L4-K2R_seed1_target	NKAP	NKAP+ctrl	True	False	True	False	ALIGNED	
replogle_rpe1_rl4_target	R-L4-K2R_seed1_target	NLE1	NLE1+ctrl	True	False	True	False	ALIGNED	
replogle_rpe1_rl4_target	R-L4-K2R_seed1_target	NMD3	NMD3+ctrl	True	False	True	False	ALIGNED	
replogle_rpe1_rl4_target	R-L4-K2R_seed1_target	NOC3L	NOC3L+ctrl	True	False	True	False	ALIGNED	
replogle_rpe1_rl4_target	R-L4-K2R_seed1_target	NOL8	NOL8+ctrl	True	False	True	False	ALIGNED	
replogle_rpe1_rl4_target	R-L4-K2R_seed1_target	NOLC1	NOLC1+ctrl	True	False	True	False	ALIGNED	
replogle_rpe1_rl4_target	R-L4-K2R_seed1_target	NOM1	NOM1+ctrl	True	True	True	True	ALIGNED	
replogle_rpe1_rl4_target	R-L4-K2R_seed1_target	NOP14	NOP14+ctrl	True	False	True	False	ALIGNED	
replogle_rpe1_rl4_target	R-L4-K2R_seed1_target	NPLOC4	NPLOC4+ctrl	True	False	True	False	ALIGNED	
replogle_rpe1_rl4_target	R-L4-K2R_seed1_target	NRBP1	NRBP1+ctrl	True	False	True	False	ALIGNED	
replogle_rpe1_rl4_target	R-L4-K2R_seed1_target	NRDE2	NRDE2+ctrl	True	False	True	False	ALIGNED	
replogle_rpe1_rl4_target	R-L4-K2R_seed1_target	NRF1	NRF1+ctrl	True	False	True	False	ALIGNED	
replogle_rpe1_rl4_target	R-L4-K2R_seed1_target	NSRP1	NSRP1+ctrl	True	False	True	False	ALIGNED	
replogle_rpe1_rl4_target	R-L4-K2R_seed1_target	NUBP1	NUBP1+ctrl	True	False	True	False	ALIGNED	
replogle_rpe1_rl4_target	R-L4-K2R_seed1_target	NUDC	NUDC+ctrl	True	False	True	False	ALIGNED	
replogle_rpe1_rl4_target	R-L4-K2R_seed1_target	NUDCD3	NUDCD3+ctrl	True	False	True	False	ALIGNED	
replogle_rpe1_rl4_target	R-L4-K2R_seed1_target	NUF2	NUF2+ctrl	True	False	True	False	ALIGNED	
replogle_rpe1_rl4_target	R-L4-K2R_seed1_target	NUP107	NUP107+ctrl	True	False	True	False	ALIGNED	
replogle_rpe1_rl4_target	R-L4-K2R_seed1_target	NUP133	NUP133+ctrl	True	False	True	False	ALIGNED	
replogle_rpe1_rl4_target	R-L4-K2R_seed1_target	NUP160	NUP160+ctrl	True	False	True	False	ALIGNED	
replogle_rpe1_rl4_target	R-L4-K2R_seed1_target	NUP54	NUP54+ctrl	True	False	True	False	ALIGNED	
replogle_rpe1_rl4_target	R-L4-K2R_seed1_target	NUP62	NUP62+ctrl	True	False	True	False	ALIGNED	
replogle_rpe1_rl4_target	R-L4-K2R_seed1_target	NUP85	NUP85+ctrl	True	False	True	False	ALIGNED	
replogle_rpe1_rl4_target	R-L4-K2R_seed1_target	NUP88	NUP88+ctrl	True	True	True	True	ALIGNED	
replogle_rpe1_rl4_target	R-L4-K2R_seed1_target	NUP98	NUP98+ctrl	True	False	True	False	ALIGNED	
replogle_rpe1_rl4_target	R-L4-K2R_seed1_target	NUTF2	NUTF2+ctrl	True	False	True	False	ALIGNED	
replogle_rpe1_rl4_target	R-L4-K2R_seed1_target	NVL	NVL+ctrl	True	False	True	False	ALIGNED	
replogle_rpe1_rl4_target	R-L4-K2R_seed1_target	OGFOD1	OGFOD1+ctrl	True	False	True	False	ALIGNED	
replogle_rpe1_rl4_target	R-L4-K2R_seed1_target	OGT	OGT+ctrl	True	True	True	True	ALIGNED	
replogle_rpe1_rl4_target	R-L4-K2R_seed1_target	OPA1	OPA1+ctrl	True	False	True	False	ALIGNED	
replogle_rpe1_rl4_target	R-L4-K2R_seed1_target	ORC1	ORC1+ctrl	True	False	True	False	ALIGNED	
replogle_rpe1_rl4_target	R-L4-K2R_seed1_target	ORC5	ORC5+ctrl	True	False	True	False	ALIGNED	
replogle_rpe1_rl4_target	R-L4-K2R_seed1_target	PABPN1	PABPN1+ctrl	True	False	True	False	ALIGNED	
replogle_rpe1_rl4_target	R-L4-K2R_seed1_target	PAF1	PAF1+ctrl	True	False	True	False	ALIGNED	
replogle_rpe1_rl4_target	R-L4-K2R_seed1_target	PAM16	PAM16+ctrl	True	False	True	False	ALIGNED	
replogle_rpe1_rl4_target	R-L4-K2R_seed1_target	PAXBP1	PAXBP1+ctrl	True	False	True	False	ALIGNED	
replogle_rpe1_rl4_target	R-L4-K2R_seed1_target	PCBP1	PCBP1+ctrl	True	False	True	False	ALIGNED	
replogle_rpe1_rl4_target	R-L4-K2R_seed1_target	PCF11	PCF11+ctrl	True	False	True	False	ALIGNED	
replogle_rpe1_rl4_target	R-L4-K2R_seed1_target	PCID2	PCID2+ctrl	True	False	True	False	ALIGNED	
replogle_rpe1_rl4_target	R-L4-K2R_seed1_target	PCNA	PCNA+ctrl	True	False	True	False	ALIGNED	
replogle_rpe1_rl4_target	R-L4-K2R_seed1_target	PDAP1	PDAP1+ctrl	True	False	True	False	ALIGNED	
replogle_rpe1_rl4_target	R-L4-K2R_seed1_target	PDCD11	PDCD11+ctrl	True	False	True	False	ALIGNED	
replogle_rpe1_rl4_target	R-L4-K2R_seed1_target	PDCD7	PDCD7+ctrl	True	True	True	True	ALIGNED	
replogle_rpe1_rl4_target	R-L4-K2R_seed1_target	PELP1	PELP1+ctrl	True	False	True	False	ALIGNED	
replogle_rpe1_rl4_target	R-L4-K2R_seed1_target	PES1	PES1+ctrl	True	False	True	False	ALIGNED	
replogle_rpe1_rl4_target	R-L4-K2R_seed1_target	PET117	PET117+ctrl	True	False	True	False	ALIGNED	
replogle_rpe1_rl4_target	R-L4-K2R_seed1_target	PFDN2	PFDN2+ctrl	True	False	True	False	ALIGNED	
replogle_rpe1_rl4_target	R-L4-K2R_seed1_target	PFN1	PFN1+ctrl	True	False	True	False	ALIGNED	
replogle_rpe1_rl4_target	R-L4-K2R_seed1_target	PGAM1	PGAM1+ctrl	True	False	True	False	ALIGNED	
replogle_rpe1_rl4_target	R-L4-K2R_seed1_target	PHAX	PHAX+ctrl	True	False	True	False	ALIGNED	
replogle_rpe1_rl4_target	R-L4-K2R_seed1_target	PHB	PHB+ctrl	True	False	True	False	ALIGNED	
replogle_rpe1_rl4_target	R-L4-K2R_seed1_target	PHB2	PHB2+ctrl	True	False	True	False	ALIGNED	
replogle_rpe1_rl4_target	R-L4-K2R_seed1_target	PHF5A	PHF5A+ctrl	True	False	True	False	ALIGNED	
replogle_rpe1_rl4_target	R-L4-K2R_seed1_target	PIAS4	PIAS4+ctrl	True	False	True	False	ALIGNED	
replogle_rpe1_rl4_target	R-L4-K2R_seed1_target	PKM	PKM+ctrl	True	False	True	False	ALIGNED	
replogle_rpe1_rl4_target	R-L4-K2R_seed1_target	PLRG1	PLRG1+ctrl	True	False	True	False	ALIGNED	
replogle_rpe1_rl4_target	R-L4-K2R_seed1_target	PMF1	PMF1+ctrl	True	False	True	False	ALIGNED	
replogle_rpe1_rl4_target	R-L4-K2R_seed1_target	PMPCA	PMPCA+ctrl	True	False	True	False	ALIGNED	
replogle_rpe1_rl4_target	R-L4-K2R_seed1_target	PMPCB	PMPCB+ctrl	True	False	True	False	ALIGNED	
replogle_rpe1_rl4_target	R-L4-K2R_seed1_target	PNISR	PNISR+ctrl	True	False	True	False	ALIGNED	
replogle_rpe1_rl4_target	R-L4-K2R_seed1_target	PNN	PNN+ctrl	True	False	True	False	ALIGNED	
replogle_rpe1_rl4_target	R-L4-K2R_seed1_target	PNPT1	PNPT1+ctrl	True	False	True	False	ALIGNED	
replogle_rpe1_rl4_target	R-L4-K2R_seed1_target	POLA1	POLA1+ctrl	True	False	True	False	ALIGNED	
replogle_rpe1_rl4_target	R-L4-K2R_seed1_target	POLA2	POLA2+ctrl	True	False	True	False	ALIGNED	
replogle_rpe1_rl4_target	R-L4-K2R_seed1_target	POLD1	POLD1+ctrl	True	False	True	False	ALIGNED	
replogle_rpe1_rl4_target	R-L4-K2R_seed1_target	POLD2	POLD2+ctrl	True	False	True	False	ALIGNED	
replogle_rpe1_rl4_target	R-L4-K2R_seed1_target	POLD3	POLD3+ctrl	True	False	True	False	ALIGNED	
replogle_rpe1_rl4_target	R-L4-K2R_seed1_target	POLE	POLE+ctrl	True	False	True	False	ALIGNED	
replogle_rpe1_rl4_target	R-L4-K2R_seed1_target	POLR1C	POLR1C+ctrl	True	False	True	False	ALIGNED	
replogle_rpe1_rl4_target	R-L4-K2R_seed1_target	POLR1E	POLR1E+ctrl	True	False	True	False	ALIGNED	
replogle_rpe1_rl4_target	R-L4-K2R_seed1_target	POLR2B	POLR2B+ctrl	True	False	True	False	ALIGNED	
replogle_rpe1_rl4_target	R-L4-K2R_seed1_target	POLR2E	POLR2E+ctrl	True	False	True	False	ALIGNED	
replogle_rpe1_rl4_target	R-L4-K2R_seed1_target	POLR2F	POLR2F+ctrl	True	False	True	False	ALIGNED	
replogle_rpe1_rl4_target	R-L4-K2R_seed1_target	POLR2I	POLR2I+ctrl	True	False	True	False	ALIGNED	
replogle_rpe1_rl4_target	R-L4-K2R_seed1_target	POLR3B	POLR3B+ctrl	True	False	True	False	ALIGNED	
replogle_rpe1_rl4_target	R-L4-K2R_seed1_target	POLR3C	POLR3C+ctrl	True	False	True	False	ALIGNED	
replogle_rpe1_rl4_target	R-L4-K2R_seed1_target	POLR3D	POLR3D+ctrl	True	False	True	False	ALIGNED	
replogle_rpe1_rl4_target	R-L4-K2R_seed1_target	POLR3E	POLR3E+ctrl	True	False	True	False	ALIGNED	
replogle_rpe1_rl4_target	R-L4-K2R_seed1_target	POLR3F	POLR3F+ctrl	True	False	True	False	ALIGNED	
replogle_rpe1_rl4_target	R-L4-K2R_seed1_target	POLRMT	POLRMT+ctrl	True	False	True	False	ALIGNED	
replogle_rpe1_rl4_target	R-L4-K2R_seed1_target	POP1	POP1+ctrl	True	False	True	False	ALIGNED	
replogle_rpe1_rl4_target	R-L4-K2R_seed1_target	POP4	POP4+ctrl	True	False	True	False	ALIGNED	
replogle_rpe1_rl4_target	R-L4-K2R_seed1_target	POP5	POP5+ctrl	True	False	True	False	ALIGNED	
replogle_rpe1_rl4_target	R-L4-K2R_seed1_target	POP7	POP7+ctrl	True	False	True	False	ALIGNED	
replogle_rpe1_rl4_target	R-L4-K2R_seed1_target	PPARGC1B	PPARGC1B+ctrl	True	False	True	False	ALIGNED	
replogle_rpe1_rl4_target	R-L4-K2R_seed1_target	PPIH	PPIH+ctrl	True	False	True	False	ALIGNED	
replogle_rpe1_rl4_target	R-L4-K2R_seed1_target	PPIL4	PPIL4+ctrl	True	False	True	False	ALIGNED	
replogle_rpe1_rl4_target	R-L4-K2R_seed1_target	PPP1CA	PPP1CA+ctrl	True	False	True	False	ALIGNED	
replogle_rpe1_rl4_target	R-L4-K2R_seed1_target	PPP1R11	PPP1R11+ctrl	True	False	True	False	ALIGNED	
replogle_rpe1_rl4_target	R-L4-K2R_seed1_target	PPP1R8	PPP1R8+ctrl	True	False	True	False	ALIGNED	
replogle_rpe1_rl4_target	R-L4-K2R_seed1_target	PPP2R1A	PPP2R1A+ctrl	True	False	True	False	ALIGNED	
replogle_rpe1_rl4_target	R-L4-K2R_seed1_target	PPP4C	PPP4C+ctrl	True	True	True	True	ALIGNED	
replogle_rpe1_rl4_target	R-L4-K2R_seed1_target	PPP4R2	PPP4R2+ctrl	True	False	True	False	ALIGNED	
replogle_rpe1_rl4_target	R-L4-K2R_seed1_target	PPRC1	PPRC1+ctrl	True	False	True	False	ALIGNED	
replogle_rpe1_rl4_target	R-L4-K2R_seed1_target	PRELID1	PRELID1+ctrl	True	False	True	False	ALIGNED	
replogle_rpe1_rl4_target	R-L4-K2R_seed1_target	PRELID3B	PRELID3B+ctrl	True	False	True	False	ALIGNED	
replogle_rpe1_rl4_target	R-L4-K2R_seed1_target	PRIM1	PRIM1+ctrl	True	False	True	False	ALIGNED	
replogle_rpe1_rl4_target	R-L4-K2R_seed1_target	PRIM2	PRIM2+ctrl	True	False	True	False	ALIGNED	
replogle_rpe1_rl4_target	R-L4-K2R_seed1_target	PRMT1	PRMT1+ctrl	True	False	True	False	ALIGNED	
replogle_rpe1_rl4_target	R-L4-K2R_seed1_target	PRMT5	PRMT5+ctrl	True	False	True	False	ALIGNED	
replogle_rpe1_rl4_target	R-L4-K2R_seed1_target	PRPF18	PRPF18+ctrl	True	False	True	False	ALIGNED	
replogle_rpe1_rl4_target	R-L4-K2R_seed1_target	PRPF19	PRPF19+ctrl	True	False	True	False	ALIGNED	
replogle_rpe1_rl4_target	R-L4-K2R_seed1_target	PRPF3	PRPF3+ctrl	True	False	True	False	ALIGNED	
replogle_rpe1_rl4_target	R-L4-K2R_seed1_target	PRPF4	PRPF4+ctrl	True	True	True	True	ALIGNED	
replogle_rpe1_rl4_target	R-L4-K2R_seed1_target	PRPF40A	PRPF40A+ctrl	True	False	True	False	ALIGNED	
replogle_rpe1_rl4_target	R-L4-K2R_seed1_target	PRPF6	PRPF6+ctrl	True	False	True	False	ALIGNED	
replogle_rpe1_rl4_target	R-L4-K2R_seed1_target	PRPF8	PRPF8+ctrl	True	False	True	False	ALIGNED	
replogle_rpe1_rl4_target	R-L4-K2R_seed1_target	PRRC2A	PRRC2A+ctrl	True	False	True	False	ALIGNED	
replogle_rpe1_rl4_target	R-L4-K2R_seed1_target	PSMA3	PSMA3+ctrl	True	True	True	True	ALIGNED	
replogle_rpe1_rl4_target	R-L4-K2R_seed1_target	PSMA4	PSMA4+ctrl	True	False	True	False	ALIGNED	
replogle_rpe1_rl4_target	R-L4-K2R_seed1_target	PSMB2	PSMB2+ctrl	True	False	True	False	ALIGNED	
replogle_rpe1_rl4_target	R-L4-K2R_seed1_target	PSMB5	PSMB5+ctrl	True	False	True	False	ALIGNED	
replogle_rpe1_rl4_target	R-L4-K2R_seed1_target	PSMB6	PSMB6+ctrl	True	False	True	False	ALIGNED	
replogle_rpe1_rl4_target	R-L4-K2R_seed1_target	PSMC1	PSMC1+ctrl	True	False	True	False	ALIGNED	
replogle_rpe1_rl4_target	R-L4-K2R_seed1_target	PSMC2	PSMC2+ctrl	True	False	True	False	ALIGNED	
replogle_rpe1_rl4_target	R-L4-K2R_seed1_target	PSMD13	PSMD13+ctrl	True	False	True	False	ALIGNED	
replogle_rpe1_rl4_target	R-L4-K2R_seed1_target	PSMG3	PSMG3+ctrl	True	False	True	False	ALIGNED	
replogle_rpe1_rl4_target	R-L4-K2R_seed1_target	PTBP1	PTBP1+ctrl	True	False	True	False	ALIGNED	
replogle_rpe1_rl4_target	R-L4-K2R_seed1_target	PTCD1	PTCD1+ctrl	True	False	True	False	ALIGNED	
replogle_rpe1_rl4_target	R-L4-K2R_seed1_target	PUF60	PUF60+ctrl	True	False	True	False	ALIGNED	
replogle_rpe1_rl4_target	R-L4-K2R_seed1_target	QARS	QARS+ctrl	True	False	True	False	ALIGNED	
replogle_rpe1_rl4_target	R-L4-K2R_seed1_target	RABGGTA	RABGGTA+ctrl	True	False	True	False	ALIGNED	
replogle_rpe1_rl4_target	R-L4-K2R_seed1_target	RAD21	RAD21+ctrl	True	False	True	False	ALIGNED	
replogle_rpe1_rl4_target	R-L4-K2R_seed1_target	RAN	RAN+ctrl	True	False	True	False	ALIGNED	
replogle_rpe1_rl4_target	R-L4-K2R_seed1_target	RANGAP1	RANGAP1+ctrl	True	False	True	False	ALIGNED	
replogle_rpe1_rl4_target	R-L4-K2R_seed1_target	RARS	RARS+ctrl	True	False	True	False	ALIGNED	
replogle_rpe1_rl4_target	R-L4-K2R_seed1_target	RARS2	RARS2+ctrl	True	False	True	False	ALIGNED	
replogle_rpe1_rl4_target	R-L4-K2R_seed1_target	RBBP4	RBBP4+ctrl	True	False	True	False	ALIGNED	
replogle_rpe1_rl4_target	R-L4-K2R_seed1_target	RBM17	RBM17+ctrl	True	False	True	False	ALIGNED	
replogle_rpe1_rl4_target	R-L4-K2R_seed1_target	RBM25	RBM25+ctrl	True	False	True	False	ALIGNED	
replogle_rpe1_rl4_target	R-L4-K2R_seed1_target	RBM39	RBM39+ctrl	True	False	True	False	ALIGNED	
replogle_rpe1_rl4_target	R-L4-K2R_seed1_target	RBM4	RBM4+ctrl	True	False	True	False	ALIGNED	
replogle_rpe1_rl4_target	R-L4-K2R_seed1_target	RBM42	RBM42+ctrl	True	False	True	False	ALIGNED	
replogle_rpe1_rl4_target	R-L4-K2R_seed1_target	RBM48	RBM48+ctrl	True	False	True	False	ALIGNED	
replogle_rpe1_rl4_target	R-L4-K2R_seed1_target	RBMX2	RBMX2+ctrl	True	False	True	False	ALIGNED	
replogle_rpe1_rl4_target	R-L4-K2R_seed1_target	RBX1	RBX1+ctrl	True	False	True	False	ALIGNED	
replogle_rpe1_rl4_target	R-L4-K2R_seed1_target	RCC1	RCC1+ctrl	True	False	True	False	ALIGNED	
replogle_rpe1_rl4_target	R-L4-K2R_seed1_target	RCL1	RCL1+ctrl	True	False	True	False	ALIGNED	
replogle_rpe1_rl4_target	R-L4-K2R_seed1_target	RFC1	RFC1+ctrl	True	False	True	False	ALIGNED	
replogle_rpe1_rl4_target	R-L4-K2R_seed1_target	RFC2	RFC2+ctrl	True	False	True	False	ALIGNED	
replogle_rpe1_rl4_target	R-L4-K2R_seed1_target	RFC3	RFC3+ctrl	True	False	True	False	ALIGNED	
replogle_rpe1_rl4_target	R-L4-K2R_seed1_target	RFC4	RFC4+ctrl	True	False	True	False	ALIGNED	
replogle_rpe1_rl4_target	R-L4-K2R_seed1_target	RFC5	RFC5+ctrl	True	False	True	False	ALIGNED	
replogle_rpe1_rl4_target	R-L4-K2R_seed1_target	RINT1	RINT1+ctrl	True	False	True	False	ALIGNED	
replogle_rpe1_rl4_target	R-L4-K2R_seed1_target	RIOK1	RIOK1+ctrl	True	False	True	False	ALIGNED	
replogle_rpe1_rl4_target	R-L4-K2R_seed1_target	RNASEH2C	RNASEH2C+ctrl	True	False	True	False	ALIGNED	
replogle_rpe1_rl4_target	R-L4-K2R_seed1_target	RNF113A	RNF113A+ctrl	True	False	True	False	ALIGNED	
replogle_rpe1_rl4_target	R-L4-K2R_seed1_target	RNF20	RNF20+ctrl	True	False	True	False	ALIGNED	
replogle_rpe1_rl4_target	R-L4-K2R_seed1_target	RNF40	RNF40+ctrl	True	False	True	False	ALIGNED	
replogle_rpe1_rl4_target	R-L4-K2R_seed1_target	RNGTT	RNGTT+ctrl	True	False	True	False	ALIGNED	
replogle_rpe1_rl4_target	R-L4-K2R_seed1_target	RNMT	RNMT+ctrl	True	False	True	False	ALIGNED	
replogle_rpe1_rl4_target	R-L4-K2R_seed1_target	RNPC3	RNPC3+ctrl	True	False	True	False	ALIGNED	
replogle_rpe1_rl4_target	R-L4-K2R_seed1_target	RPA1	RPA1+ctrl	True	False	True	False	ALIGNED	
replogle_rpe1_rl4_target	R-L4-K2R_seed1_target	RPA2	RPA2+ctrl	True	False	True	False	ALIGNED	
replogle_rpe1_rl4_target	R-L4-K2R_seed1_target	RPA3	RPA3+ctrl	True	False	True	False	ALIGNED	
replogle_rpe1_rl4_target	R-L4-K2R_seed1_target	RPAP1	RPAP1+ctrl	True	False	True	False	ALIGNED	
replogle_rpe1_rl4_target	R-L4-K2R_seed1_target	RPL10	RPL10+ctrl	True	True	True	True	ALIGNED	
replogle_rpe1_rl4_target	R-L4-K2R_seed1_target	RPL10A	RPL10A+ctrl	True	False	True	False	ALIGNED	
replogle_rpe1_rl4_target	R-L4-K2R_seed1_target	RPL11	RPL11+ctrl	True	False	True	False	ALIGNED	
replogle_rpe1_rl4_target	R-L4-K2R_seed1_target	RPL12	RPL12+ctrl	True	False	True	False	ALIGNED	
replogle_rpe1_rl4_target	R-L4-K2R_seed1_target	RPL13	RPL13+ctrl	True	False	True	False	ALIGNED	
replogle_rpe1_rl4_target	R-L4-K2R_seed1_target	RPL13A	RPL13A+ctrl	True	False	True	False	ALIGNED	
replogle_rpe1_rl4_target	R-L4-K2R_seed1_target	RPL14	RPL14+ctrl	True	False	True	False	ALIGNED	
replogle_rpe1_rl4_target	R-L4-K2R_seed1_target	RPL15	RPL15+ctrl	True	False	True	False	ALIGNED	
replogle_rpe1_rl4_target	R-L4-K2R_seed1_target	RPL17	RPL17+ctrl	True	False	True	False	ALIGNED	
replogle_rpe1_rl4_target	R-L4-K2R_seed1_target	RPL18	RPL18+ctrl	True	False	True	False	ALIGNED	
replogle_rpe1_rl4_target	R-L4-K2R_seed1_target	RPL18A	RPL18A+ctrl	True	False	True	False	ALIGNED	
replogle_rpe1_rl4_target	R-L4-K2R_seed1_target	RPL23	RPL23+ctrl	True	False	True	False	ALIGNED	
replogle_rpe1_rl4_target	R-L4-K2R_seed1_target	RPL23A	RPL23A+ctrl	True	False	True	False	ALIGNED	
replogle_rpe1_rl4_target	R-L4-K2R_seed1_target	RPL24	RPL24+ctrl	True	False	True	False	ALIGNED	
replogle_rpe1_rl4_target	R-L4-K2R_seed1_target	RPL26	RPL26+ctrl	True	True	True	True	ALIGNED	
replogle_rpe1_rl4_target	R-L4-K2R_seed1_target	RPL27A	RPL27A+ctrl	True	False	True	False	ALIGNED	
replogle_rpe1_rl4_target	R-L4-K2R_seed1_target	RPL30	RPL30+ctrl	True	True	True	True	ALIGNED	
replogle_rpe1_rl4_target	R-L4-K2R_seed1_target	RPL31	RPL31+ctrl	True	False	True	False	ALIGNED	
replogle_rpe1_rl4_target	R-L4-K2R_seed1_target	RPL32	RPL32+ctrl	True	False	True	False	ALIGNED	
replogle_rpe1_rl4_target	R-L4-K2R_seed1_target	RPL35	RPL35+ctrl	True	False	True	False	ALIGNED	
replogle_rpe1_rl4_target	R-L4-K2R_seed1_target	RPL35A	RPL35A+ctrl	True	True	True	True	ALIGNED	
replogle_rpe1_rl4_target	R-L4-K2R_seed1_target	RPL36	RPL36+ctrl	True	False	True	False	ALIGNED	
replogle_rpe1_rl4_target	R-L4-K2R_seed1_target	RPL36A	RPL36A+ctrl	True	False	True	False	ALIGNED	
replogle_rpe1_rl4_target	R-L4-K2R_seed1_target	RPL37	RPL37+ctrl	True	False	True	False	ALIGNED	
replogle_rpe1_rl4_target	R-L4-K2R_seed1_target	RPL37A	RPL37A+ctrl	True	False	True	False	ALIGNED	
replogle_rpe1_rl4_target	R-L4-K2R_seed1_target	RPL39	RPL39+ctrl	True	False	True	False	ALIGNED	
replogle_rpe1_rl4_target	R-L4-K2R_seed1_target	RPL4	RPL4+ctrl	True	False	True	False	ALIGNED	
replogle_rpe1_rl4_target	R-L4-K2R_seed1_target	RPL5	RPL5+ctrl	True	True	True	True	ALIGNED	
replogle_rpe1_rl4_target	R-L4-K2R_seed1_target	RPL6	RPL6+ctrl	True	False	True	False	ALIGNED	
replogle_rpe1_rl4_target	R-L4-K2R_seed1_target	RPL7	RPL7+ctrl	True	False	True	False	ALIGNED	
replogle_rpe1_rl4_target	R-L4-K2R_seed1_target	RPL8	RPL8+ctrl	True	False	True	False	ALIGNED	
replogle_rpe1_rl4_target	R-L4-K2R_seed1_target	RPL9	RPL9+ctrl	True	True	True	True	ALIGNED	
replogle_rpe1_rl4_target	R-L4-K2R_seed1_target	RPLP0	RPLP0+ctrl	True	False	True	False	ALIGNED	
replogle_rpe1_rl4_target	R-L4-K2R_seed1_target	RPLP2	RPLP2+ctrl	True	False	True	False	ALIGNED	
replogle_rpe1_rl4_target	R-L4-K2R_seed1_target	RPP14	RPP14+ctrl	True	False	True	False	ALIGNED	
replogle_rpe1_rl4_target	R-L4-K2R_seed1_target	RPP30	RPP30+ctrl	True	False	True	False	ALIGNED	
replogle_rpe1_rl4_target	R-L4-K2R_seed1_target	RPS13	RPS13+ctrl	True	False	True	False	ALIGNED	
replogle_rpe1_rl4_target	R-L4-K2R_seed1_target	RPS14	RPS14+ctrl	True	False	True	False	ALIGNED	
replogle_rpe1_rl4_target	R-L4-K2R_seed1_target	RPS19	RPS19+ctrl	True	False	True	False	ALIGNED	
replogle_rpe1_rl4_target	R-L4-K2R_seed1_target	RPS2	RPS2+ctrl	True	False	True	False	ALIGNED	
replogle_rpe1_rl4_target	R-L4-K2R_seed1_target	RPS24	RPS24+ctrl	True	False	True	False	ALIGNED	
replogle_rpe1_rl4_target	R-L4-K2R_seed1_target	RPS26	RPS26+ctrl	True	True	True	True	ALIGNED	
replogle_rpe1_rl4_target	R-L4-K2R_seed1_target	RPS27	RPS27+ctrl	True	False	True	False	ALIGNED	
replogle_rpe1_rl4_target	R-L4-K2R_seed1_target	RPS27A	RPS27A+ctrl	True	False	True	False	ALIGNED	
replogle_rpe1_rl4_target	R-L4-K2R_seed1_target	RPS29	RPS29+ctrl	True	False	True	False	ALIGNED	
replogle_rpe1_rl4_target	R-L4-K2R_seed1_target	RPS3	RPS3+ctrl	True	False	True	False	ALIGNED	
replogle_rpe1_rl4_target	R-L4-K2R_seed1_target	RPS3A	RPS3A+ctrl	True	False	True	False	ALIGNED	
replogle_rpe1_rl4_target	R-L4-K2R_seed1_target	RPS6	RPS6+ctrl	True	False	True	False	ALIGNED	
replogle_rpe1_rl4_target	R-L4-K2R_seed1_target	RPS7	RPS7+ctrl	True	True	True	True	ALIGNED	
replogle_rpe1_rl4_target	R-L4-K2R_seed1_target	RPTOR	RPTOR+ctrl	True	False	True	False	ALIGNED	
replogle_rpe1_rl4_target	R-L4-K2R_seed1_target	RPUSD4	RPUSD4+ctrl	True	False	True	False	ALIGNED	
replogle_rpe1_rl4_target	R-L4-K2R_seed1_target	RRM1	RRM1+ctrl	True	False	True	False	ALIGNED	
replogle_rpe1_rl4_target	R-L4-K2R_seed1_target	RRN3	RRN3+ctrl	True	False	True	False	ALIGNED	
replogle_rpe1_rl4_target	R-L4-K2R_seed1_target	RRS1	RRS1+ctrl	True	False	True	False	ALIGNED	
replogle_rpe1_rl4_target	R-L4-K2R_seed1_target	RSL1D1	RSL1D1+ctrl	True	False	True	False	ALIGNED	
replogle_rpe1_rl4_target	R-L4-K2R_seed1_target	RTCB	RTCB+ctrl	True	False	True	False	ALIGNED	
replogle_rpe1_rl4_target	R-L4-K2R_seed1_target	RTF1	RTF1+ctrl	True	False	True	False	ALIGNED	
replogle_rpe1_rl4_target	R-L4-K2R_seed1_target	RUVBL1	RUVBL1+ctrl	True	True	True	True	ALIGNED	
replogle_rpe1_rl4_target	R-L4-K2R_seed1_target	SAE1	SAE1+ctrl	True	False	True	False	ALIGNED	
replogle_rpe1_rl4_target	R-L4-K2R_seed1_target	SAMM50	SAMM50+ctrl	True	True	True	True	ALIGNED	
replogle_rpe1_rl4_target	R-L4-K2R_seed1_target	SARS2	SARS2+ctrl	True	False	True	False	ALIGNED	
replogle_rpe1_rl4_target	R-L4-K2R_seed1_target	SART1	SART1+ctrl	True	False	True	False	ALIGNED	
replogle_rpe1_rl4_target	R-L4-K2R_seed1_target	SART3	SART3+ctrl	True	False	True	False	ALIGNED	
replogle_rpe1_rl4_target	R-L4-K2R_seed1_target	SBNO1	SBNO1+ctrl	True	False	True	False	ALIGNED	
replogle_rpe1_rl4_target	R-L4-K2R_seed1_target	SCAF1	SCAF1+ctrl	True	True	True	True	ALIGNED	
replogle_rpe1_rl4_target	R-L4-K2R_seed1_target	SCFD1	SCFD1+ctrl	True	False	True	False	ALIGNED	
replogle_rpe1_rl4_target	R-L4-K2R_seed1_target	SDAD1	SDAD1+ctrl	True	False	True	False	ALIGNED	
replogle_rpe1_rl4_target	R-L4-K2R_seed1_target	SDC1	SDC1+ctrl	True	False	True	False	ALIGNED	
replogle_rpe1_rl4_target	R-L4-K2R_seed1_target	SDE2	SDE2+ctrl	True	False	True	False	ALIGNED	
replogle_rpe1_rl4_target	R-L4-K2R_seed1_target	SDHC	SDHC+ctrl	True	False	True	False	ALIGNED	
replogle_rpe1_rl4_target	R-L4-K2R_seed1_target	SEH1L	SEH1L+ctrl	True	False	True	False	ALIGNED	
replogle_rpe1_rl4_target	R-L4-K2R_seed1_target	SERBP1	SERBP1+ctrl	True	False	True	False	ALIGNED	
replogle_rpe1_rl4_target	R-L4-K2R_seed1_target	SETD1A	SETD1A+ctrl	True	False	True	False	ALIGNED	
replogle_rpe1_rl4_target	R-L4-K2R_seed1_target	SETDB1	SETDB1+ctrl	True	False	True	False	ALIGNED	
replogle_rpe1_rl4_target	R-L4-K2R_seed1_target	SF3A2	SF3A2+ctrl	True	False	True	False	ALIGNED	
replogle_rpe1_rl4_target	R-L4-K2R_seed1_target	SF3B2	SF3B2+ctrl	True	False	True	False	ALIGNED	
replogle_rpe1_rl4_target	R-L4-K2R_seed1_target	SF3B3	SF3B3+ctrl	True	False	True	False	ALIGNED	
replogle_rpe1_rl4_target	R-L4-K2R_seed1_target	SF3B4	SF3B4+ctrl	True	False	True	False	ALIGNED	
replogle_rpe1_rl4_target	R-L4-K2R_seed1_target	SF3B5	SF3B5+ctrl	True	False	True	False	ALIGNED	
replogle_rpe1_rl4_target	R-L4-K2R_seed1_target	SFPQ	SFPQ+ctrl	True	False	True	False	ALIGNED	
replogle_rpe1_rl4_target	R-L4-K2R_seed1_target	SIN3A	SIN3A+ctrl	True	False	True	False	ALIGNED	
replogle_rpe1_rl4_target	R-L4-K2R_seed1_target	SKA3	SKA3+ctrl	True	True	True	True	ALIGNED	
replogle_rpe1_rl4_target	R-L4-K2R_seed1_target	SLBP	SLBP+ctrl	True	False	True	False	ALIGNED	
replogle_rpe1_rl4_target	R-L4-K2R_seed1_target	SLC39A9	SLC39A9+ctrl	True	False	True	False	ALIGNED	
replogle_rpe1_rl4_target	R-L4-K2R_seed1_target	SLC7A6OS	SLC7A6OS+ctrl	True	False	True	False	ALIGNED	
replogle_rpe1_rl4_target	R-L4-K2R_seed1_target	SLU7	SLU7+ctrl	True	False	True	False	ALIGNED	
replogle_rpe1_rl4_target	R-L4-K2R_seed1_target	SMARCB1	SMARCB1+ctrl	True	False	True	False	ALIGNED	
replogle_rpe1_rl4_target	R-L4-K2R_seed1_target	SMC1A	SMC1A+ctrl	True	False	True	False	ALIGNED	
replogle_rpe1_rl4_target	R-L4-K2R_seed1_target	SMC2	SMC2+ctrl	True	True	True	True	ALIGNED	
replogle_rpe1_rl4_target	R-L4-K2R_seed1_target	SMC4	SMC4+ctrl	True	False	True	False	ALIGNED	
replogle_rpe1_rl4_target	R-L4-K2R_seed1_target	SMG5	SMG5+ctrl	True	False	True	False	ALIGNED	
replogle_rpe1_rl4_target	R-L4-K2R_seed1_target	SMN2	SMN2+ctrl	True	False	True	False	ALIGNED	
replogle_rpe1_rl4_target	R-L4-K2R_seed1_target	SMU1	SMU1+ctrl	True	False	True	False	ALIGNED	
replogle_rpe1_rl4_target	R-L4-K2R_seed1_target	SNAPC1	SNAPC1+ctrl	True	False	True	False	ALIGNED	
replogle_rpe1_rl4_target	R-L4-K2R_seed1_target	SNAPC3	SNAPC3+ctrl	True	False	True	False	ALIGNED	
replogle_rpe1_rl4_target	R-L4-K2R_seed1_target	SNAPC5	SNAPC5+ctrl	True	False	True	False	ALIGNED	
replogle_rpe1_rl4_target	R-L4-K2R_seed1_target	SNIP1	SNIP1+ctrl	True	False	True	False	ALIGNED	
replogle_rpe1_rl4_target	R-L4-K2R_seed1_target	SNRNP200	SNRNP200+ctrl	True	False	True	False	ALIGNED	
replogle_rpe1_rl4_target	R-L4-K2R_seed1_target	SNRNP25	SNRNP25+ctrl	True	False	True	False	ALIGNED	
replogle_rpe1_rl4_target	R-L4-K2R_seed1_target	SNRNP27	SNRNP27+ctrl	True	False	True	False	ALIGNED	
replogle_rpe1_rl4_target	R-L4-K2R_seed1_target	SNRNP35	SNRNP35+ctrl	True	False	True	False	ALIGNED	
replogle_rpe1_rl4_target	R-L4-K2R_seed1_target	SNRNP48	SNRNP48+ctrl	True	False	True	False	ALIGNED	
replogle_rpe1_rl4_target	R-L4-K2R_seed1_target	SNRNP70	SNRNP70+ctrl	True	False	True	False	ALIGNED	
replogle_rpe1_rl4_target	R-L4-K2R_seed1_target	SNRPB	SNRPB+ctrl	True	False	True	False	ALIGNED	
replogle_rpe1_rl4_target	R-L4-K2R_seed1_target	SNRPD1	SNRPD1+ctrl	True	False	True	False	ALIGNED	
replogle_rpe1_rl4_target	R-L4-K2R_seed1_target	SNRPD3	SNRPD3+ctrl	True	False	True	False	ALIGNED	
replogle_rpe1_rl4_target	R-L4-K2R_seed1_target	SNRPE	SNRPE+ctrl	True	False	True	False	ALIGNED	
replogle_rpe1_rl4_target	R-L4-K2R_seed1_target	SNRPF	SNRPF+ctrl	True	False	True	False	ALIGNED	
replogle_rpe1_rl4_target	R-L4-K2R_seed1_target	SNRPG	SNRPG+ctrl	True	False	True	False	ALIGNED	
replogle_rpe1_rl4_target	R-L4-K2R_seed1_target	SNW1	SNW1+ctrl	True	False	True	False	ALIGNED	
replogle_rpe1_rl4_target	R-L4-K2R_seed1_target	SON	SON+ctrl	True	False	True	False	ALIGNED	
replogle_rpe1_rl4_target	R-L4-K2R_seed1_target	SPC24	SPC24+ctrl	True	False	True	False	ALIGNED	
replogle_rpe1_rl4_target	R-L4-K2R_seed1_target	SPC25	SPC25+ctrl	True	False	True	False	ALIGNED	
replogle_rpe1_rl4_target	R-L4-K2R_seed1_target	SPCS3	SPCS3+ctrl	True	False	True	False	ALIGNED	
replogle_rpe1_rl4_target	R-L4-K2R_seed1_target	SRBD1	SRBD1+ctrl	True	False	True	False	ALIGNED	
replogle_rpe1_rl4_target	R-L4-K2R_seed1_target	SRP68	SRP68+ctrl	True	False	True	False	ALIGNED	
replogle_rpe1_rl4_target	R-L4-K2R_seed1_target	SRP72	SRP72+ctrl	True	False	True	False	ALIGNED	
replogle_rpe1_rl4_target	R-L4-K2R_seed1_target	SRPRB	SRPRB+ctrl	True	False	True	False	ALIGNED	
replogle_rpe1_rl4_target	R-L4-K2R_seed1_target	SRRM1	SRRM1+ctrl	True	False	True	False	ALIGNED	
replogle_rpe1_rl4_target	R-L4-K2R_seed1_target	SRRM2	SRRM2+ctrl	True	False	True	False	ALIGNED	
replogle_rpe1_rl4_target	R-L4-K2R_seed1_target	SRRT	SRRT+ctrl	True	False	True	False	ALIGNED	
replogle_rpe1_rl4_target	R-L4-K2R_seed1_target	SRSF10	SRSF10+ctrl	True	False	True	False	ALIGNED	
replogle_rpe1_rl4_target	R-L4-K2R_seed1_target	SRSF11	SRSF11+ctrl	True	False	True	False	ALIGNED	
replogle_rpe1_rl4_target	R-L4-K2R_seed1_target	SRSF2	SRSF2+ctrl	True	False	True	False	ALIGNED	
replogle_rpe1_rl4_target	R-L4-K2R_seed1_target	SRSF7	SRSF7+ctrl	True	False	True	False	ALIGNED	
replogle_rpe1_rl4_target	R-L4-K2R_seed1_target	SSU72	SSU72+ctrl	True	False	True	False	ALIGNED	
replogle_rpe1_rl4_target	R-L4-K2R_seed1_target	STRAP	STRAP+ctrl	True	False	True	False	ALIGNED	
replogle_rpe1_rl4_target	R-L4-K2R_seed1_target	SURF6	SURF6+ctrl	True	False	True	False	ALIGNED	
replogle_rpe1_rl4_target	R-L4-K2R_seed1_target	SYF2	SYF2+ctrl	True	True	True	True	ALIGNED	
replogle_rpe1_rl4_target	R-L4-K2R_seed1_target	SYMPK	SYMPK+ctrl	True	True	True	True	ALIGNED	
replogle_rpe1_rl4_target	R-L4-K2R_seed1_target	TADA3	TADA3+ctrl	True	False	True	False	ALIGNED	
replogle_rpe1_rl4_target	R-L4-K2R_seed1_target	TAF1D	TAF1D+ctrl	True	False	True	False	ALIGNED	
replogle_rpe1_rl4_target	R-L4-K2R_seed1_target	TAF2	TAF2+ctrl	True	True	True	True	ALIGNED	
replogle_rpe1_rl4_target	R-L4-K2R_seed1_target	TAF6	TAF6+ctrl	True	False	True	False	ALIGNED	
replogle_rpe1_rl4_target	R-L4-K2R_seed1_target	TAF7	TAF7+ctrl	True	False	True	False	ALIGNED	
replogle_rpe1_rl4_target	R-L4-K2R_seed1_target	TAF8	TAF8+ctrl	True	False	True	False	ALIGNED	
replogle_rpe1_rl4_target	R-L4-K2R_seed1_target	TANGO6	TANGO6+ctrl	True	False	True	False	ALIGNED	
replogle_rpe1_rl4_target	R-L4-K2R_seed1_target	TARS	TARS+ctrl	True	False	True	False	ALIGNED	
replogle_rpe1_rl4_target	R-L4-K2R_seed1_target	TBCB	TBCB+ctrl	True	False	True	False	ALIGNED	
replogle_rpe1_rl4_target	R-L4-K2R_seed1_target	TBP	TBP+ctrl	True	False	True	False	ALIGNED	
replogle_rpe1_rl4_target	R-L4-K2R_seed1_target	TCERG1	TCERG1+ctrl	True	False	True	False	ALIGNED	
replogle_rpe1_rl4_target	R-L4-K2R_seed1_target	TCOF1	TCOF1+ctrl	True	False	True	False	ALIGNED	
replogle_rpe1_rl4_target	R-L4-K2R_seed1_target	TEFM	TEFM+ctrl	True	False	True	False	ALIGNED	
replogle_rpe1_rl4_target	R-L4-K2R_seed1_target	TELO2	TELO2+ctrl	True	False	True	False	ALIGNED	
replogle_rpe1_rl4_target	R-L4-K2R_seed1_target	TERF2	TERF2+ctrl	True	False	True	False	ALIGNED	
replogle_rpe1_rl4_target	R-L4-K2R_seed1_target	TEX10	TEX10+ctrl	True	False	True	False	ALIGNED	
replogle_rpe1_rl4_target	R-L4-K2R_seed1_target	TFDP1	TFDP1+ctrl	True	False	True	False	ALIGNED	
replogle_rpe1_rl4_target	R-L4-K2R_seed1_target	THAP1	THAP1+ctrl	True	False	True	False	ALIGNED	
replogle_rpe1_rl4_target	R-L4-K2R_seed1_target	THAP11	THAP11+ctrl	True	False	True	False	ALIGNED	
replogle_rpe1_rl4_target	R-L4-K2R_seed1_target	THG1L	THG1L+ctrl	True	False	True	False	ALIGNED	
replogle_rpe1_rl4_target	R-L4-K2R_seed1_target	THOC3	THOC3+ctrl	True	False	True	False	ALIGNED	
replogle_rpe1_rl4_target	R-L4-K2R_seed1_target	THOC7	THOC7+ctrl	True	False	True	False	ALIGNED	
replogle_rpe1_rl4_target	R-L4-K2R_seed1_target	TIMM13	TIMM13+ctrl	True	False	True	False	ALIGNED	
replogle_rpe1_rl4_target	R-L4-K2R_seed1_target	TIMM23B	TIMM23B+ctrl	True	False	True	False	ALIGNED	
replogle_rpe1_rl4_target	R-L4-K2R_seed1_target	TIMM44	TIMM44+ctrl	True	False	True	False	ALIGNED	
replogle_rpe1_rl4_target	R-L4-K2R_seed1_target	TIMM9	TIMM9+ctrl	True	False	True	False	ALIGNED	
replogle_rpe1_rl4_target	R-L4-K2R_seed1_target	TMSB10	TMSB10+ctrl	True	False	True	False	ALIGNED	
replogle_rpe1_rl4_target	R-L4-K2R_seed1_target	TMX2	TMX2+ctrl	True	False	True	False	ALIGNED	
replogle_rpe1_rl4_target	R-L4-K2R_seed1_target	TNPO3	TNPO3+ctrl	True	False	True	False	ALIGNED	
replogle_rpe1_rl4_target	R-L4-K2R_seed1_target	TOMM22	TOMM22+ctrl	True	False	True	False	ALIGNED	
replogle_rpe1_rl4_target	R-L4-K2R_seed1_target	TOMM40	TOMM40+ctrl	True	True	True	True	ALIGNED	
replogle_rpe1_rl4_target	R-L4-K2R_seed1_target	TOP1	TOP1+ctrl	True	False	True	False	ALIGNED	
replogle_rpe1_rl4_target	R-L4-K2R_seed1_target	TPR	TPR+ctrl	True	False	True	False	ALIGNED	
replogle_rpe1_rl4_target	R-L4-K2R_seed1_target	TRA2B	TRA2B+ctrl	True	False	True	False	ALIGNED	
replogle_rpe1_rl4_target	R-L4-K2R_seed1_target	TREX2	TREX2+ctrl	True	False	True	False	ALIGNED	
replogle_rpe1_rl4_target	R-L4-K2R_seed1_target	TRMT112	TRMT112+ctrl	True	False	True	False	ALIGNED	
replogle_rpe1_rl4_target	R-L4-K2R_seed1_target	TRMT5	TRMT5+ctrl	True	False	True	False	ALIGNED	
replogle_rpe1_rl4_target	R-L4-K2R_seed1_target	TSEN2	TSEN2+ctrl	True	False	True	False	ALIGNED	
replogle_rpe1_rl4_target	R-L4-K2R_seed1_target	TSG101	TSG101+ctrl	True	False	True	False	ALIGNED	
replogle_rpe1_rl4_target	R-L4-K2R_seed1_target	TSR1	TSR1+ctrl	True	False	True	False	ALIGNED	
replogle_rpe1_rl4_target	R-L4-K2R_seed1_target	TSR2	TSR2+ctrl	True	True	True	True	ALIGNED	
replogle_rpe1_rl4_target	R-L4-K2R_seed1_target	TTC27	TTC27+ctrl	True	False	True	False	ALIGNED	
replogle_rpe1_rl4_target	R-L4-K2R_seed1_target	TTI1	TTI1+ctrl	True	False	True	False	ALIGNED	
replogle_rpe1_rl4_target	R-L4-K2R_seed1_target	TTK	TTK+ctrl	True	False	True	False	ALIGNED	
replogle_rpe1_rl4_target	R-L4-K2R_seed1_target	TUBGCP2	TUBGCP2+ctrl	True	False	True	False	ALIGNED	
replogle_rpe1_rl4_target	R-L4-K2R_seed1_target	TUT1	TUT1+ctrl	True	True	True	True	ALIGNED	
replogle_rpe1_rl4_target	R-L4-K2R_seed1_target	U2AF1	U2AF1+ctrl	True	False	True	False	ALIGNED	
replogle_rpe1_rl4_target	R-L4-K2R_seed1_target	U2AF2	U2AF2+ctrl	True	False	True	False	ALIGNED	
replogle_rpe1_rl4_target	R-L4-K2R_seed1_target	U2SURP	U2SURP+ctrl	True	False	True	False	ALIGNED	
replogle_rpe1_rl4_target	R-L4-K2R_seed1_target	UBA1	UBA1+ctrl	True	False	True	False	ALIGNED	
replogle_rpe1_rl4_target	R-L4-K2R_seed1_target	UBA2	UBA2+ctrl	True	False	True	False	ALIGNED	
replogle_rpe1_rl4_target	R-L4-K2R_seed1_target	UBA3	UBA3+ctrl	True	True	True	True	ALIGNED	
replogle_rpe1_rl4_target	R-L4-K2R_seed1_target	UBA52	UBA52+ctrl	True	False	True	False	ALIGNED	
replogle_rpe1_rl4_target	R-L4-K2R_seed1_target	UBAP1	UBAP1+ctrl	True	False	True	False	ALIGNED	
replogle_rpe1_rl4_target	R-L4-K2R_seed1_target	UBE2I	UBE2I+ctrl	True	False	True	False	ALIGNED	
replogle_rpe1_rl4_target	R-L4-K2R_seed1_target	UBL5	UBL5+ctrl	True	False	True	False	ALIGNED	
replogle_rpe1_rl4_target	R-L4-K2R_seed1_target	UBQLN4	UBQLN4+ctrl	True	False	True	False	ALIGNED	
replogle_rpe1_rl4_target	R-L4-K2R_seed1_target	UFL1	UFL1+ctrl	True	False	True	False	ALIGNED	
replogle_rpe1_rl4_target	R-L4-K2R_seed1_target	UFM1	UFM1+ctrl	True	False	True	False	ALIGNED	
replogle_rpe1_rl4_target	R-L4-K2R_seed1_target	UPF1	UPF1+ctrl	True	False	True	False	ALIGNED	
replogle_rpe1_rl4_target	R-L4-K2R_seed1_target	UPF2	UPF2+ctrl	True	False	True	False	ALIGNED	
replogle_rpe1_rl4_target	R-L4-K2R_seed1_target	UQCRB	UQCRB+ctrl	True	False	True	False	ALIGNED	
replogle_rpe1_rl4_target	R-L4-K2R_seed1_target	UQCRQ	UQCRQ+ctrl	True	False	True	False	ALIGNED	
replogle_rpe1_rl4_target	R-L4-K2R_seed1_target	URB2	URB2+ctrl	True	True	True	True	ALIGNED	
replogle_rpe1_rl4_target	R-L4-K2R_seed1_target	URI1	URI1+ctrl	True	False	True	False	ALIGNED	
replogle_rpe1_rl4_target	R-L4-K2R_seed1_target	USP39	USP39+ctrl	True	False	True	False	ALIGNED	
replogle_rpe1_rl4_target	R-L4-K2R_seed1_target	USP5	USP5+ctrl	True	False	True	False	ALIGNED	
replogle_rpe1_rl4_target	R-L4-K2R_seed1_target	USPL1	USPL1+ctrl	True	True	True	True	ALIGNED	
replogle_rpe1_rl4_target	R-L4-K2R_seed1_target	UTP15	UTP15+ctrl	True	True	True	True	ALIGNED	
replogle_rpe1_rl4_target	R-L4-K2R_seed1_target	UTP18	UTP18+ctrl	True	False	True	False	ALIGNED	
replogle_rpe1_rl4_target	R-L4-K2R_seed1_target	UTP20	UTP20+ctrl	True	False	True	False	ALIGNED	
replogle_rpe1_rl4_target	R-L4-K2R_seed1_target	UTP23	UTP23+ctrl	True	False	True	False	ALIGNED	
replogle_rpe1_rl4_target	R-L4-K2R_seed1_target	UXT	UXT+ctrl	True	False	True	False	ALIGNED	
replogle_rpe1_rl4_target	R-L4-K2R_seed1_target	VARS	VARS+ctrl	True	True	True	True	ALIGNED	
replogle_rpe1_rl4_target	R-L4-K2R_seed1_target	VPS28	VPS28+ctrl	True	False	True	False	ALIGNED	
replogle_rpe1_rl4_target	R-L4-K2R_seed1_target	VPS29	VPS29+ctrl	True	False	True	False	ALIGNED	
replogle_rpe1_rl4_target	R-L4-K2R_seed1_target	VPS35	VPS35+ctrl	True	False	True	False	ALIGNED	
replogle_rpe1_rl4_target	R-L4-K2R_seed1_target	VPS54	VPS54+ctrl	True	False	True	False	ALIGNED	
replogle_rpe1_rl4_target	R-L4-K2R_seed1_target	VPS72	VPS72+ctrl	True	False	True	False	ALIGNED	
replogle_rpe1_rl4_target	R-L4-K2R_seed1_target	WAC	WAC+ctrl	True	False	True	False	ALIGNED	
replogle_rpe1_rl4_target	R-L4-K2R_seed1_target	WBP11	WBP11+ctrl	True	False	True	False	ALIGNED	
replogle_rpe1_rl4_target	R-L4-K2R_seed1_target	WDHD1	WDHD1+ctrl	True	True	True	True	ALIGNED	
replogle_rpe1_rl4_target	R-L4-K2R_seed1_target	WDR12	WDR12+ctrl	True	False	True	False	ALIGNED	
replogle_rpe1_rl4_target	R-L4-K2R_seed1_target	WDR24	WDR24+ctrl	True	False	True	False	ALIGNED	
replogle_rpe1_rl4_target	R-L4-K2R_seed1_target	WDR33	WDR33+ctrl	True	False	True	False	ALIGNED	
replogle_rpe1_rl4_target	R-L4-K2R_seed1_target	WDR43	WDR43+ctrl	True	False	True	False	ALIGNED	
replogle_rpe1_rl4_target	R-L4-K2R_seed1_target	WDR5	WDR5+ctrl	True	False	True	False	ALIGNED	
replogle_rpe1_rl4_target	R-L4-K2R_seed1_target	WDR61	WDR61+ctrl	True	False	True	False	ALIGNED	
replogle_rpe1_rl4_target	R-L4-K2R_seed1_target	WDTC1	WDTC1+ctrl	True	False	True	False	ALIGNED	
replogle_rpe1_rl4_target	R-L4-K2R_seed1_target	XPO1	XPO1+ctrl	True	False	True	False	ALIGNED	
replogle_rpe1_rl4_target	R-L4-K2R_seed1_target	XRCC5	XRCC5+ctrl	True	True	True	True	ALIGNED	
replogle_rpe1_rl4_target	R-L4-K2R_seed1_target	YEATS2	YEATS2+ctrl	True	False	True	False	ALIGNED	
replogle_rpe1_rl4_target	R-L4-K2R_seed1_target	YEATS4	YEATS4+ctrl	True	False	True	False	ALIGNED	
replogle_rpe1_rl4_target	R-L4-K2R_seed1_target	YTHDC1	YTHDC1+ctrl	True	False	True	False	ALIGNED	
replogle_rpe1_rl4_target	R-L4-K2R_seed1_target	ZBTB17	ZBTB17+ctrl	True	False	True	False	ALIGNED	
replogle_rpe1_rl4_target	R-L4-K2R_seed1_target	ZCRB1	ZCRB1+ctrl	True	False	True	False	ALIGNED	
replogle_rpe1_rl4_target	R-L4-K2R_seed1_target	ZFC3H1	ZFC3H1+ctrl	True	False	True	False	ALIGNED	
replogle_rpe1_rl4_target	R-L4-K2R_seed1_target	ZMAT2	ZMAT2+ctrl	True	False	True	False	ALIGNED	
replogle_rpe1_rl4_target	R-L4-K2R_seed1_target	ZMAT5	ZMAT5+ctrl	True	False	True	False	ALIGNED	
replogle_rpe1_rl4_target	R-L4-K2R_seed1_target	ZNF207	ZNF207+ctrl	True	True	True	True	ALIGNED	
replogle_rpe1_rl4_target	R-L4-K2R_seed1_target	ZNF236	ZNF236+ctrl	True	False	True	False	ALIGNED	
replogle_rpe1_rl4_target	R-L4-K2R_seed1_target	ZNF335	ZNF335+ctrl	True	True	True	True	ALIGNED	
replogle_rpe1_rl4_target	R-L4-K2R_seed1_target	ZNF574	ZNF574+ctrl	True	False	True	False	ALIGNED	
replogle_rpe1_rl4_target	R-L4-K2R_seed1_target	ctrl	ctrl	True	False	True	False	ALIGNED	
