run_id,space,perturbation,n_pred_cells,n_real_cells,pearson_delta,spearman_delta,rmse_delta,mae_delta,cosine_delta,uer20,uer50,uer100,sign_flip_rate,null_source,null_status,bns_status
S1_norman_l1,audit_delta,AHR+KLF1,412,412,0.17706286907196045,0.12090629712470263,0.07039471715688705,0.01957644522190094,0.1770409345626831,0.05,0.02,0.01,0.4150197628458498,median_abs_audit_delta,sensitivity_only,UNVERIFIED
S1_norman_l1,audit_delta,ATL1,305,305,0.7597562074661255,0.25095163349126315,0.050817571580410004,0.016275756061077118,0.7585604786872864,0.0,0.0,0.0,0.12648221343873517,median_abs_audit_delta,sensitivity_only,UNVERIFIED
S1_norman_l1,audit_delta,BAK1,534,534,0.02383122593164444,0.019432780135854685,0.03819918632507324,0.012586476281285286,0.023788392543792725,0.0,0.0,0.01,0.48221343873517786,median_abs_audit_delta,sensitivity_only,UNVERIFIED
S1_norman_l1,audit_delta,BAK1+BCL2L11,153,153,0.07228882610797882,0.027532204718101354,0.04161006584763527,0.01445377804338932,0.07226908206939697,0.0,0.0,0.0,0.5098814229249012,median_abs_audit_delta,sensitivity_only,UNVERIFIED
S1_norman_l1,audit_delta,BCL2L11+TGFBR2,382,382,0.36362576484680176,0.07109057161619753,0.03962026908993721,0.014010051265358925,0.3625655174255371,0.0,0.0,0.01,0.3952569169960474,median_abs_audit_delta,sensitivity_only,UNVERIFIED
S1_norman_l1,audit_delta,BPGM,393,393,0.5728229284286499,0.2233060591051681,0.043283894658088684,0.013292436487972736,0.5718162059783936,0.0,0.0,0.0,0.20948616600790515,median_abs_audit_delta,sensitivity_only,UNVERIFIED
S1_norman_l1,audit_delta,C19ORF26,750,750,0.5938642024993896,0.20152711908697488,0.026026135310530663,0.00948699563741684,0.5941760540008545,0.0,0.0,0.0,0.1857707509881423,median_abs_audit_delta,sensitivity_only,UNVERIFIED
S1_norman_l1,audit_delta,CBFA2T3+POU3F2,202,202,0.6237343549728394,0.26489556607643855,0.05533704161643982,0.019136816263198853,0.6214420795440674,0.0,0.0,0.0,0.15810276679841898,median_abs_audit_delta,sensitivity_only,UNVERIFIED
S1_norman_l1,audit_delta,CBFA2T3+PRDM1,109,109,0.7389589548110962,0.30887431046569086,0.09085864573717117,0.03021431900560856,0.7333526611328125,0.0,0.0,0.0,0.09090909090909091,median_abs_audit_delta,sensitivity_only,UNVERIFIED
S1_norman_l1,audit_delta,CBL+TGFBR2,156,156,0.5660301446914673,0.23180474125138456,0.050824396312236786,0.014431565999984741,0.5642272233963013,0.0,0.0,0.0,0.19367588932806323,median_abs_audit_delta,sensitivity_only,UNVERIFIED
S1_norman_l1,audit_delta,CBL+UBASH3A,50,50,0.5769582986831665,0.32566675091041786,0.06290454417467117,0.02012394554913044,0.5768343806266785,0.0,0.0,0.0,0.20948616600790515,median_abs_audit_delta,sensitivity_only,UNVERIFIED
S1_norman_l1,audit_delta,CBL+UBASH3B,326,326,0.7751938700675964,0.2817105213967273,0.07750824838876724,0.02118757553398609,0.7740371227264404,0.0,0.0,0.0,0.13043478260869565,median_abs_audit_delta,sensitivity_only,UNVERIFIED
S1_norman_l1,audit_delta,CDKN1A,131,131,0.5709139108657837,0.21443042360538572,0.05124354735016823,0.01696864515542984,0.5706192851066589,0.0,0.0,0.0,0.19367588932806323,median_abs_audit_delta,sensitivity_only,UNVERIFIED
S1_norman_l1,audit_delta,CDKN1B,145,145,0.7306060791015625,0.2700355086854537,0.02969002164900303,0.011415858753025532,0.7305673956871033,0.0,0.0,0.0,0.11067193675889328,median_abs_audit_delta,sensitivity_only,UNVERIFIED
S1_norman_l1,audit_delta,CDKN1B+CDKN1C,79,79,0.5966160297393799,0.26376806081012627,0.058562882244586945,0.01955484226346016,0.5967102646827698,0.0,0.0,0.0,0.1541501976284585,median_abs_audit_delta,sensitivity_only,UNVERIFIED
S1_norman_l1,audit_delta,CEBPA,258,258,0.20463714003562927,0.13440042967608992,0.16934789717197418,0.05473313853144646,0.20518696308135986,0.0,0.0,0.0,0.3715415019762846,median_abs_audit_delta,sensitivity_only,UNVERIFIED
S1_norman_l1,audit_delta,CEBPA+CEBPB,75,75,0.18435999751091003,0.12679233237137838,0.17774401605129242,0.05830749124288559,0.166293203830719,0.0,0.0,0.0,0.40711462450592883,median_abs_audit_delta,sensitivity_only,UNVERIFIED
S1_norman_l1,audit_delta,CEBPA+KLF1,308,308,0.4010182023048401,0.2431422953055928,0.1295129805803299,0.04025539383292198,0.4046823978424072,0.0,0.0,0.0,0.22134387351778656,median_abs_audit_delta,sensitivity_only,UNVERIFIED
S1_norman_l1,audit_delta,CEBPB,240,240,0.44570422172546387,0.28123590594720405,0.07641973346471786,0.023681096732616425,0.44697654247283936,0.0,0.02,0.01,0.2015810276679842,median_abs_audit_delta,sensitivity_only,UNVERIFIED
S1_norman_l1,audit_delta,CEBPB+FOSB,85,85,0.17203928530216217,0.1441486136262692,0.14738750457763672,0.04741375520825386,0.16902559995651245,0.0,0.0,0.01,0.3952569169960474,median_abs_audit_delta,sensitivity_only,UNVERIFIED
S1_norman_l1,audit_delta,CEBPE+ETS2,320,320,0.04569890350103378,0.13522744823315763,0.09507643431425095,0.026900576427578926,0.048422157764434814,0.0,0.0,0.0,0.38735177865612647,median_abs_audit_delta,sensitivity_only,UNVERIFIED
S1_norman_l1,audit_delta,CEBPE+SET,529,529,0.10583682358264923,0.10735310949983783,0.06859210133552551,0.019122380763292313,0.10594874620437622,0.0,0.0,0.0,0.42292490118577075,median_abs_audit_delta,sensitivity_only,UNVERIFIED
S1_norman_l1,audit_delta,CEBPE+SPI1,175,175,0.2422531247138977,0.12892907009968635,0.1585942655801773,0.05071071535348892,0.24029862880706787,0.0,0.0,0.0,0.34782608695652173,median_abs_audit_delta,sensitivity_only,UNVERIFIED
S1_norman_l1,audit_delta,CLDN6,281,281,0.7476600408554077,0.3118959644063115,0.04729750007390976,0.014007984660565853,0.7476696968078613,0.0,0.0,0.0,0.07114624505928854,median_abs_audit_delta,sensitivity_only,UNVERIFIED
S1_norman_l1,audit_delta,CNN1+ETS2,785,785,0.5103603601455688,0.22978245707529668,0.038428984582424164,0.01175529882311821,0.5105670094490051,0.0,0.0,0.0,0.22529644268774704,median_abs_audit_delta,sensitivity_only,UNVERIFIED
S1_norman_l1,audit_delta,CNN1+UBASH3B,355,355,0.7203173637390137,0.27626256205490657,0.0905151516199112,0.022678721696138382,0.7173337936401367,0.0,0.0,0.0,0.10276679841897234,median_abs_audit_delta,sensitivity_only,UNVERIFIED
S1_norman_l1,audit_delta,COL2A1,247,247,0.058628618717193604,0.11937340112113462,0.07791483402252197,0.021968059241771698,0.05997145175933838,0.0,0.0,0.0,0.38735177865612647,median_abs_audit_delta,sensitivity_only,UNVERIFIED
S1_norman_l1,audit_delta,DUSP9,662,662,0.6762803196907043,0.2574866998634884,0.059109143912792206,0.01670842245221138,0.6758954524993896,0.0,0.0,0.01,0.16600790513833993,median_abs_audit_delta,sensitivity_only,UNVERIFIED
S1_norman_l1,audit_delta,DUSP9+KLF1,320,320,0.5987145900726318,0.2512569770944222,0.08646522462368011,0.020898250862956047,0.5990521907806396,0.0,0.0,0.0,0.14624505928853754,median_abs_audit_delta,sensitivity_only,UNVERIFIED
S1_norman_l1,audit_delta,ELMSAN1+MAP2K3,484,484,-0.07085473835468292,-0.062337465940841975,0.06649952381849289,0.02071765810251236,-0.07056879997253418,0.0,0.0,0.0,0.616600790513834,median_abs_audit_delta,sensitivity_only,UNVERIFIED
S1_norman_l1,audit_delta,FOSB,502,502,0.04633228853344917,0.12915234131164033,0.05476465821266174,0.016513053327798843,0.051937222480773926,0.0,0.0,0.02,0.391304347826087,median_abs_audit_delta,sensitivity_only,UNVERIFIED
S1_norman_l1,audit_delta,FOXA1,335,335,0.6429184079170227,0.26968734355902735,0.029626084491610527,0.010700780898332596,0.6431068778038025,0.0,0.0,0.01,0.11067193675889328,median_abs_audit_delta,sensitivity_only,UNVERIFIED
S1_norman_l1,audit_delta,FOXA1+HOXB9,266,266,0.6911717653274536,0.3169809397894416,0.06598415225744247,0.02275889739394188,0.6907380223274231,0.0,0.0,0.0,0.09881422924901186,median_abs_audit_delta,sensitivity_only,UNVERIFIED
S1_norman_l1,audit_delta,HK2,249,249,0.45171186327934265,0.13353603713685577,0.04092412069439888,0.014065994881093502,0.4505192041397095,0.0,0.0,0.0,0.28063241106719367,median_abs_audit_delta,sensitivity_only,UNVERIFIED
S1_norman_l1,audit_delta,HOXB9,256,256,0.4742788076400757,0.23963388677113145,0.04181123897433281,0.013583728112280369,0.47478896379470825,0.0,0.0,0.0,0.2015810276679842,median_abs_audit_delta,sensitivity_only,UNVERIFIED
S1_norman_l1,audit_delta,HOXC13,151,151,0.7428030967712402,0.3530743197863526,0.05042966827750206,0.017620963975787163,0.7419599890708923,0.0,0.0,0.0,0.08695652173913043,median_abs_audit_delta,sensitivity_only,UNVERIFIED
S1_norman_l1,audit_delta,IGDCC3,223,223,0.7023866176605225,0.25499322906924077,0.03846137598156929,0.012600993737578392,0.7019205093383789,0.0,0.0,0.0,0.16205533596837945,median_abs_audit_delta,sensitivity_only,UNVERIFIED
S1_norman_l1,audit_delta,IGDCC3+ZBTB25,99,99,0.7607051134109497,0.2738439289787177,0.06706918776035309,0.021221956238150597,0.7608839273452759,0.0,0.0,0.0,0.10276679841897234,median_abs_audit_delta,sensitivity_only,UNVERIFIED
S1_norman_l1,audit_delta,KIF2C,270,270,0.2900865077972412,0.10491185584898158,0.03709037974476814,0.01241863053292036,0.28995490074157715,0.0,0.0,0.01,0.2964426877470356,median_abs_audit_delta,sensitivity_only,UNVERIFIED
S1_norman_l1,audit_delta,KLF1+MAP2K6,222,222,0.24213790893554688,0.019001917832915934,0.06252262741327286,0.02014577016234398,0.2431478500366211,0.0,0.02,0.02,0.5454545454545454,median_abs_audit_delta,sensitivity_only,UNVERIFIED
S1_norman_l1,audit_delta,KMT2A,185,185,0.4792342185974121,0.20000324086443452,0.0319850817322731,0.011098061688244343,0.4793321490287781,0.0,0.0,0.0,0.23715415019762845,median_abs_audit_delta,sensitivity_only,UNVERIFIED
S1_norman_l1,audit_delta,MAML2,508,508,-0.17369143664836884,-0.07316568986396052,0.041902534663677216,0.014502817764878273,-0.17432951927185059,0.0,0.0,0.02,0.6245059288537549,median_abs_audit_delta,sensitivity_only,UNVERIFIED
S1_norman_l1,audit_delta,MAP4K3,299,299,0.645343542098999,0.17688079447360203,0.02803865075111389,0.010398559272289276,0.6445586681365967,0.0,0.0,0.0,0.18181818181818182,median_abs_audit_delta,sensitivity_only,UNVERIFIED
S1_norman_l1,audit_delta,OSR2,407,407,0.21766085922718048,0.23980679842012456,0.06407098472118378,0.019318394362926483,0.22324049472808838,0.0,0.0,0.0,0.308300395256917,median_abs_audit_delta,sensitivity_only,UNVERIFIED
S1_norman_l1,audit_delta,PTPN12+ZBTB25,257,257,0.7145043611526489,0.2361747157837999,0.06479457765817642,0.01819133758544922,0.7127575278282166,0.0,0.0,0.0,0.15019762845849802,median_abs_audit_delta,sensitivity_only,UNVERIFIED
S1_norman_l1,audit_delta,PTPN13,226,226,0.5315583944320679,0.25404392469597964,0.03819643333554268,0.012822582386434078,0.5316253900527954,0.0,0.0,0.01,0.16996047430830039,median_abs_audit_delta,sensitivity_only,UNVERIFIED
S1_norman_l1,audit_delta,RUNX1T1,631,631,0.013259664177894592,0.11142891880111945,0.03871973231434822,0.012062275782227516,0.014607548713684082,0.0,0.0,0.02,0.34782608695652173,median_abs_audit_delta,sensitivity_only,UNVERIFIED
S1_norman_l1,audit_delta,S1PR2,446,446,0.6107523441314697,0.26176464670163724,0.04485262930393219,0.013435875065624714,0.6107032299041748,0.0,0.02,0.01,0.13043478260869565,median_abs_audit_delta,sensitivity_only,UNVERIFIED
S1_norman_l1,audit_delta,SET,512,512,0.24523529410362244,0.1491462078400718,0.07210370898246765,0.021388808265328407,0.24411678314208984,0.0,0.0,0.0,0.33201581027667987,median_abs_audit_delta,sensitivity_only,UNVERIFIED
S1_norman_l1,audit_delta,SGK1,446,446,0.7498595118522644,0.3096188936568025,0.033118028193712234,0.011012673377990723,0.7498497366905212,0.0,0.0,0.01,0.07905138339920949,median_abs_audit_delta,sensitivity_only,UNVERIFIED
S1_norman_l1,audit_delta,SLC4A1,853,853,0.2407957911491394,0.11164663617350334,0.05797746032476425,0.017238326370716095,0.23704898357391357,0.0,0.0,0.0,0.32806324110671936,median_abs_audit_delta,sensitivity_only,UNVERIFIED
S1_norman_l1,audit_delta,TP73,218,218,0.7602030634880066,0.3834816515063295,0.1004156544804573,0.02921326458454132,0.7603871822357178,0.0,0.0,0.0,0.05138339920948617,median_abs_audit_delta,sensitivity_only,UNVERIFIED
S1_norman_l1,audit_delta,UBASH3B,513,513,0.6928771138191223,0.24415164340410236,0.026772184297442436,0.009893391281366348,0.69075608253479,0.0,0.0,0.0,0.1857707509881423,median_abs_audit_delta,sensitivity_only,UNVERIFIED
S1_norman_l1,gears_raw,AHR+KLF1,412,412,0.11632700264453888,0.08047189605252972,0.07282013446092606,0.020016781985759735,0.11716270446777344,0.05,0.02,0.01,0.4189723320158103,median_abs_raw_delta,sensitivity_only,UNVERIFIED
S1_norman_l1,gears_raw,ATL1,305,305,0.7255911827087402,0.2175921688745015,0.052663691341876984,0.016487177461385727,0.7239417433738708,0.0,0.0,0.0,0.1422924901185771,median_abs_raw_delta,sensitivity_only,UNVERIFIED
S1_norman_l1,gears_raw,BAK1,534,534,-0.014473207294940948,-0.042634456562279294,0.037715088576078415,0.0125196548178792,-0.014525055885314941,0.0,0.0,0.0,0.5098814229249012,median_abs_raw_delta,sensitivity_only,UNVERIFIED
S1_norman_l1,gears_raw,BAK1+BCL2L11,153,153,0.01748335361480713,-0.055767203690990946,0.04175986722111702,0.014658641070127487,0.017231285572052002,0.0,0.0,0.0,0.5731225296442688,median_abs_raw_delta,sensitivity_only,UNVERIFIED
S1_norman_l1,gears_raw,BCL2L11+TGFBR2,382,382,0.29004985094070435,0.006925085742872476,0.04135720059275627,0.014548529870808125,0.2886531352996826,0.0,0.02,0.01,0.4426877470355731,median_abs_raw_delta,sensitivity_only,UNVERIFIED
S1_norman_l1,gears_raw,BPGM,393,393,0.5205166339874268,0.15580311463441188,0.0454048253595829,0.013842718675732613,0.5191633105278015,0.0,0.0,0.0,0.2134387351778656,median_abs_raw_delta,sensitivity_only,UNVERIFIED
S1_norman_l1,gears_raw,C19ORF26,750,750,0.5386673808097839,0.182612230022962,0.02737549878656864,0.009658774361014366,0.5392839908599854,0.0,0.0,0.0,0.1857707509881423,median_abs_raw_delta,sensitivity_only,UNVERIFIED
S1_norman_l1,gears_raw,CBFA2T3+POU3F2,202,202,0.6744855642318726,0.257820512696116,0.05380791798233986,0.018523715436458588,0.6729762554168701,0.0,0.0,0.0,0.14624505928853754,median_abs_raw_delta,sensitivity_only,UNVERIFIED
S1_norman_l1,gears_raw,CBFA2T3+PRDM1,109,109,0.7574595212936401,0.2474633084602454,0.09065981954336166,0.029920632019639015,0.7524431347846985,0.0,0.0,0.0,0.09881422924901186,median_abs_raw_delta,sensitivity_only,UNVERIFIED
S1_norman_l1,gears_raw,CBL+TGFBR2,156,156,0.4771190881729126,0.15799388376696805,0.05407113954424858,0.015217374078929424,0.47491133213043213,0.0,0.0,0.0,0.233201581027668,median_abs_raw_delta,sensitivity_only,UNVERIFIED
S1_norman_l1,gears_raw,CBL+UBASH3A,50,50,0.5267714858055115,0.1728650859918996,0.06518560647964478,0.02075469121336937,0.5267308354377747,0.0,0.0,0.0,0.20553359683794467,median_abs_raw_delta,sensitivity_only,UNVERIFIED
S1_norman_l1,gears_raw,CBL+UBASH3B,326,326,0.7234373092651367,0.24718665462727402,0.0801515206694603,0.021679488942027092,0.721869707107544,0.0,0.0,0.0,0.13043478260869565,median_abs_raw_delta,sensitivity_only,UNVERIFIED
S1_norman_l1,gears_raw,CDKN1A,131,131,0.5387436151504517,0.18480250882143542,0.052818235009908676,0.017225181683897972,0.5382958054542542,0.0,0.0,0.0,0.20553359683794467,median_abs_raw_delta,sensitivity_only,UNVERIFIED
S1_norman_l1,gears_raw,CDKN1B,145,145,0.7191402316093445,0.20487442287048732,0.03010905161499977,0.011561064049601555,0.7189292311668396,0.0,0.0,0.0,0.14624505928853754,median_abs_raw_delta,sensitivity_only,UNVERIFIED
S1_norman_l1,gears_raw,CDKN1B+CDKN1C,79,79,0.5689677000045776,0.19750508580547046,0.06015758961439133,0.019874583929777145,0.5690951943397522,0.0,0.0,0.0,0.16996047430830039,median_abs_raw_delta,sensitivity_only,UNVERIFIED
S1_norman_l1,gears_raw,CEBPA,258,258,0.30891185998916626,0.17456977206807167,0.16633209586143494,0.053759269416332245,0.31001991033554077,0.0,0.0,0.0,0.31225296442687744,median_abs_raw_delta,sensitivity_only,UNVERIFIED
S1_norman_l1,gears_raw,CEBPA+CEBPB,75,75,0.2611274719238281,0.09308478301583709,0.17480824887752533,0.05746668577194214,0.24264931678771973,0.0,0.0,0.0,0.3438735177865613,median_abs_raw_delta,sensitivity_only,UNVERIFIED
S1_norman_l1,gears_raw,CEBPA+KLF1,308,308,0.46326640248298645,0.27297264703345386,0.12690405547618866,0.039312537759542465,0.46702104806900024,0.0,0.0,0.0,0.18972332015810275,median_abs_raw_delta,sensitivity_only,UNVERIFIED
S1_norman_l1,gears_raw,CEBPB,240,240,0.5187011361122131,0.3081130069369559,0.07326070219278336,0.022664016112685204,0.5201926231384277,0.0,0.02,0.01,0.16205533596837945,median_abs_raw_delta,sensitivity_only,UNVERIFIED
S1_norman_l1,gears_raw,CEBPB+FOSB,85,85,0.28632062673568726,0.1161197552899677,0.14445757865905762,0.046659134328365326,0.2839147448539734,0.0,0.0,0.01,0.34782608695652173,median_abs_raw_delta,sensitivity_only,UNVERIFIED
S1_norman_l1,gears_raw,CEBPE+ETS2,320,320,0.12738949060440063,0.1571736460778581,0.09182464331388474,0.025990674272179604,0.1305139660835266,0.0,0.0,0.0,0.34782608695652173,median_abs_raw_delta,sensitivity_only,UNVERIFIED
S1_norman_l1,gears_raw,CEBPE+SET,529,529,0.17179447412490845,0.1319237851099398,0.06635502725839615,0.01840495690703392,0.17221903800964355,0.0,0.0,0.0,0.3952569169960474,median_abs_raw_delta,sensitivity_only,UNVERIFIED
S1_norman_l1,gears_raw,CEBPE+SPI1,175,175,0.32267242670059204,0.14168865949690268,0.15568093955516815,0.04986884072422981,0.32117146253585815,0.0,0.0,0.0,0.2766798418972332,median_abs_raw_delta,sensitivity_only,UNVERIFIED
S1_norman_l1,gears_raw,CLDN6,281,281,0.7246428728103638,0.27908844802156696,0.048855382949113846,0.014319603331387043,0.7246427536010742,0.0,0.0,0.0,0.07509881422924901,median_abs_raw_delta,sensitivity_only,UNVERIFIED
S1_norman_l1,gears_raw,CNN1+ETS2,785,785,0.4847744107246399,0.212727048448879,0.03924998268485069,0.01174729224294424,0.4849674701690674,0.0,0.0,0.0,0.2490118577075099,median_abs_raw_delta,sensitivity_only,UNVERIFIED
S1_norman_l1,gears_raw,CNN1+UBASH3B,355,355,0.6606013774871826,0.2165562835138377,0.09296510368585587,0.023072758689522743,0.6568568348884583,0.0,0.0,0.0,0.12648221343873517,median_abs_raw_delta,sensitivity_only,UNVERIFIED
S1_norman_l1,gears_raw,COL2A1,247,247,0.1006416380405426,0.0991112893348238,0.07610107213258743,0.021628091111779213,0.10242825746536255,0.0,0.0,0.0,0.4031620553359684,median_abs_raw_delta,sensitivity_only,UNVERIFIED
S1_norman_l1,gears_raw,DUSP9,662,662,0.6391906142234802,0.24839087238171298,0.06112801656126976,0.01695958338677883,0.6392019987106323,0.0,0.0,0.01,0.16205533596837945,median_abs_raw_delta,sensitivity_only,UNVERIFIED
S1_norman_l1,gears_raw,DUSP9+KLF1,320,320,0.5230513215065002,0.20229993587875192,0.08949799090623856,0.021425096318125725,0.5238466262817383,0.0,0.0,0.0,0.16600790513833993,median_abs_raw_delta,sensitivity_only,UNVERIFIED
S1_norman_l1,gears_raw,ELMSAN1+MAP2K3,484,484,-0.11734052002429962,-0.11709018157878369,0.06716756522655487,0.021024657413363457,-0.11690449714660645,0.0,0.0,0.0,0.6324110671936759,median_abs_raw_delta,sensitivity_only,UNVERIFIED
S1_norman_l1,gears_raw,FOSB,502,502,0.14039714634418488,0.1570532882374952,0.052098020911216736,0.01574426144361496,0.146398663520813,0.0,0.0,0.02,0.31620553359683795,median_abs_raw_delta,sensitivity_only,UNVERIFIED
S1_norman_l1,gears_raw,FOXA1,335,335,0.6412220001220703,0.2399331596157159,0.02959844097495079,0.010807149112224579,0.6415881514549255,0.0,0.0,0.01,0.11067193675889328,median_abs_raw_delta,sensitivity_only,UNVERIFIED
S1_norman_l1,gears_raw,FOXA1+HOXB9,266,266,0.7334011197090149,0.3291374731126931,0.06431276351213455,0.022059334442019463,0.7334359884262085,0.0,0.0,0.0,0.09881422924901186,median_abs_raw_delta,sensitivity_only,UNVERIFIED
S1_norman_l1,gears_raw,HK2,249,249,0.45011836290359497,0.106075927147398,0.040073320269584656,0.013923007994890213,0.44860267639160156,0.0,0.0,0.0,0.2885375494071146,median_abs_raw_delta,sensitivity_only,UNVERIFIED
S1_norman_l1,gears_raw,HOXB9,256,256,0.5389373898506165,0.24336333003626467,0.03913896530866623,0.012737241573631763,0.5397979021072388,0.0,0.0,0.0,0.1857707509881423,median_abs_raw_delta,sensitivity_only,UNVERIFIED
S1_norman_l1,gears_raw,HOXC13,151,151,0.756590723991394,0.3340798976171774,0.04955315962433815,0.01743892952799797,0.7560867667198181,0.0,0.0,0.0,0.09090909090909091,median_abs_raw_delta,sensitivity_only,UNVERIFIED
S1_norman_l1,gears_raw,IGDCC3,223,223,0.6757100820541382,0.2165851949225048,0.03979092836380005,0.012921405956149101,0.6749537587165833,0.0,0.0,0.0,0.16996047430830039,median_abs_raw_delta,sensitivity_only,UNVERIFIED
S1_norman_l1,gears_raw,IGDCC3+ZBTB25,99,99,0.7431843280792236,0.21416391276905417,0.06870047003030777,0.021534493193030357,0.7433307766914368,0.0,0.0,0.0,0.11462450592885376,median_abs_raw_delta,sensitivity_only,UNVERIFIED
S1_norman_l1,gears_raw,KIF2C,270,270,0.29850512742996216,0.0941998550447905,0.03663930296897888,0.012425210326910019,0.2982083559036255,0.0,0.0,0.01,0.31225296442687744,median_abs_raw_delta,sensitivity_only,UNVERIFIED
S1_norman_l1,gears_raw,KLF1+MAP2K6,222,222,0.17893360555171967,-0.041159715145977126,0.06453295797109604,0.020821087062358856,0.18023663759231567,0.0,0.02,0.02,0.5454545454545454,median_abs_raw_delta,sensitivity_only,UNVERIFIED
S1_norman_l1,gears_raw,KMT2A,185,185,0.46179068088531494,0.1566182402002937,0.03204791620373726,0.011188437230885029,0.4619843363761902,0.0,0.0,0.0,0.22134387351778656,median_abs_raw_delta,sensitivity_only,UNVERIFIED
S1_norman_l1,gears_raw,MAML2,508,508,-0.2130209058523178,-0.13586650024025476,0.04235691577196121,0.01462719775736332,-0.21364104747772217,0.0,0.0,0.02,0.6205533596837944,median_abs_raw_delta,sensitivity_only,UNVERIFIED
S1_norman_l1,gears_raw,MAP4K3,299,299,0.6213201880455017,0.13424068115457016,0.028123926371335983,0.010652401484549046,0.6201906204223633,0.0,0.0,0.0,0.18181818181818182,median_abs_raw_delta,sensitivity_only,UNVERIFIED
S1_norman_l1,gears_raw,OSR2,407,407,0.28528639674186707,0.24893286213522672,0.06190348416566849,0.018691686913371086,0.2911785840988159,0.0,0.0,0.0,0.2648221343873518,median_abs_raw_delta,sensitivity_only,UNVERIFIED
S1_norman_l1,gears_raw,PTPN12+ZBTB25,257,257,0.66749107837677,0.1767887692884758,0.06724554300308228,0.018566951155662537,0.6652335524559021,0.0,0.0,0.0,0.1541501976284585,median_abs_raw_delta,sensitivity_only,UNVERIFIED
S1_norman_l1,gears_raw,PTPN13,226,226,0.5337074398994446,0.22552522422686222,0.03817707300186157,0.012820655480027199,0.5341101288795471,0.0,0.0,0.01,0.16205533596837945,median_abs_raw_delta,sensitivity_only,UNVERIFIED
S1_norman_l1,gears_raw,RUNX1T1,631,631,0.07300205528736115,0.09659539768807235,0.037106968462467194,0.011926107108592987,0.07452452182769775,0.0,0.0,0.02,0.3201581027667984,median_abs_raw_delta,sensitivity_only,UNVERIFIED
S1_norman_l1,gears_raw,S1PR2,446,446,0.5824623107910156,0.2233177366336097,0.04610320180654526,0.013786783441901207,0.5826070308685303,0.0,0.02,0.01,0.12648221343873517,median_abs_raw_delta,sensitivity_only,UNVERIFIED
S1_norman_l1,gears_raw,SET,512,512,0.25290924310684204,0.14126714511394986,0.07168407738208771,0.021416861563920975,0.2515527009963989,0.0,0.0,0.0,0.31620553359683795,median_abs_raw_delta,sensitivity_only,UNVERIFIED
S1_norman_l1,gears_raw,SGK1,446,446,0.7352942228317261,0.30381063011912207,0.0339684896171093,0.011018004268407822,0.7352224588394165,0.0,0.0,0.01,0.08695652173913043,median_abs_raw_delta,sensitivity_only,UNVERIFIED
S1_norman_l1,gears_raw,SLC4A1,853,853,0.25830239057540894,0.0776286968448625,0.057119861245155334,0.017366282641887665,0.25372016429901123,0.0,0.0,0.0,0.3241106719367589,median_abs_raw_delta,sensitivity_only,UNVERIFIED
S1_norman_l1,gears_raw,TP73,218,218,0.7647997140884399,0.37186631864750513,0.10021189600229263,0.028897522017359734,0.7651897072792053,0.0,0.0,0.0,0.05138339920948617,median_abs_raw_delta,sensitivity_only,UNVERIFIED
S1_norman_l1,gears_raw,UBASH3B,513,513,0.6617344617843628,0.1850474413934231,0.027439266443252563,0.010024834424257278,0.6589944958686829,0.0,0.0,0.0,0.20553359683794467,median_abs_raw_delta,sensitivity_only,UNVERIFIED
S2_norman_l2,audit_delta,BCL2L11,463,463,0.13126935064792633,0.016771773235682495,0.04147513583302498,0.015322078950703144,0.12212377786636353,0.0,0.0,0.01,0.4901185770750988,median_abs_audit_delta,sensitivity_only,UNVERIFIED
S2_norman_l2,audit_delta,BCL2L11+TGFBR2,382,382,0.13861478865146637,-0.009361007515906405,0.041567642241716385,0.01471681334078312,0.12982505559921265,0.0,0.0,0.01,0.5059288537549407,median_abs_audit_delta,sensitivity_only,UNVERIFIED
S2_norman_l2,audit_delta,BCORL1,456,456,0.38123661279678345,0.16230619835290347,0.043578434735536575,0.015428907237946987,0.37808895111083984,0.0,0.0,0.0,0.22134387351778656,median_abs_audit_delta,sensitivity_only,UNVERIFIED
S2_norman_l2,audit_delta,C19ORF26,750,750,0.4794944226741791,0.16555329445554717,0.04067748039960861,0.015061353333294392,0.4801989793777466,0.0,0.0,0.0,0.25296442687747034,median_abs_audit_delta,sensitivity_only,UNVERIFIED
S2_norman_l2,audit_delta,C19ORF26+TGFBR2,274,274,0.556177020072937,0.24910971425171097,0.04983344301581383,0.016057386994361877,0.5515612959861755,0.0,0.0,0.0,0.1976284584980237,median_abs_audit_delta,sensitivity_only,UNVERIFIED
S2_norman_l2,audit_delta,CEBPB,422,422,0.6021758317947388,0.3888890375937157,0.07080346345901489,0.021988239139318466,0.6083053350448608,0.0,0.0,0.0,0.12648221343873517,median_abs_audit_delta,sensitivity_only,UNVERIFIED
S2_norman_l2,audit_delta,CEBPB+CEBPE,111,111,0.5094364881515503,0.2832708496919045,0.12656660377979279,0.042005281895399094,0.5156459808349609,0.0,0.0,0.0,0.16600790513833993,median_abs_audit_delta,sensitivity_only,UNVERIFIED
S2_norman_l2,audit_delta,CEBPB+MAPK1,337,337,0.40830206871032715,0.3088233159551684,0.08374527841806412,0.024077914655208588,0.4175368547439575,0.0,0.0,0.0,0.15810276679841898,median_abs_audit_delta,sensitivity_only,UNVERIFIED
S2_norman_l2,audit_delta,CEBPE,1039,1039,0.4696432054042816,0.36517726933959727,0.08551642298698425,0.025389185175299644,0.47681647539138794,0.0,0.0,0.0,0.1857707509881423,median_abs_audit_delta,sensitivity_only,UNVERIFIED
S2_norman_l2,audit_delta,CEBPE+SET,529,529,0.2710268795490265,0.23116437014303723,0.06840959191322327,0.02033473365008831,0.2731395959854126,0.0,0.0,0.0,0.3359683794466403,median_abs_audit_delta,sensitivity_only,UNVERIFIED
S2_norman_l2,audit_delta,CEBPE+SPI1,175,175,0.6009714007377625,0.309764185106091,0.1426018476486206,0.04592225328087807,0.6053966879844666,0.0,0.0,0.0,0.1225296442687747,median_abs_audit_delta,sensitivity_only,UNVERIFIED
S2_norman_l2,audit_delta,CITED1,169,169,0.740189790725708,0.31020204051793804,0.03844836726784706,0.014261845499277115,0.7406038641929626,0.0,0.0,0.0,0.09486166007905138,median_abs_audit_delta,sensitivity_only,UNVERIFIED
S2_norman_l2,audit_delta,CKS1B,189,189,0.47139281034469604,0.22231437174820215,0.055415891110897064,0.018169716000556946,0.4704211950302124,0.0,0.0,0.0,0.22924901185770752,median_abs_audit_delta,sensitivity_only,UNVERIFIED
S2_norman_l2,audit_delta,FOXA1,761,761,0.638849675655365,0.31129059409893395,0.03487544506788254,0.0129397539421916,0.636379599571228,0.0,0.0,0.0,0.11067193675889328,median_abs_audit_delta,sensitivity_only,UNVERIFIED
S2_norman_l2,audit_delta,HOXA13,230,230,0.7924439311027527,0.39829246116556716,0.06053231284022331,0.020969243720173836,0.7941843271255493,0.0,0.0,0.0,0.08300395256916997,median_abs_audit_delta,sensitivity_only,UNVERIFIED
S2_norman_l2,audit_delta,HOXC13,343,343,0.7934587001800537,0.37993069132544954,0.044422462582588196,0.015343905426561832,0.7943759560585022,0.0,0.0,0.0,0.07114624505928854,median_abs_audit_delta,sensitivity_only,UNVERIFIED
S2_norman_l2,audit_delta,IRF1,331,331,0.211990088224411,0.14228416755633366,0.0748482272028923,0.021772105246782303,0.218941330909729,0.0,0.0,0.0,0.31225296442687744,median_abs_audit_delta,sensitivity_only,UNVERIFIED
S2_norman_l2,audit_delta,IRF1+SET,367,367,0.29752105474472046,0.1796090052508207,0.09660688042640686,0.028905658051371574,0.3037816286087036,0.0,0.0,0.0,0.28063241106719367,median_abs_audit_delta,sensitivity_only,UNVERIFIED
S2_norman_l2,audit_delta,KIF2C,518,518,0.33028262853622437,0.12925181320185508,0.04011170566082001,0.014405657537281513,0.3272297978401184,0.0,0.0,0.0,0.24110671936758893,median_abs_audit_delta,sensitivity_only,UNVERIFIED
S2_norman_l2,audit_delta,MAP4K5,300,300,0.4583696126937866,0.11979654706478376,0.04377473518252373,0.01687859743833542,0.44579488039016724,0.0,0.0,0.01,0.30039525691699603,median_abs_audit_delta,sensitivity_only,UNVERIFIED
S2_norman_l2,audit_delta,MAP7D1,635,635,-0.0006081424653530121,0.08875129097282164,0.0428735725581646,0.014356404542922974,0.008985757827758789,0.0,0.0,0.02,0.4189723320158103,median_abs_audit_delta,sensitivity_only,UNVERIFIED
S2_norman_l2,audit_delta,MAPK1,660,660,0.19255807995796204,0.16579208478292803,0.07244463264942169,0.02098545804619789,0.19981622695922852,0.0,0.0,0.0,0.2845849802371542,median_abs_audit_delta,sensitivity_only,UNVERIFIED
S2_norman_l2,audit_delta,MAPK1+TGFBR2,389,389,0.19666877388954163,0.1791573862793634,0.06670119613409042,0.020806480199098587,0.2023228406906128,0.0,0.0,0.0,0.25691699604743085,median_abs_audit_delta,sensitivity_only,UNVERIFIED
S2_norman_l2,audit_delta,NCL,197,197,0.27456384897232056,0.10305747640168796,0.04483652487397194,0.0167055893689394,0.26721274852752686,0.0,0.0,0.01,0.31620553359683795,median_abs_audit_delta,sensitivity_only,UNVERIFIED
S2_norman_l2,audit_delta,SET,790,790,0.3416120707988739,0.1585135707099614,0.0681614801287651,0.020762182772159576,0.3378274440765381,0.0,0.0,0.0,0.30039525691699603,median_abs_audit_delta,sensitivity_only,UNVERIFIED
S2_norman_l2,audit_delta,SPI1,506,506,0.6808922290802002,0.32791027464019673,0.07005324959754944,0.02252303808927536,0.6800580620765686,0.0,0.0,0.0,0.07905138339920949,median_abs_audit_delta,sensitivity_only,UNVERIFIED
S2_norman_l2,audit_delta,TGFBR2,537,537,0.05941101908683777,-0.01544561837562844,0.04379064217209816,0.016389446333050728,0.05046200752258301,0.0,0.0,0.0,0.549407114624506,median_abs_audit_delta,sensitivity_only,UNVERIFIED
S2_norman_l2,audit_delta,ZBTB25,590,590,0.3400712013244629,0.1228454553903721,0.046023085713386536,0.01603185199201107,0.32718420028686523,0.0,0.0,0.0,0.3557312252964427,median_abs_audit_delta,sensitivity_only,UNVERIFIED
S2_norman_l2,gears_raw,BCL2L11,463,463,0.17270560562610626,0.0016368662287271191,0.04029254987835884,0.014323689974844456,0.16756939888000488,0.0,0.02,0.01,0.47035573122529645,median_abs_raw_delta,sensitivity_only,UNVERIFIED
S2_norman_l2,gears_raw,BCL2L11+TGFBR2,382,382,0.23046495020389557,0.007368548685308943,0.03862159699201584,0.01328585296869278,0.22630631923675537,0.0,0.0,0.01,0.45849802371541504,median_abs_raw_delta,sensitivity_only,UNVERIFIED
S2_norman_l2,gears_raw,BCORL1,456,456,0.38365185260772705,0.1418422718702283,0.042707622051239014,0.014499430544674397,0.3826773762702942,0.0,0.0,0.0,0.21739130434782608,median_abs_raw_delta,sensitivity_only,UNVERIFIED
S2_norman_l2,gears_raw,C19ORF26,750,750,0.5150054693222046,0.16950619302191172,0.039556026458740234,0.014016215689480305,0.5159164071083069,0.0,0.0,0.0,0.21739130434782608,median_abs_raw_delta,sensitivity_only,UNVERIFIED
S2_norman_l2,gears_raw,C19ORF26+TGFBR2,274,274,0.6275471448898315,0.23883745952718294,0.045715704560279846,0.014610095880925655,0.6260368227958679,0.0,0.0,0.0,0.14624505928853754,median_abs_raw_delta,sensitivity_only,UNVERIFIED
S2_norman_l2,gears_raw,CEBPB,422,422,0.5516309142112732,0.34601188518935955,0.07378343492746353,0.022477587684988976,0.5557414293289185,0.0,0.0,0.0,0.15810276679841898,median_abs_raw_delta,sensitivity_only,UNVERIFIED
S2_norman_l2,gears_raw,CEBPB+CEBPE,111,111,0.4563893973827362,0.2082213669114115,0.12972503900527954,0.04286160320043564,0.4583275318145752,0.0,0.0,0.0,0.22529644268774704,median_abs_raw_delta,sensitivity_only,UNVERIFIED
S2_norman_l2,gears_raw,CEBPB+MAPK1,337,337,0.36362332105636597,0.26477129088876683,0.08598721772432327,0.024432606995105743,0.36938875913619995,0.0,0.0,0.0,0.1857707509881423,median_abs_raw_delta,sensitivity_only,UNVERIFIED
S2_norman_l2,gears_raw,CEBPE,1039,1039,0.40056607127189636,0.3335378397968332,0.08870024234056473,0.0259485375136137,0.404188871383667,0.0,0.0,0.0,0.23715415019762845,median_abs_raw_delta,sensitivity_only,UNVERIFIED
S2_norman_l2,gears_raw,CEBPE+SET,529,529,0.24940145015716553,0.21510654363935588,0.06932220607995987,0.019917789846658707,0.2510707974433899,0.0,0.0,0.0,0.33992094861660077,median_abs_raw_delta,sensitivity_only,UNVERIFIED
S2_norman_l2,gears_raw,CEBPE+SPI1,175,175,0.544661283493042,0.2658108729870308,0.14547528326511383,0.04673158377408981,0.5466907024383545,0.0,0.0,0.0,0.14624505928853754,median_abs_raw_delta,sensitivity_only,UNVERIFIED
S2_norman_l2,gears_raw,CITED1,169,169,0.7440045475959778,0.27852734900178666,0.038071293383836746,0.014064613729715347,0.7445901036262512,0.0,0.0,0.0,0.08695652173913043,median_abs_raw_delta,sensitivity_only,UNVERIFIED
S2_norman_l2,gears_raw,CKS1B,189,189,0.5189186930656433,0.18838521254099483,0.053263500332832336,0.01719440333545208,0.5192849040031433,0.0,0.0,0.0,0.20948616600790515,median_abs_raw_delta,sensitivity_only,UNVERIFIED
S2_norman_l2,gears_raw,FOXA1,761,761,0.6714634299278259,0.3115922948805264,0.03292015194892883,0.011947774328291416,0.6712883114814758,0.0,0.0,0.0,0.11067193675889328,median_abs_raw_delta,sensitivity_only,UNVERIFIED
S2_norman_l2,gears_raw,HOXA13,230,230,0.7886302471160889,0.3847784561341225,0.06098858267068863,0.020710157230496407,0.7891473770141602,0.0,0.0,0.0,0.06719367588932806,median_abs_raw_delta,sensitivity_only,UNVERIFIED
S2_norman_l2,gears_raw,HOXC13,343,343,0.7917608022689819,0.3594981858795738,0.04452196881175041,0.015097136609256268,0.7910932302474976,0.0,0.0,0.0,0.07114624505928854,median_abs_raw_delta,sensitivity_only,UNVERIFIED
S2_norman_l2,gears_raw,IRF1,331,331,0.20404645800590515,0.1264566452409786,0.07520288974046707,0.021477432921528816,0.20701628923416138,0.0,0.0,0.0,0.30039525691699603,median_abs_raw_delta,sensitivity_only,UNVERIFIED
S2_norman_l2,gears_raw,IRF1+SET,367,367,0.30929797887802124,0.184828300426347,0.09630686044692993,0.028305111452937126,0.3114158511161804,0.0,0.0,0.0,0.2648221343873518,median_abs_raw_delta,sensitivity_only,UNVERIFIED
S2_norman_l2,gears_raw,KIF2C,518,518,0.3669295310974121,0.12413720881327446,0.038956962525844574,0.013403804041445255,0.3659921884536743,0.0,0.0,0.0,0.22529644268774704,median_abs_raw_delta,sensitivity_only,UNVERIFIED
S2_norman_l2,gears_raw,MAP4K5,300,300,0.5132642388343811,0.10740901443331612,0.042297568172216415,0.01580544374883175,0.5066385865211487,0.0,0.0,0.0,0.26877470355731226,median_abs_raw_delta,sensitivity_only,UNVERIFIED
S2_norman_l2,gears_raw,MAP7D1,635,635,-0.033778704702854156,0.07008836701306091,0.04346312955021858,0.013517539016902447,-0.02917635440826416,0.0,0.0,0.02,0.38735177865612647,median_abs_raw_delta,sensitivity_only,UNVERIFIED
S2_norman_l2,gears_raw,MAPK1,660,660,0.1583637297153473,0.1288174863472855,0.0737675353884697,0.02094234712421894,0.1618901491165161,0.0,0.0,0.0,0.3201581027667984,median_abs_raw_delta,sensitivity_only,UNVERIFIED
S2_norman_l2,gears_raw,MAPK1+TGFBR2,389,389,0.17604109644889832,0.15391477272672693,0.0676192045211792,0.020581377670168877,0.17933332920074463,0.0,0.0,0.0,0.2885375494071146,median_abs_raw_delta,sensitivity_only,UNVERIFIED
S2_norman_l2,gears_raw,NCL,197,197,0.315593957901001,0.09717871552358688,0.043258026242256165,0.015603462234139442,0.3121683597564697,0.0,0.04,0.02,0.30039525691699603,median_abs_raw_delta,sensitivity_only,UNVERIFIED
S2_norman_l2,gears_raw,SET,790,790,0.36076170206069946,0.17290496673988767,0.06718490272760391,0.01973189413547516,0.3595849871635437,0.0,0.0,0.0,0.2924901185770751,median_abs_raw_delta,sensitivity_only,UNVERIFIED
S2_norman_l2,gears_raw,SPI1,506,506,0.6714619994163513,0.3080399180904159,0.07078547030687332,0.022356942296028137,0.6720170974731445,0.0,0.0,0.0,0.13043478260869565,median_abs_raw_delta,sensitivity_only,UNVERIFIED
S2_norman_l2,gears_raw,TGFBR2,537,537,0.1243148073554039,-0.023353791887095864,0.04191574454307556,0.015165937133133411,0.11922860145568848,0.0,0.0,0.01,0.5138339920948617,median_abs_raw_delta,sensitivity_only,UNVERIFIED
S2_norman_l2,gears_raw,ZBTB25,590,590,0.42061781883239746,0.10894281131207519,0.04255185276269913,0.014577013440430164,0.4137556552886963,0.0,0.0,0.0,0.3359683794466403,median_abs_raw_delta,sensitivity_only,UNVERIFIED
S3_replogle_k562_rl1,audit_delta,ABCE1,207,207,0.5094247460365295,0.4025120373711226,0.09281562268733978,0.061714012175798416,0.5365715026855469,0.15,0.1,0.09,0.168,median_abs_audit_delta,sensitivity_only,UNVERIFIED
S3_replogle_k562_rl1,audit_delta,ACTR6,104,104,-0.060839034616947174,-0.0391419122706159,0.07395455986261368,0.054408855736255646,-0.07246983051300049,0.2,0.2,0.27,0.556,median_abs_audit_delta,sensitivity_only,UNVERIFIED
S3_replogle_k562_rl1,audit_delta,ACTR8,242,242,0.1373436450958252,0.10315147603748594,0.06620188057422638,0.0448823906481266,0.13363683223724365,0.3,0.2,0.23,0.416,median_abs_audit_delta,sensitivity_only,UNVERIFIED
S3_replogle_k562_rl1,audit_delta,ALG13,167,167,0.19169655442237854,0.15673264669659062,0.0552893802523613,0.039790838956832886,0.1715824007987976,0.2,0.22,0.21,0.36,median_abs_audit_delta,sensitivity_only,UNVERIFIED
S3_replogle_k562_rl1,audit_delta,ARCN1,214,214,0.5297043323516846,0.3811803325843617,0.05948477238416672,0.04145170748233795,0.49496597051620483,0.0,0.02,0.09,0.1,median_abs_audit_delta,sensitivity_only,UNVERIFIED
S3_replogle_k562_rl1,audit_delta,ATP6AP1,114,114,0.32180696725845337,0.21781181840292768,0.05989121273159981,0.04362495243549347,0.3223044276237488,0.1,0.12,0.16,0.224,median_abs_audit_delta,sensitivity_only,UNVERIFIED
S3_replogle_k562_rl1,audit_delta,ATP6V1A,89,89,0.16749221086502075,0.1304523294737475,0.06707388162612915,0.047884501516819,0.17205339670181274,0.2,0.18,0.24,0.348,median_abs_audit_delta,sensitivity_only,UNVERIFIED
S3_replogle_k562_rl1,audit_delta,BRIX1,109,109,0.42862942814826965,0.2935607168054742,0.0749044120311737,0.05229108780622482,0.43187302350997925,0.15,0.1,0.1,0.148,median_abs_audit_delta,sensitivity_only,UNVERIFIED
S3_replogle_k562_rl1,audit_delta,CCNH,75,75,0.20315977931022644,0.14851587416819936,0.08115576207637787,0.05750196427106857,0.20515477657318115,0.05,0.16,0.17,0.348,median_abs_audit_delta,sensitivity_only,UNVERIFIED
S3_replogle_k562_rl1,audit_delta,CCNK,211,211,0.08655011653900146,0.06629156660843566,0.05663572624325752,0.039912570267915726,0.08011293411254883,0.3,0.26,0.23,0.44,median_abs_audit_delta,sensitivity_only,UNVERIFIED
S3_replogle_k562_rl1,audit_delta,CCT3,217,217,0.36781740188598633,0.29881717475103015,0.07825986295938492,0.052391283214092255,0.32566750049591064,0.05,0.06,0.13,0.264,median_abs_audit_delta,sensitivity_only,UNVERIFIED
S3_replogle_k562_rl1,audit_delta,CCT5,63,63,0.27943554520606995,0.18151147950917174,0.08897902816534042,0.06436246633529663,0.27924084663391113,0.15,0.22,0.21,0.244,median_abs_audit_delta,sensitivity_only,UNVERIFIED
S3_replogle_k562_rl1,audit_delta,CCT7,141,141,0.3762710690498352,0.27182061786187217,0.09179690480232239,0.06154576316475868,0.3536803722381592,0.05,0.18,0.16,0.172,median_abs_audit_delta,sensitivity_only,UNVERIFIED
S3_replogle_k562_rl1,audit_delta,CDC73,140,140,0.30348658561706543,0.22363939544704517,0.1341247707605362,0.0893312618136406,0.23069614171981812,0.15,0.2,0.18,0.264,median_abs_audit_delta,sensitivity_only,UNVERIFIED
S3_replogle_k562_rl1,audit_delta,CENPJ,265,265,0.39647722244262695,0.3268819785626599,0.06675281375646591,0.04225514084100723,0.4223034977912903,0.05,0.1,0.17,0.192,median_abs_audit_delta,sensitivity_only,UNVERIFIED
S3_replogle_k562_rl1,audit_delta,CHMP3,119,119,0.3478042483329773,0.2607006030965377,0.16432178020477295,0.10034728050231934,0.3521840572357178,0.1,0.14,0.14,0.204,median_abs_audit_delta,sensitivity_only,UNVERIFIED
S3_replogle_k562_rl1,audit_delta,CIAPIN1,139,139,0.34717509150505066,0.24105973777753129,0.06041748449206352,0.041962429881095886,0.35573530197143555,0.0,0.06,0.12,0.232,median_abs_audit_delta,sensitivity_only,UNVERIFIED
S3_replogle_k562_rl1,audit_delta,CKAP5,159,159,0.3552204966545105,0.2504593122703946,0.0577121265232563,0.04167092964053154,0.2538716793060303,0.2,0.26,0.2,0.212,median_abs_audit_delta,sensitivity_only,UNVERIFIED
S3_replogle_k562_rl1,audit_delta,CNIH4,65,65,0.12770038843154907,0.061460028397351235,0.08121509104967117,0.059493690729141235,0.13131499290466309,0.1,0.2,0.29,0.408,median_abs_audit_delta,sensitivity_only,UNVERIFIED
S3_replogle_k562_rl1,audit_delta,CPSF1,48,48,0.1847621202468872,0.11847847089735625,0.09573163837194443,0.070127934217453,0.1881784200668335,0.1,0.18,0.23,0.288,median_abs_audit_delta,sensitivity_only,UNVERIFIED
S3_replogle_k562_rl1,audit_delta,CPSF6,43,43,0.12586092948913574,0.07719891150395645,0.1232791543006897,0.08784940093755722,0.11856889724731445,0.25,0.3,0.29,0.396,median_abs_audit_delta,sensitivity_only,UNVERIFIED
S3_replogle_k562_rl1,audit_delta,CXXC1,115,115,0.24945048987865448,0.200194100310178,0.0814395546913147,0.054409630596637726,0.2587839365005493,0.15,0.16,0.22,0.34,median_abs_audit_delta,sensitivity_only,UNVERIFIED
S3_replogle_k562_rl1,audit_delta,CYCS,160,160,0.22025617957115173,0.1516869012303975,0.05765208601951599,0.039468638598918915,0.18661606311798096,0.15,0.18,0.22,0.316,median_abs_audit_delta,sensitivity_only,UNVERIFIED
S3_replogle_k562_rl1,audit_delta,DBR1,96,96,0.17284134030342102,0.10213659902946395,0.08660555630922318,0.06422685086727142,0.11795186996459961,0.25,0.2,0.16,0.34,median_abs_audit_delta,sensitivity_only,UNVERIFIED
S3_replogle_k562_rl1,audit_delta,DDB1,85,85,0.31253916025161743,0.20621949912762777,0.06435824185609818,0.048275623470544815,0.3185967206954956,0.15,0.14,0.2,0.208,median_abs_audit_delta,sensitivity_only,UNVERIFIED
S3_replogle_k562_rl1,audit_delta,DDX24,230,230,0.4136139452457428,0.3094991706091067,0.08040020614862442,0.05287574604153633,0.442188024520874,0.0,0.08,0.12,0.152,median_abs_audit_delta,sensitivity_only,UNVERIFIED
S3_replogle_k562_rl1,audit_delta,DDX46,140,140,0.41267621517181396,0.3009808741569056,0.07653798907995224,0.05335300415754318,0.39935314655303955,0.0,0.06,0.09,0.176,median_abs_audit_delta,sensitivity_only,UNVERIFIED
S3_replogle_k562_rl1,audit_delta,DDX47,313,313,0.20978032052516937,0.18190749062176276,0.10519611090421677,0.0684298574924469,0.2747567892074585,0.2,0.18,0.23,0.376,median_abs_audit_delta,sensitivity_only,UNVERIFIED
S3_replogle_k562_rl1,audit_delta,DHODH,207,207,0.0721641331911087,0.04481579733293422,0.05453496426343918,0.03838828206062317,0.06115347146987915,0.1,0.22,0.21,0.484,median_abs_audit_delta,sensitivity_only,UNVERIFIED
S3_replogle_k562_rl1,audit_delta,DHX33,127,127,0.2564188241958618,0.1949477682646257,0.05604728311300278,0.040201492607593536,0.25873565673828125,0.1,0.2,0.25,0.28,median_abs_audit_delta,sensitivity_only,UNVERIFIED
S3_replogle_k562_rl1,audit_delta,DICER1,153,153,0.15600019693374634,0.09168720142469103,0.05548981577157974,0.040538303554058075,0.16927558183670044,0.2,0.32,0.31,0.316,median_abs_audit_delta,sensitivity_only,UNVERIFIED
S3_replogle_k562_rl1,audit_delta,DNTTIP2,235,235,0.2875116467475891,0.22387311484304345,0.09823454171419144,0.06408048421144485,0.33271729946136475,0.05,0.16,0.19,0.284,median_abs_audit_delta,sensitivity_only,UNVERIFIED
S3_replogle_k562_rl1,audit_delta,DYNC1H1,217,217,0.5445241928100586,0.3921952299268726,0.04819926992058754,0.03411661833524704,0.5231892466545105,0.0,0.04,0.07,0.116,median_abs_audit_delta,sensitivity_only,UNVERIFIED
S3_replogle_k562_rl1,audit_delta,DYNLL1,57,57,0.12276781350374222,0.0933626015949855,0.08289603143930435,0.05799616873264313,0.1225578784942627,0.15,0.16,0.23,0.36,median_abs_audit_delta,sensitivity_only,UNVERIFIED
S3_replogle_k562_rl1,audit_delta,EEF1G,170,170,0.28653380274772644,0.1883056112212631,0.06409987062215805,0.045808881521224976,0.2592504024505615,0.1,0.22,0.19,0.26,median_abs_audit_delta,sensitivity_only,UNVERIFIED
S3_replogle_k562_rl1,audit_delta,EIF2S2,77,77,0.36038145422935486,0.25993463148538526,0.08965446054935455,0.060301147401332855,0.3669378161430359,0.1,0.04,0.12,0.184,median_abs_audit_delta,sensitivity_only,UNVERIFIED
S3_replogle_k562_rl1,audit_delta,EIF3E,165,165,0.2840292751789093,0.1932880932128016,0.10370704531669617,0.06828988343477249,0.2482548952102661,0.1,0.12,0.11,0.288,median_abs_audit_delta,sensitivity_only,UNVERIFIED
S3_replogle_k562_rl1,audit_delta,EIF3I,42,42,0.3008292317390442,0.20575098621403942,0.10844764113426208,0.07789839059114456,0.2910956144332886,0.15,0.18,0.19,0.244,median_abs_audit_delta,sensitivity_only,UNVERIFIED
S3_replogle_k562_rl1,audit_delta,ERCC2,116,116,0.13677775859832764,0.10861622633125585,0.07004334777593613,0.04901011288166046,0.14536869525909424,0.1,0.08,0.12,0.376,median_abs_audit_delta,sensitivity_only,UNVERIFIED
S3_replogle_k562_rl1,audit_delta,EXOSC8,118,118,0.25999873876571655,0.22054104666693486,0.11378809064626694,0.06904416531324387,0.2674252986907959,0.0,0.1,0.14,0.272,median_abs_audit_delta,sensitivity_only,UNVERIFIED
S3_replogle_k562_rl1,audit_delta,EXOSC9,30,30,0.1506355255842209,0.1097853806154152,0.1464327573776245,0.10252150893211365,0.15097618103027344,0.25,0.2,0.21,0.364,median_abs_audit_delta,sensitivity_only,UNVERIFIED
S3_replogle_k562_rl1,audit_delta,FAM136A,45,45,0.2732301950454712,0.18808540742495847,0.1388029307126999,0.09709138423204422,0.2713660001754761,0.05,0.06,0.17,0.26,median_abs_audit_delta,sensitivity_only,UNVERIFIED
S3_replogle_k562_rl1,audit_delta,FAM32A,332,332,0.5057718753814697,0.39491591108611446,0.06870493292808533,0.047536611557006836,0.452694833278656,0.0,0.02,0.06,0.16,median_abs_audit_delta,sensitivity_only,UNVERIFIED
S3_replogle_k562_rl1,audit_delta,FASTKD5,182,182,0.04796765372157097,0.06803233098219157,0.0629272609949112,0.039358336478471756,0.04640078544616699,0.2,0.24,0.21,0.436,median_abs_audit_delta,sensitivity_only,UNVERIFIED
S3_replogle_k562_rl1,audit_delta,FBXO5,233,233,0.06774275004863739,0.06478074658300355,0.052356235682964325,0.03696582093834877,0.08081281185150146,0.3,0.22,0.23,0.424,median_abs_audit_delta,sensitivity_only,UNVERIFIED
S3_replogle_k562_rl1,audit_delta,GATA1,95,95,0.41936394572257996,0.29883620776696457,0.2192409485578537,0.13641475141048431,0.4082909822463989,0.05,0.06,0.07,0.168,median_abs_audit_delta,sensitivity_only,UNVERIFIED
S3_replogle_k562_rl1,audit_delta,GINS2,130,130,0.313843309879303,0.21560343360483522,0.07993517071008682,0.05437815561890602,0.3373143672943115,0.05,0.08,0.14,0.288,median_abs_audit_delta,sensitivity_only,UNVERIFIED
S3_replogle_k562_rl1,audit_delta,GINS3,98,98,0.22159674763679504,0.16289528874372103,0.06999295204877853,0.049122828990221024,0.24127620458602905,0.1,0.1,0.15,0.304,median_abs_audit_delta,sensitivity_only,UNVERIFIED
S3_replogle_k562_rl1,audit_delta,GINS4,58,58,0.2764911651611328,0.18383907876321173,0.08985073864459991,0.06490659713745117,0.28366053104400635,0.1,0.12,0.18,0.276,median_abs_audit_delta,sensitivity_only,UNVERIFIED
S3_replogle_k562_rl1,audit_delta,GPS1,372,372,0.3527476191520691,0.2445946571613971,0.05392924323678017,0.03835289925336838,0.30436062812805176,0.15,0.14,0.13,0.24,median_abs_audit_delta,sensitivity_only,UNVERIFIED
S3_replogle_k562_rl1,audit_delta,GRB2,53,53,0.1065855324268341,0.07852094907026048,0.08019368350505829,0.05973006412386894,0.1057596206665039,0.25,0.32,0.36,0.396,median_abs_audit_delta,sensitivity_only,UNVERIFIED
S3_replogle_k562_rl1,audit_delta,GTF3C3,129,129,0.15129995346069336,0.09666350293181979,0.05881664156913757,0.04373760521411896,0.1308422088623047,0.25,0.26,0.29,0.436,median_abs_audit_delta,sensitivity_only,UNVERIFIED
S3_replogle_k562_rl1,audit_delta,HARS,263,263,0.5213022828102112,0.37002591284903646,0.1134970486164093,0.07033827155828476,0.4724552631378174,0.05,0.02,0.05,0.124,median_abs_audit_delta,sensitivity_only,UNVERIFIED
S3_replogle_k562_rl1,audit_delta,HNRNPC,273,273,0.4534549415111542,0.3445014030048602,0.09544815868139267,0.06343917548656464,0.4401283264160156,0.05,0.08,0.06,0.168,median_abs_audit_delta,sensitivity_only,UNVERIFIED
S3_replogle_k562_rl1,audit_delta,HSCB,85,85,0.24646805226802826,0.1527092271076991,0.06337261199951172,0.04803507775068283,0.24670928716659546,0.25,0.24,0.22,0.248,median_abs_audit_delta,sensitivity_only,UNVERIFIED
S3_replogle_k562_rl1,audit_delta,HSF1,87,87,0.11331487447023392,0.09720432422883876,0.07573159039020538,0.054695188999176025,0.05750948190689087,0.15,0.2,0.21,0.372,median_abs_audit_delta,sensitivity_only,UNVERIFIED
S3_replogle_k562_rl1,audit_delta,HUWE1,77,77,0.18517884612083435,0.12522312357493567,0.07415015995502472,0.05429019778966904,0.17935889959335327,0.3,0.24,0.29,0.368,median_abs_audit_delta,sensitivity_only,UNVERIFIED
S3_replogle_k562_rl1,audit_delta,HYPK,121,121,0.2113872766494751,0.1696006329280253,0.05896585062146187,0.043360188603401184,0.2140522003173828,0.2,0.14,0.14,0.284,median_abs_audit_delta,sensitivity_only,UNVERIFIED
S3_replogle_k562_rl1,audit_delta,ICE1,319,319,0.5176088213920593,0.403913078102217,0.06729237735271454,0.04648614674806595,0.44533705711364746,0.0,0.06,0.08,0.136,median_abs_audit_delta,sensitivity_only,UNVERIFIED
S3_replogle_k562_rl1,audit_delta,INTS5,62,62,0.24435526132583618,0.19151212116908112,0.14190736413002014,0.09206216782331467,0.24968087673187256,0.15,0.14,0.16,0.28,median_abs_audit_delta,sensitivity_only,UNVERIFIED
S3_replogle_k562_rl1,audit_delta,ISG20L2,72,72,0.17999640107154846,0.10879047891423012,0.0869293287396431,0.06208377704024315,0.17954260110855103,0.2,0.18,0.21,0.292,median_abs_audit_delta,sensitivity_only,UNVERIFIED
S3_replogle_k562_rl1,audit_delta,JAZF1,209,209,0.2691843509674072,0.20564634924372502,0.049731284379959106,0.03597824275493622,0.23625195026397705,0.1,0.14,0.16,0.288,median_abs_audit_delta,sensitivity_only,UNVERIFIED
S3_replogle_k562_rl1,audit_delta,KIF20A,95,95,0.22077599167823792,0.17904880485054656,0.07639233022928238,0.05247599631547928,0.22590404748916626,0.15,0.16,0.17,0.272,median_abs_audit_delta,sensitivity_only,UNVERIFIED
S3_replogle_k562_rl1,audit_delta,KPNB1,218,218,0.42851027846336365,0.3418306239854289,0.09714549779891968,0.06387881189584732,0.43728160858154297,0.1,0.12,0.13,0.168,median_abs_audit_delta,sensitivity_only,UNVERIFIED
S3_replogle_k562_rl1,audit_delta,KRR1,398,398,0.16987624764442444,0.14564062778811124,0.0874505564570427,0.05448921024799347,0.22309064865112305,0.1,0.12,0.13,0.388,median_abs_audit_delta,sensitivity_only,UNVERIFIED
S3_replogle_k562_rl1,audit_delta,LAMTOR2,64,64,0.20230430364608765,0.11848394591304509,0.07559774816036224,0.05674479901790619,0.17766797542572021,0.2,0.26,0.23,0.304,median_abs_audit_delta,sensitivity_only,UNVERIFIED
S3_replogle_k562_rl1,audit_delta,LAS1L,75,75,0.1723814457654953,0.1041126124230032,0.06808479875326157,0.049845561385154724,0.19858378171920776,0.15,0.22,0.24,0.336,median_abs_audit_delta,sensitivity_only,UNVERIFIED
S3_replogle_k562_rl1,audit_delta,LTV1,259,259,0.2347261756658554,0.21789368570774742,0.09719015657901764,0.06219618394970894,0.3052715063095093,0.05,0.12,0.17,0.344,median_abs_audit_delta,sensitivity_only,UNVERIFIED
S3_replogle_k562_rl1,audit_delta,MAGOH,149,149,0.38638484477996826,0.2828058799178099,0.07259146869182587,0.04848823323845863,0.40624749660491943,0.1,0.12,0.15,0.192,median_abs_audit_delta,sensitivity_only,UNVERIFIED
S3_replogle_k562_rl1,audit_delta,MCM6,84,84,0.10389880836009979,0.0764337783323576,0.06859525293111801,0.0486271008849144,0.11623167991638184,0.25,0.32,0.25,0.376,median_abs_audit_delta,sensitivity_only,UNVERIFIED
S3_replogle_k562_rl1,audit_delta,MCMBP,141,141,0.1913401186466217,0.13214995950668476,0.06410246342420578,0.04418068379163742,0.1805480718612671,0.25,0.16,0.21,0.32,median_abs_audit_delta,sensitivity_only,UNVERIFIED
S3_replogle_k562_rl1,audit_delta,MDN1,68,68,0.18712690472602844,0.11045139197535736,0.07573006302118301,0.05566444247961044,0.18863016366958618,0.15,0.18,0.26,0.308,median_abs_audit_delta,sensitivity_only,UNVERIFIED
S3_replogle_k562_rl1,audit_delta,MED10,454,454,0.4677351415157318,0.35054721839402014,0.08536124229431152,0.053748149424791336,0.46406853199005127,0.1,0.08,0.11,0.188,median_abs_audit_delta,sensitivity_only,UNVERIFIED
S3_replogle_k562_rl1,audit_delta,MED12,567,567,0.5231611132621765,0.39394011036851345,0.1338784098625183,0.08284711837768555,0.5165144205093384,0.1,0.04,0.03,0.132,median_abs_audit_delta,sensitivity_only,UNVERIFIED
S3_replogle_k562_rl1,audit_delta,MIOS,160,160,0.25140079855918884,0.18605887604328583,0.05642187222838402,0.041284140199422836,0.21566545963287354,0.1,0.12,0.15,0.328,median_abs_audit_delta,sensitivity_only,UNVERIFIED
S3_replogle_k562_rl1,audit_delta,MRPL4,109,109,0.19912192225456238,0.16407977827100487,0.0579998753964901,0.04196944460272789,0.177886962890625,0.15,0.18,0.27,0.384,median_abs_audit_delta,sensitivity_only,UNVERIFIED
S3_replogle_k562_rl1,audit_delta,MRPL41,66,66,0.18425267934799194,0.126286958564571,0.06973391026258469,0.05234260857105255,0.1726011037826538,0.2,0.28,0.25,0.34,median_abs_audit_delta,sensitivity_only,UNVERIFIED
S3_replogle_k562_rl1,audit_delta,MRPL43,90,90,0.23053036630153656,0.16570256694801008,0.07010751962661743,0.04964548349380493,0.19389939308166504,0.0,0.06,0.12,0.328,median_abs_audit_delta,sensitivity_only,UNVERIFIED
S3_replogle_k562_rl1,audit_delta,MRPL49,36,36,0.16135527193546295,0.10619291675971666,0.10180050134658813,0.07543522864580154,0.15233886241912842,0.1,0.2,0.27,0.352,median_abs_audit_delta,sensitivity_only,UNVERIFIED
S3_replogle_k562_rl1,audit_delta,MRPS22,142,142,0.17319725453853607,0.12427138044882026,0.05378229543566704,0.04011385515332222,0.12737900018692017,0.2,0.16,0.3,0.352,median_abs_audit_delta,sensitivity_only,UNVERIFIED
S3_replogle_k562_rl1,audit_delta,MRPS26,111,111,0.1649792343378067,0.12011424721321812,0.05935914069414139,0.04305221885442734,0.17620611190795898,0.15,0.18,0.25,0.384,median_abs_audit_delta,sensitivity_only,UNVERIFIED
S3_replogle_k562_rl1,audit_delta,MRPS34,128,128,0.2669520080089569,0.19340373689535792,0.07467563450336456,0.05115266144275665,0.24538874626159668,0.05,0.1,0.17,0.264,median_abs_audit_delta,sensitivity_only,UNVERIFIED
S3_replogle_k562_rl1,audit_delta,N6AMT1,134,134,-0.04299522936344147,-0.03241935389110835,0.06617522984743118,0.048172105103731155,-0.056162357330322266,0.4,0.26,0.28,0.512,median_abs_audit_delta,sensitivity_only,UNVERIFIED
S3_replogle_k562_rl1,audit_delta,NAA15,107,107,0.2316414713859558,0.17109013933181794,0.061488907784223557,0.04466836526989937,0.2387722134590149,0.4,0.26,0.19,0.252,median_abs_audit_delta,sensitivity_only,UNVERIFIED
S3_replogle_k562_rl1,audit_delta,NAA20,158,158,0.20664891600608826,0.14331658231554248,0.05583968386054039,0.039628688246011734,0.20691227912902832,0.05,0.08,0.18,0.316,median_abs_audit_delta,sensitivity_only,UNVERIFIED
S3_replogle_k562_rl1,audit_delta,NAT10,28,28,0.04558360576629639,0.023440097162166447,0.12730158865451813,0.09351253509521484,0.029087483882904053,0.3,0.3,0.33,0.452,median_abs_audit_delta,sensitivity_only,UNVERIFIED
S3_replogle_k562_rl1,audit_delta,NCBP1,53,53,0.10256783664226532,0.08737359392694376,0.12592966854572296,0.08570533245801926,0.10612791776657104,0.25,0.2,0.27,0.436,median_abs_audit_delta,sensitivity_only,UNVERIFIED
S3_replogle_k562_rl1,audit_delta,NDC80,171,171,0.5298300981521606,0.3544725325319161,0.058378174901008606,0.04156927764415741,0.5156508088111877,0.0,0.02,0.07,0.108,median_abs_audit_delta,sensitivity_only,UNVERIFIED
S3_replogle_k562_rl1,audit_delta,NDUFA8,100,100,0.11026719957590103,0.053399695082550984,0.06053614988923073,0.04502442479133606,0.10624575614929199,0.05,0.14,0.17,0.384,median_abs_audit_delta,sensitivity_only,UNVERIFIED
S3_replogle_k562_rl1,audit_delta,NDUFB10,148,148,0.12642793357372284,0.08870744909281386,0.05395279824733734,0.039716992527246475,0.10376882553100586,0.35,0.32,0.27,0.376,median_abs_audit_delta,sensitivity_only,UNVERIFIED
S3_replogle_k562_rl1,audit_delta,NEDD8,191,191,0.13902318477630615,0.10393699884797444,0.08679750561714172,0.05581563711166382,0.14182710647583008,0.2,0.22,0.19,0.368,median_abs_audit_delta,sensitivity_only,UNVERIFIED
S3_replogle_k562_rl1,audit_delta,NELFB,125,125,0.343487024307251,0.26582019742956725,0.06526383757591248,0.04598289355635643,0.3505673408508301,0.1,0.14,0.16,0.244,median_abs_audit_delta,sensitivity_only,UNVERIFIED
S3_replogle_k562_rl1,audit_delta,NELFCD,174,174,-0.030082393437623978,-0.023168175664395135,0.06844881176948547,0.046745870262384415,-0.004648923873901367,0.1,0.18,0.24,0.528,median_abs_audit_delta,sensitivity_only,UNVERIFIED
S3_replogle_k562_rl1,audit_delta,NIFK,203,203,0.34762418270111084,0.27693422527060113,0.08718458563089371,0.05624047666788101,0.37337416410446167,0.1,0.16,0.17,0.248,median_abs_audit_delta,sensitivity_only,UNVERIFIED
S3_replogle_k562_rl1,audit_delta,NLE1,396,396,0.42698681354522705,0.32792260368425485,0.06892630457878113,0.04501374065876007,0.44485628604888916,0.0,0.02,0.09,0.196,median_abs_audit_delta,sensitivity_only,UNVERIFIED
S3_replogle_k562_rl1,audit_delta,NMD3,57,57,0.28019821643829346,0.17457841644751645,0.07846607267856598,0.05874001607298851,0.28062593936920166,0.2,0.16,0.23,0.268,median_abs_audit_delta,sensitivity_only,UNVERIFIED
S3_replogle_k562_rl1,audit_delta,NOL6,107,107,0.18306352198123932,0.1535278096881664,0.10685861855745316,0.07144174724817276,0.24643367528915405,0.05,0.12,0.17,0.368,median_abs_audit_delta,sensitivity_only,UNVERIFIED
S3_replogle_k562_rl1,audit_delta,NOP10,124,124,0.08954857289791107,0.06330223627072425,0.06645620614290237,0.04665842279791832,0.11947476863861084,0.35,0.2,0.23,0.38,median_abs_audit_delta,sensitivity_only,UNVERIFIED
S3_replogle_k562_rl1,audit_delta,NOP58,39,39,0.15131458640098572,0.09316853797121362,0.10927522927522659,0.07892603427171707,0.15263867378234863,0.1,0.26,0.32,0.336,median_abs_audit_delta,sensitivity_only,UNVERIFIED
S3_replogle_k562_rl1,audit_delta,NSA2,71,71,0.18347260355949402,0.10728988201959527,0.06925813853740692,0.051212623715400696,0.18556159734725952,0.3,0.32,0.3,0.344,median_abs_audit_delta,sensitivity_only,UNVERIFIED
S3_replogle_k562_rl1,audit_delta,NUFIP1,57,57,0.011684502474963665,0.01902759887356062,0.07563046365976334,0.05539668723940849,0.01763916015625,0.3,0.28,0.31,0.476,median_abs_audit_delta,sensitivity_only,UNVERIFIED
S3_replogle_k562_rl1,audit_delta,NUP107,237,237,0.45457032322883606,0.3369135368126274,0.08719830960035324,0.05759233236312866,0.4527473449707031,0.15,0.1,0.15,0.18,median_abs_audit_delta,sensitivity_only,UNVERIFIED
S3_replogle_k562_rl1,audit_delta,NUP98,410,410,0.5243036150932312,0.39493082748905983,0.06897085905075073,0.04559192433953285,0.5367758274078369,0.05,0.06,0.12,0.136,median_abs_audit_delta,sensitivity_only,UNVERIFIED
S3_replogle_k562_rl1,audit_delta,OGT,31,31,-0.012160873040556908,-0.00540749973642977,0.12732543051242828,0.090873122215271,-0.023074626922607422,0.35,0.34,0.25,0.556,median_abs_audit_delta,sensitivity_only,UNVERIFIED
S3_replogle_k562_rl1,audit_delta,PDCD2,59,59,0.02192818745970726,0.020793597424242943,0.08491294085979462,0.060182176530361176,0.026988089084625244,0.25,0.28,0.3,0.52,median_abs_audit_delta,sensitivity_only,UNVERIFIED
S3_replogle_k562_rl1,audit_delta,PES1,54,54,0.2077706754207611,0.1290600984325988,0.09548558294773102,0.06791171431541443,0.20650380849838257,0.05,0.16,0.15,0.308,median_abs_audit_delta,sensitivity_only,UNVERIFIED
S3_replogle_k562_rl1,audit_delta,PET117,80,80,0.015122352167963982,0.0036587639065261777,0.06989184767007828,0.05113565921783447,0.022728919982910156,0.2,0.16,0.25,0.456,median_abs_audit_delta,sensitivity_only,UNVERIFIED
S3_replogle_k562_rl1,audit_delta,PGPEP1,51,51,0.24857419729232788,0.18116223197953293,0.0862131416797638,0.06377451121807098,0.2465103268623352,0.15,0.22,0.25,0.304,median_abs_audit_delta,sensitivity_only,UNVERIFIED
S3_replogle_k562_rl1,audit_delta,PHB2,327,327,0.5500789880752563,0.4212749575634406,0.16320274770259857,0.09794171154499054,0.502528190612793,0.0,0.08,0.1,0.12,median_abs_audit_delta,sensitivity_only,UNVERIFIED
S3_replogle_k562_rl1,audit_delta,PMF1,255,255,0.4860398471355438,0.3443132338938469,0.04948849976062775,0.03533342108130455,0.43312621116638184,0.1,0.08,0.12,0.144,median_abs_audit_delta,sensitivity_only,UNVERIFIED
S3_replogle_k562_rl1,audit_delta,PMPCA,114,114,0.42770543694496155,0.2804651031907976,0.06951901316642761,0.048892393708229065,0.40829306840896606,0.1,0.04,0.05,0.12,median_abs_audit_delta,sensitivity_only,UNVERIFIED
S3_replogle_k562_rl1,audit_delta,POLD1,197,197,0.2182478904724121,0.15828953937917944,0.08661451190710068,0.05456163361668587,0.24715518951416016,0.05,0.06,0.08,0.276,median_abs_audit_delta,sensitivity_only,UNVERIFIED
S3_replogle_k562_rl1,audit_delta,POLD3,65,65,0.08787417411804199,0.07434761481390459,0.09604017436504364,0.06533888727426529,0.12562036514282227,0.15,0.16,0.21,0.404,median_abs_audit_delta,sensitivity_only,UNVERIFIED
S3_replogle_k562_rl1,audit_delta,POLR2I,179,179,0.5127962827682495,0.3753516576470748,0.12196516990661621,0.08030618727207184,0.4788525104522705,0.15,0.08,0.09,0.152,median_abs_audit_delta,sensitivity_only,UNVERIFIED
S3_replogle_k562_rl1,audit_delta,POLRMT,208,208,0.03857290744781494,0.050551911950569205,0.09230774641036987,0.042152922600507736,0.06349211931228638,0.2,0.2,0.21,0.416,median_abs_audit_delta,sensitivity_only,UNVERIFIED
S3_replogle_k562_rl1,audit_delta,POP1,82,82,0.21397076547145844,0.11479396649851371,0.07924679666757584,0.05616190284490585,0.2120169997215271,0.2,0.18,0.23,0.304,median_abs_audit_delta,sensitivity_only,UNVERIFIED
S3_replogle_k562_rl1,audit_delta,PPARGC1B,129,129,0.020461849868297577,0.0005206856368899078,0.060222525149583817,0.04383562505245209,0.035132765769958496,0.4,0.32,0.36,0.516,median_abs_audit_delta,sensitivity_only,UNVERIFIED
S3_replogle_k562_rl1,audit_delta,PPP1CA,85,85,0.10824549198150635,0.06632675392502936,0.07507702708244324,0.054734669625759125,0.08009034395217896,0.45,0.4,0.37,0.372,median_abs_audit_delta,sensitivity_only,UNVERIFIED
S3_replogle_k562_rl1,audit_delta,PPP4C,128,128,0.2933173179626465,0.2168842856189871,0.058051515370607376,0.042066290974617004,0.31577134132385254,0.05,0.2,0.16,0.24,median_abs_audit_delta,sensitivity_only,UNVERIFIED
S3_replogle_k562_rl1,audit_delta,PRIM1,151,151,0.3417311906814575,0.25228699787958964,0.0880499854683876,0.05839875340461731,0.3491380214691162,0.1,0.16,0.14,0.224,median_abs_audit_delta,sensitivity_only,UNVERIFIED
S3_replogle_k562_rl1,audit_delta,PRIM2,149,149,0.3372384011745453,0.24795213502803623,0.09363088011741638,0.06128896400332451,0.34723734855651855,0.1,0.1,0.14,0.184,median_abs_audit_delta,sensitivity_only,UNVERIFIED
S3_replogle_k562_rl1,audit_delta,PRPF19,98,98,0.38710904121398926,0.28784932962597315,0.08942142874002457,0.06209526211023331,0.3846309185028076,0.15,0.1,0.12,0.188,median_abs_audit_delta,sensitivity_only,UNVERIFIED
S3_replogle_k562_rl1,audit_delta,PRPF3,129,129,0.468702495098114,0.35065971025038833,0.11055353283882141,0.07351774722337723,0.4481149911880493,0.05,0.06,0.09,0.156,median_abs_audit_delta,sensitivity_only,UNVERIFIED
S3_replogle_k562_rl1,audit_delta,PRPF31,23,23,0.18357720971107483,0.12803869385754774,0.16440080106258392,0.12008894234895706,0.18834376335144043,0.2,0.26,0.28,0.28,median_abs_audit_delta,sensitivity_only,UNVERIFIED
S3_replogle_k562_rl1,audit_delta,PRPF4,101,101,0.42441990971565247,0.3077850773107899,0.10920388996601105,0.0744631215929985,0.3996347188949585,0.2,0.14,0.17,0.168,median_abs_audit_delta,sensitivity_only,UNVERIFIED
S3_replogle_k562_rl1,audit_delta,PRPF8,91,91,0.4042700529098511,0.28534457222063114,0.09173810482025146,0.06440235674381256,0.364898681640625,0.05,0.08,0.15,0.156,median_abs_audit_delta,sensitivity_only,UNVERIFIED
S3_replogle_k562_rl1,audit_delta,PSMB2,46,46,0.231231227517128,0.16033028404075514,0.1026221290230751,0.07449670135974884,0.23097294569015503,0.1,0.16,0.21,0.328,median_abs_audit_delta,sensitivity_only,UNVERIFIED
S3_replogle_k562_rl1,audit_delta,PSMB5,188,188,0.3793254494667053,0.2857578170326036,0.09119199961423874,0.05844639986753464,0.38393163681030273,0.05,0.06,0.07,0.256,median_abs_audit_delta,sensitivity_only,UNVERIFIED
S3_replogle_k562_rl1,audit_delta,PSMB6,111,111,0.35924679040908813,0.25702307339726,0.11097593605518341,0.07155603915452957,0.35339415073394775,0.1,0.08,0.1,0.244,median_abs_audit_delta,sensitivity_only,UNVERIFIED
S3_replogle_k562_rl1,audit_delta,PSMB7,219,219,0.3726411461830139,0.2671746667702233,0.06369273364543915,0.04378223419189453,0.34933793544769287,0.1,0.14,0.15,0.236,median_abs_audit_delta,sensitivity_only,UNVERIFIED
S3_replogle_k562_rl1,audit_delta,PSMD2,51,51,0.29430055618286133,0.20418941108447697,0.16600635647773743,0.11012879759073257,0.2943487763404846,0.1,0.08,0.09,0.224,median_abs_audit_delta,sensitivity_only,UNVERIFIED
S3_replogle_k562_rl1,audit_delta,PSMG3,324,324,0.18310600519180298,0.12036361591121081,0.04840292036533356,0.03558319807052612,0.13018327951431274,0.15,0.28,0.27,0.328,median_abs_audit_delta,sensitivity_only,UNVERIFIED
S3_replogle_k562_rl1,audit_delta,PSMG4,44,44,0.11569413542747498,0.07314855124945319,0.10123824328184128,0.07254417985677719,0.10791921615600586,0.25,0.28,0.25,0.46,median_abs_audit_delta,sensitivity_only,UNVERIFIED
S3_replogle_k562_rl1,audit_delta,PTBP1,106,106,0.24306386709213257,0.1891582372668693,0.07549627125263214,0.052658140659332275,0.2203342318534851,0.1,0.12,0.16,0.284,median_abs_audit_delta,sensitivity_only,UNVERIFIED
S3_replogle_k562_rl1,audit_delta,PWP2,51,51,0.052239783108234406,0.022088175187527002,0.10201937705278397,0.07400842010974884,0.0461655855178833,0.2,0.24,0.24,0.46,median_abs_audit_delta,sensitivity_only,UNVERIFIED
S3_replogle_k562_rl1,audit_delta,RACGAP1,162,162,0.4232190251350403,0.29412518928642056,0.04864954575896263,0.035702183842659,0.41444826126098633,0.05,0.08,0.1,0.144,median_abs_audit_delta,sensitivity_only,UNVERIFIED
S3_replogle_k562_rl1,audit_delta,RAD21,62,62,0.33677661418914795,0.24618248936484147,0.10149375349283218,0.06957556307315826,0.3379772901535034,0.05,0.1,0.11,0.248,median_abs_audit_delta,sensitivity_only,UNVERIFIED
S3_replogle_k562_rl1,audit_delta,RBM42,68,68,0.14370186626911163,0.08998590657543624,0.0812603160738945,0.05952377989888191,0.14155620336532593,0.15,0.14,0.22,0.3,median_abs_audit_delta,sensitivity_only,UNVERIFIED
S3_replogle_k562_rl1,audit_delta,RCC1,162,162,0.15485557913780212,0.09036892182709459,0.05723567679524422,0.042004503309726715,0.09451138973236084,0.15,0.22,0.21,0.34,median_abs_audit_delta,sensitivity_only,UNVERIFIED
S3_replogle_k562_rl1,audit_delta,RFC4,58,58,0.20228078961372375,0.13604236754422472,0.07964815199375153,0.05779493227601051,0.19777655601501465,0.1,0.08,0.3,0.312,median_abs_audit_delta,sensitivity_only,UNVERIFIED
S3_replogle_k562_rl1,audit_delta,RIOK1,290,290,0.20217061042785645,0.151137352808376,0.0822593942284584,0.05270984023809433,0.2501939535140991,0.15,0.18,0.24,0.364,median_abs_audit_delta,sensitivity_only,UNVERIFIED
S3_replogle_k562_rl1,audit_delta,RNF40,185,185,0.26870018243789673,0.21297150554797156,0.05809847265481949,0.04043196514248848,0.2479398250579834,0.3,0.26,0.24,0.296,median_abs_audit_delta,sensitivity_only,UNVERIFIED
S3_replogle_k562_rl1,audit_delta,RPA1,337,337,0.40098097920417786,0.2734245482461063,0.06191389262676239,0.044237975031137466,0.29182809591293335,0.1,0.16,0.14,0.2,median_abs_audit_delta,sensitivity_only,UNVERIFIED
S3_replogle_k562_rl1,audit_delta,RPA3,158,158,0.38805699348449707,0.2623090365466569,0.0774308443069458,0.05386900529265404,0.3627476692199707,0.05,0.02,0.11,0.18,median_abs_audit_delta,sensitivity_only,UNVERIFIED
S3_replogle_k562_rl1,audit_delta,RPAP1,88,88,0.29587510228157043,0.1968945748979594,0.09543617814779282,0.0655762255191803,0.29216551780700684,0.05,0.1,0.11,0.252,median_abs_audit_delta,sensitivity_only,UNVERIFIED
S3_replogle_k562_rl1,audit_delta,RPL12,179,179,0.5518854856491089,0.41282434882688174,0.10395314544439316,0.063829205930233,0.5551110506057739,0.0,0.02,0.04,0.064,median_abs_audit_delta,sensitivity_only,UNVERIFIED
S3_replogle_k562_rl1,audit_delta,RPL18A,51,51,0.2492419183254242,0.16537299714291984,0.09424217790365219,0.06949277967214584,0.24145013093948364,0.1,0.18,0.21,0.264,median_abs_audit_delta,sensitivity_only,UNVERIFIED
S3_replogle_k562_rl1,audit_delta,RPL23A,84,84,0.3445310592651367,0.2480913534715625,0.14445744454860687,0.09702461957931519,0.33600467443466187,0.2,0.16,0.18,0.224,median_abs_audit_delta,sensitivity_only,UNVERIFIED
S3_replogle_k562_rl1,audit_delta,RPL27,37,37,0.191397026181221,0.11780640932308371,0.1556185483932495,0.10980622470378876,0.10218799114227295,0.25,0.3,0.25,0.416,median_abs_audit_delta,sensitivity_only,UNVERIFIED
S3_replogle_k562_rl1,audit_delta,RPL30,301,301,0.4349653124809265,0.34692385767728046,0.09787970781326294,0.06328996270895004,0.4751436114311218,0.1,0.08,0.1,0.148,median_abs_audit_delta,sensitivity_only,UNVERIFIED
S3_replogle_k562_rl1,audit_delta,RPL34,242,242,0.4983689486980438,0.41076219688834614,0.12215956300497055,0.07676775008440018,0.5312790870666504,0.0,0.04,0.1,0.108,median_abs_audit_delta,sensitivity_only,UNVERIFIED
S3_replogle_k562_rl1,audit_delta,RPL35,35,35,0.1685742884874344,0.11738968833322226,0.1373065561056137,0.0979100838303566,0.14097732305526733,0.1,0.12,0.18,0.328,median_abs_audit_delta,sensitivity_only,UNVERIFIED
S3_replogle_k562_rl1,audit_delta,RPL5,140,140,0.42624324560165405,0.3289097707243908,0.11700300872325897,0.07795639336109161,0.4565361738204956,0.25,0.14,0.12,0.176,median_abs_audit_delta,sensitivity_only,UNVERIFIED
S3_replogle_k562_rl1,audit_delta,RPS11,227,227,0.30623313784599304,0.2618702551788102,0.1143796443939209,0.07133042067289352,0.3613152503967285,0.2,0.18,0.19,0.284,median_abs_audit_delta,sensitivity_only,UNVERIFIED
S3_replogle_k562_rl1,audit_delta,RPS17,153,153,0.2214902937412262,0.16636131541843063,0.09803073853254318,0.06483584642410278,0.25374794006347656,0.2,0.22,0.24,0.344,median_abs_audit_delta,sensitivity_only,UNVERIFIED
S3_replogle_k562_rl1,audit_delta,RPS23,92,92,0.18422941863536835,0.14725851632234063,0.12662865221500397,0.08648268133401871,0.20106500387191772,0.3,0.34,0.27,0.372,median_abs_audit_delta,sensitivity_only,UNVERIFIED
S3_replogle_k562_rl1,audit_delta,RPS24,204,204,0.2804501950740814,0.22888590398791595,0.12284067273139954,0.08116316795349121,0.33883148431777954,0.1,0.14,0.22,0.308,median_abs_audit_delta,sensitivity_only,UNVERIFIED
S3_replogle_k562_rl1,audit_delta,RPS27A,82,82,0.20992672443389893,0.16651565481661532,0.1301100254058838,0.08997842669487,0.22512072324752808,0.4,0.26,0.28,0.372,median_abs_audit_delta,sensitivity_only,UNVERIFIED
S3_replogle_k562_rl1,audit_delta,RPS29,208,208,0.30917394161224365,0.24696103032229536,0.10051825642585754,0.06682208180427551,0.3527114987373352,0.2,0.16,0.19,0.3,median_abs_audit_delta,sensitivity_only,UNVERIFIED
S3_replogle_k562_rl1,audit_delta,RPS4X,168,168,0.2287437617778778,0.2025976304273546,0.1365930438041687,0.08776606619358063,0.2858086824417114,0.2,0.26,0.28,0.38,median_abs_audit_delta,sensitivity_only,UNVERIFIED
S3_replogle_k562_rl1,audit_delta,RPS9,210,210,0.3185994029045105,0.2587678858573467,0.11268588900566101,0.070932537317276,0.3713570833206177,0.3,0.24,0.23,0.272,median_abs_audit_delta,sensitivity_only,UNVERIFIED
S3_replogle_k562_rl1,audit_delta,RRP1,90,90,0.3006143569946289,0.19399403250972888,0.06569843739271164,0.04839419201016426,0.29571181535720825,0.15,0.16,0.19,0.26,median_abs_audit_delta,sensitivity_only,UNVERIFIED
S3_replogle_k562_rl1,audit_delta,RRP7A,40,40,0.13414880633354187,0.09082653406942105,0.10859888792037964,0.07902507483959198,0.1365748643875122,0.2,0.22,0.29,0.412,median_abs_audit_delta,sensitivity_only,UNVERIFIED
S3_replogle_k562_rl1,audit_delta,SARS2,150,150,0.16857577860355377,0.12514882529897803,0.05941374599933624,0.043706975877285004,0.1273888349533081,0.3,0.24,0.21,0.38,median_abs_audit_delta,sensitivity_only,UNVERIFIED
S3_replogle_k562_rl1,audit_delta,SART1,247,247,0.5019961595535278,0.34280825128946707,0.08936391770839691,0.060994964092969894,0.42806410789489746,0.0,0.02,0.07,0.124,median_abs_audit_delta,sensitivity_only,UNVERIFIED
S3_replogle_k562_rl1,audit_delta,SCFD1,103,103,0.323405921459198,0.22079234906618905,0.06258101016283035,0.04572806879878044,0.3187081813812256,0.15,0.18,0.21,0.232,median_abs_audit_delta,sensitivity_only,UNVERIFIED
S3_replogle_k562_rl1,audit_delta,SDHC,91,91,0.12487925589084625,0.08652637656920832,0.0672968327999115,0.04951345920562744,0.11770910024642944,0.35,0.34,0.31,0.38,median_abs_audit_delta,sensitivity_only,UNVERIFIED
S3_replogle_k562_rl1,audit_delta,SEH1L,59,59,0.22667710483074188,0.13997121387420788,0.08706413209438324,0.06453967839479446,0.2047712802886963,0.1,0.1,0.21,0.264,median_abs_audit_delta,sensitivity_only,UNVERIFIED
S3_replogle_k562_rl1,audit_delta,SERBP1,87,87,0.035320915281772614,0.01492696451815332,0.07051829993724823,0.051956284791231155,0.03630763292312622,0.15,0.16,0.22,0.472,median_abs_audit_delta,sensitivity_only,UNVERIFIED
S3_replogle_k562_rl1,audit_delta,SF3A1,165,165,0.3650054335594177,0.2513773279192254,0.06075037643313408,0.04522296041250229,0.2524188756942749,0.05,0.2,0.19,0.232,median_abs_audit_delta,sensitivity_only,UNVERIFIED
S3_replogle_k562_rl1,audit_delta,SF3A2,236,236,0.5511786341667175,0.4204955119600042,0.07716932147741318,0.05242019519209862,0.5587673783302307,0.0,0.0,0.03,0.108,median_abs_audit_delta,sensitivity_only,UNVERIFIED
S3_replogle_k562_rl1,audit_delta,SFPQ,209,209,0.33962586522102356,0.23363977718641316,0.17034853994846344,0.10818994045257568,0.2353028655052185,0.05,0.06,0.08,0.292,median_abs_audit_delta,sensitivity_only,UNVERIFIED
S3_replogle_k562_rl1,audit_delta,SKP1,64,64,0.11330759525299072,0.07642410675479845,0.09041950851678848,0.06576701998710632,0.09867453575134277,0.25,0.34,0.3,0.364,median_abs_audit_delta,sensitivity_only,UNVERIFIED
S3_replogle_k562_rl1,audit_delta,SLBP,63,63,0.1133364886045456,0.09121786325528221,0.1195603683590889,0.07581685483455658,0.12025254964828491,0.1,0.12,0.18,0.376,median_abs_audit_delta,sensitivity_only,UNVERIFIED
S3_replogle_k562_rl1,audit_delta,SMARCB1,118,118,0.05925691872835159,0.05269133500491799,0.05904523283243179,0.04288254305720329,0.057605743408203125,0.35,0.28,0.26,0.424,median_abs_audit_delta,sensitivity_only,UNVERIFIED
S3_replogle_k562_rl1,audit_delta,SMN2,319,319,0.5923508405685425,0.4573946893956975,0.11049507558345795,0.07167370617389679,0.5376884341239929,0.0,0.0,0.03,0.1,median_abs_audit_delta,sensitivity_only,UNVERIFIED
S3_replogle_k562_rl1,audit_delta,SNRPA1,79,79,0.4423869848251343,0.2907210401958189,0.1655787080526352,0.11492858827114105,0.40190839767456055,0.1,0.04,0.04,0.164,median_abs_audit_delta,sensitivity_only,UNVERIFIED
S3_replogle_k562_rl1,audit_delta,SNRPB,112,112,0.5615068674087524,0.40675773687207173,0.11751870065927505,0.07961145788431168,0.5070074796676636,0.0,0.04,0.06,0.092,median_abs_audit_delta,sensitivity_only,UNVERIFIED
S3_replogle_k562_rl1,audit_delta,SNRPD1,112,112,0.5868442058563232,0.43596249076588894,0.14999932050704956,0.09805887192487717,0.558135449886322,0.0,0.04,0.06,0.084,median_abs_audit_delta,sensitivity_only,UNVERIFIED
S3_replogle_k562_rl1,audit_delta,SNRPG,327,327,0.5942524671554565,0.4735449933051648,0.08629249036312103,0.05732513964176178,0.5797443389892578,0.0,0.04,0.09,0.088,median_abs_audit_delta,sensitivity_only,UNVERIFIED
S3_replogle_k562_rl1,audit_delta,SPC25,181,181,0.5665550827980042,0.4065607738277033,0.10204590111970901,0.06658346205949783,0.5446612238883972,0.0,0.02,0.1,0.092,median_abs_audit_delta,sensitivity_only,UNVERIFIED
S3_replogle_k562_rl1,audit_delta,SRFBP1,73,73,0.16313202679157257,0.10752611806620596,0.08103609085083008,0.0571817122399807,0.18136727809906006,0.4,0.3,0.27,0.396,median_abs_audit_delta,sensitivity_only,UNVERIFIED
S3_replogle_k562_rl1,audit_delta,SRRT,260,260,0.32060158252716064,0.2501212160908516,0.11824212968349457,0.07515181601047516,0.2787822484970093,0.1,0.12,0.12,0.272,median_abs_audit_delta,sensitivity_only,UNVERIFIED
S3_replogle_k562_rl1,audit_delta,SSRP1,473,473,0.45821791887283325,0.32489306049151984,0.09052084386348724,0.06009130924940109,0.4089919328689575,0.05,0.06,0.11,0.204,median_abs_audit_delta,sensitivity_only,UNVERIFIED
S3_replogle_k562_rl1,audit_delta,SSU72,68,68,0.3048230707645416,0.2033231816084463,0.08051832020282745,0.05791929364204407,0.30072951316833496,0.0,0.06,0.1,0.224,median_abs_audit_delta,sensitivity_only,UNVERIFIED
S3_replogle_k562_rl1,audit_delta,STARD7,98,98,0.08942282944917679,0.04986607591583982,0.06555040925741196,0.04713386297225952,0.08367669582366943,0.3,0.3,0.26,0.432,median_abs_audit_delta,sensitivity_only,UNVERIFIED
S3_replogle_k562_rl1,audit_delta,SUPT16H,84,84,0.3895984888076782,0.26956716831256516,0.1400178223848343,0.09600266814231873,0.36121898889541626,0.05,0.04,0.08,0.228,median_abs_audit_delta,sensitivity_only,UNVERIFIED
S3_replogle_k562_rl1,audit_delta,SUPV3L1,74,74,0.13982583582401276,0.13038888982981428,0.0830027237534523,0.0527152419090271,0.13843905925750732,0.25,0.2,0.24,0.284,median_abs_audit_delta,sensitivity_only,UNVERIFIED
S3_replogle_k562_rl1,audit_delta,TCERG1,93,93,0.2368469387292862,0.16677861998714746,0.07064184546470642,0.052164867520332336,0.2409301996231079,0.0,0.12,0.18,0.26,median_abs_audit_delta,sensitivity_only,UNVERIFIED
S3_replogle_k562_rl1,audit_delta,TCP1,63,63,0.31577861309051514,0.22945134776008125,0.09944526106119156,0.06891884654760361,0.31459665298461914,0.0,0.08,0.1,0.22,median_abs_audit_delta,sensitivity_only,UNVERIFIED
S3_replogle_k562_rl1,audit_delta,TEFM,192,192,0.03528329357504845,0.04396284243473413,0.07080186158418655,0.0397329106926918,0.09545546770095825,0.2,0.28,0.27,0.368,median_abs_audit_delta,sensitivity_only,UNVERIFIED
S3_replogle_k562_rl1,audit_delta,TERF2,47,47,0.31763485074043274,0.22207926615250054,0.09444927424192429,0.06937410682439804,0.3136640787124634,0.1,0.16,0.19,0.196,median_abs_audit_delta,sensitivity_only,UNVERIFIED
S3_replogle_k562_rl1,audit_delta,TFDP1,140,140,0.04624663665890694,0.03318115875283906,0.06628817319869995,0.04668698087334633,0.06188774108886719,0.15,0.14,0.26,0.444,median_abs_audit_delta,sensitivity_only,UNVERIFIED
S3_replogle_k562_rl1,audit_delta,TFIP11,58,58,0.203322634100914,0.13015250451147117,0.08396967500448227,0.06349265575408936,0.19404613971710205,0.1,0.08,0.14,0.244,median_abs_audit_delta,sensitivity_only,UNVERIFIED
S3_replogle_k562_rl1,audit_delta,THAP1,107,107,0.19894534349441528,0.13163655464778076,0.07347340136766434,0.05221499502658844,0.18027853965759277,0.1,0.08,0.12,0.348,median_abs_audit_delta,sensitivity_only,UNVERIFIED
S3_replogle_k562_rl1,audit_delta,THAP11,60,60,0.05279139429330826,0.03938596396132909,0.07652675360441208,0.057288169860839844,0.04890376329421997,0.35,0.26,0.24,0.38,median_abs_audit_delta,sensitivity_only,UNVERIFIED
S3_replogle_k562_rl1,audit_delta,TIMM23B,480,480,0.5646515488624573,0.4302975467835376,0.11287973076105118,0.06863526254892349,0.5197703838348389,0.0,0.0,0.04,0.1,median_abs_audit_delta,sensitivity_only,UNVERIFIED
S3_replogle_k562_rl1,audit_delta,TMA16,163,163,0.21207371354103088,0.13090034704058032,0.053915493190288544,0.03959621489048004,0.20124518871307373,0.15,0.22,0.23,0.312,median_abs_audit_delta,sensitivity_only,UNVERIFIED
S3_replogle_k562_rl1,audit_delta,TNPO3,89,89,0.09589334577322006,0.09708529531440196,0.08069992065429688,0.05681842193007469,0.06794619560241699,0.4,0.32,0.35,0.424,median_abs_audit_delta,sensitivity_only,UNVERIFIED
S3_replogle_k562_rl1,audit_delta,TOP1,91,91,0.10961207747459412,0.09293555555965267,0.07593569159507751,0.05379119887948036,0.12942683696746826,0.2,0.24,0.28,0.376,median_abs_audit_delta,sensitivity_only,UNVERIFIED
S3_replogle_k562_rl1,audit_delta,TRA2B,139,139,0.1869780570268631,0.17316918391523556,0.07130264490842819,0.047176655381917953,0.17571592330932617,0.1,0.12,0.18,0.328,median_abs_audit_delta,sensitivity_only,UNVERIFIED
S3_replogle_k562_rl1,audit_delta,TREX2,275,275,0.5149540901184082,0.36987946626180995,0.04708601534366608,0.033165425062179565,0.4970657229423523,0.1,0.04,0.06,0.128,median_abs_audit_delta,sensitivity_only,UNVERIFIED
S3_replogle_k562_rl1,audit_delta,TRMT112,179,179,0.1025097519159317,0.08665458923658212,0.07572604715824127,0.04900246486067772,0.14698708057403564,0.1,0.2,0.23,0.42,median_abs_audit_delta,sensitivity_only,UNVERIFIED
S3_replogle_k562_rl1,audit_delta,TRRAP,387,387,0.33476245403289795,0.2943342280114971,0.09240616112947464,0.05629728361964226,0.3661520481109619,0.0,0.14,0.12,0.272,median_abs_audit_delta,sensitivity_only,UNVERIFIED
S3_replogle_k562_rl1,audit_delta,TUT1,187,187,0.2892734706401825,0.20559342416347398,0.044406305998563766,0.032969098538160324,0.2855592370033264,0.15,0.08,0.18,0.24,median_abs_audit_delta,sensitivity_only,UNVERIFIED
S3_replogle_k562_rl1,audit_delta,UBA1,251,251,0.31009596586227417,0.22849582112428454,0.1058451309800148,0.06914462149143219,0.32118386030197144,0.15,0.14,0.15,0.248,median_abs_audit_delta,sensitivity_only,UNVERIFIED
S3_replogle_k562_rl1,audit_delta,UBE2I,45,45,0.19231027364730835,0.14058219102540956,0.09045995771884918,0.06423558294773102,0.19291269779205322,0.1,0.12,0.16,0.332,median_abs_audit_delta,sensitivity_only,UNVERIFIED
S3_replogle_k562_rl1,audit_delta,UQCRB,92,92,0.19892928004264832,0.14479885001595397,0.06298239529132843,0.047035977244377136,0.16758692264556885,0.1,0.18,0.26,0.32,median_abs_audit_delta,sensitivity_only,UNVERIFIED
S3_replogle_k562_rl1,audit_delta,UTP15,139,139,0.26655739545822144,0.2352865164740482,0.10740909725427628,0.06965930759906769,0.30142688751220703,0.1,0.1,0.18,0.272,median_abs_audit_delta,sensitivity_only,UNVERIFIED
S3_replogle_k562_rl1,audit_delta,UTP6,64,64,0.0697583556175232,0.05863663698687276,0.10466233640909195,0.07293172925710678,0.0945056676864624,0.15,0.24,0.24,0.416,median_abs_audit_delta,sensitivity_only,UNVERIFIED
S3_replogle_k562_rl1,audit_delta,VPS29,146,146,0.19448968768119812,0.14453550002488885,0.07088013738393784,0.04954949766397476,0.147536039352417,0.15,0.22,0.16,0.328,median_abs_audit_delta,sensitivity_only,UNVERIFIED
S3_replogle_k562_rl1,audit_delta,WDR12,174,174,0.3392275869846344,0.2312420728656829,0.07477418333292007,0.05059516429901123,0.36176812648773193,0.05,0.12,0.14,0.212,median_abs_audit_delta,sensitivity_only,UNVERIFIED
S3_replogle_k562_rl1,audit_delta,XPO1,162,162,0.5272895097732544,0.3684996006368281,0.11568455398082733,0.07308243215084076,0.49605947732925415,0.1,0.1,0.06,0.104,median_abs_audit_delta,sensitivity_only,UNVERIFIED
S3_replogle_k562_rl1,audit_delta,XRN2,57,57,0.20194783806800842,0.13834734390521408,0.07986550778150558,0.05940120294690132,0.201299786567688,0.15,0.18,0.23,0.328,median_abs_audit_delta,sensitivity_only,UNVERIFIED
S3_replogle_k562_rl1,audit_delta,ZNF207,122,122,0.3894785940647125,0.2865825069513002,0.06494063138961792,0.04678727686405182,0.4002028703689575,0.0,0.1,0.18,0.172,median_abs_audit_delta,sensitivity_only,UNVERIFIED
S3_replogle_k562_rl1,audit_delta,ZNHIT6,116,116,0.017747461795806885,0.023350058279123127,0.07280444353818893,0.049288421869277954,0.04099118709564209,0.4,0.3,0.25,0.472,median_abs_audit_delta,sensitivity_only,UNVERIFIED
S3_replogle_k562_rl1,gears_raw,ABCE1,207,207,0.40780550241470337,0.2856325073361555,0.10128442943096161,0.06818205863237381,0.3977961540222168,0.1,0.08,0.14,0.18,median_abs_raw_delta,sensitivity_only,UNVERIFIED
S3_replogle_k562_rl1,gears_raw,ACTR6,104,104,-0.08611080050468445,-0.055430597969205936,0.06656378507614136,0.04894092306494713,-0.07970082759857178,0.1,0.24,0.26,0.52,median_abs_raw_delta,sensitivity_only,UNVERIFIED
S3_replogle_k562_rl1,gears_raw,ACTR8,242,242,0.1574086993932724,0.09772479540168262,0.05771162733435631,0.03915512189269066,0.1568739414215088,0.1,0.22,0.22,0.38,median_abs_raw_delta,sensitivity_only,UNVERIFIED
S3_replogle_k562_rl1,gears_raw,ALG13,167,167,0.12985220551490784,0.10454482883433854,0.04754527285695076,0.03435513377189636,0.12960880994796753,0.15,0.24,0.31,0.38,median_abs_raw_delta,sensitivity_only,UNVERIFIED
S3_replogle_k562_rl1,gears_raw,ARCN1,214,214,0.4135153293609619,0.2874418013605706,0.06215689703822136,0.04194198176264763,0.4081316590309143,0.05,0.04,0.06,0.116,median_abs_raw_delta,sensitivity_only,UNVERIFIED
S3_replogle_k562_rl1,gears_raw,ATP6AP1,114,114,0.1593276560306549,0.09465097703403907,0.060502294450998306,0.04374989867210388,0.1590421199798584,0.2,0.2,0.28,0.328,median_abs_raw_delta,sensitivity_only,UNVERIFIED
S3_replogle_k562_rl1,gears_raw,ATP6V1A,89,89,0.05678166449069977,0.055860616161127925,0.06616723537445068,0.046458568423986435,0.04850614070892334,0.25,0.28,0.28,0.428,median_abs_raw_delta,sensitivity_only,UNVERIFIED
S3_replogle_k562_rl1,gears_raw,BRIX1,109,109,0.27909985184669495,0.18727379155495164,0.0799470990896225,0.05546252429485321,0.26894891262054443,0.1,0.18,0.17,0.26,median_abs_raw_delta,sensitivity_only,UNVERIFIED
S3_replogle_k562_rl1,gears_raw,CCNH,75,75,0.1721697300672531,0.10246167606892613,0.07903801649808884,0.05672036111354828,0.15754574537277222,0.0,0.06,0.12,0.4,median_abs_raw_delta,sensitivity_only,UNVERIFIED
S3_replogle_k562_rl1,gears_raw,CCNK,211,211,0.1323734074831009,0.08322546095098997,0.04598032310605049,0.032535161823034286,0.1313726305961609,0.15,0.22,0.18,0.42,median_abs_raw_delta,sensitivity_only,UNVERIFIED
S3_replogle_k562_rl1,gears_raw,CCT3,217,217,0.22475603222846985,0.17702286756516325,0.07979068160057068,0.05210849642753601,0.2051788568496704,0.1,0.18,0.2,0.344,median_abs_raw_delta,sensitivity_only,UNVERIFIED
S3_replogle_k562_rl1,gears_raw,CCT5,63,63,0.14340120553970337,0.07707412086636396,0.09223553538322449,0.06613493710756302,0.1413387656211853,0.1,0.12,0.23,0.328,median_abs_raw_delta,sensitivity_only,UNVERIFIED
S3_replogle_k562_rl1,gears_raw,CCT7,141,141,0.21564120054244995,0.1376873170981017,0.09575557708740234,0.06318920850753784,0.21361196041107178,0.1,0.1,0.13,0.28,median_abs_raw_delta,sensitivity_only,UNVERIFIED
S3_replogle_k562_rl1,gears_raw,CDC73,140,140,0.21846002340316772,0.16223363468913257,0.13414379954338074,0.08782899379730225,0.2066023349761963,0.25,0.22,0.23,0.224,median_abs_raw_delta,sensitivity_only,UNVERIFIED
S3_replogle_k562_rl1,gears_raw,CENPJ,265,265,0.35053884983062744,0.250440886533699,0.06787265837192535,0.0429302416741848,0.3557403087615967,0.05,0.08,0.15,0.24,median_abs_raw_delta,sensitivity_only,UNVERIFIED
S3_replogle_k562_rl1,gears_raw,CHMP3,119,119,0.1702190637588501,0.12397467530093777,0.17162270843982697,0.10494162887334824,0.16552335023880005,0.15,0.32,0.3,0.36,median_abs_raw_delta,sensitivity_only,UNVERIFIED
S3_replogle_k562_rl1,gears_raw,CIAPIN1,139,139,0.1790868639945984,0.12753925025899665,0.06279109418392181,0.04277453199028969,0.15733468532562256,0.2,0.16,0.2,0.364,median_abs_raw_delta,sensitivity_only,UNVERIFIED
S3_replogle_k562_rl1,gears_raw,CKAP5,159,159,0.238409161567688,0.17142377616117943,0.05295689031481743,0.03729686513543129,0.20511823892593384,0.15,0.2,0.22,0.22,median_abs_raw_delta,sensitivity_only,UNVERIFIED
S3_replogle_k562_rl1,gears_raw,CNIH4,65,65,0.0783744752407074,0.037860724733154966,0.07856006920337677,0.05748070031404495,0.07300448417663574,0.25,0.3,0.23,0.432,median_abs_raw_delta,sensitivity_only,UNVERIFIED
S3_replogle_k562_rl1,gears_raw,CPSF1,48,48,0.11362963914871216,0.07313335847733432,0.09606941044330597,0.06995110213756561,0.13986754417419434,0.15,0.24,0.24,0.34,median_abs_raw_delta,sensitivity_only,UNVERIFIED
S3_replogle_k562_rl1,gears_raw,CPSF6,43,43,0.057234592735767365,0.03093659288694867,0.12639270722866058,0.09020437300205231,0.0076863765716552734,0.3,0.34,0.31,0.488,median_abs_raw_delta,sensitivity_only,UNVERIFIED
S3_replogle_k562_rl1,gears_raw,CXXC1,115,115,0.23886553943157196,0.16867662316325785,0.07929621636867523,0.05351961776614189,0.2254766821861267,0.05,0.14,0.22,0.344,median_abs_raw_delta,sensitivity_only,UNVERIFIED
S3_replogle_k562_rl1,gears_raw,CYCS,160,160,0.13102386891841888,0.10114519879151786,0.051160044968128204,0.033531080931425095,0.12521445751190186,0.05,0.12,0.23,0.316,median_abs_raw_delta,sensitivity_only,UNVERIFIED
S3_replogle_k562_rl1,gears_raw,DBR1,96,96,0.08361563086509705,0.050988325847533024,0.08249573409557343,0.060264915227890015,0.10398948192596436,0.2,0.26,0.27,0.396,median_abs_raw_delta,sensitivity_only,UNVERIFIED
S3_replogle_k562_rl1,gears_raw,DDB1,85,85,0.15495635569095612,0.09908039077034943,0.06533512473106384,0.04808197170495987,0.14870500564575195,0.2,0.2,0.19,0.356,median_abs_raw_delta,sensitivity_only,UNVERIFIED
S3_replogle_k562_rl1,gears_raw,DDX24,230,230,0.33348584175109863,0.23523006040213898,0.08495866507291794,0.055207572877407074,0.3411984443664551,0.15,0.18,0.17,0.232,median_abs_raw_delta,sensitivity_only,UNVERIFIED
S3_replogle_k562_rl1,gears_raw,DDX46,140,140,0.20608550310134888,0.14153397230815254,0.0816904827952385,0.056052472442388535,0.20509791374206543,0.2,0.18,0.2,0.356,median_abs_raw_delta,sensitivity_only,UNVERIFIED
S3_replogle_k562_rl1,gears_raw,DDX47,313,313,0.16686679422855377,0.10771351833229612,0.10751499980688095,0.07130809128284454,0.16742777824401855,0.25,0.22,0.25,0.368,median_abs_raw_delta,sensitivity_only,UNVERIFIED
S3_replogle_k562_rl1,gears_raw,DHODH,207,207,0.06012120842933655,0.037810884939157775,0.044341038912534714,0.0315261073410511,0.05608856678009033,0.15,0.18,0.22,0.496,median_abs_raw_delta,sensitivity_only,UNVERIFIED
S3_replogle_k562_rl1,gears_raw,DHX33,127,127,0.18572266399860382,0.11801505405143452,0.05232783406972885,0.03798048198223114,0.18462461233139038,0.05,0.22,0.27,0.284,median_abs_raw_delta,sensitivity_only,UNVERIFIED
S3_replogle_k562_rl1,gears_raw,DICER1,153,153,0.11101220548152924,0.0730873573945107,0.04904165863990784,0.03594183921813965,0.11609864234924316,0.3,0.3,0.35,0.364,median_abs_raw_delta,sensitivity_only,UNVERIFIED
S3_replogle_k562_rl1,gears_raw,DNTTIP2,235,235,0.29837146401405334,0.16573778948546694,0.09988578408956528,0.06645503640174866,0.28217577934265137,0.25,0.14,0.11,0.3,median_abs_raw_delta,sensitivity_only,UNVERIFIED
S3_replogle_k562_rl1,gears_raw,DYNC1H1,217,217,0.49267908930778503,0.3525764408550576,0.04799399524927139,0.0332549549639225,0.49234461784362793,0.0,0.06,0.07,0.088,median_abs_raw_delta,sensitivity_only,UNVERIFIED
S3_replogle_k562_rl1,gears_raw,DYNLL1,57,57,0.0544111505150795,0.04625096652425871,0.08113880455493927,0.056649744510650635,0.06346786022186279,0.05,0.16,0.24,0.42,median_abs_raw_delta,sensitivity_only,UNVERIFIED
S3_replogle_k562_rl1,gears_raw,EEF1G,170,170,0.15506844222545624,0.11052200991418543,0.06166908144950867,0.042173173278570175,0.14936316013336182,0.2,0.24,0.19,0.352,median_abs_raw_delta,sensitivity_only,UNVERIFIED
S3_replogle_k562_rl1,gears_raw,EIF2S2,77,77,0.14900840818881989,0.10694784418191376,0.09751629829406738,0.06462983042001724,0.13510048389434814,0.1,0.14,0.21,0.412,median_abs_raw_delta,sensitivity_only,UNVERIFIED
S3_replogle_k562_rl1,gears_raw,EIF3E,165,165,0.19617056846618652,0.1324465413873978,0.10443920642137527,0.06750138849020004,0.18738698959350586,0.35,0.26,0.22,0.268,median_abs_raw_delta,sensitivity_only,UNVERIFIED
S3_replogle_k562_rl1,gears_raw,EIF3I,42,42,0.18351975083351135,0.1254952473908218,0.11460968106985092,0.08175991475582123,0.1469869613647461,0.25,0.18,0.2,0.348,median_abs_raw_delta,sensitivity_only,UNVERIFIED
S3_replogle_k562_rl1,gears_raw,ERCC2,116,116,0.09243325889110565,0.07967302121439376,0.06538862735033035,0.04613688588142395,0.08870202302932739,0.1,0.2,0.19,0.432,median_abs_raw_delta,sensitivity_only,UNVERIFIED
S3_replogle_k562_rl1,gears_raw,EXOSC8,118,118,0.2306002378463745,0.1766014042202946,0.11441633105278015,0.06898681819438934,0.22823584079742432,0.05,0.12,0.12,0.264,median_abs_raw_delta,sensitivity_only,UNVERIFIED
S3_replogle_k562_rl1,gears_raw,EXOSC9,30,30,0.0770401582121849,0.05391509448048567,0.1486877053976059,0.10352794080972672,0.0751715898513794,0.15,0.24,0.3,0.408,median_abs_raw_delta,sensitivity_only,UNVERIFIED
S3_replogle_k562_rl1,gears_raw,FAM136A,45,45,0.12881232798099518,0.08844515595592892,0.14570336043834686,0.10141387581825256,0.11782944202423096,0.1,0.22,0.24,0.412,median_abs_raw_delta,sensitivity_only,UNVERIFIED
S3_replogle_k562_rl1,gears_raw,FAM32A,332,332,0.36533159017562866,0.26808028308807913,0.07204370945692062,0.048523951321840286,0.3436836004257202,0.05,0.02,0.07,0.212,median_abs_raw_delta,sensitivity_only,UNVERIFIED
S3_replogle_k562_rl1,gears_raw,FASTKD5,182,182,-0.03411727771162987,0.008534129573570004,0.05592945218086243,0.032924629747867584,-0.034161925315856934,0.0,0.12,0.17,0.568,median_abs_raw_delta,sensitivity_only,UNVERIFIED
S3_replogle_k562_rl1,gears_raw,FBXO5,233,233,0.03252246975898743,0.0320636496856241,0.04102450609207153,0.028924191370606422,0.03706216812133789,0.15,0.24,0.27,0.488,median_abs_raw_delta,sensitivity_only,UNVERIFIED
S3_replogle_k562_rl1,gears_raw,GATA1,95,95,0.39206376671791077,0.2599938778877551,0.22293266654014587,0.1390133798122406,0.39279454946517944,0.0,0.04,0.09,0.156,median_abs_raw_delta,sensitivity_only,UNVERIFIED
S3_replogle_k562_rl1,gears_raw,GINS2,130,130,0.2350013554096222,0.16694158692169644,0.08200937509536743,0.05597388744354248,0.21910619735717773,0.15,0.16,0.19,0.344,median_abs_raw_delta,sensitivity_only,UNVERIFIED
S3_replogle_k562_rl1,gears_raw,GINS3,98,98,0.17103081941604614,0.12700213496808538,0.06780822575092316,0.048272907733917236,0.15175378322601318,0.25,0.34,0.26,0.328,median_abs_raw_delta,sensitivity_only,UNVERIFIED
S3_replogle_k562_rl1,gears_raw,GINS4,58,58,0.1556098759174347,0.10217883370805794,0.09443796426057816,0.06822171807289124,0.12642472982406616,0.25,0.16,0.22,0.456,median_abs_raw_delta,sensitivity_only,UNVERIFIED
S3_replogle_k562_rl1,gears_raw,GPS1,372,372,0.22353464365005493,0.14787398412825326,0.04988342523574829,0.03411087393760681,0.20115172863006592,0.2,0.18,0.24,0.3,median_abs_raw_delta,sensitivity_only,UNVERIFIED
S3_replogle_k562_rl1,gears_raw,GRB2,53,53,0.07503129541873932,0.0475537183067139,0.07709468901157379,0.05737116560339928,0.07864761352539062,0.3,0.32,0.32,0.46,median_abs_raw_delta,sensitivity_only,UNVERIFIED
S3_replogle_k562_rl1,gears_raw,GTF3C3,129,129,0.07827118039131165,0.04244630627894581,0.05154087394475937,0.03824953734874725,0.07962405681610107,0.3,0.32,0.34,0.404,median_abs_raw_delta,sensitivity_only,UNVERIFIED
S3_replogle_k562_rl1,gears_raw,HARS,263,263,0.3187795579433441,0.21323857128089604,0.12185684591531754,0.07339925318956375,0.30748021602630615,0.1,0.12,0.11,0.24,median_abs_raw_delta,sensitivity_only,UNVERIFIED
S3_replogle_k562_rl1,gears_raw,HNRNPC,273,273,0.33279380202293396,0.2543314986997797,0.10094023495912552,0.06600651144981384,0.3318897485733032,0.1,0.12,0.13,0.204,median_abs_raw_delta,sensitivity_only,UNVERIFIED
S3_replogle_k562_rl1,gears_raw,HSCB,85,85,0.12250062823295593,0.08187005608069689,0.06099575385451317,0.04557313770055771,0.12121367454528809,0.25,0.28,0.29,0.32,median_abs_raw_delta,sensitivity_only,UNVERIFIED
S3_replogle_k562_rl1,gears_raw,HSF1,87,87,-0.0038250815123319626,0.009949246286447415,0.07081092149019241,0.050663597881793976,0.011338472366333008,0.15,0.18,0.24,0.464,median_abs_raw_delta,sensitivity_only,UNVERIFIED
S3_replogle_k562_rl1,gears_raw,HUWE1,77,77,0.11198054999113083,0.07948382507498347,0.07103343307971954,0.051683079451322556,0.12603938579559326,0.3,0.28,0.28,0.396,median_abs_raw_delta,sensitivity_only,UNVERIFIED
S3_replogle_k562_rl1,gears_raw,HYPK,121,121,0.13286536931991577,0.10381623194963245,0.054222047328948975,0.04048599675297737,0.12948602437973022,0.2,0.14,0.22,0.36,median_abs_raw_delta,sensitivity_only,UNVERIFIED
S3_replogle_k562_rl1,gears_raw,ICE1,319,319,0.4035966098308563,0.2948258380453368,0.06948646157979965,0.04642081260681152,0.3716074228286743,0.05,0.06,0.06,0.156,median_abs_raw_delta,sensitivity_only,UNVERIFIED
S3_replogle_k562_rl1,gears_raw,INTS5,62,62,0.1560707837343216,0.12386426372851601,0.14538025856018066,0.09425441920757294,0.14063048362731934,0.25,0.3,0.28,0.364,median_abs_raw_delta,sensitivity_only,UNVERIFIED
S3_replogle_k562_rl1,gears_raw,ISG20L2,72,72,0.06338541954755783,0.01932507144639426,0.08895896375179291,0.06260298192501068,0.050886452198028564,0.3,0.28,0.23,0.42,median_abs_raw_delta,sensitivity_only,UNVERIFIED
S3_replogle_k562_rl1,gears_raw,JAZF1,209,209,0.1744987964630127,0.13920876452571465,0.040936317294836044,0.029004190117120743,0.16719895601272583,0.2,0.2,0.21,0.336,median_abs_raw_delta,sensitivity_only,UNVERIFIED
S3_replogle_k562_rl1,gears_raw,KIF20A,95,95,0.11045364290475845,0.0867928019217951,0.0757189691066742,0.051544152200222015,0.10926002264022827,0.15,0.14,0.24,0.372,median_abs_raw_delta,sensitivity_only,UNVERIFIED
S3_replogle_k562_rl1,gears_raw,KPNB1,218,218,0.3869194984436035,0.28017542149246527,0.10067293792963028,0.06630098819732666,0.392434298992157,0.1,0.1,0.15,0.212,median_abs_raw_delta,sensitivity_only,UNVERIFIED
S3_replogle_k562_rl1,gears_raw,KRR1,398,398,0.19346770644187927,0.11876173853787066,0.08515006303787231,0.05397947505116463,0.20445990562438965,0.05,0.06,0.14,0.376,median_abs_raw_delta,sensitivity_only,UNVERIFIED
S3_replogle_k562_rl1,gears_raw,LAMTOR2,64,64,0.11150555312633514,0.07202036755454319,0.07289747893810272,0.0544404461979866,0.11784958839416504,0.25,0.22,0.26,0.36,median_abs_raw_delta,sensitivity_only,UNVERIFIED
S3_replogle_k562_rl1,gears_raw,LAS1L,75,75,0.06213286519050598,0.029779949128627397,0.06724335253238678,0.049278970807790756,0.06409883499145508,0.3,0.34,0.3,0.44,median_abs_raw_delta,sensitivity_only,UNVERIFIED
S3_replogle_k562_rl1,gears_raw,LTV1,259,259,0.24063420295715332,0.18471914247406548,0.09785524755716324,0.0633746087551117,0.2848857641220093,0.2,0.24,0.23,0.288,median_abs_raw_delta,sensitivity_only,UNVERIFIED
S3_replogle_k562_rl1,gears_raw,MAGOH,149,149,0.21630162000656128,0.15199235005134182,0.07751387357711792,0.05098426714539528,0.20950335264205933,0.05,0.08,0.15,0.316,median_abs_raw_delta,sensitivity_only,UNVERIFIED
S3_replogle_k562_rl1,gears_raw,MCM6,84,84,0.048136867582798004,0.04329756188213733,0.0656760185956955,0.04669792577624321,0.02445751428604126,0.4,0.38,0.37,0.512,median_abs_raw_delta,sensitivity_only,UNVERIFIED
S3_replogle_k562_rl1,gears_raw,MCMBP,141,141,0.09927665442228317,0.07037633749380963,0.059835609048604965,0.04018911346793175,0.0984957218170166,0.3,0.2,0.24,0.412,median_abs_raw_delta,sensitivity_only,UNVERIFIED
S3_replogle_k562_rl1,gears_raw,MDN1,68,68,0.11199813336133957,0.06491352759788867,0.07491856068372726,0.05457744747400284,0.1068047285079956,0.15,0.26,0.31,0.388,median_abs_raw_delta,sensitivity_only,UNVERIFIED
S3_replogle_k562_rl1,gears_raw,MED10,454,454,0.5243673324584961,0.3779935592701735,0.08676522970199585,0.054287709295749664,0.5252774953842163,0.2,0.1,0.11,0.104,median_abs_raw_delta,sensitivity_only,UNVERIFIED
S3_replogle_k562_rl1,gears_raw,MED12,567,567,0.5462506413459778,0.3802035696492677,0.14010854065418243,0.08716502785682678,0.5473542213439941,0.05,0.02,0.02,0.104,median_abs_raw_delta,sensitivity_only,UNVERIFIED
S3_replogle_k562_rl1,gears_raw,MIOS,160,160,0.18346725404262543,0.14088354901224798,0.048649851232767105,0.035581864416599274,0.1740022897720337,0.05,0.02,0.08,0.36,median_abs_raw_delta,sensitivity_only,UNVERIFIED
S3_replogle_k562_rl1,gears_raw,MRPL4,109,109,0.06187111884355545,0.07347319465974458,0.05437176674604416,0.039092328399419785,0.06651198863983154,0.35,0.32,0.31,0.436,median_abs_raw_delta,sensitivity_only,UNVERIFIED
S3_replogle_k562_rl1,gears_raw,MRPL41,66,66,0.03873220831155777,0.03755665868626634,0.06992157548666,0.051459651440382004,0.05674242973327637,0.2,0.26,0.26,0.436,median_abs_raw_delta,sensitivity_only,UNVERIFIED
S3_replogle_k562_rl1,gears_raw,MRPL43,90,90,0.1123393326997757,0.08857640226730774,0.06667822599411011,0.04624195024371147,0.12291598320007324,0.1,0.22,0.22,0.332,median_abs_raw_delta,sensitivity_only,UNVERIFIED
S3_replogle_k562_rl1,gears_raw,MRPL49,36,36,0.12799783051013947,0.06925654529826179,0.10376863181591034,0.07710866630077362,0.09766870737075806,0.1,0.16,0.19,0.384,median_abs_raw_delta,sensitivity_only,UNVERIFIED
S3_replogle_k562_rl1,gears_raw,MRPS22,142,142,0.039086006581783295,0.03224899175937751,0.04733193665742874,0.035338908433914185,0.028073608875274658,0.25,0.38,0.36,0.448,median_abs_raw_delta,sensitivity_only,UNVERIFIED
S3_replogle_k562_rl1,gears_raw,MRPS26,111,111,0.0328618586063385,0.03635176941043299,0.056109216064214706,0.040643006563186646,0.023742616176605225,0.4,0.38,0.32,0.512,median_abs_raw_delta,sensitivity_only,UNVERIFIED
S3_replogle_k562_rl1,gears_raw,MRPS34,128,128,0.17584428191184998,0.1479359001360874,0.07281488925218582,0.048626963049173355,0.17514777183532715,0.15,0.24,0.3,0.296,median_abs_raw_delta,sensitivity_only,UNVERIFIED
S3_replogle_k562_rl1,gears_raw,N6AMT1,134,134,-0.06215878576040268,-0.05173584274888368,0.05557579919695854,0.04102284461259842,-0.06109511852264404,0.4,0.38,0.31,0.492,median_abs_raw_delta,sensitivity_only,UNVERIFIED
S3_replogle_k562_rl1,gears_raw,NAA15,107,107,0.1533183604478836,0.10413266519680416,0.058366596698760986,0.043097950518131256,0.14811182022094727,0.1,0.24,0.28,0.292,median_abs_raw_delta,sensitivity_only,UNVERIFIED
S3_replogle_k562_rl1,gears_raw,NAA20,158,158,0.141482874751091,0.09288353345671656,0.049604982137680054,0.03494161367416382,0.1420210599899292,0.2,0.24,0.23,0.4,median_abs_raw_delta,sensitivity_only,UNVERIFIED
S3_replogle_k562_rl1,gears_raw,NAT10,28,28,0.013473402708768845,-0.012800592416023694,0.12847810983657837,0.09480071067810059,-0.03880500793457031,0.45,0.34,0.33,0.548,median_abs_raw_delta,sensitivity_only,UNVERIFIED
S3_replogle_k562_rl1,gears_raw,NCBP1,53,53,0.05185675621032715,0.03628463780512717,0.12644723057746887,0.0862899124622345,0.0460476279258728,0.15,0.22,0.27,0.456,median_abs_raw_delta,sensitivity_only,UNVERIFIED
S3_replogle_k562_rl1,gears_raw,NDC80,171,171,0.453274130821228,0.28698852698131655,0.06046995893120766,0.04239758476614952,0.4544486999511719,0.0,0.04,0.05,0.12,median_abs_raw_delta,sensitivity_only,UNVERIFIED
S3_replogle_k562_rl1,gears_raw,NDUFA8,100,100,0.05686652287840843,0.01118092955204221,0.055190589278936386,0.04123283550143242,0.06510764360427856,0.15,0.14,0.18,0.42,median_abs_raw_delta,sensitivity_only,UNVERIFIED
S3_replogle_k562_rl1,gears_raw,NDUFB10,148,148,0.0502779558300972,0.03908349444709179,0.04578516632318497,0.03363966569304466,0.05811309814453125,0.2,0.2,0.21,0.448,median_abs_raw_delta,sensitivity_only,UNVERIFIED
S3_replogle_k562_rl1,gears_raw,NEDD8,191,191,0.08804446458816528,0.06441674350466974,0.08391602337360382,0.053295690566301346,0.09016120433807373,0.35,0.26,0.19,0.42,median_abs_raw_delta,sensitivity_only,UNVERIFIED
S3_replogle_k562_rl1,gears_raw,NELFB,125,125,0.30451643466949463,0.21898800009254285,0.06386105716228485,0.04536936804652214,0.2891322374343872,0.15,0.16,0.17,0.248,median_abs_raw_delta,sensitivity_only,UNVERIFIED
S3_replogle_k562_rl1,gears_raw,NELFCD,174,174,0.02997809834778309,0.0003906701916830642,0.05770696699619293,0.040103740990161896,0.029586970806121826,0.35,0.22,0.24,0.512,median_abs_raw_delta,sensitivity_only,UNVERIFIED
S3_replogle_k562_rl1,gears_raw,NIFK,203,203,0.2383507937192917,0.1876778937971328,0.09072031825780869,0.05765829607844353,0.2558741569519043,0.1,0.24,0.18,0.316,median_abs_raw_delta,sensitivity_only,UNVERIFIED
S3_replogle_k562_rl1,gears_raw,NLE1,396,396,0.3782602548599243,0.2602440757397299,0.07162709534168243,0.045635536313056946,0.38518619537353516,0.05,0.06,0.09,0.184,median_abs_raw_delta,sensitivity_only,UNVERIFIED
S3_replogle_k562_rl1,gears_raw,NMD3,57,57,0.15979419648647308,0.09459427012431135,0.08098907023668289,0.0600195936858654,0.1537756323814392,0.25,0.22,0.28,0.356,median_abs_raw_delta,sensitivity_only,UNVERIFIED
S3_replogle_k562_rl1,gears_raw,NOL6,107,107,0.14895762503147125,0.09849429716049962,0.10822658985853195,0.07357839494943619,0.1568729281425476,0.25,0.22,0.31,0.412,median_abs_raw_delta,sensitivity_only,UNVERIFIED
S3_replogle_k562_rl1,gears_raw,NOP10,124,124,0.0649014413356781,0.025249377508399045,0.06081457436084747,0.043206073343753815,0.06875914335250854,0.3,0.3,0.27,0.396,median_abs_raw_delta,sensitivity_only,UNVERIFIED
S3_replogle_k562_rl1,gears_raw,NOP58,39,39,0.1259135752916336,0.06296945551380076,0.10943935811519623,0.0793292373418808,0.11218124628067017,0.15,0.22,0.26,0.384,median_abs_raw_delta,sensitivity_only,UNVERIFIED
S3_replogle_k562_rl1,gears_raw,NSA2,71,71,0.056624628603458405,0.021360176968457656,0.06908704340457916,0.050538551062345505,0.04714423418045044,0.3,0.3,0.29,0.456,median_abs_raw_delta,sensitivity_only,UNVERIFIED
S3_replogle_k562_rl1,gears_raw,NUFIP1,57,57,0.014586321078240871,0.0028128098566474096,0.07044924795627594,0.05258394777774811,-0.001745462417602539,0.25,0.32,0.36,0.5,median_abs_raw_delta,sensitivity_only,UNVERIFIED
S3_replogle_k562_rl1,gears_raw,NUP107,237,237,0.40394413471221924,0.2918280235361248,0.09080089628696442,0.05939304083585739,0.4060356616973877,0.05,0.06,0.1,0.2,median_abs_raw_delta,sensitivity_only,UNVERIFIED
S3_replogle_k562_rl1,gears_raw,NUP98,410,410,0.5096672773361206,0.375024123687969,0.0736321210861206,0.04791930690407753,0.5197719931602478,0.05,0.06,0.04,0.112,median_abs_raw_delta,sensitivity_only,UNVERIFIED
S3_replogle_k562_rl1,gears_raw,OGT,31,31,-0.002341136336326599,-0.002223357592987664,0.1252790242433548,0.08978231996297836,-0.030339479446411133,0.35,0.34,0.27,0.556,median_abs_raw_delta,sensitivity_only,UNVERIFIED
S3_replogle_k562_rl1,gears_raw,PDCD2,59,59,0.022052112966775894,0.002553061206367542,0.08197802305221558,0.059210795909166336,-0.009263277053833008,0.2,0.2,0.31,0.5,median_abs_raw_delta,sensitivity_only,UNVERIFIED
S3_replogle_k562_rl1,gears_raw,PES1,54,54,0.1164245679974556,0.07103966410899645,0.09799786657094955,0.06906745582818985,0.07939672470092773,0.15,0.16,0.17,0.448,median_abs_raw_delta,sensitivity_only,UNVERIFIED
S3_replogle_k562_rl1,gears_raw,PET117,80,80,0.04769005626440048,-0.003731043653420837,0.06320355832576752,0.047094784677028656,0.03672325611114502,0.1,0.16,0.27,0.468,median_abs_raw_delta,sensitivity_only,UNVERIFIED
S3_replogle_k562_rl1,gears_raw,PGPEP1,51,51,0.0978865697979927,0.07486461962038153,0.08981531858444214,0.06588973104953766,0.09928131103515625,0.4,0.46,0.39,0.424,median_abs_raw_delta,sensitivity_only,UNVERIFIED
S3_replogle_k562_rl1,gears_raw,PHB2,327,327,0.3928622901439667,0.29211157413353767,0.1737028956413269,0.10294552892446518,0.36565494537353516,0.05,0.1,0.16,0.2,median_abs_raw_delta,sensitivity_only,UNVERIFIED
S3_replogle_k562_rl1,gears_raw,PMF1,255,255,0.4143787622451782,0.27482021114719124,0.04551073536276817,0.032294027507305145,0.39386487007141113,0.05,0.04,0.09,0.14,median_abs_raw_delta,sensitivity_only,UNVERIFIED
S3_replogle_k562_rl1,gears_raw,PMPCA,114,114,0.2122349739074707,0.1433735082983813,0.07436461001634598,0.05002259463071823,0.2218218445777893,0.15,0.1,0.09,0.304,median_abs_raw_delta,sensitivity_only,UNVERIFIED
S3_replogle_k562_rl1,gears_raw,POLD1,197,197,0.1630869209766388,0.13152299470723286,0.0861455500125885,0.05386342853307724,0.17531359195709229,0.05,0.14,0.17,0.356,median_abs_raw_delta,sensitivity_only,UNVERIFIED
S3_replogle_k562_rl1,gears_raw,POLD3,65,65,0.05646490305662155,0.06411642016619559,0.09468277543783188,0.0640670508146286,0.05481231212615967,0.3,0.36,0.35,0.452,median_abs_raw_delta,sensitivity_only,UNVERIFIED
S3_replogle_k562_rl1,gears_raw,POLR2I,179,179,0.38686615228652954,0.26043791829851876,0.12879708409309387,0.08401618152856827,0.3885359764099121,0.2,0.14,0.13,0.152,median_abs_raw_delta,sensitivity_only,UNVERIFIED
S3_replogle_k562_rl1,gears_raw,POLRMT,208,208,0.029172364622354507,-0.02164405051947605,0.0871766060590744,0.036717332899570465,0.035419583320617676,0.15,0.1,0.21,0.576,median_abs_raw_delta,sensitivity_only,UNVERIFIED
S3_replogle_k562_rl1,gears_raw,POP1,82,82,0.17737169563770294,0.056770089284253505,0.07985739409923553,0.05661921203136444,0.12112528085708618,0.05,0.14,0.17,0.404,median_abs_raw_delta,sensitivity_only,UNVERIFIED
S3_replogle_k562_rl1,gears_raw,PPARGC1B,129,129,0.043159641325473785,0.005938185933812471,0.05009547248482704,0.03739655762910843,0.03321182727813721,0.45,0.4,0.37,0.468,median_abs_raw_delta,sensitivity_only,UNVERIFIED
S3_replogle_k562_rl1,gears_raw,PPP1CA,85,85,0.0034053591080009937,0.004279280043376606,0.07030687481164932,0.05019959807395935,0.028660237789154053,0.55,0.48,0.43,0.468,median_abs_raw_delta,sensitivity_only,UNVERIFIED
S3_replogle_k562_rl1,gears_raw,PPP4C,128,128,0.21558791399002075,0.15268864763853948,0.053991373628377914,0.039014723151922226,0.22389960289001465,0.15,0.22,0.27,0.332,median_abs_raw_delta,sensitivity_only,UNVERIFIED
S3_replogle_k562_rl1,gears_raw,PRIM1,151,151,0.24060824513435364,0.17864912731882784,0.09067664295434952,0.05943439155817032,0.24125897884368896,0.1,0.12,0.12,0.288,median_abs_raw_delta,sensitivity_only,UNVERIFIED
S3_replogle_k562_rl1,gears_raw,PRIM2,149,149,0.22877655923366547,0.16328845484729496,0.09736365079879761,0.06330074369907379,0.21577632427215576,0.2,0.18,0.15,0.312,median_abs_raw_delta,sensitivity_only,UNVERIFIED
S3_replogle_k562_rl1,gears_raw,PRPF19,98,98,0.17005059123039246,0.11922951243148804,0.0961819738149643,0.06635616719722748,0.17070990800857544,0.25,0.18,0.22,0.336,median_abs_raw_delta,sensitivity_only,UNVERIFIED
S3_replogle_k562_rl1,gears_raw,PRPF3,129,129,0.2212468534708023,0.15277941732217684,0.11947297304868698,0.07911879569292068,0.22441333532333374,0.15,0.14,0.19,0.2,median_abs_raw_delta,sensitivity_only,UNVERIFIED
S3_replogle_k562_rl1,gears_raw,PRPF31,23,23,0.05261780321598053,0.03228441839615156,0.17189528048038483,0.12414933741092682,0.07973837852478027,0.2,0.4,0.34,0.392,median_abs_raw_delta,sensitivity_only,UNVERIFIED
S3_replogle_k562_rl1,gears_raw,PRPF4,101,101,0.22337834537029266,0.14873885985712412,0.11609793454408646,0.07804273813962936,0.2285785675048828,0.1,0.18,0.17,0.252,median_abs_raw_delta,sensitivity_only,UNVERIFIED
S3_replogle_k562_rl1,gears_raw,PRPF8,91,91,0.15151649713516235,0.09967437931497516,0.09834687411785126,0.06781183928251266,0.15216708183288574,0.15,0.16,0.16,0.336,median_abs_raw_delta,sensitivity_only,UNVERIFIED
S3_replogle_k562_rl1,gears_raw,PSMB2,46,46,0.11395354568958282,0.0866659546749581,0.10589893162250519,0.07613638043403625,0.11799925565719604,0.2,0.2,0.26,0.352,median_abs_raw_delta,sensitivity_only,UNVERIFIED
S3_replogle_k562_rl1,gears_raw,PSMB5,188,188,0.3463647961616516,0.2626933903661728,0.0932338610291481,0.05932667851448059,0.34520530700683594,0.05,0.12,0.07,0.252,median_abs_raw_delta,sensitivity_only,UNVERIFIED
S3_replogle_k562_rl1,gears_raw,PSMB6,111,111,0.28587692975997925,0.19060417463216697,0.11366089433431625,0.07270427793264389,0.2862217426300049,0.05,0.1,0.16,0.292,median_abs_raw_delta,sensitivity_only,UNVERIFIED
S3_replogle_k562_rl1,gears_raw,PSMB7,219,219,0.3542516529560089,0.24521873104663452,0.06057727336883545,0.041241686791181564,0.3488612174987793,0.15,0.2,0.15,0.224,median_abs_raw_delta,sensitivity_only,UNVERIFIED
S3_replogle_k562_rl1,gears_raw,PSMD2,51,51,0.14871859550476074,0.09858839799626819,0.17296093702316284,0.11380834877490997,0.14573729038238525,0.05,0.12,0.12,0.332,median_abs_raw_delta,sensitivity_only,UNVERIFIED
S3_replogle_k562_rl1,gears_raw,PSMG3,324,324,0.16145658493041992,0.10181167795424106,0.03421271964907646,0.02560626156628132,0.13651823997497559,0.15,0.16,0.24,0.368,median_abs_raw_delta,sensitivity_only,UNVERIFIED
S3_replogle_k562_rl1,gears_raw,PSMG4,44,44,0.09313644468784332,0.040783584817301016,0.10014542937278748,0.07247401773929596,0.05443978309631348,0.35,0.22,0.28,0.44,median_abs_raw_delta,sensitivity_only,UNVERIFIED
S3_replogle_k562_rl1,gears_raw,PTBP1,106,106,0.18627984821796417,0.14658384154335363,0.07207389920949936,0.0496709942817688,0.19098711013793945,0.1,0.12,0.18,0.304,median_abs_raw_delta,sensitivity_only,UNVERIFIED
S3_replogle_k562_rl1,gears_raw,PWP2,51,51,0.05638686195015907,0.012224124681258369,0.10082836449146271,0.07368216663599014,0.014753520488739014,0.25,0.18,0.2,0.508,median_abs_raw_delta,sensitivity_only,UNVERIFIED
S3_replogle_k562_rl1,gears_raw,RACGAP1,162,162,0.3339056074619293,0.2070466456976188,0.04562983289361,0.03346220776438713,0.33426403999328613,0.1,0.14,0.13,0.148,median_abs_raw_delta,sensitivity_only,UNVERIFIED
S3_replogle_k562_rl1,gears_raw,RAD21,62,62,0.24229870736598969,0.17116305705084603,0.1051546186208725,0.07221560925245285,0.23263174295425415,0.0,0.12,0.13,0.292,median_abs_raw_delta,sensitivity_only,UNVERIFIED
S3_replogle_k562_rl1,gears_raw,RBM42,68,68,0.05936281755566597,0.02669743110053798,0.07951914519071579,0.05820396542549133,0.0614778995513916,0.3,0.3,0.27,0.42,median_abs_raw_delta,sensitivity_only,UNVERIFIED
S3_replogle_k562_rl1,gears_raw,RCC1,162,162,0.1012686938047409,0.0589589057400163,0.04807663708925247,0.03505753353238106,0.10800868272781372,0.4,0.3,0.3,0.32,median_abs_raw_delta,sensitivity_only,UNVERIFIED
S3_replogle_k562_rl1,gears_raw,RFC4,58,58,0.11530473828315735,0.0764731449025965,0.0802881270647049,0.0584915392100811,0.07910937070846558,0.1,0.26,0.32,0.408,median_abs_raw_delta,sensitivity_only,UNVERIFIED
S3_replogle_k562_rl1,gears_raw,RIOK1,290,290,0.23209625482559204,0.10939515106905703,0.07985138148069382,0.05216575413942337,0.23124492168426514,0.2,0.28,0.23,0.316,median_abs_raw_delta,sensitivity_only,UNVERIFIED
S3_replogle_k562_rl1,gears_raw,RNF40,185,185,0.18939992785453796,0.1422238106820193,0.05393577367067337,0.037360742688179016,0.18638741970062256,0.4,0.34,0.26,0.292,median_abs_raw_delta,sensitivity_only,UNVERIFIED
S3_replogle_k562_rl1,gears_raw,RPA1,337,337,0.3189986050128937,0.2079553895911702,0.05873234197497368,0.04033932462334633,0.24308514595031738,0.2,0.16,0.18,0.236,median_abs_raw_delta,sensitivity_only,UNVERIFIED
S3_replogle_k562_rl1,gears_raw,RPA3,158,158,0.2646419405937195,0.16868817151552684,0.07930046319961548,0.053666338324546814,0.2696542739868164,0.05,0.04,0.09,0.272,median_abs_raw_delta,sensitivity_only,UNVERIFIED
S3_replogle_k562_rl1,gears_raw,RPAP1,88,88,0.21590861678123474,0.13615861784341596,0.09684085100889206,0.0661536380648613,0.2173669934272766,0.1,0.1,0.09,0.304,median_abs_raw_delta,sensitivity_only,UNVERIFIED
S3_replogle_k562_rl1,gears_raw,RPL12,179,179,0.3592327833175659,0.24181035733782463,0.11461300402879715,0.07023662328720093,0.3553680181503296,0.0,0.02,0.04,0.152,median_abs_raw_delta,sensitivity_only,UNVERIFIED
S3_replogle_k562_rl1,gears_raw,RPL18A,51,51,0.10853636264801025,0.06081053782442151,0.09991089999675751,0.07347748428583145,0.05304598808288574,0.25,0.38,0.32,0.428,median_abs_raw_delta,sensitivity_only,UNVERIFIED
S3_replogle_k562_rl1,gears_raw,RPL23A,84,84,0.19965972006320953,0.12922289192091566,0.15321029722690582,0.10333071649074554,0.12137991189956665,0.2,0.18,0.18,0.384,median_abs_raw_delta,sensitivity_only,UNVERIFIED
S3_replogle_k562_rl1,gears_raw,RPL27,37,37,0.0424957312643528,0.0012996742599869703,0.16558043658733368,0.11655592173337936,-0.08393728733062744,0.1,0.2,0.22,0.564,median_abs_raw_delta,sensitivity_only,UNVERIFIED
S3_replogle_k562_rl1,gears_raw,RPL30,301,301,0.3877471089363098,0.28833034092305343,0.1039288192987442,0.06699889898300171,0.39891892671585083,0.0,0.06,0.1,0.212,median_abs_raw_delta,sensitivity_only,UNVERIFIED
S3_replogle_k562_rl1,gears_raw,RPL34,242,242,0.44212284684181213,0.31508276625799664,0.13025836646556854,0.08303704112768173,0.43793046474456787,0.05,0.16,0.11,0.18,median_abs_raw_delta,sensitivity_only,UNVERIFIED
S3_replogle_k562_rl1,gears_raw,RPL35,35,35,0.02072751894593239,0.013931890781944364,0.14517274498939514,0.10278166830539703,-0.04724454879760742,0.05,0.08,0.18,0.496,median_abs_raw_delta,sensitivity_only,UNVERIFIED
S3_replogle_k562_rl1,gears_raw,RPL5,140,140,0.28083470463752747,0.21146270958358349,0.12564603984355927,0.08415202796459198,0.25906217098236084,0.15,0.14,0.21,0.264,median_abs_raw_delta,sensitivity_only,UNVERIFIED
S3_replogle_k562_rl1,gears_raw,RPS11,227,227,0.3320003151893616,0.2320787123342882,0.11610157787799835,0.07374333590269089,0.35239994525909424,0.1,0.12,0.14,0.252,median_abs_raw_delta,sensitivity_only,UNVERIFIED
S3_replogle_k562_rl1,gears_raw,RPS17,153,153,0.16262590885162354,0.07943870698936135,0.09999124705791473,0.06710906326770782,0.1315271258354187,0.15,0.14,0.19,0.384,median_abs_raw_delta,sensitivity_only,UNVERIFIED
S3_replogle_k562_rl1,gears_raw,RPS23,92,92,0.10007388889789581,0.07021142609182719,0.13045048713684082,0.09005880355834961,0.04249304533004761,0.25,0.36,0.35,0.412,median_abs_raw_delta,sensitivity_only,UNVERIFIED
S3_replogle_k562_rl1,gears_raw,RPS24,204,204,0.2716447412967682,0.17637012769996954,0.12649643421173096,0.08525662869215012,0.2717258930206299,0.2,0.12,0.19,0.316,median_abs_raw_delta,sensitivity_only,UNVERIFIED
S3_replogle_k562_rl1,gears_raw,RPS27A,82,82,0.12712305784225464,0.0854807409273327,0.13480159640312195,0.09445550292730331,0.06467896699905396,0.25,0.26,0.24,0.408,median_abs_raw_delta,sensitivity_only,UNVERIFIED
S3_replogle_k562_rl1,gears_raw,RPS29,208,208,0.3065687417984009,0.2057758779689124,0.10309429466724396,0.06957744807004929,0.2873772978782654,0.2,0.16,0.16,0.332,median_abs_raw_delta,sensitivity_only,UNVERIFIED
S3_replogle_k562_rl1,gears_raw,RPS4X,168,168,0.16303274035453796,0.11463991861260218,0.14082825183868408,0.09292839467525482,0.1554812788963318,0.25,0.24,0.21,0.408,median_abs_raw_delta,sensitivity_only,UNVERIFIED
S3_replogle_k562_rl1,gears_raw,RPS9,210,210,0.33672401309013367,0.20826403704355317,0.11499476432800293,0.07433251291513443,0.34259355068206787,0.25,0.22,0.19,0.24,median_abs_raw_delta,sensitivity_only,UNVERIFIED
S3_replogle_k562_rl1,gears_raw,RRP1,90,90,0.12057842314243317,0.07172950179890157,0.06726498901844025,0.04891494661569595,0.12181156873703003,0.15,0.16,0.26,0.38,median_abs_raw_delta,sensitivity_only,UNVERIFIED
S3_replogle_k562_rl1,gears_raw,RRP7A,40,40,0.07145218551158905,0.03520580924907731,0.11030895262956619,0.08033433556556702,0.042344748973846436,0.25,0.24,0.28,0.468,median_abs_raw_delta,sensitivity_only,UNVERIFIED
S3_replogle_k562_rl1,gears_raw,SARS2,150,150,0.11178275942802429,0.09302877536208178,0.04947131127119064,0.03612331673502922,0.0961076021194458,0.3,0.22,0.23,0.388,median_abs_raw_delta,sensitivity_only,UNVERIFIED
S3_replogle_k562_rl1,gears_raw,SART1,247,247,0.29849952459335327,0.1886756468197798,0.09479530900716782,0.06248094514012337,0.28869324922561646,0.0,0.06,0.08,0.26,median_abs_raw_delta,sensitivity_only,UNVERIFIED
S3_replogle_k562_rl1,gears_raw,SCFD1,103,103,0.1529596745967865,0.10428250152030562,0.06396839767694473,0.046221792697906494,0.15285897254943848,0.2,0.3,0.29,0.332,median_abs_raw_delta,sensitivity_only,UNVERIFIED
S3_replogle_k562_rl1,gears_raw,SDHC,91,91,0.09079578518867493,0.08330259545410013,0.06147397682070732,0.044669684022665024,0.09386026859283447,0.3,0.34,0.32,0.42,median_abs_raw_delta,sensitivity_only,UNVERIFIED
S3_replogle_k562_rl1,gears_raw,SEH1L,59,59,0.07664643228054047,0.05875999948922044,0.088828444480896,0.06476365029811859,0.10192078351974487,0.25,0.14,0.21,0.348,median_abs_raw_delta,sensitivity_only,UNVERIFIED
S3_replogle_k562_rl1,gears_raw,SERBP1,87,87,0.02891862578690052,0.002037070689727276,0.06470953673124313,0.047943223267793655,0.026038289070129395,0.1,0.2,0.24,0.504,median_abs_raw_delta,sensitivity_only,UNVERIFIED
S3_replogle_k562_rl1,gears_raw,SF3A1,165,165,0.2867043614387512,0.1956800024379854,0.0546574629843235,0.040483515709638596,0.24701309204101562,0.1,0.12,0.21,0.232,median_abs_raw_delta,sensitivity_only,UNVERIFIED
S3_replogle_k562_rl1,gears_raw,SF3A2,236,236,0.3648144006729126,0.257589258062481,0.08639291673898697,0.05777516961097717,0.3681953549385071,0.15,0.1,0.1,0.24,median_abs_raw_delta,sensitivity_only,UNVERIFIED
S3_replogle_k562_rl1,gears_raw,SFPQ,209,209,0.27767449617385864,0.21252328687333366,0.17145460844039917,0.10602927207946777,0.233758807182312,0.05,0.06,0.09,0.252,median_abs_raw_delta,sensitivity_only,UNVERIFIED
S3_replogle_k562_rl1,gears_raw,SKP1,64,64,0.0435255728662014,0.03536112957614253,0.087811678647995,0.06370026618242264,0.06015944480895996,0.45,0.46,0.41,0.4,median_abs_raw_delta,sensitivity_only,UNVERIFIED
S3_replogle_k562_rl1,gears_raw,SLBP,63,63,0.041060518473386765,0.03349985620560225,0.12037219852209091,0.0759231448173523,0.027467966079711914,0.2,0.14,0.21,0.476,median_abs_raw_delta,sensitivity_only,UNVERIFIED
S3_replogle_k562_rl1,gears_raw,SMARCB1,118,118,0.039921388030052185,0.017255471634632997,0.05137103796005249,0.03799723833799362,0.04034823179244995,0.3,0.28,0.28,0.424,median_abs_raw_delta,sensitivity_only,UNVERIFIED
S3_replogle_k562_rl1,gears_raw,SMN2,319,319,0.4458200931549072,0.31424217453585424,0.11890546977519989,0.07600618898868561,0.43310248851776123,0.05,0.04,0.04,0.164,median_abs_raw_delta,sensitivity_only,UNVERIFIED
S3_replogle_k562_rl1,gears_raw,SNRPA1,79,79,0.2579164505004883,0.17798205889955393,0.17213180661201477,0.11694826930761337,0.2809390425682068,0.05,0.1,0.12,0.252,median_abs_raw_delta,sensitivity_only,UNVERIFIED
S3_replogle_k562_rl1,gears_raw,SNRPB,112,112,0.4022812247276306,0.27524893620716934,0.124689981341362,0.08299638330936432,0.4048854112625122,0.05,0.12,0.12,0.148,median_abs_raw_delta,sensitivity_only,UNVERIFIED
S3_replogle_k562_rl1,gears_raw,SNRPD1,112,112,0.40067893266677856,0.27941338496853535,0.16067759692668915,0.10407431423664093,0.40330660343170166,0.05,0.04,0.06,0.128,median_abs_raw_delta,sensitivity_only,UNVERIFIED
S3_replogle_k562_rl1,gears_raw,SNRPG,327,327,0.448906272649765,0.3251690842781756,0.09628904610872269,0.0638478621840477,0.44830429553985596,0.0,0.12,0.12,0.124,median_abs_raw_delta,sensitivity_only,UNVERIFIED
S3_replogle_k562_rl1,gears_raw,SPC25,181,181,0.41116583347320557,0.27632541928364857,0.11061032116413116,0.0717025026679039,0.4092826843261719,0.05,0.12,0.14,0.176,median_abs_raw_delta,sensitivity_only,UNVERIFIED
S3_replogle_k562_rl1,gears_raw,SRFBP1,73,73,0.1504315286874771,0.09041589208280566,0.0799117460846901,0.05700916796922684,0.1171831488609314,0.2,0.28,0.29,0.404,median_abs_raw_delta,sensitivity_only,UNVERIFIED
S3_replogle_k562_rl1,gears_raw,SRRT,260,260,0.2724735140800476,0.21793228631175218,0.11903272569179535,0.07417230308055878,0.2602028250694275,0.15,0.14,0.17,0.276,median_abs_raw_delta,sensitivity_only,UNVERIFIED
S3_replogle_k562_rl1,gears_raw,SSRP1,473,473,0.4613509774208069,0.3228200033365478,0.09185416251420975,0.05958838015794754,0.4344979524612427,0.1,0.04,0.06,0.156,median_abs_raw_delta,sensitivity_only,UNVERIFIED
S3_replogle_k562_rl1,gears_raw,SSU72,68,68,0.1669754832983017,0.1017817687641563,0.0827888697385788,0.0591731071472168,0.17747211456298828,0.0,0.1,0.18,0.32,median_abs_raw_delta,sensitivity_only,UNVERIFIED
S3_replogle_k562_rl1,gears_raw,STARD7,98,98,0.015173040330410004,-0.006077110275813666,0.0597643218934536,0.04243646562099457,0.017176389694213867,0.1,0.26,0.3,0.5,median_abs_raw_delta,sensitivity_only,UNVERIFIED
S3_replogle_k562_rl1,gears_raw,SUPT16H,84,84,0.30375242233276367,0.21837543913998156,0.1434318721294403,0.09739470481872559,0.30179500579833984,0.05,0.16,0.15,0.232,median_abs_raw_delta,sensitivity_only,UNVERIFIED
S3_replogle_k562_rl1,gears_raw,SUPV3L1,74,74,-0.01168641448020935,0.008361793198672413,0.08517865091562271,0.05342822149395943,-0.008265972137451172,0.15,0.26,0.32,0.536,median_abs_raw_delta,sensitivity_only,UNVERIFIED
S3_replogle_k562_rl1,gears_raw,TCERG1,93,93,0.11154653131961823,0.07769570850169304,0.06989272683858871,0.050831280648708344,0.10897237062454224,0.3,0.26,0.26,0.416,median_abs_raw_delta,sensitivity_only,UNVERIFIED
S3_replogle_k562_rl1,gears_raw,TCP1,63,63,0.13846427202224731,0.101393902780623,0.1053120419383049,0.07174839824438095,0.1567670702934265,0.15,0.2,0.17,0.3,median_abs_raw_delta,sensitivity_only,UNVERIFIED
S3_replogle_k562_rl1,gears_raw,TEFM,192,192,-0.0020355647429823875,-0.027985352850100714,0.06545118242502213,0.03567063808441162,0.017153382301330566,0.45,0.34,0.32,0.524,median_abs_raw_delta,sensitivity_only,UNVERIFIED
S3_replogle_k562_rl1,gears_raw,TERF2,47,47,0.1597329080104828,0.10139447921507957,0.09943076968193054,0.07217814773321152,0.1666005253791809,0.05,0.18,0.29,0.372,median_abs_raw_delta,sensitivity_only,UNVERIFIED
S3_replogle_k562_rl1,gears_raw,TFDP1,140,140,0.051578719168901443,0.029721795064438426,0.05781843140721321,0.0408538319170475,0.0526767373085022,0.15,0.22,0.21,0.464,median_abs_raw_delta,sensitivity_only,UNVERIFIED
S3_replogle_k562_rl1,gears_raw,TFIP11,58,58,0.10054698586463928,0.06254388888875764,0.08251234889030457,0.06199157238006592,0.14992570877075195,0.2,0.2,0.19,0.304,median_abs_raw_delta,sensitivity_only,UNVERIFIED
S3_replogle_k562_rl1,gears_raw,THAP1,107,107,0.10270638763904572,0.08088023306503271,0.0707772746682167,0.04969704523682594,0.1070547103881836,0.2,0.2,0.18,0.376,median_abs_raw_delta,sensitivity_only,UNVERIFIED
S3_replogle_k562_rl1,gears_raw,THAP11,60,60,0.033321283757686615,0.028584676648759133,0.07113723456859589,0.05338270962238312,0.04282522201538086,0.35,0.28,0.33,0.432,median_abs_raw_delta,sensitivity_only,UNVERIFIED
S3_replogle_k562_rl1,gears_raw,TIMM23B,480,480,0.37313610315322876,0.28779971031671,0.12256117910146713,0.07232788950204849,0.3585550785064697,0.0,0.0,0.03,0.236,median_abs_raw_delta,sensitivity_only,UNVERIFIED
S3_replogle_k562_rl1,gears_raw,TMA16,163,163,0.0749526172876358,0.048108488838648746,0.047996364533901215,0.03449419513344765,0.07308351993560791,0.1,0.2,0.29,0.408,median_abs_raw_delta,sensitivity_only,UNVERIFIED
S3_replogle_k562_rl1,gears_raw,TNPO3,89,89,0.03544224798679352,0.04667990524767749,0.07558803260326385,0.052780620753765106,0.04034489393234253,0.3,0.28,0.27,0.424,median_abs_raw_delta,sensitivity_only,UNVERIFIED
S3_replogle_k562_rl1,gears_raw,TOP1,91,91,0.07876144349575043,0.055369197225425604,0.07136525958776474,0.05109481140971184,0.08387881517410278,0.25,0.28,0.31,0.416,median_abs_raw_delta,sensitivity_only,UNVERIFIED
S3_replogle_k562_rl1,gears_raw,TRA2B,139,139,0.05375843495130539,0.068959572603348,0.06910011917352676,0.04482857510447502,0.05278509855270386,0.2,0.22,0.29,0.416,median_abs_raw_delta,sensitivity_only,UNVERIFIED
S3_replogle_k562_rl1,gears_raw,TREX2,275,275,0.47109609842300415,0.3181808117581415,0.0450173020362854,0.03129056096076965,0.46938836574554443,0.0,0.06,0.06,0.14,median_abs_raw_delta,sensitivity_only,UNVERIFIED
S3_replogle_k562_rl1,gears_raw,TRMT112,179,179,0.10186828672885895,0.04640211349476645,0.07098358869552612,0.04678048938512802,0.10487055778503418,0.35,0.28,0.23,0.42,median_abs_raw_delta,sensitivity_only,UNVERIFIED
S3_replogle_k562_rl1,gears_raw,TRRAP,387,387,0.3397309184074402,0.25822062150302216,0.09337357431650162,0.057703375816345215,0.3557710647583008,0.05,0.06,0.08,0.292,median_abs_raw_delta,sensitivity_only,UNVERIFIED
S3_replogle_k562_rl1,gears_raw,TUT1,187,187,0.14283305406570435,0.10064936669405258,0.03813490271568298,0.02870970405638218,0.1435011625289917,0.15,0.18,0.25,0.34,median_abs_raw_delta,sensitivity_only,UNVERIFIED
S3_replogle_k562_rl1,gears_raw,UBA1,251,251,0.2650224566459656,0.18485364778701885,0.10764169692993164,0.0698152631521225,0.2698317766189575,0.05,0.14,0.13,0.32,median_abs_raw_delta,sensitivity_only,UNVERIFIED
S3_replogle_k562_rl1,gears_raw,UBE2I,45,45,0.07729537785053253,0.05835473292899034,0.09280990809202194,0.06559759378433228,0.0741545557975769,0.2,0.32,0.31,0.392,median_abs_raw_delta,sensitivity_only,UNVERIFIED
S3_replogle_k562_rl1,gears_raw,UQCRB,92,92,0.10622338950634003,0.07821431295257252,0.05712149292230606,0.04288573935627937,0.1154177188873291,0.0,0.22,0.26,0.348,median_abs_raw_delta,sensitivity_only,UNVERIFIED
S3_replogle_k562_rl1,gears_raw,UTP15,139,139,0.16405612230300903,0.1261198641769021,0.11184675246477127,0.07394459843635559,0.13437163829803467,0.1,0.22,0.2,0.352,median_abs_raw_delta,sensitivity_only,UNVERIFIED
S3_replogle_k562_rl1,gears_raw,UTP6,64,64,0.077612966299057,0.04887855982948858,0.1030450165271759,0.07278062403202057,0.041679322719573975,0.2,0.28,0.25,0.432,median_abs_raw_delta,sensitivity_only,UNVERIFIED
S3_replogle_k562_rl1,gears_raw,VPS29,146,146,0.12858064472675323,0.09430433480975323,0.06538808345794678,0.0452197790145874,0.11748439073562622,0.2,0.28,0.25,0.332,median_abs_raw_delta,sensitivity_only,UNVERIFIED
S3_replogle_k562_rl1,gears_raw,WDR12,174,174,0.2472100704908371,0.15188402648265148,0.07688035070896149,0.05093587562441826,0.24670714139938354,0.05,0.1,0.14,0.332,median_abs_raw_delta,sensitivity_only,UNVERIFIED
S3_replogle_k562_rl1,gears_raw,XPO1,162,162,0.4365854561328888,0.307392817805845,0.1216471940279007,0.07465068995952606,0.43336641788482666,0.1,0.12,0.13,0.136,median_abs_raw_delta,sensitivity_only,UNVERIFIED
S3_replogle_k562_rl1,gears_raw,XRN2,57,57,0.09781678766012192,0.07692926847286333,0.08134136348962784,0.06028475984930992,0.09170150756835938,0.2,0.2,0.31,0.388,median_abs_raw_delta,sensitivity_only,UNVERIFIED
S3_replogle_k562_rl1,gears_raw,ZNF207,122,122,0.22342948615550995,0.1574699167572516,0.06821020692586899,0.04869706556200981,0.2236722707748413,0.2,0.24,0.26,0.28,median_abs_raw_delta,sensitivity_only,UNVERIFIED
S3_replogle_k562_rl1,gears_raw,ZNHIT6,116,116,0.00782087817788124,-0.014512423589541839,0.06677068024873734,0.045881275087594986,0.0006275773048400879,0.35,0.36,0.32,0.464,median_abs_raw_delta,sensitivity_only,UNVERIFIED
S4_replogle_k562_to_rpe1_rl4,target_control_audit_delta,ARCN1,42,42,0.3392193913459778,0.22660212109608482,0.5564990043640137,0.3293750584125519,0.34891921281814575,0.1,0.14,0.14,0.276,median_abs_audit_delta,sensitivity_only,UNVERIFIED
S4_replogle_k562_to_rpe1_rl4,target_control_audit_delta,ARPC4,70,70,0.24507085978984833,0.20335759139830364,0.5690776705741882,0.32405927777290344,0.27170228958129883,0.05,0.08,0.14,0.244,median_abs_audit_delta,sensitivity_only,UNVERIFIED
S4_replogle_k562_to_rpe1_rl4,target_control_audit_delta,ATP6V1A,76,76,0.0536348894238472,0.058199992919999714,0.5947562456130981,0.3448154330253601,0.027339279651641846,0.25,0.26,0.24,0.504,median_abs_audit_delta,sensitivity_only,UNVERIFIED
S4_replogle_k562_to_rpe1_rl4,target_control_audit_delta,BCAS2,33,33,0.1761583834886551,0.13840619609021307,0.5842505693435669,0.3408415615558624,0.1738344430923462,0.15,0.18,0.18,0.368,median_abs_audit_delta,sensitivity_only,UNVERIFIED
S4_replogle_k562_to_rpe1_rl4,target_control_audit_delta,CCDC84,42,42,0.06928881257772446,0.07134962498369739,0.5943730473518372,0.3390543758869171,0.09911876916885376,0.05,0.1,0.13,0.312,median_abs_audit_delta,sensitivity_only,UNVERIFIED
S4_replogle_k562_to_rpe1_rl4,target_control_audit_delta,CDC6,78,78,0.19943994283676147,0.14552566652851928,0.5796597003936768,0.3291396498680115,0.22391366958618164,0.1,0.12,0.13,0.236,median_abs_audit_delta,sensitivity_only,UNVERIFIED
S4_replogle_k562_to_rpe1_rl4,target_control_audit_delta,CENPJ,49,49,0.1879003793001175,0.1739913901478314,0.5786105394363403,0.32542890310287476,0.22823339700698853,0.25,0.16,0.19,0.26,median_abs_audit_delta,sensitivity_only,UNVERIFIED
S4_replogle_k562_to_rpe1_rl4,target_control_audit_delta,CNOT2,62,62,0.20506007969379425,0.09441612598464502,0.590774416923523,0.3556259274482727,0.14611077308654785,0.15,0.14,0.24,0.5,median_abs_audit_delta,sensitivity_only,UNVERIFIED
S4_replogle_k562_to_rpe1_rl4,target_control_audit_delta,CNOT3,54,54,0.1857357770204544,0.0863794252812501,0.5980713963508606,0.36294278502464294,0.10588622093200684,0.4,0.26,0.27,0.564,median_abs_audit_delta,sensitivity_only,UNVERIFIED
S4_replogle_k562_to_rpe1_rl4,target_control_audit_delta,COG2,40,40,0.12446864694356918,0.09137957285956916,0.593410074710846,0.3462623059749603,0.11360204219818115,0.1,0.12,0.17,0.436,median_abs_audit_delta,sensitivity_only,UNVERIFIED
S4_replogle_k562_to_rpe1_rl4,target_control_audit_delta,COPS2,41,41,0.1949315071105957,0.1821716657188666,0.5740038752555847,0.32207992672920227,0.24285995960235596,0.15,0.1,0.13,0.244,median_abs_audit_delta,sensitivity_only,UNVERIFIED
S4_replogle_k562_to_rpe1_rl4,target_control_audit_delta,CPSF1,50,50,0.2331572026014328,0.25657740555909614,0.5684717297554016,0.316033273935318,0.2924535870552063,0.2,0.14,0.17,0.18,median_abs_audit_delta,sensitivity_only,UNVERIFIED
S4_replogle_k562_to_rpe1_rl4,target_control_audit_delta,CSE1L,252,252,0.21146482229232788,0.20539455451978217,0.5761304497718811,0.3214949071407318,0.25094401836395264,0.2,0.16,0.16,0.216,median_abs_audit_delta,sensitivity_only,UNVERIFIED
S4_replogle_k562_to_rpe1_rl4,target_control_audit_delta,DDX23,168,168,0.2933652102947235,0.3276219321128772,0.5523474216461182,0.3009546101093292,0.35887014865875244,0.05,0.08,0.14,0.18,median_abs_audit_delta,sensitivity_only,UNVERIFIED
S4_replogle_k562_to_rpe1_rl4,target_control_audit_delta,DOHH,118,118,0.07715384662151337,0.06234798167941562,0.5897111892700195,0.33933478593826294,0.09389477968215942,0.35,0.36,0.31,0.424,median_abs_audit_delta,sensitivity_only,UNVERIFIED
S4_replogle_k562_to_rpe1_rl4,target_control_audit_delta,EIF2S3,62,62,0.2637903094291687,0.2743345989413839,0.5648663640022278,0.31318846344947815,0.31284481287002563,0.1,0.1,0.13,0.228,median_abs_audit_delta,sensitivity_only,UNVERIFIED
S4_replogle_k562_to_rpe1_rl4,target_control_audit_delta,EIF3M,63,63,0.2256484180688858,0.2577581459903258,0.5681659579277039,0.3146926462650299,0.28498780727386475,0.15,0.14,0.18,0.192,median_abs_audit_delta,sensitivity_only,UNVERIFIED
S4_replogle_k562_to_rpe1_rl4,target_control_audit_delta,ERCC2,94,94,0.11239754408597946,0.08265550151818751,0.5908973217010498,0.33862221240997314,0.1289767026901245,0.2,0.22,0.18,0.304,median_abs_audit_delta,sensitivity_only,UNVERIFIED
S4_replogle_k562_to_rpe1_rl4,target_control_audit_delta,FNTA,36,36,0.23012858629226685,0.18103125508125018,0.581835925579071,0.33609190583229065,0.24026066064834595,0.15,0.12,0.2,0.272,median_abs_audit_delta,sensitivity_only,UNVERIFIED
S4_replogle_k562_to_rpe1_rl4,target_control_audit_delta,FTSJ3,41,41,0.2579857110977173,0.20071560620462423,0.5828202366828918,0.34226128458976746,0.25916653871536255,0.05,0.04,0.08,0.332,median_abs_audit_delta,sensitivity_only,UNVERIFIED
S4_replogle_k562_to_rpe1_rl4,target_control_audit_delta,GNL2,47,47,0.21143122017383575,0.17985371922614873,0.5788688659667969,0.3289015591144562,0.24533110857009888,0.25,0.2,0.17,0.244,median_abs_audit_delta,sensitivity_only,UNVERIFIED
S4_replogle_k562_to_rpe1_rl4,target_control_audit_delta,GNL3,34,34,0.1395423412322998,0.12522785896111432,0.5919994711875916,0.3356449604034424,0.16409987211227417,0.2,0.2,0.17,0.272,median_abs_audit_delta,sensitivity_only,UNVERIFIED
S4_replogle_k562_to_rpe1_rl4,target_control_audit_delta,GPKOW,41,41,0.3096840977668762,0.371671950514878,0.5427843332290649,0.29071497917175293,0.39238375425338745,0.15,0.12,0.13,0.168,median_abs_audit_delta,sensitivity_only,UNVERIFIED
S4_replogle_k562_to_rpe1_rl4,target_control_audit_delta,GTPBP4,40,40,0.16223140060901642,0.1484456719129523,0.578044056892395,0.3268668055534363,0.19923651218414307,0.2,0.16,0.19,0.268,median_abs_audit_delta,sensitivity_only,UNVERIFIED
S4_replogle_k562_to_rpe1_rl4,target_control_audit_delta,HBS1L,45,45,0.1231047511100769,0.20343812403528994,0.5818415284156799,0.32682856917381287,0.19404804706573486,0.1,0.06,0.12,0.268,median_abs_audit_delta,sensitivity_only,UNVERIFIED
S4_replogle_k562_to_rpe1_rl4,target_control_audit_delta,KIN,38,38,0.25587227940559387,0.21203476918539074,0.5709019303321838,0.3277045488357544,0.2776991128921509,0.15,0.16,0.17,0.24,median_abs_audit_delta,sensitivity_only,UNVERIFIED
S4_replogle_k562_to_rpe1_rl4,target_control_audit_delta,KRI1,43,43,0.16901779174804688,0.12936392318076642,0.584810733795166,0.3349601924419403,0.18696486949920654,0.15,0.22,0.21,0.324,median_abs_audit_delta,sensitivity_only,UNVERIFIED
S4_replogle_k562_to_rpe1_rl4,target_control_audit_delta,LSM4,72,72,0.23907259106636047,0.2555630097105204,0.565228283405304,0.31061241030693054,0.29868483543395996,0.05,0.08,0.12,0.2,median_abs_audit_delta,sensitivity_only,UNVERIFIED
S4_replogle_k562_to_rpe1_rl4,target_control_audit_delta,MAD2L1,95,95,0.19684478640556335,0.14995519464540566,0.5750443935394287,0.32489946484565735,0.23787391185760498,0.3,0.22,0.16,0.172,median_abs_audit_delta,sensitivity_only,UNVERIFIED
S4_replogle_k562_to_rpe1_rl4,target_control_audit_delta,MAX,85,85,0.047860242426395416,0.048596273879850944,0.5959577560424805,0.3452395498752594,0.03696161508560181,0.25,0.1,0.18,0.532,median_abs_audit_delta,sensitivity_only,UNVERIFIED
S4_replogle_k562_to_rpe1_rl4,target_control_audit_delta,MFAP1,58,58,0.25799560546875,0.2976360501205853,0.5600890517234802,0.3063437044620514,0.3201044797897339,0.05,0.06,0.11,0.208,median_abs_audit_delta,sensitivity_only,UNVERIFIED
S4_replogle_k562_to_rpe1_rl4,target_control_audit_delta,MRGBP,32,32,0.10198884457349777,0.1340896724995869,0.5936129093170166,0.33183857798576355,0.13617950677871704,0.25,0.24,0.2,0.324,median_abs_audit_delta,sensitivity_only,UNVERIFIED
S4_replogle_k562_to_rpe1_rl4,target_control_audit_delta,MRPL35,1452,1452,-0.07306969165802002,-0.004956970134635707,0.5956078171730042,0.3417028784751892,-0.06637036800384521,0.35,0.22,0.25,0.504,median_abs_audit_delta,sensitivity_only,UNVERIFIED
S4_replogle_k562_to_rpe1_rl4,target_control_audit_delta,MRPL38,256,256,0.051828783005476,0.009541860381674414,0.5937801599502563,0.3431457281112671,0.0550883412361145,0.1,0.06,0.14,0.444,median_abs_audit_delta,sensitivity_only,UNVERIFIED
S4_replogle_k562_to_rpe1_rl4,target_control_audit_delta,MRPL49,30,30,0.13943655788898468,0.05996367004654679,0.5931872129440308,0.3492884635925293,0.1190597414970398,0.1,0.14,0.12,0.428,median_abs_audit_delta,sensitivity_only,UNVERIFIED
S4_replogle_k562_to_rpe1_rl4,target_control_audit_delta,NCBP2,34,34,0.19913603365421295,0.14420830249179312,0.577993631362915,0.33708837628364563,0.20485246181488037,0.1,0.1,0.11,0.372,median_abs_audit_delta,sensitivity_only,UNVERIFIED
S4_replogle_k562_to_rpe1_rl4,target_control_audit_delta,NELFB,148,148,0.1678151786327362,0.20555604362904178,0.5745404362678528,0.31893226504325867,0.24453699588775635,0.15,0.18,0.18,0.2,median_abs_audit_delta,sensitivity_only,UNVERIFIED
S4_replogle_k562_to_rpe1_rl4,target_control_audit_delta,NFS1,56,56,0.19625847041606903,0.17574249333369968,0.5752159357070923,0.3255555033683777,0.23491895198822021,0.05,0.12,0.16,0.22,median_abs_audit_delta,sensitivity_only,UNVERIFIED
S4_replogle_k562_to_rpe1_rl4,target_control_audit_delta,NOM1,57,57,0.16391491889953613,0.1370285209051408,0.5824722051620483,0.3308197855949402,0.19613772630691528,0.25,0.18,0.17,0.276,median_abs_audit_delta,sensitivity_only,UNVERIFIED
S4_replogle_k562_to_rpe1_rl4,target_control_audit_delta,NUP88,111,111,0.18180906772613525,0.1628315992211719,0.5813218951225281,0.32764145731925964,0.2087111473083496,0.1,0.12,0.12,0.3,median_abs_audit_delta,sensitivity_only,UNVERIFIED
S4_replogle_k562_to_rpe1_rl4,target_control_audit_delta,OGT,39,39,0.0669935941696167,0.05273858966154358,0.5951939821243286,0.34604930877685547,0.05000239610671997,0.25,0.22,0.26,0.536,median_abs_audit_delta,sensitivity_only,UNVERIFIED
S4_replogle_k562_to_rpe1_rl4,target_control_audit_delta,PDCD7,32,32,0.16854506731033325,0.18037384283095367,0.5825597047805786,0.3272785246372223,0.2069607973098755,0.1,0.12,0.13,0.256,median_abs_audit_delta,sensitivity_only,UNVERIFIED
S4_replogle_k562_to_rpe1_rl4,target_control_audit_delta,PPP4C,41,41,0.06060289591550827,0.06915705200160162,0.5934224724769592,0.3407670259475708,0.06609296798706055,0.25,0.26,0.29,0.436,median_abs_audit_delta,sensitivity_only,UNVERIFIED
S4_replogle_k562_to_rpe1_rl4,target_control_audit_delta,PRPF4,82,82,0.281377375125885,0.28661439028057556,0.5571833848953247,0.30783581733703613,0.33569496870040894,0.05,0.1,0.11,0.18,median_abs_audit_delta,sensitivity_only,UNVERIFIED
S4_replogle_k562_to_rpe1_rl4,target_control_audit_delta,PSMA3,40,40,0.2740497589111328,0.20352155715863127,0.5946428775787354,0.354769766330719,0.25286656618118286,0.05,0.04,0.09,0.392,median_abs_audit_delta,sensitivity_only,UNVERIFIED
S4_replogle_k562_to_rpe1_rl4,target_control_audit_delta,RPL10,66,66,0.2234925627708435,0.16603447302936375,0.5815632343292236,0.33655858039855957,0.22509407997131348,0.15,0.12,0.19,0.356,median_abs_audit_delta,sensitivity_only,UNVERIFIED
S4_replogle_k562_to_rpe1_rl4,target_control_audit_delta,RPL26,46,46,0.2048475742340088,0.17537369981494796,0.5821744799613953,0.32998549938201904,0.22688931226730347,0.15,0.12,0.12,0.3,median_abs_audit_delta,sensitivity_only,UNVERIFIED
S4_replogle_k562_to_rpe1_rl4,target_control_audit_delta,RPL30,38,38,0.2510383725166321,0.21318742996684667,0.5731023550033569,0.32708919048309326,0.2799798250198364,0.3,0.18,0.13,0.252,median_abs_audit_delta,sensitivity_only,UNVERIFIED
S4_replogle_k562_to_rpe1_rl4,target_control_audit_delta,RPL35A,94,94,0.23653694987297058,0.19108622885944912,0.5791956782341003,0.3318295478820801,0.25417613983154297,0.1,0.14,0.15,0.28,median_abs_audit_delta,sensitivity_only,UNVERIFIED
S4_replogle_k562_to_rpe1_rl4,target_control_audit_delta,RPL5,54,54,0.23444902896881104,0.13132127613285102,0.5820411443710327,0.3439543843269348,0.22351425886154175,0.05,0.06,0.1,0.324,median_abs_audit_delta,sensitivity_only,UNVERIFIED
S4_replogle_k562_to_rpe1_rl4,target_control_audit_delta,RPL9,39,39,0.2047480344772339,0.1791511363820454,0.5836225152015686,0.3356112837791443,0.21846330165863037,0.05,0.14,0.14,0.3,median_abs_audit_delta,sensitivity_only,UNVERIFIED
S4_replogle_k562_to_rpe1_rl4,target_control_audit_delta,RPS26,30,30,0.17214317619800568,0.11653830638953223,0.5952030420303345,0.34557899832725525,0.1717279553413391,0.1,0.14,0.18,0.356,median_abs_audit_delta,sensitivity_only,UNVERIFIED
S4_replogle_k562_to_rpe1_rl4,target_control_audit_delta,RPS7,34,34,0.2126539945602417,0.14780462751573242,0.5880489945411682,0.34315434098243713,0.213026762008667,0.15,0.14,0.12,0.36,median_abs_audit_delta,sensitivity_only,UNVERIFIED
S4_replogle_k562_to_rpe1_rl4,target_control_audit_delta,RUVBL1,103,103,0.260651558637619,0.2193435236590052,0.5665030479431152,0.3190830647945404,0.29394006729125977,0.1,0.08,0.14,0.188,median_abs_audit_delta,sensitivity_only,UNVERIFIED
S4_replogle_k562_to_rpe1_rl4,target_control_audit_delta,SAMM50,43,43,0.1806822121143341,0.18020088068003517,0.5769293308258057,0.3233843743801117,0.23435693979263306,0.15,0.12,0.17,0.244,median_abs_audit_delta,sensitivity_only,UNVERIFIED
S4_replogle_k562_to_rpe1_rl4,target_control_audit_delta,SCAF1,62,62,0.3208802342414856,0.21920278942937246,0.5625386238098145,0.33183979988098145,0.3221849203109741,0.2,0.16,0.16,0.292,median_abs_audit_delta,sensitivity_only,UNVERIFIED
S4_replogle_k562_to_rpe1_rl4,target_control_audit_delta,SKA3,63,63,0.09281593561172485,0.11815444413984917,0.5893796682357788,0.33429503440856934,0.12266761064529419,0.15,0.18,0.14,0.324,median_abs_audit_delta,sensitivity_only,UNVERIFIED
S4_replogle_k562_to_rpe1_rl4,target_control_audit_delta,SMC2,66,66,0.20830167829990387,0.23003866559658848,0.5729410648345947,0.31990936398506165,0.2664955258369446,0.05,0.14,0.15,0.168,median_abs_audit_delta,sensitivity_only,UNVERIFIED
S4_replogle_k562_to_rpe1_rl4,target_control_audit_delta,SYF2,64,64,0.18182048201560974,0.1491591549263662,0.5789735317230225,0.3321109414100647,0.18979811668395996,0.05,0.04,0.07,0.3,median_abs_audit_delta,sensitivity_only,UNVERIFIED
S4_replogle_k562_to_rpe1_rl4,target_control_audit_delta,SYMPK,67,67,0.29472383856773376,0.246145976213839,0.5593233704566956,0.3171611726284027,0.33916646242141724,0.1,0.12,0.15,0.16,median_abs_audit_delta,sensitivity_only,UNVERIFIED
S4_replogle_k562_to_rpe1_rl4,target_control_audit_delta,TAF2,67,67,0.20790284872055054,0.22411019515116515,0.5739008188247681,0.3211328983306885,0.26054590940475464,0.1,0.12,0.14,0.236,median_abs_audit_delta,sensitivity_only,UNVERIFIED
S4_replogle_k562_to_rpe1_rl4,target_control_audit_delta,TOMM40,77,77,0.1337103396654129,0.08987378519495139,0.5852985978126526,0.3352375030517578,0.1539902687072754,0.05,0.08,0.13,0.408,median_abs_audit_delta,sensitivity_only,UNVERIFIED
S4_replogle_k562_to_rpe1_rl4,target_control_audit_delta,TSR2,90,90,0.18117308616638184,0.09991228739088939,0.5878928899765015,0.34161674976348877,0.17407983541488647,0.15,0.18,0.18,0.328,median_abs_audit_delta,sensitivity_only,UNVERIFIED
S4_replogle_k562_to_rpe1_rl4,target_control_audit_delta,TUT1,222,222,0.16949203610420227,0.15147382125749434,0.584919810295105,0.3351553678512573,0.2039557695388794,0.05,0.12,0.13,0.236,median_abs_audit_delta,sensitivity_only,UNVERIFIED
S4_replogle_k562_to_rpe1_rl4,target_control_audit_delta,UBA3,59,59,0.10698868334293365,0.0852738993190491,0.5919020771980286,0.34301939606666565,0.1064906120300293,0.2,0.18,0.23,0.448,median_abs_audit_delta,sensitivity_only,UNVERIFIED
S4_replogle_k562_to_rpe1_rl4,target_control_audit_delta,URB2,40,40,0.1998487114906311,0.17636852098743935,0.5771072506904602,0.324414998292923,0.23940932750701904,0.15,0.14,0.17,0.208,median_abs_audit_delta,sensitivity_only,UNVERIFIED
S4_replogle_k562_to_rpe1_rl4,target_control_audit_delta,USPL1,36,36,0.20065340399742126,0.21412695390907815,0.5758928060531616,0.32830166816711426,0.25186824798583984,0.1,0.16,0.18,0.2,median_abs_audit_delta,sensitivity_only,UNVERIFIED
S4_replogle_k562_to_rpe1_rl4,target_control_audit_delta,UTP15,34,34,0.18143624067306519,0.1430678743341486,0.5915147066116333,0.34020310640335083,0.19160282611846924,0.15,0.18,0.19,0.336,median_abs_audit_delta,sensitivity_only,UNVERIFIED
S4_replogle_k562_to_rpe1_rl4,target_control_audit_delta,VARS,80,80,0.20533767342567444,0.25059182280971554,0.5731240510940552,0.31725502014160156,0.2573230266571045,0.05,0.08,0.1,0.256,median_abs_audit_delta,sensitivity_only,UNVERIFIED
S4_replogle_k562_to_rpe1_rl4,target_control_audit_delta,WDHD1,40,40,0.11498107016086578,0.13564393819375753,0.5834006071090698,0.3277752101421356,0.1681092381477356,0.1,0.1,0.15,0.24,median_abs_audit_delta,sensitivity_only,UNVERIFIED
S4_replogle_k562_to_rpe1_rl4,target_control_audit_delta,XRCC5,54,54,0.2464478313922882,0.27666038595305525,0.5639105439186096,0.31436431407928467,0.31647056341171265,0.0,0.02,0.13,0.2,median_abs_audit_delta,sensitivity_only,UNVERIFIED
S4_replogle_k562_to_rpe1_rl4,target_control_audit_delta,ZNF207,87,87,0.20889803767204285,0.1859450260822637,0.5776857137680054,0.3301986753940582,0.22482943534851074,0.2,0.14,0.12,0.256,median_abs_audit_delta,sensitivity_only,UNVERIFIED
S4_replogle_k562_to_rpe1_rl4,target_control_audit_delta,ZNF335,47,47,0.26491284370422363,0.21063415668136626,0.5689855217933655,0.32720309495925903,0.2862546443939209,0.05,0.16,0.18,0.236,median_abs_audit_delta,sensitivity_only,UNVERIFIED
S4_replogle_k562_to_rpe1_rl4,gears_raw,ARCN1,42,42,0.007029450498521328,0.004497542579901703,0.2130887508392334,0.13976126909255981,-0.019408464431762695,0.5,0.52,0.57,0.56,median_abs_raw_delta,sensitivity_only,UNVERIFIED
S4_replogle_k562_to_rpe1_rl4,gears_raw,ARPC4,70,70,-0.024820107966661453,-0.02188140682778143,0.16730843484401703,0.10559707134962082,-0.048102736473083496,0.65,0.52,0.46,0.624,median_abs_raw_delta,sensitivity_only,UNVERIFIED
S4_replogle_k562_to_rpe1_rl4,gears_raw,ATP6V1A,76,76,0.01263286080211401,0.006465614946779772,0.08177167177200317,0.0526680164039135,0.011098802089691162,0.55,0.54,0.5,0.504,median_abs_raw_delta,sensitivity_only,UNVERIFIED
S4_replogle_k562_to_rpe1_rl4,gears_raw,BCAS2,33,33,0.0023690685629844666,0.01118812408140457,0.1440839022397995,0.0988100916147232,0.0038416385650634766,0.75,0.58,0.54,0.452,median_abs_raw_delta,sensitivity_only,UNVERIFIED
S4_replogle_k562_to_rpe1_rl4,gears_raw,CCDC84,42,42,-0.024469222873449326,-0.009529822749192908,0.11756079643964767,0.07909975945949554,-0.02435755729675293,0.45,0.54,0.44,0.456,median_abs_raw_delta,sensitivity_only,UNVERIFIED
S4_replogle_k562_to_rpe1_rl4,gears_raw,CDC6,78,78,-0.012376123107969761,-0.02966205675519416,0.1799793839454651,0.11141855269670486,-0.0364302396774292,0.65,0.56,0.53,0.56,median_abs_raw_delta,sensitivity_only,UNVERIFIED
S4_replogle_k562_to_rpe1_rl4,gears_raw,CENPJ,49,49,-0.03519192337989807,-0.053139871501594854,0.17574729025363922,0.10967084020376205,-0.05836677551269531,0.35,0.42,0.49,0.584,median_abs_raw_delta,sensitivity_only,UNVERIFIED
S4_replogle_k562_to_rpe1_rl4,gears_raw,CNOT2,62,62,-0.0248704943805933,-0.009871907099113208,0.16166318953037262,0.10776525735855103,-0.04564380645751953,0.65,0.56,0.51,0.512,median_abs_raw_delta,sensitivity_only,UNVERIFIED
S4_replogle_k562_to_rpe1_rl4,gears_raw,CNOT3,54,54,0.004782307427376509,0.0029006078121635416,0.18059945106506348,0.12046179175376892,-0.05124020576477051,0.45,0.54,0.52,0.488,median_abs_raw_delta,sensitivity_only,UNVERIFIED
S4_replogle_k562_to_rpe1_rl4,gears_raw,COG2,40,40,-0.026911940425634384,-0.02492000744599646,0.10975087434053421,0.07755932956933975,-0.021727919578552246,0.5,0.6,0.53,0.512,median_abs_raw_delta,sensitivity_only,UNVERIFIED
S4_replogle_k562_to_rpe1_rl4,gears_raw,COPS2,41,41,-0.0022253564093261957,-0.011015695160892184,0.1756564825773239,0.10953603684902191,0.004007399082183838,0.4,0.54,0.51,0.496,median_abs_raw_delta,sensitivity_only,UNVERIFIED
S4_replogle_k562_to_rpe1_rl4,gears_raw,CPSF1,50,50,-0.003114676335826516,-0.0027394201096425505,0.17523601651191711,0.11386577039957047,-0.09302818775177002,0.5,0.56,0.53,0.56,median_abs_raw_delta,sensitivity_only,UNVERIFIED
S4_replogle_k562_to_rpe1_rl4,gears_raw,CSE1L,252,252,-0.00510325375944376,-0.006617134152685365,0.20429199934005737,0.12185471504926682,0.015224277973175049,0.45,0.48,0.46,0.496,median_abs_raw_delta,sensitivity_only,UNVERIFIED
S4_replogle_k562_to_rpe1_rl4,gears_raw,DDX23,168,168,-0.02089625783264637,-0.016670647579225997,0.20035392045974731,0.1263856738805771,-0.0156862735748291,0.3,0.46,0.53,0.516,median_abs_raw_delta,sensitivity_only,UNVERIFIED
S4_replogle_k562_to_rpe1_rl4,gears_raw,DOHH,118,118,0.013471982441842556,0.0020305215212695934,0.06408048421144485,0.04471869021654129,0.009688138961791992,0.45,0.52,0.49,0.46,median_abs_raw_delta,sensitivity_only,UNVERIFIED
S4_replogle_k562_to_rpe1_rl4,gears_raw,EIF2S3,62,62,-0.013638651929795742,-0.01691144784486379,0.23277133703231812,0.14271177351474762,-0.014018654823303223,0.55,0.48,0.52,0.52,median_abs_raw_delta,sensitivity_only,UNVERIFIED
S4_replogle_k562_to_rpe1_rl4,gears_raw,EIF3M,63,63,-0.019045626744627953,-0.014515376117660154,0.16659818589687347,0.10143598914146423,-0.016202092170715332,0.45,0.52,0.49,0.504,median_abs_raw_delta,sensitivity_only,UNVERIFIED
S4_replogle_k562_to_rpe1_rl4,gears_raw,ERCC2,94,94,0.007233163341879845,0.00012187867688684741,0.11907089501619339,0.07818052172660828,-0.006178617477416992,0.35,0.36,0.36,0.536,median_abs_raw_delta,sensitivity_only,UNVERIFIED
S4_replogle_k562_to_rpe1_rl4,gears_raw,FNTA,36,36,-0.01812206208705902,-0.008539818870002665,0.19778524339199066,0.12849850952625275,-0.04426383972167969,0.45,0.42,0.45,0.568,median_abs_raw_delta,sensitivity_only,UNVERIFIED
S4_replogle_k562_to_rpe1_rl4,gears_raw,FTSJ3,41,41,0.004926405381411314,-0.0005957128558285142,0.2522597908973694,0.1606898158788681,-0.0022835731506347656,0.35,0.54,0.47,0.496,median_abs_raw_delta,sensitivity_only,UNVERIFIED
S4_replogle_k562_to_rpe1_rl4,gears_raw,GNL2,47,47,-0.010664367116987705,-0.006075358707305964,0.20292584598064423,0.1255369931459427,-0.037766337394714355,0.55,0.52,0.52,0.548,median_abs_raw_delta,sensitivity_only,UNVERIFIED
S4_replogle_k562_to_rpe1_rl4,gears_raw,GNL3,34,34,-0.020351771265268326,-0.025171081632655586,0.1928946077823639,0.1185271218419075,0.0044516921043396,0.45,0.5,0.48,0.444,median_abs_raw_delta,sensitivity_only,UNVERIFIED
S4_replogle_k562_to_rpe1_rl4,gears_raw,GPKOW,41,41,0.0011258004233241081,-0.013333506197340247,0.22826087474822998,0.15442311763763428,0.06640702486038208,0.5,0.52,0.57,0.488,median_abs_raw_delta,sensitivity_only,UNVERIFIED
S4_replogle_k562_to_rpe1_rl4,gears_raw,GTPBP4,40,40,-0.011418499983847141,-0.012022576705480155,0.1314712017774582,0.08725453168153763,0.007441520690917969,0.25,0.48,0.47,0.524,median_abs_raw_delta,sensitivity_only,UNVERIFIED
S4_replogle_k562_to_rpe1_rl4,gears_raw,HBS1L,45,45,-0.022768104448914528,-0.04336152841062384,0.10915985703468323,0.07508964836597443,0.016812682151794434,0.45,0.42,0.5,0.472,median_abs_raw_delta,sensitivity_only,UNVERIFIED
S4_replogle_k562_to_rpe1_rl4,gears_raw,KIN,38,38,-0.029959894716739655,-0.017076002987859763,0.1648666262626648,0.10822878777980804,-0.05811905860900879,0.5,0.46,0.44,0.612,median_abs_raw_delta,sensitivity_only,UNVERIFIED
S4_replogle_k562_to_rpe1_rl4,gears_raw,KRI1,43,43,0.0036489267367869616,-0.014254067514504797,0.16332195699214935,0.10336955636739731,0.0007291436195373535,0.5,0.46,0.48,0.46,median_abs_raw_delta,sensitivity_only,UNVERIFIED
S4_replogle_k562_to_rpe1_rl4,gears_raw,LSM4,72,72,-0.014792295172810555,-0.012234077481656717,0.19489720463752747,0.12040070444345474,0.039214909076690674,0.55,0.52,0.5,0.452,median_abs_raw_delta,sensitivity_only,UNVERIFIED
S4_replogle_k562_to_rpe1_rl4,gears_raw,MAD2L1,95,95,-0.024647077545523643,-0.0148185591058093,0.13512885570526123,0.08262304961681366,-0.022154569625854492,0.45,0.5,0.53,0.564,median_abs_raw_delta,sensitivity_only,UNVERIFIED
S4_replogle_k562_to_rpe1_rl4,gears_raw,MAX,85,85,-0.0052748508751392365,-0.014713037005227702,0.0876239761710167,0.06035192310810089,-0.005895733833312988,0.45,0.46,0.46,0.496,median_abs_raw_delta,sensitivity_only,UNVERIFIED
S4_replogle_k562_to_rpe1_rl4,gears_raw,MFAP1,58,58,-0.021634288132190704,-0.016917904229528234,0.20602501928806305,0.13011491298675537,0.0014529228210449219,0.65,0.62,0.52,0.512,median_abs_raw_delta,sensitivity_only,UNVERIFIED
S4_replogle_k562_to_rpe1_rl4,gears_raw,MRGBP,32,32,-0.011662490665912628,-0.000309511692387896,0.1753193587064743,0.11301697045564651,0.016576111316680908,0.55,0.56,0.57,0.488,median_abs_raw_delta,sensitivity_only,UNVERIFIED
S4_replogle_k562_to_rpe1_rl4,gears_raw,MRPL35,1452,1452,0.010997159406542778,0.011529119262271566,0.03361561894416809,0.016290312632918358,0.009739339351654053,0.45,0.4,0.47,0.504,median_abs_raw_delta,sensitivity_only,UNVERIFIED
S4_replogle_k562_to_rpe1_rl4,gears_raw,MRPL38,256,256,0.024674836546182632,0.02871670982066839,0.06923433393239975,0.041311729699373245,0.025648534297943115,0.6,0.62,0.56,0.456,median_abs_raw_delta,sensitivity_only,UNVERIFIED
S4_replogle_k562_to_rpe1_rl4,gears_raw,MRPL49,30,30,-0.0029170485213398933,0.007797295895891834,0.14173105359077454,0.095807284116745,-0.0027608871459960938,0.5,0.46,0.47,0.484,median_abs_raw_delta,sensitivity_only,UNVERIFIED
S4_replogle_k562_to_rpe1_rl4,gears_raw,NCBP2,34,34,0.011621174402534962,0.008526061877451726,0.14813116192817688,0.10295146703720093,0.019149422645568848,0.4,0.42,0.47,0.472,median_abs_raw_delta,sensitivity_only,UNVERIFIED
S4_replogle_k562_to_rpe1_rl4,gears_raw,NELFB,148,148,0.0021278774365782738,0.0005304821492574807,0.12104356288909912,0.07688851654529572,0.001160264015197754,0.55,0.5,0.48,0.508,median_abs_raw_delta,sensitivity_only,UNVERIFIED
S4_replogle_k562_to_rpe1_rl4,gears_raw,NFS1,56,56,-0.037443481385707855,-0.034163088887343464,0.14995479583740234,0.09463126212358475,-0.030559539794921875,0.35,0.46,0.48,0.548,median_abs_raw_delta,sensitivity_only,UNVERIFIED
S4_replogle_k562_to_rpe1_rl4,gears_raw,NOM1,57,57,-0.02854631468653679,-0.01449843629193745,0.1630219966173172,0.10146388411521912,-0.022337794303894043,0.5,0.46,0.55,0.532,median_abs_raw_delta,sensitivity_only,UNVERIFIED
S4_replogle_k562_to_rpe1_rl4,gears_raw,NUP88,111,111,-0.02482195757329464,-0.02736855493605589,0.18253901600837708,0.10832749307155609,-0.014894485473632812,0.25,0.42,0.43,0.484,median_abs_raw_delta,sensitivity_only,UNVERIFIED
S4_replogle_k562_to_rpe1_rl4,gears_raw,OGT,39,39,0.013998439535498619,0.02277314942292597,0.1158471554517746,0.08060561865568161,0.002104043960571289,0.3,0.52,0.52,0.508,median_abs_raw_delta,sensitivity_only,UNVERIFIED
S4_replogle_k562_to_rpe1_rl4,gears_raw,PDCD7,32,32,-0.028812069445848465,-0.014833086065323442,0.1755913347005844,0.11437202244997025,-0.03380692005157471,0.5,0.52,0.52,0.584,median_abs_raw_delta,sensitivity_only,UNVERIFIED
S4_replogle_k562_to_rpe1_rl4,gears_raw,PPP4C,41,41,-0.014011815190315247,-0.005265542947127209,0.09167187660932541,0.06660939753055573,-0.01878511905670166,0.5,0.54,0.47,0.508,median_abs_raw_delta,sensitivity_only,UNVERIFIED
S4_replogle_k562_to_rpe1_rl4,gears_raw,PRPF4,82,82,-0.023217376321554184,-0.018089631507585257,0.1979336142539978,0.12278243154287338,-0.022727131843566895,0.5,0.46,0.55,0.492,median_abs_raw_delta,sensitivity_only,UNVERIFIED
S4_replogle_k562_to_rpe1_rl4,gears_raw,PSMA3,40,40,0.0024659789633005857,-0.0036425093297003724,0.3019791841506958,0.1935911774635315,0.003638625144958496,0.5,0.44,0.42,0.484,median_abs_raw_delta,sensitivity_only,UNVERIFIED
S4_replogle_k562_to_rpe1_rl4,gears_raw,RPL10,66,66,-0.010868046432733536,-0.005769738759204971,0.21080708503723145,0.12974654138088226,-0.008009076118469238,0.5,0.48,0.45,0.504,median_abs_raw_delta,sensitivity_only,UNVERIFIED
S4_replogle_k562_to_rpe1_rl4,gears_raw,RPL26,46,46,-0.015016882680356503,-0.01265457881018315,0.22195948660373688,0.13328847289085388,-0.015722990036010742,0.45,0.56,0.57,0.556,median_abs_raw_delta,sensitivity_only,UNVERIFIED
S4_replogle_k562_to_rpe1_rl4,gears_raw,RPL30,38,38,-0.026626013219356537,-0.010075985107523054,0.23673254251480103,0.14633898437023163,-0.012459278106689453,0.4,0.38,0.45,0.52,median_abs_raw_delta,sensitivity_only,UNVERIFIED
S4_replogle_k562_to_rpe1_rl4,gears_raw,RPL35A,94,94,-0.03400509059429169,-0.02128117117226834,0.22653822600841522,0.135748028755188,-0.057323336601257324,0.35,0.4,0.48,0.552,median_abs_raw_delta,sensitivity_only,UNVERIFIED
S4_replogle_k562_to_rpe1_rl4,gears_raw,RPL5,54,54,-0.011212306097149849,-0.0045985635760529085,0.20913249254226685,0.13198994100093842,-0.011336445808410645,0.3,0.36,0.46,0.484,median_abs_raw_delta,sensitivity_only,UNVERIFIED
S4_replogle_k562_to_rpe1_rl4,gears_raw,RPL9,39,39,-0.025884930044412613,-0.030021257378291314,0.20801322162151337,0.13122837245464325,-0.020596027374267578,0.4,0.54,0.53,0.528,median_abs_raw_delta,sensitivity_only,UNVERIFIED
S4_replogle_k562_to_rpe1_rl4,gears_raw,RPS26,30,30,-0.01160064060240984,-0.012023730816949232,0.2169288694858551,0.13837270438671112,-0.009824156761169434,0.55,0.5,0.51,0.472,median_abs_raw_delta,sensitivity_only,UNVERIFIED
S4_replogle_k562_to_rpe1_rl4,gears_raw,RPS7,34,34,-0.001819223165512085,-0.0009757986630787851,0.22520318627357483,0.14097027480602264,-0.0008132457733154297,0.5,0.48,0.43,0.488,median_abs_raw_delta,sensitivity_only,UNVERIFIED
S4_replogle_k562_to_rpe1_rl4,gears_raw,RUVBL1,103,103,-0.0015598125755786896,0.0034672558027734465,0.2096136510372162,0.12837563455104828,0.027295291423797607,0.3,0.48,0.49,0.496,median_abs_raw_delta,sensitivity_only,UNVERIFIED
S4_replogle_k562_to_rpe1_rl4,gears_raw,SAMM50,43,43,-0.00045394874177873135,0.020215286440611453,0.16339749097824097,0.10081009566783905,0.018934547901153564,0.45,0.46,0.45,0.476,median_abs_raw_delta,sensitivity_only,UNVERIFIED
S4_replogle_k562_to_rpe1_rl4,gears_raw,SCAF1,62,62,0.008408064022660255,0.0015334968134502842,0.14343726634979248,0.09714318811893463,0.008402347564697266,0.4,0.48,0.53,0.464,median_abs_raw_delta,sensitivity_only,UNVERIFIED
S4_replogle_k562_to_rpe1_rl4,gears_raw,SKA3,63,63,-0.0014398903585970402,-0.006110086948696761,0.11155485361814499,0.0729343518614769,-0.029645800590515137,0.5,0.5,0.48,0.532,median_abs_raw_delta,sensitivity_only,UNVERIFIED
S4_replogle_k562_to_rpe1_rl4,gears_raw,SMC2,66,66,-0.012281983159482479,-0.011662473443058733,0.14930003881454468,0.09424443542957306,-0.00034749507904052734,0.5,0.54,0.53,0.476,median_abs_raw_delta,sensitivity_only,UNVERIFIED
S4_replogle_k562_to_rpe1_rl4,gears_raw,SYF2,64,64,-0.0011659739539027214,0.003238086369756597,0.11370490491390228,0.07661738991737366,0.01549220085144043,0.5,0.5,0.47,0.452,median_abs_raw_delta,sensitivity_only,UNVERIFIED
S4_replogle_k562_to_rpe1_rl4,gears_raw,SYMPK,67,67,-0.008870936930179596,0.004287628059710928,0.20410436391830444,0.12782593071460724,-0.09331560134887695,0.5,0.48,0.41,0.608,median_abs_raw_delta,sensitivity_only,UNVERIFIED
S4_replogle_k562_to_rpe1_rl4,gears_raw,TAF2,67,67,0.01718890108168125,0.005214798784717107,0.1714649498462677,0.11037328839302063,-0.030037999153137207,0.45,0.5,0.49,0.512,median_abs_raw_delta,sensitivity_only,UNVERIFIED
S4_replogle_k562_to_rpe1_rl4,gears_raw,TOMM40,77,77,0.006576985120773315,-0.032814708017375877,0.11829741299152374,0.06356360018253326,0.015796005725860596,0.4,0.48,0.54,0.496,median_abs_raw_delta,sensitivity_only,UNVERIFIED
S4_replogle_k562_to_rpe1_rl4,gears_raw,TSR2,90,90,-0.02960214391350746,-0.021266944691698604,0.1802939623594284,0.11077357083559036,-0.029619336128234863,0.5,0.56,0.51,0.56,median_abs_raw_delta,sensitivity_only,UNVERIFIED
S4_replogle_k562_to_rpe1_rl4,gears_raw,TUT1,222,222,-0.02753041870892048,-0.02694472826372915,0.04771045595407486,0.033313073217868805,-0.04158353805541992,0.4,0.5,0.52,0.556,median_abs_raw_delta,sensitivity_only,UNVERIFIED
S4_replogle_k562_to_rpe1_rl4,gears_raw,UBA3,59,59,-0.01131583470851183,-0.0003272350211051081,0.12476564943790436,0.07881329953670502,-0.010956048965454102,0.7,0.48,0.55,0.536,median_abs_raw_delta,sensitivity_only,UNVERIFIED
S4_replogle_k562_to_rpe1_rl4,gears_raw,URB2,40,40,-0.02244848757982254,-0.031249617172234657,0.18389685451984406,0.11486382782459259,-0.03132069110870361,0.35,0.5,0.53,0.508,median_abs_raw_delta,sensitivity_only,UNVERIFIED
S4_replogle_k562_to_rpe1_rl4,gears_raw,USPL1,36,36,0.0030474173836410046,-0.0011839696313872005,0.11028110235929489,0.07791368663311005,0.04380643367767334,0.3,0.36,0.44,0.472,median_abs_raw_delta,sensitivity_only,UNVERIFIED
S4_replogle_k562_to_rpe1_rl4,gears_raw,UTP15,34,34,-0.0003579389303922653,-0.005338565301670738,0.216176375746727,0.1346060037612915,0.0030497312545776367,0.65,0.56,0.56,0.448,median_abs_raw_delta,sensitivity_only,UNVERIFIED
S4_replogle_k562_to_rpe1_rl4,gears_raw,VARS,80,80,-0.01153299305588007,-0.01209167515711801,0.18233370780944824,0.11066728830337524,-0.04231429100036621,0.55,0.6,0.53,0.536,median_abs_raw_delta,sensitivity_only,UNVERIFIED
S4_replogle_k562_to_rpe1_rl4,gears_raw,WDHD1,40,40,0.014666932635009289,0.016164435670965375,0.12181540578603745,0.08170463889837265,0.039730191230773926,0.6,0.6,0.55,0.5,median_abs_raw_delta,sensitivity_only,UNVERIFIED
S4_replogle_k562_to_rpe1_rl4,gears_raw,XRCC5,54,54,0.02150808647274971,0.019932353597772522,0.14454306662082672,0.08934378623962402,0.05344587564468384,0.4,0.46,0.47,0.48,median_abs_raw_delta,sensitivity_only,UNVERIFIED
S4_replogle_k562_to_rpe1_rl4,gears_raw,ZNF207,87,87,-0.0174451544880867,-0.02501483260239437,0.1323608011007309,0.0850021243095398,-0.02681279182434082,0.6,0.54,0.5,0.528,median_abs_raw_delta,sensitivity_only,UNVERIFIED
S4_replogle_k562_to_rpe1_rl4,gears_raw,ZNF335,47,47,-0.011880532838404179,-0.008537757173715192,0.19943299889564514,0.12611140310764313,-0.03876495361328125,0.5,0.46,0.5,0.504,median_abs_raw_delta,sensitivity_only,UNVERIFIED
