dataset,model,split,perturbation,true_target_rank,top_match,top_match_similarity,true_target_similarity,is_confused,true_genes,top_match_genes,true_gene_groups,top_match_gene_groups,shared_gene_groups,n_shared_gene_groups,has_shared_gene_group,same_gene_set
Norman2019_GEARS_processed_mirror,B1_global_perturbed_mean,L0,AHR+FEV,81.0,LYL1+IER5L,0.7957773804664612,0.6290533542633057,True,AHR|FEV,LYL1|IER5L,Basic helix-loop-helix proteins|ETS transcription factor family|PAS domain containing,Basic helix-loop-helix proteins,Basic helix-loop-helix proteins,1,True,False
Norman2019_GEARS_processed_mirror,B1_global_perturbed_mean,L0,AHR+KLF1,207.0,LYL1+IER5L,0.7957773804664612,0.3434217572212219,True,AHR|KLF1,LYL1|IER5L,Basic helix-loop-helix proteins|KLF transcription factors|PAS domain containing|Zinc fingers C2H2-type,Basic helix-loop-helix proteins,Basic helix-loop-helix proteins,1,True,False
Norman2019_GEARS_processed_mirror,B1_global_perturbed_mean,L0,AHR+ctrl,98.0,LYL1+IER5L,0.7957773804664612,0.6073943972587585,True,AHR,LYL1|IER5L,Basic helix-loop-helix proteins|PAS domain containing,Basic helix-loop-helix proteins,Basic helix-loop-helix proteins,1,True,False
Norman2019_GEARS_processed_mirror,B1_global_perturbed_mean,L0,ARID1A+ctrl,77.0,LYL1+IER5L,0.7957773804664612,0.6359577178955078,True,ARID1A,LYL1|IER5L,AT-rich interaction domain containing|Armadillo like helical domain containing|BAF complex subunits,Basic helix-loop-helix proteins,,0,False,False
Norman2019_GEARS_processed_mirror,B1_global_perturbed_mean,L0,ARRDC3+ctrl,124.0,LYL1+IER5L,0.7957773804664612,0.5448223352432251,True,ARRDC3,LYL1|IER5L,Alpha arrestins,Basic helix-loop-helix proteins,,0,False,False
Norman2019_GEARS_processed_mirror,B1_global_perturbed_mean,L0,ATL1+ctrl,52.0,LYL1+IER5L,0.7957773804664612,0.6674410104751587,True,ATL1,LYL1|IER5L,Atlastins,Basic helix-loop-helix proteins,,0,False,False
Norman2019_GEARS_processed_mirror,B1_global_perturbed_mean,L0,BAK1+ctrl,270.0,LYL1+IER5L,0.7957773804664612,-0.0919096544384956,True,BAK1,LYL1|IER5L,BCL2 family,Basic helix-loop-helix proteins,,0,False,False
Norman2019_GEARS_processed_mirror,B1_global_perturbed_mean,L0,BCL2L11+BAK1,271.0,LYL1+IER5L,0.7957773804664612,-0.0979833081364631,True,BCL2L11|BAK1,LYL1|IER5L,BCL2 family|BCL2 homology region 3 (BH3) only,Basic helix-loop-helix proteins,,0,False,False
Norman2019_GEARS_processed_mirror,B1_global_perturbed_mean,L0,BCL2L11+TGFBR2,210.0,LYL1+IER5L,0.7957773804664612,0.3365172147750854,True,BCL2L11|TGFBR2,LYL1|IER5L,BCL2 homology region 3 (BH3) only|Type 2 receptor serine/threonine kinases,Basic helix-loop-helix proteins,,0,False,False
Norman2019_GEARS_processed_mirror,B1_global_perturbed_mean,L0,BCL2L11+ctrl,262.0,LYL1+IER5L,0.7957773804664612,0.1125067323446273,True,BCL2L11,LYL1|IER5L,BCL2 homology region 3 (BH3) only,Basic helix-loop-helix proteins,,0,False,False
Norman2019_GEARS_processed_mirror,B1_global_perturbed_mean,L0,BCORL1+ctrl,226.0,LYL1+IER5L,0.7957773804664612,0.2847379446029663,True,BCORL1,LYL1|IER5L,Ankyrin repeat domain containing,Basic helix-loop-helix proteins,,0,False,False
Norman2019_GEARS_processed_mirror,B1_global_perturbed_mean,L0,BPGM+SAMD1,17.0,LYL1+IER5L,0.7957773804664612,0.7287279367446899,True,BPGM|SAMD1,LYL1|IER5L,Bisphosphoglycerate phosphatases|Phosphoglycerate mutases|Sterile alpha motif domain containing,Basic helix-loop-helix proteins,,0,False,False
Norman2019_GEARS_processed_mirror,B1_global_perturbed_mean,L0,BPGM+ZBTB1,12.0,LYL1+IER5L,0.7957773804664612,0.7385028600692749,True,BPGM|ZBTB1,LYL1|IER5L,BTB domain containing|Bisphosphoglycerate phosphatases|Phosphoglycerate mutases|Zinc fingers C2H2-type,Basic helix-loop-helix proteins,,0,False,False
Norman2019_GEARS_processed_mirror,B1_global_perturbed_mean,L0,BPGM+ctrl,121.0,LYL1+IER5L,0.7957773804664612,0.5454623699188232,True,BPGM,LYL1|IER5L,Bisphosphoglycerate phosphatases|Phosphoglycerate mutases,Basic helix-loop-helix proteins,,0,False,False
Norman2019_GEARS_processed_mirror,B1_global_perturbed_mean,L0,C19orf26+ctrl,180.0,LYL1+IER5L,0.7957773804664612,0.4409641623497009,True,C19orf26,LYL1|IER5L,,Basic helix-loop-helix proteins,,0,False,False
Norman2019_GEARS_processed_mirror,B1_global_perturbed_mean,L0,C3orf72+FOXL2,160.0,LYL1+IER5L,0.7957773804664612,0.4776711165904999,True,C3orf72|FOXL2,LYL1|IER5L,Forkhead boxes,Basic helix-loop-helix proteins,,0,False,False
Norman2019_GEARS_processed_mirror,B1_global_perturbed_mean,L0,C3orf72+ctrl,54.0,LYL1+IER5L,0.7957773804664612,0.6644303798675537,True,C3orf72,LYL1|IER5L,,Basic helix-loop-helix proteins,,0,False,False
Norman2019_GEARS_processed_mirror,B1_global_perturbed_mean,L0,CBFA2T3+ctrl,248.0,LYL1+IER5L,0.7957773804664612,0.1772388815879821,True,CBFA2T3,LYL1|IER5L,A-kinase anchoring proteins|Zinc fingers MYND-type,Basic helix-loop-helix proteins,,0,False,False
Norman2019_GEARS_processed_mirror,B1_global_perturbed_mean,L0,CBL+CNN1,42.0,LYL1+IER5L,0.7957773804664612,0.6814537048339844,True,CBL|CNN1,LYL1|IER5L,Calponin family|Ring finger proteins,Basic helix-loop-helix proteins,,0,False,False
Norman2019_GEARS_processed_mirror,B1_global_perturbed_mean,L0,CBL+PTPN12,108.0,LYL1+IER5L,0.7957773804664612,0.5944087505340576,True,CBL|PTPN12,LYL1|IER5L,Protein tyrosine phosphatases non-receptor type|Ring finger proteins,Basic helix-loop-helix proteins,,0,False,False
Norman2019_GEARS_processed_mirror,B1_global_perturbed_mean,L0,CBL+PTPN9,44.0,LYL1+IER5L,0.7957773804664612,0.679261326789856,True,CBL|PTPN9,LYL1|IER5L,CRAL-TRIO lipid binding domain containing|Protein tyrosine phosphatases non-receptor type|Ring finger proteins,Basic helix-loop-helix proteins,,0,False,False
Norman2019_GEARS_processed_mirror,B1_global_perturbed_mean,L0,CBL+TGFBR2,127.0,LYL1+IER5L,0.7957773804664612,0.5381709933280945,True,CBL|TGFBR2,LYL1|IER5L,Ring finger proteins|Type 2 receptor serine/threonine kinases,Basic helix-loop-helix proteins,,0,False,False
Norman2019_GEARS_processed_mirror,B1_global_perturbed_mean,L0,CBL+UBASH3A,107.0,LYL1+IER5L,0.7957773804664612,0.5946677327156067,True,CBL|UBASH3A,LYL1|IER5L,Ring finger proteins,Basic helix-loop-helix proteins,,0,False,False
Norman2019_GEARS_processed_mirror,B1_global_perturbed_mean,L0,CBL+UBASH3B,31.0,LYL1+IER5L,0.7957773804664612,0.7033160328865051,True,CBL|UBASH3B,LYL1|IER5L,Protein phosphatases|Ring finger proteins,Basic helix-loop-helix proteins,,0,False,False
Norman2019_GEARS_processed_mirror,B1_global_perturbed_mean,L0,CBL+ctrl,123.0,LYL1+IER5L,0.7957773804664612,0.5452811121940613,True,CBL,LYL1|IER5L,Ring finger proteins,Basic helix-loop-helix proteins,,0,False,False
Norman2019_GEARS_processed_mirror,B1_global_perturbed_mean,L0,CDKN1A+ctrl,47.0,LYL1+IER5L,0.7957773804664612,0.6776179075241089,True,CDKN1A,LYL1|IER5L,Cyclin dependent kinase inhibitor 1 family,Basic helix-loop-helix proteins,,0,False,False
Norman2019_GEARS_processed_mirror,B1_global_perturbed_mean,L0,CDKN1B+CDKN1A,63.0,LYL1+IER5L,0.7957773804664612,0.65639328956604,True,CDKN1B|CDKN1A,LYL1|IER5L,Cyclin dependent kinase inhibitor 1 family,Basic helix-loop-helix proteins,,0,False,False
Norman2019_GEARS_processed_mirror,B1_global_perturbed_mean,L0,CDKN1B+ctrl,20.0,LYL1+IER5L,0.7957773804664612,0.7178757190704346,True,CDKN1B,LYL1|IER5L,Cyclin dependent kinase inhibitor 1 family,Basic helix-loop-helix proteins,,0,False,False
Norman2019_GEARS_processed_mirror,B1_global_perturbed_mean,L0,CDKN1C+CDKN1A,35.0,LYL1+IER5L,0.7957773804664612,0.6944792866706848,True,CDKN1C|CDKN1A,LYL1|IER5L,Cyclin dependent kinase inhibitor 1 family,Basic helix-loop-helix proteins,,0,False,False
Norman2019_GEARS_processed_mirror,B1_global_perturbed_mean,L0,CDKN1C+CDKN1B,95.0,LYL1+IER5L,0.7957773804664612,0.6107122898101807,True,CDKN1C|CDKN1B,LYL1|IER5L,Cyclin dependent kinase inhibitor 1 family,Basic helix-loop-helix proteins,,0,False,False
Norman2019_GEARS_processed_mirror,B1_global_perturbed_mean,L0,CDKN1C+ctrl,43.0,LYL1+IER5L,0.7957773804664612,0.679719090461731,True,CDKN1C,LYL1|IER5L,Cyclin dependent kinase inhibitor 1 family,Basic helix-loop-helix proteins,,0,False,False
Norman2019_GEARS_processed_mirror,B1_global_perturbed_mean,L0,CEBPA+ctrl,138.0,LYL1+IER5L,0.7957773804664612,0.5178623199462891,True,CEBPA,LYL1|IER5L,CCAAT/enhancer binding proteins,Basic helix-loop-helix proteins,,0,False,False
Norman2019_GEARS_processed_mirror,B1_global_perturbed_mean,L0,CEBPB+CEBPA,165.0,LYL1+IER5L,0.7957773804664612,0.4687056541442871,True,CEBPB|CEBPA,LYL1|IER5L,CCAAT/enhancer binding proteins,Basic helix-loop-helix proteins,,0,False,False
Norman2019_GEARS_processed_mirror,B1_global_perturbed_mean,L0,CEBPB+MAPK1,205.0,LYL1+IER5L,0.7957773804664612,0.3539719879627228,True,CEBPB|MAPK1,LYL1|IER5L,CCAAT/enhancer binding proteins|Mitogen-activated protein kinase 3 and 1 (ERK1/2) family,Basic helix-loop-helix proteins,,0,False,False
Norman2019_GEARS_processed_mirror,B1_global_perturbed_mean,L0,CEBPB+OSR2,134.0,LYL1+IER5L,0.7957773804664612,0.5198138356208801,True,CEBPB|OSR2,LYL1|IER5L,CCAAT/enhancer binding proteins|Zinc fingers C2H2-type,Basic helix-loop-helix proteins,,0,False,False
Norman2019_GEARS_processed_mirror,B1_global_perturbed_mean,L0,CEBPB+PTPN12,40.0,LYL1+IER5L,0.7957773804664612,0.6902410984039307,True,CEBPB|PTPN12,LYL1|IER5L,CCAAT/enhancer binding proteins|Protein tyrosine phosphatases non-receptor type,Basic helix-loop-helix proteins,,0,False,False
Norman2019_GEARS_processed_mirror,B1_global_perturbed_mean,L0,CEBPB+ctrl,149.0,LYL1+IER5L,0.7957773804664612,0.4988872408866882,True,CEBPB,LYL1|IER5L,CCAAT/enhancer binding proteins,Basic helix-loop-helix proteins,,0,False,False
Norman2019_GEARS_processed_mirror,B1_global_perturbed_mean,L0,CEBPE+CEBPA,131.0,LYL1+IER5L,0.7957773804664612,0.5273984670639038,True,CEBPE|CEBPA,LYL1|IER5L,CCAAT/enhancer binding proteins,Basic helix-loop-helix proteins,,0,False,False
Norman2019_GEARS_processed_mirror,B1_global_perturbed_mean,L0,CEBPE+CEBPB,144.0,LYL1+IER5L,0.7957773804664612,0.5053826570510864,True,CEBPE|CEBPB,LYL1|IER5L,CCAAT/enhancer binding proteins,Basic helix-loop-helix proteins,,0,False,False
Norman2019_GEARS_processed_mirror,B1_global_perturbed_mean,L0,CEBPE+CNN1,166.0,LYL1+IER5L,0.7957773804664612,0.4682598710060119,True,CEBPE|CNN1,LYL1|IER5L,CCAAT/enhancer binding proteins|Calponin family,Basic helix-loop-helix proteins,,0,False,False
Norman2019_GEARS_processed_mirror,B1_global_perturbed_mean,L0,CEBPE+KLF1,196.0,LYL1+IER5L,0.7957773804664612,0.3775170445442199,True,CEBPE|KLF1,LYL1|IER5L,CCAAT/enhancer binding proteins|KLF transcription factors|Zinc fingers C2H2-type,Basic helix-loop-helix proteins,,0,False,False
Norman2019_GEARS_processed_mirror,B1_global_perturbed_mean,L0,CEBPE+PTPN12,136.0,LYL1+IER5L,0.7957773804664612,0.5195341110229492,True,CEBPE|PTPN12,LYL1|IER5L,CCAAT/enhancer binding proteins|Protein tyrosine phosphatases non-receptor type,Basic helix-loop-helix proteins,,0,False,False
Norman2019_GEARS_processed_mirror,B1_global_perturbed_mean,L0,CEBPE+RUNX1T1,206.0,LYL1+IER5L,0.7957773804664612,0.3470721840858459,True,CEBPE|RUNX1T1,LYL1|IER5L,CCAAT/enhancer binding proteins|Zinc fingers MYND-type,Basic helix-loop-helix proteins,,0,False,False
Norman2019_GEARS_processed_mirror,B1_global_perturbed_mean,L0,CEBPE+SPI1,119.0,LYL1+IER5L,0.7957773804664612,0.5578246116638184,True,CEBPE|SPI1,LYL1|IER5L,CCAAT/enhancer binding proteins|ETS transcription factor family,Basic helix-loop-helix proteins,,0,False,False
Norman2019_GEARS_processed_mirror,B1_global_perturbed_mean,L0,CEBPE+ctrl,173.0,LYL1+IER5L,0.7957773804664612,0.4526935815811157,True,CEBPE,LYL1|IER5L,CCAAT/enhancer binding proteins,Basic helix-loop-helix proteins,,0,False,False
Norman2019_GEARS_processed_mirror,B1_global_perturbed_mean,L0,CELF2+ctrl,235.0,LYL1+IER5L,0.7957773804664612,0.2269180864095688,True,CELF2,LYL1|IER5L,RNA binding motif containing,Basic helix-loop-helix proteins,,0,False,False
Norman2019_GEARS_processed_mirror,B1_global_perturbed_mean,L0,CITED1+ctrl,143.0,LYL1+IER5L,0.7957773804664612,0.5141571164131165,True,CITED1,LYL1|IER5L,CBP/p300-interacting transactivator with ED-rich tail family,Basic helix-loop-helix proteins,,0,False,False
Norman2019_GEARS_processed_mirror,B1_global_perturbed_mean,L0,CKS1B+ctrl,145.0,LYL1+IER5L,0.7957773804664612,0.5029370188713074,True,CKS1B,LYL1|IER5L,MicroRNA protein coding host genes,Basic helix-loop-helix proteins,,0,False,False
Norman2019_GEARS_processed_mirror,B1_global_perturbed_mean,L0,CLDN6+ctrl,74.0,LYL1+IER5L,0.7957773804664612,0.6437143087387085,True,CLDN6,LYL1|IER5L,Claudins,Basic helix-loop-helix proteins,,0,False,False
Norman2019_GEARS_processed_mirror,B1_global_perturbed_mean,L0,CNN1+MAPK1,175.0,LYL1+IER5L,0.7957773804664612,0.4518184065818786,True,CNN1|MAPK1,LYL1|IER5L,Calponin family|Mitogen-activated protein kinase 3 and 1 (ERK1/2) family,Basic helix-loop-helix proteins,,0,False,False
Norman2019_GEARS_processed_mirror,B1_global_perturbed_mean,L0,CNN1+UBASH3A,34.0,LYL1+IER5L,0.7957773804664612,0.6949175596237183,True,CNN1|UBASH3A,LYL1|IER5L,Calponin family,Basic helix-loop-helix proteins,,0,False,False
Norman2019_GEARS_processed_mirror,B1_global_perturbed_mean,L0,CNN1+ctrl,218.0,LYL1+IER5L,0.7957773804664612,0.3190251588821411,True,CNN1,LYL1|IER5L,Calponin family,Basic helix-loop-helix proteins,,0,False,False
Norman2019_GEARS_processed_mirror,B1_global_perturbed_mean,L0,CNNM4+ctrl,164.0,LYL1+IER5L,0.7957773804664612,0.471183568239212,True,CNNM4,LYL1|IER5L,"MicroRNA protein coding host genes|Solute carrier family 70, cyclin and CBS domain divalent metal cation transport mediators",Basic helix-loop-helix proteins,,0,False,False
Norman2019_GEARS_processed_mirror,B1_global_perturbed_mean,L0,COL1A1+ctrl,198.0,LYL1+IER5L,0.7957773804664612,0.3733985424041748,True,COL1A1,LYL1|IER5L,Fibrillar collagens,Basic helix-loop-helix proteins,,0,False,False
Norman2019_GEARS_processed_mirror,B1_global_perturbed_mean,L0,COL2A1+ctrl,242.0,LYL1+IER5L,0.7957773804664612,0.2025591135025024,True,COL2A1,LYL1|IER5L,Fibrillar collagens,Basic helix-loop-helix proteins,,0,False,False
Norman2019_GEARS_processed_mirror,B1_global_perturbed_mean,L0,CSRNP1+ctrl,279.0,LYL1+IER5L,0.7957773804664612,-0.2592507004737854,True,CSRNP1,LYL1|IER5L,,Basic helix-loop-helix proteins,,0,False,False
Norman2019_GEARS_processed_mirror,B1_global_perturbed_mean,L0,DLX2+ctrl,225.0,LYL1+IER5L,0.7957773804664612,0.2857338488101959,True,DLX2,LYL1|IER5L,Distal-less homeobox family,Basic helix-loop-helix proteins,,0,False,False
Norman2019_GEARS_processed_mirror,B1_global_perturbed_mean,L0,DUSP9+ETS2,80.0,LYL1+IER5L,0.7957773804664612,0.62940913438797,True,DUSP9|ETS2,LYL1|IER5L,ETS transcription factor family|MAP kinase phosphatases,Basic helix-loop-helix proteins,,0,False,False
Norman2019_GEARS_processed_mirror,B1_global_perturbed_mean,L0,DUSP9+IGDCC3,16.0,LYL1+IER5L,0.7957773804664612,0.729600191116333,True,DUSP9|IGDCC3,LYL1|IER5L,Fibronectin type III domain containing|I-set domain containing|MAP kinase phosphatases,Basic helix-loop-helix proteins,,0,False,False
Norman2019_GEARS_processed_mirror,B1_global_perturbed_mean,L0,DUSP9+KLF1,93.0,LYL1+IER5L,0.7957773804664612,0.6115583181381226,True,DUSP9|KLF1,LYL1|IER5L,KLF transcription factors|MAP kinase phosphatases|Zinc fingers C2H2-type,Basic helix-loop-helix proteins,,0,False,False
Norman2019_GEARS_processed_mirror,B1_global_perturbed_mean,L0,DUSP9+MAPK1,188.0,LYL1+IER5L,0.7957773804664612,0.4026790261268616,True,DUSP9|MAPK1,LYL1|IER5L,MAP kinase phosphatases|Mitogen-activated protein kinase 3 and 1 (ERK1/2) family,Basic helix-loop-helix proteins,,0,False,False
Norman2019_GEARS_processed_mirror,B1_global_perturbed_mean,L0,DUSP9+PRTG,37.0,LYL1+IER5L,0.7957773804664612,0.6906288862228394,True,DUSP9|PRTG,LYL1|IER5L,Fibronectin type III domain containing|I-set domain containing|MAP kinase phosphatases,Basic helix-loop-helix proteins,,0,False,False
Norman2019_GEARS_processed_mirror,B1_global_perturbed_mean,L0,DUSP9+SNAI1,28.0,LYL1+IER5L,0.7957773804664612,0.707686185836792,True,DUSP9|SNAI1,LYL1|IER5L,MAP kinase phosphatases|SNAG transcriptional repressors|Zinc fingers C2H2-type,Basic helix-loop-helix proteins,,0,False,False
Norman2019_GEARS_processed_mirror,B1_global_perturbed_mean,L0,DUSP9+ctrl,109.0,LYL1+IER5L,0.7957773804664612,0.5915093421936035,True,DUSP9,LYL1|IER5L,MAP kinase phosphatases,Basic helix-loop-helix proteins,,0,False,False
Norman2019_GEARS_processed_mirror,B1_global_perturbed_mean,L0,EGR1+ctrl,75.0,LYL1+IER5L,0.7957773804664612,0.6428573131561279,True,EGR1,LYL1|IER5L,Zinc fingers C2H2-type,Basic helix-loop-helix proteins,,0,False,False
Norman2019_GEARS_processed_mirror,B1_global_perturbed_mean,L0,ELMSAN1+ctrl,268.0,LYL1+IER5L,0.7957773804664612,-0.0644585266709327,True,ELMSAN1,LYL1|IER5L,,Basic helix-loop-helix proteins,,0,False,False
Norman2019_GEARS_processed_mirror,B1_global_perturbed_mean,L0,ETS2+CEBPE,212.0,LYL1+IER5L,0.7957773804664612,0.3343613743782043,True,ETS2|CEBPE,LYL1|IER5L,CCAAT/enhancer binding proteins|ETS transcription factor family,Basic helix-loop-helix proteins,,0,False,False
Norman2019_GEARS_processed_mirror,B1_global_perturbed_mean,L0,ETS2+CNN1,97.0,LYL1+IER5L,0.7957773804664612,0.6079076528549194,True,ETS2|CNN1,LYL1|IER5L,Calponin family|ETS transcription factor family,Basic helix-loop-helix proteins,,0,False,False
Norman2019_GEARS_processed_mirror,B1_global_perturbed_mean,L0,ETS2+IGDCC3,103.0,LYL1+IER5L,0.7957773804664612,0.6000344753265381,True,ETS2|IGDCC3,LYL1|IER5L,ETS transcription factor family|Fibronectin type III domain containing|I-set domain containing,Basic helix-loop-helix proteins,,0,False,False
Norman2019_GEARS_processed_mirror,B1_global_perturbed_mean,L0,ETS2+IKZF3,2.0,LYL1+IER5L,0.7957773804664612,0.7901961803436279,True,ETS2|IKZF3,LYL1|IER5L,ETS transcription factor family|Zinc fingers C2H2-type,Basic helix-loop-helix proteins,,0,False,False
Norman2019_GEARS_processed_mirror,B1_global_perturbed_mean,L0,ETS2+MAP7D1,243.0,LYL1+IER5L,0.7957773804664612,0.2013201117515564,True,ETS2|MAP7D1,LYL1|IER5L,ETS transcription factor family|Microtubule associated protein 7 family,Basic helix-loop-helix proteins,,0,False,False
Norman2019_GEARS_processed_mirror,B1_global_perturbed_mean,L0,ETS2+MAPK1,219.0,LYL1+IER5L,0.7957773804664612,0.3013677597045898,True,ETS2|MAPK1,LYL1|IER5L,ETS transcription factor family|Mitogen-activated protein kinase 3 and 1 (ERK1/2) family,Basic helix-loop-helix proteins,,0,False,False
Norman2019_GEARS_processed_mirror,B1_global_perturbed_mean,L0,ETS2+PRTG,27.0,LYL1+IER5L,0.7957773804664612,0.7079840898513794,True,ETS2|PRTG,LYL1|IER5L,ETS transcription factor family|Fibronectin type III domain containing|I-set domain containing,Basic helix-loop-helix proteins,,0,False,False
Norman2019_GEARS_processed_mirror,B1_global_perturbed_mean,L0,ETS2+ctrl,255.0,LYL1+IER5L,0.7957773804664612,0.1525905132293701,True,ETS2,LYL1|IER5L,ETS transcription factor family,Basic helix-loop-helix proteins,,0,False,False
Norman2019_GEARS_processed_mirror,B1_global_perturbed_mean,L0,FEV+CBFA2T3,90.0,LYL1+IER5L,0.7957773804664612,0.6203010678291321,True,FEV|CBFA2T3,LYL1|IER5L,A-kinase anchoring proteins|ETS transcription factor family|Zinc fingers MYND-type,Basic helix-loop-helix proteins,,0,False,False
Norman2019_GEARS_processed_mirror,B1_global_perturbed_mean,L0,FEV+ISL2,135.0,LYL1+IER5L,0.7957773804664612,0.5195415019989014,True,FEV|ISL2,LYL1|IER5L,ETS transcription factor family|LIM class homeoboxes,Basic helix-loop-helix proteins,,0,False,False
Norman2019_GEARS_processed_mirror,B1_global_perturbed_mean,L0,FEV+MAP7D1,118.0,LYL1+IER5L,0.7957773804664612,0.5596528053283691,True,FEV|MAP7D1,LYL1|IER5L,ETS transcription factor family|Microtubule associated protein 7 family,Basic helix-loop-helix proteins,,0,False,False
Norman2019_GEARS_processed_mirror,B1_global_perturbed_mean,L0,FEV+ctrl,215.0,LYL1+IER5L,0.7957773804664612,0.3252054452896118,True,FEV,LYL1|IER5L,ETS transcription factor family,Basic helix-loop-helix proteins,,0,False,False
Norman2019_GEARS_processed_mirror,B1_global_perturbed_mean,L0,FOSB+CEBPB,139.0,LYL1+IER5L,0.7957773804664612,0.517765998840332,True,FOSB|CEBPB,LYL1|IER5L,CCAAT/enhancer binding proteins|Fos transcription factor family,Basic helix-loop-helix proteins,,0,False,False
Norman2019_GEARS_processed_mirror,B1_global_perturbed_mean,L0,FOSB+CEBPE,148.0,LYL1+IER5L,0.7957773804664612,0.5014759302139282,True,FOSB|CEBPE,LYL1|IER5L,CCAAT/enhancer binding proteins|Fos transcription factor family,Basic helix-loop-helix proteins,,0,False,False
Norman2019_GEARS_processed_mirror,B1_global_perturbed_mean,L0,FOSB+IKZF3,29.0,LYL1+IER5L,0.7957773804664612,0.7067641019821167,True,FOSB|IKZF3,LYL1|IER5L,Fos transcription factor family|Zinc fingers C2H2-type,Basic helix-loop-helix proteins,,0,False,False
Norman2019_GEARS_processed_mirror,B1_global_perturbed_mean,L0,FOSB+OSR2,200.0,LYL1+IER5L,0.7957773804664612,0.3658618032932281,True,FOSB|OSR2,LYL1|IER5L,Fos transcription factor family|Zinc fingers C2H2-type,Basic helix-loop-helix proteins,,0,False,False
Norman2019_GEARS_processed_mirror,B1_global_perturbed_mean,L0,FOSB+PTPN12,137.0,LYL1+IER5L,0.7957773804664612,0.5187408924102783,True,FOSB|PTPN12,LYL1|IER5L,Fos transcription factor family|Protein tyrosine phosphatases non-receptor type,Basic helix-loop-helix proteins,,0,False,False
Norman2019_GEARS_processed_mirror,B1_global_perturbed_mean,L0,FOSB+UBASH3B,195.0,LYL1+IER5L,0.7957773804664612,0.3783437311649322,True,FOSB|UBASH3B,LYL1|IER5L,Fos transcription factor family|Protein phosphatases,Basic helix-loop-helix proteins,,0,False,False
Norman2019_GEARS_processed_mirror,B1_global_perturbed_mean,L0,FOSB+ctrl,241.0,LYL1+IER5L,0.7957773804664612,0.2039547562599182,True,FOSB,LYL1|IER5L,Fos transcription factor family,Basic helix-loop-helix proteins,,0,False,False
Norman2019_GEARS_processed_mirror,B1_global_perturbed_mean,L0,FOXA1+FOXF1,24.0,LYL1+IER5L,0.7957773804664612,0.7093958854675293,True,FOXA1|FOXF1,LYL1|IER5L,Forkhead boxes,Basic helix-loop-helix proteins,,0,False,False
Norman2019_GEARS_processed_mirror,B1_global_perturbed_mean,L0,FOXA1+FOXL2,49.0,LYL1+IER5L,0.7957773804664612,0.6762012839317322,True,FOXA1|FOXL2,LYL1|IER5L,Forkhead boxes,Basic helix-loop-helix proteins,,0,False,False
Norman2019_GEARS_processed_mirror,B1_global_perturbed_mean,L0,FOXA1+HOXB9,11.0,LYL1+IER5L,0.7957773804664612,0.7431234121322632,True,FOXA1|HOXB9,LYL1|IER5L,Forkhead boxes|HOXL subclass homeoboxes,Basic helix-loop-helix proteins,,0,False,False
Norman2019_GEARS_processed_mirror,B1_global_perturbed_mean,L0,FOXA1+ctrl,150.0,LYL1+IER5L,0.7957773804664612,0.4986310601234436,True,FOXA1,LYL1|IER5L,Forkhead boxes,Basic helix-loop-helix proteins,,0,False,False
Norman2019_GEARS_processed_mirror,B1_global_perturbed_mean,L0,FOXA3+FOXA1,51.0,LYL1+IER5L,0.7957773804664612,0.6740148067474365,True,FOXA3|FOXA1,LYL1|IER5L,Forkhead boxes,Basic helix-loop-helix proteins,,0,False,False
Norman2019_GEARS_processed_mirror,B1_global_perturbed_mean,L0,FOXA3+FOXF1,67.0,LYL1+IER5L,0.7957773804664612,0.6535114049911499,True,FOXA3|FOXF1,LYL1|IER5L,Forkhead boxes,Basic helix-loop-helix proteins,,0,False,False
Norman2019_GEARS_processed_mirror,B1_global_perturbed_mean,L0,FOXA3+FOXL2,76.0,LYL1+IER5L,0.7957773804664612,0.6369631290435791,True,FOXA3|FOXL2,LYL1|IER5L,Forkhead boxes,Basic helix-loop-helix proteins,,0,False,False
Norman2019_GEARS_processed_mirror,B1_global_perturbed_mean,L0,FOXA3+HOXB9,9.0,LYL1+IER5L,0.7957773804664612,0.7558890581130981,True,FOXA3|HOXB9,LYL1|IER5L,Forkhead boxes|HOXL subclass homeoboxes,Basic helix-loop-helix proteins,,0,False,False
Norman2019_GEARS_processed_mirror,B1_global_perturbed_mean,L0,FOXA3+ctrl,106.0,LYL1+IER5L,0.7957773804664612,0.5948734283447266,True,FOXA3,LYL1|IER5L,Forkhead boxes,Basic helix-loop-helix proteins,,0,False,False
Norman2019_GEARS_processed_mirror,B1_global_perturbed_mean,L0,FOXF1+FOXL2,53.0,LYL1+IER5L,0.7957773804664612,0.6666402816772461,True,FOXF1|FOXL2,LYL1|IER5L,Forkhead boxes,Basic helix-loop-helix proteins,,0,False,False
Norman2019_GEARS_processed_mirror,B1_global_perturbed_mean,L0,FOXF1+HOXB9,61.0,LYL1+IER5L,0.7957773804664612,0.6596720218658447,True,FOXF1|HOXB9,LYL1|IER5L,Forkhead boxes|HOXL subclass homeoboxes,Basic helix-loop-helix proteins,,0,False,False
Norman2019_GEARS_processed_mirror,B1_global_perturbed_mean,L0,FOXF1+ctrl,186.0,LYL1+IER5L,0.7957773804664612,0.4126113653182983,True,FOXF1,LYL1|IER5L,Forkhead boxes,Basic helix-loop-helix proteins,,0,False,False
Norman2019_GEARS_processed_mirror,B1_global_perturbed_mean,L0,FOXL2+HOXB9,189.0,LYL1+IER5L,0.7957773804664612,0.3939558267593384,True,FOXL2|HOXB9,LYL1|IER5L,Forkhead boxes|HOXL subclass homeoboxes,Basic helix-loop-helix proteins,,0,False,False
Norman2019_GEARS_processed_mirror,B1_global_perturbed_mean,L0,FOXL2+MEIS1,89.0,LYL1+IER5L,0.7957773804664612,0.620923638343811,True,FOXL2|MEIS1,LYL1|IER5L,Forkhead boxes|TALE class homeoboxes and pseudogenes,Basic helix-loop-helix proteins,,0,False,False
Norman2019_GEARS_processed_mirror,B1_global_perturbed_mean,L0,FOXL2+ctrl,140.0,LYL1+IER5L,0.7957773804664612,0.5170848369598389,True,FOXL2,LYL1|IER5L,Forkhead boxes,Basic helix-loop-helix proteins,,0,False,False
Norman2019_GEARS_processed_mirror,B1_global_perturbed_mean,L0,FOXO4+ctrl,130.0,LYL1+IER5L,0.7957773804664612,0.5280488133430481,True,FOXO4,LYL1|IER5L,Forkhead boxes,Basic helix-loop-helix proteins,,0,False,False
Norman2019_GEARS_processed_mirror,B1_global_perturbed_mean,L0,GLB1L2+ctrl,155.0,LYL1+IER5L,0.7957773804664612,0.4874796569347381,True,GLB1L2,LYL1|IER5L,Galactosidases beta,Basic helix-loop-helix proteins,,0,False,False
Norman2019_GEARS_processed_mirror,B1_global_perturbed_mean,L0,HES7+ctrl,129.0,LYL1+IER5L,0.7957773804664612,0.530188262462616,True,HES7,LYL1|IER5L,Basic helix-loop-helix proteins,Basic helix-loop-helix proteins,Basic helix-loop-helix proteins,1,True,False
Norman2019_GEARS_processed_mirror,B1_global_perturbed_mean,L0,HK2+ctrl,199.0,LYL1+IER5L,0.7957773804664612,0.3732883930206299,True,HK2,LYL1|IER5L,Hexokinase family,Basic helix-loop-helix proteins,,0,False,False
Norman2019_GEARS_processed_mirror,B1_global_perturbed_mean,L0,HNF4A+ctrl,99.0,LYL1+IER5L,0.7957773804664612,0.605115532875061,True,HNF4A,LYL1|IER5L,Hepatocyte nuclear factor 4 family|MicroRNA protein coding host genes,Basic helix-loop-helix proteins,,0,False,False
Norman2019_GEARS_processed_mirror,B1_global_perturbed_mean,L0,HOXA13+ctrl,23.0,LYL1+IER5L,0.7957773804664612,0.711538553237915,True,HOXA13,LYL1|IER5L,HOXL subclass homeoboxes,Basic helix-loop-helix proteins,,0,False,False
Norman2019_GEARS_processed_mirror,B1_global_perturbed_mean,L0,HOXB9+ctrl,86.0,LYL1+IER5L,0.7957773804664612,0.623456597328186,True,HOXB9,LYL1|IER5L,HOXL subclass homeoboxes,Basic helix-loop-helix proteins,,0,False,False
Norman2019_GEARS_processed_mirror,B1_global_perturbed_mean,L0,HOXC13+ctrl,102.0,LYL1+IER5L,0.7957773804664612,0.6007548570632935,True,HOXC13,LYL1|IER5L,HOXL subclass homeoboxes,Basic helix-loop-helix proteins,,0,False,False
Norman2019_GEARS_processed_mirror,B1_global_perturbed_mean,L0,IER5L+ctrl,69.0,LYL1+IER5L,0.7957773804664612,0.6512584090232849,True,IER5L,LYL1|IER5L,,Basic helix-loop-helix proteins,,0,False,False
Norman2019_GEARS_processed_mirror,B1_global_perturbed_mean,L0,IGDCC3+MAPK1,213.0,LYL1+IER5L,0.7957773804664612,0.3288719356060028,True,IGDCC3|MAPK1,LYL1|IER5L,Fibronectin type III domain containing|I-set domain containing|Mitogen-activated protein kinase 3 and 1 (ERK1/2) family,Basic helix-loop-helix proteins,,0,False,False
Norman2019_GEARS_processed_mirror,B1_global_perturbed_mean,L0,IGDCC3+PRTG,48.0,LYL1+IER5L,0.7957773804664612,0.6764856576919556,True,IGDCC3|PRTG,LYL1|IER5L,Fibronectin type III domain containing|I-set domain containing,Basic helix-loop-helix proteins,,0,False,False
Norman2019_GEARS_processed_mirror,B1_global_perturbed_mean,L0,IGDCC3+ZBTB25,19.0,LYL1+IER5L,0.7957773804664612,0.7235007286071777,True,IGDCC3|ZBTB25,LYL1|IER5L,BTB domain containing|Fibronectin type III domain containing|I-set domain containing|Zinc fingers C2H2-type,Basic helix-loop-helix proteins,,0,False,False
Norman2019_GEARS_processed_mirror,B1_global_perturbed_mean,L0,IGDCC3+ctrl,105.0,LYL1+IER5L,0.7957773804664612,0.595865786075592,True,IGDCC3,LYL1|IER5L,Fibronectin type III domain containing|I-set domain containing,Basic helix-loop-helix proteins,,0,False,False
Norman2019_GEARS_processed_mirror,B1_global_perturbed_mean,L0,IKZF3+ctrl,6.0,LYL1+IER5L,0.7957773804664612,0.7681279182434082,True,IKZF3,LYL1|IER5L,Zinc fingers C2H2-type,Basic helix-loop-helix proteins,,0,False,False
Norman2019_GEARS_processed_mirror,B1_global_perturbed_mean,L0,IRF1+SET,202.0,LYL1+IER5L,0.7957773804664612,0.3599936068058014,True,IRF1|SET,LYL1|IER5L,INHAT complex|Interferon regulatory factors|Nucleosome assembly protein superfamily|SET complex,Basic helix-loop-helix proteins,,0,False,False
Norman2019_GEARS_processed_mirror,B1_global_perturbed_mean,L0,IRF1+ctrl,229.0,LYL1+IER5L,0.7957773804664612,0.2651559114456177,True,IRF1,LYL1|IER5L,Interferon regulatory factors,Basic helix-loop-helix proteins,,0,False,False
Norman2019_GEARS_processed_mirror,B1_global_perturbed_mean,L0,ISL2+ctrl,237.0,LYL1+IER5L,0.7957773804664612,0.2133278399705886,True,ISL2,LYL1|IER5L,LIM class homeoboxes,Basic helix-loop-helix proteins,,0,False,False
Norman2019_GEARS_processed_mirror,B1_global_perturbed_mean,L0,JUN+CEBPA,142.0,LYL1+IER5L,0.7957773804664612,0.5148162245750427,True,JUN|CEBPA,LYL1|IER5L,CCAAT/enhancer binding proteins|Jun transcription factor family,Basic helix-loop-helix proteins,,0,False,False
Norman2019_GEARS_processed_mirror,B1_global_perturbed_mean,L0,JUN+CEBPB,141.0,LYL1+IER5L,0.7957773804664612,0.5161728858947754,True,JUN|CEBPB,LYL1|IER5L,CCAAT/enhancer binding proteins|Jun transcription factor family,Basic helix-loop-helix proteins,,0,False,False
Norman2019_GEARS_processed_mirror,B1_global_perturbed_mean,L0,JUN+ctrl,125.0,LYL1+IER5L,0.7957773804664612,0.5442371368408203,True,JUN,LYL1|IER5L,Jun transcription factor family,Basic helix-loop-helix proteins,,0,False,False
Norman2019_GEARS_processed_mirror,B1_global_perturbed_mean,L0,KIAA1804+ctrl,193.0,LYL1+IER5L,0.7957773804664612,0.3858989775180816,True,KIAA1804,LYL1|IER5L,,Basic helix-loop-helix proteins,,0,False,False
Norman2019_GEARS_processed_mirror,B1_global_perturbed_mean,L0,KIF18B+KIF2C,211.0,LYL1+IER5L,0.7957773804664612,0.3357466161251068,True,KIF18B|KIF2C,LYL1|IER5L,Kinesins|MicroRNA protein coding host genes|Small nucleolar RNA protein coding host genes,Basic helix-loop-helix proteins,,0,False,False
Norman2019_GEARS_processed_mirror,B1_global_perturbed_mean,L0,KIF18B+ctrl,132.0,LYL1+IER5L,0.7957773804664612,0.5254138708114624,True,KIF18B,LYL1|IER5L,Kinesins|MicroRNA protein coding host genes,Basic helix-loop-helix proteins,,0,False,False
Norman2019_GEARS_processed_mirror,B1_global_perturbed_mean,L0,KIF2C+ctrl,260.0,LYL1+IER5L,0.7957773804664612,0.1246055960655212,True,KIF2C,LYL1|IER5L,Kinesins|Small nucleolar RNA protein coding host genes,Basic helix-loop-helix proteins,,0,False,False
Norman2019_GEARS_processed_mirror,B1_global_perturbed_mean,L0,KLF1+BAK1,239.0,LYL1+IER5L,0.7957773804664612,0.2056442648172378,True,KLF1|BAK1,LYL1|IER5L,BCL2 family|KLF transcription factors|Zinc fingers C2H2-type,Basic helix-loop-helix proteins,,0,False,False
Norman2019_GEARS_processed_mirror,B1_global_perturbed_mean,L0,KLF1+CEBPA,147.0,LYL1+IER5L,0.7957773804664612,0.501539409160614,True,KLF1|CEBPA,LYL1|IER5L,CCAAT/enhancer binding proteins|KLF transcription factors|Zinc fingers C2H2-type,Basic helix-loop-helix proteins,,0,False,False
Norman2019_GEARS_processed_mirror,B1_global_perturbed_mean,L0,KLF1+CLDN6,79.0,LYL1+IER5L,0.7957773804664612,0.6315300464630127,True,KLF1|CLDN6,LYL1|IER5L,Claudins|KLF transcription factors|Zinc fingers C2H2-type,Basic helix-loop-helix proteins,,0,False,False
Norman2019_GEARS_processed_mirror,B1_global_perturbed_mean,L0,KLF1+COL2A1,224.0,LYL1+IER5L,0.7957773804664612,0.2912891805171966,True,KLF1|COL2A1,LYL1|IER5L,Fibrillar collagens|KLF transcription factors|Zinc fingers C2H2-type,Basic helix-loop-helix proteins,,0,False,False
Norman2019_GEARS_processed_mirror,B1_global_perturbed_mean,L0,KLF1+FOXA1,114.0,LYL1+IER5L,0.7957773804664612,0.5804014205932617,True,KLF1|FOXA1,LYL1|IER5L,Forkhead boxes|KLF transcription factors|Zinc fingers C2H2-type,Basic helix-loop-helix proteins,,0,False,False
Norman2019_GEARS_processed_mirror,B1_global_perturbed_mean,L0,KLF1+MAP2K6,257.0,LYL1+IER5L,0.7957773804664612,0.139182761311531,True,KLF1|MAP2K6,LYL1|IER5L,KLF transcription factors|Mitogen-activated protein kinase kinases|Zinc fingers C2H2-type,Basic helix-loop-helix proteins,,0,False,False
Norman2019_GEARS_processed_mirror,B1_global_perturbed_mean,L0,KLF1+TGFBR2,201.0,LYL1+IER5L,0.7957773804664612,0.3633913099765777,True,KLF1|TGFBR2,LYL1|IER5L,KLF transcription factors|Type 2 receptor serine/threonine kinases|Zinc fingers C2H2-type,Basic helix-loop-helix proteins,,0,False,False
Norman2019_GEARS_processed_mirror,B1_global_perturbed_mean,L0,KLF1+ctrl,244.0,LYL1+IER5L,0.7957773804664612,0.1987954378128051,True,KLF1,LYL1|IER5L,KLF transcription factors|Zinc fingers C2H2-type,Basic helix-loop-helix proteins,,0,False,False
Norman2019_GEARS_processed_mirror,B1_global_perturbed_mean,L0,KMT2A+ctrl,191.0,LYL1+IER5L,0.7957773804664612,0.3871141672134399,True,KMT2A,LYL1|IER5L,Bromodomain containing|Histone lysine methyltransferases|PHD finger proteins|SET domain containing|Zinc fingers CXXC-type,Basic helix-loop-helix proteins,,0,False,False
Norman2019_GEARS_processed_mirror,B1_global_perturbed_mean,L0,LHX1+ELMSAN1,179.0,LYL1+IER5L,0.7957773804664612,0.4409889280796051,True,LHX1|ELMSAN1,LYL1|IER5L,LIM class homeoboxes,Basic helix-loop-helix proteins,,0,False,False
Norman2019_GEARS_processed_mirror,B1_global_perturbed_mean,L0,LHX1+ctrl,190.0,LYL1+IER5L,0.7957773804664612,0.3938028514385223,True,LHX1,LYL1|IER5L,LIM class homeoboxes,Basic helix-loop-helix proteins,,0,False,False
Norman2019_GEARS_processed_mirror,B1_global_perturbed_mean,L0,LYL1+CEBPB,112.0,LYL1+IER5L,0.7957773804664612,0.5814770460128784,True,LYL1|CEBPB,LYL1|IER5L,Basic helix-loop-helix proteins|CCAAT/enhancer binding proteins,Basic helix-loop-helix proteins,Basic helix-loop-helix proteins,1,True,False
Norman2019_GEARS_processed_mirror,B1_global_perturbed_mean,L0,LYL1+IER5L,1.0,LYL1+IER5L,0.7957773804664612,0.7957773804664612,False,LYL1|IER5L,LYL1|IER5L,Basic helix-loop-helix proteins,Basic helix-loop-helix proteins,Basic helix-loop-helix proteins,1,True,True
Norman2019_GEARS_processed_mirror,B1_global_perturbed_mean,L0,LYL1+ctrl,240.0,LYL1+IER5L,0.7957773804664612,0.2047736644744873,True,LYL1,LYL1|IER5L,Basic helix-loop-helix proteins,Basic helix-loop-helix proteins,Basic helix-loop-helix proteins,1,True,False
Norman2019_GEARS_processed_mirror,B1_global_perturbed_mean,L0,MAML2+ctrl,267.0,LYL1+IER5L,0.7957773804664612,-0.0563695579767227,True,MAML2,LYL1|IER5L,,Basic helix-loop-helix proteins,,0,False,False
Norman2019_GEARS_processed_mirror,B1_global_perturbed_mean,L0,MAP2K3+ELMSAN1,274.0,LYL1+IER5L,0.7957773804664612,-0.1279381513595581,True,MAP2K3|ELMSAN1,LYL1|IER5L,Mitogen-activated protein kinase kinases,Basic helix-loop-helix proteins,,0,False,False
Norman2019_GEARS_processed_mirror,B1_global_perturbed_mean,L0,MAP2K3+IKZF3,39.0,LYL1+IER5L,0.7957773804664612,0.6903995275497437,True,MAP2K3|IKZF3,LYL1|IER5L,Mitogen-activated protein kinase kinases|Zinc fingers C2H2-type,Basic helix-loop-helix proteins,,0,False,False
Norman2019_GEARS_processed_mirror,B1_global_perturbed_mean,L0,MAP2K3+MAP2K6,278.0,LYL1+IER5L,0.7957773804664612,-0.2427237629890442,True,MAP2K3|MAP2K6,LYL1|IER5L,Mitogen-activated protein kinase kinases,Basic helix-loop-helix proteins,,0,False,False
Norman2019_GEARS_processed_mirror,B1_global_perturbed_mean,L0,MAP2K3+SLC38A2,283.0,LYL1+IER5L,0.7957773804664612,-0.4567054808139801,True,MAP2K3|SLC38A2,LYL1|IER5L,Mitogen-activated protein kinase kinases|Solute carrier family 38,Basic helix-loop-helix proteins,,0,False,False
Norman2019_GEARS_processed_mirror,B1_global_perturbed_mean,L0,MAP2K3+ctrl,281.0,LYL1+IER5L,0.7957773804664612,-0.3268849849700928,True,MAP2K3,LYL1|IER5L,Mitogen-activated protein kinase kinases,Basic helix-loop-helix proteins,,0,False,False
Norman2019_GEARS_processed_mirror,B1_global_perturbed_mean,L0,MAP2K6+ELMSAN1,275.0,LYL1+IER5L,0.7957773804664612,-0.1385862827301025,True,MAP2K6|ELMSAN1,LYL1|IER5L,Mitogen-activated protein kinase kinases,Basic helix-loop-helix proteins,,0,False,False
Norman2019_GEARS_processed_mirror,B1_global_perturbed_mean,L0,MAP2K6+IKZF3,60.0,LYL1+IER5L,0.7957773804664612,0.6612683534622192,True,MAP2K6|IKZF3,LYL1|IER5L,Mitogen-activated protein kinase kinases|Zinc fingers C2H2-type,Basic helix-loop-helix proteins,,0,False,False
Norman2019_GEARS_processed_mirror,B1_global_perturbed_mean,L0,MAP2K6+SPI1,157.0,LYL1+IER5L,0.7957773804664612,0.4854946732521057,True,MAP2K6|SPI1,LYL1|IER5L,ETS transcription factor family|Mitogen-activated protein kinase kinases,Basic helix-loop-helix proteins,,0,False,False
Norman2019_GEARS_processed_mirror,B1_global_perturbed_mean,L0,MAP2K6+ctrl,280.0,LYL1+IER5L,0.7957773804664612,-0.315762847661972,True,MAP2K6,LYL1|IER5L,Mitogen-activated protein kinase kinases,Basic helix-loop-helix proteins,,0,False,False
Norman2019_GEARS_processed_mirror,B1_global_perturbed_mean,L0,MAP4K3+ctrl,174.0,LYL1+IER5L,0.7957773804664612,0.452289342880249,True,MAP4K3,LYL1|IER5L,MAP4K family (GCK-I subfamily),Basic helix-loop-helix proteins,,0,False,False
Norman2019_GEARS_processed_mirror,B1_global_perturbed_mean,L0,MAP4K5+ctrl,214.0,LYL1+IER5L,0.7957773804664612,0.3255644142627716,True,MAP4K5,LYL1|IER5L,MAP4K family (GCK-I subfamily),Basic helix-loop-helix proteins,,0,False,False
Norman2019_GEARS_processed_mirror,B1_global_perturbed_mean,L0,MAP7D1+ctrl,276.0,LYL1+IER5L,0.7957773804664612,-0.157061219215393,True,MAP7D1,LYL1|IER5L,Microtubule associated protein 7 family,Basic helix-loop-helix proteins,,0,False,False
Norman2019_GEARS_processed_mirror,B1_global_perturbed_mean,L0,MAPK1+IKZF3,22.0,LYL1+IER5L,0.7957773804664612,0.7133601307868958,True,MAPK1|IKZF3,LYL1|IER5L,Mitogen-activated protein kinase 3 and 1 (ERK1/2) family|Zinc fingers C2H2-type,Basic helix-loop-helix proteins,,0,False,False
Norman2019_GEARS_processed_mirror,B1_global_perturbed_mean,L0,MAPK1+PRTG,176.0,LYL1+IER5L,0.7957773804664612,0.4504818022251129,True,MAPK1|PRTG,LYL1|IER5L,Fibronectin type III domain containing|I-set domain containing|Mitogen-activated protein kinase 3 and 1 (ERK1/2) family,Basic helix-loop-helix proteins,,0,False,False
Norman2019_GEARS_processed_mirror,B1_global_perturbed_mean,L0,MAPK1+TGFBR2,238.0,LYL1+IER5L,0.7957773804664612,0.2065629512071609,True,MAPK1|TGFBR2,LYL1|IER5L,Mitogen-activated protein kinase 3 and 1 (ERK1/2) family|Type 2 receptor serine/threonine kinases,Basic helix-loop-helix proteins,,0,False,False
Norman2019_GEARS_processed_mirror,B1_global_perturbed_mean,L0,MAPK1+ctrl,254.0,LYL1+IER5L,0.7957773804664612,0.1627519428730011,True,MAPK1,LYL1|IER5L,Mitogen-activated protein kinase 3 and 1 (ERK1/2) family,Basic helix-loop-helix proteins,,0,False,False
Norman2019_GEARS_processed_mirror,B1_global_perturbed_mean,L0,MEIS1+ctrl,171.0,LYL1+IER5L,0.7957773804664612,0.4598391950130462,True,MEIS1,LYL1|IER5L,TALE class homeoboxes and pseudogenes,Basic helix-loop-helix proteins,,0,False,False
Norman2019_GEARS_processed_mirror,B1_global_perturbed_mean,L0,MIDN+ctrl,73.0,LYL1+IER5L,0.7957773804664612,0.6437473297119141,True,MIDN,LYL1|IER5L,,Basic helix-loop-helix proteins,,0,False,False
Norman2019_GEARS_processed_mirror,B1_global_perturbed_mean,L0,NCL+ctrl,228.0,LYL1+IER5L,0.7957773804664612,0.2718104720115661,True,NCL,LYL1|IER5L,,Basic helix-loop-helix proteins,,0,False,False
Norman2019_GEARS_processed_mirror,B1_global_perturbed_mean,L0,NIT1+ctrl,216.0,LYL1+IER5L,0.7957773804664612,0.3213618993759155,True,NIT1,LYL1|IER5L,,Basic helix-loop-helix proteins,,0,False,False
Norman2019_GEARS_processed_mirror,B1_global_perturbed_mean,L0,OSR2+ctrl,222.0,LYL1+IER5L,0.7957773804664612,0.2964735031127929,True,OSR2,LYL1|IER5L,Zinc fingers C2H2-type,Basic helix-loop-helix proteins,,0,False,False
Norman2019_GEARS_processed_mirror,B1_global_perturbed_mean,L0,PLK4+STIL,100.0,LYL1+IER5L,0.7957773804664612,0.6023033857345581,True,PLK4|STIL,LYL1|IER5L,Polo like kinase family,Basic helix-loop-helix proteins,,0,False,False
Norman2019_GEARS_processed_mirror,B1_global_perturbed_mean,L0,PLK4+ctrl,122.0,LYL1+IER5L,0.7957773804664612,0.5454614162445068,True,PLK4,LYL1|IER5L,Polo like kinase family,Basic helix-loop-helix proteins,,0,False,False
Norman2019_GEARS_processed_mirror,B1_global_perturbed_mean,L0,POU3F2+CBFA2T3,36.0,LYL1+IER5L,0.7957773804664612,0.6916168928146362,True,POU3F2|CBFA2T3,LYL1|IER5L,A-kinase anchoring proteins|POU class homeoboxes and pseudogenes|Zinc fingers MYND-type,Basic helix-loop-helix proteins,,0,False,False
Norman2019_GEARS_processed_mirror,B1_global_perturbed_mean,L0,POU3F2+FOXL2,7.0,LYL1+IER5L,0.7957773804664612,0.7590441703796387,True,POU3F2|FOXL2,LYL1|IER5L,Forkhead boxes|POU class homeoboxes and pseudogenes,Basic helix-loop-helix proteins,,0,False,False
Norman2019_GEARS_processed_mirror,B1_global_perturbed_mean,L0,POU3F2+ctrl,88.0,LYL1+IER5L,0.7957773804664612,0.6211386322975159,True,POU3F2,LYL1|IER5L,POU class homeoboxes and pseudogenes,Basic helix-loop-helix proteins,,0,False,False
Norman2019_GEARS_processed_mirror,B1_global_perturbed_mean,L0,PRDM1+CBFA2T3,5.0,LYL1+IER5L,0.7957773804664612,0.773054838180542,True,PRDM1|CBFA2T3,LYL1|IER5L,A-kinase anchoring proteins|PR/SET domain family|Putative lysine methyltransferases|Zinc fingers C2H2-type|Zinc fingers MYND-type,Basic helix-loop-helix proteins,,0,False,False
Norman2019_GEARS_processed_mirror,B1_global_perturbed_mean,L0,PRDM1+ctrl,65.0,LYL1+IER5L,0.7957773804664612,0.6558242440223694,True,PRDM1,LYL1|IER5L,PR/SET domain family|Putative lysine methyltransferases|Zinc fingers C2H2-type,Basic helix-loop-helix proteins,,0,False,False
Norman2019_GEARS_processed_mirror,B1_global_perturbed_mean,L0,PRTG+ctrl,56.0,LYL1+IER5L,0.7957773804664612,0.6634963750839233,True,PRTG,LYL1|IER5L,Fibronectin type III domain containing|I-set domain containing,Basic helix-loop-helix proteins,,0,False,False
Norman2019_GEARS_processed_mirror,B1_global_perturbed_mean,L0,PTPN1+ctrl,38.0,LYL1+IER5L,0.7957773804664612,0.6904265284538269,True,PTPN1,LYL1|IER5L,Protein tyrosine phosphatases non-receptor type,Basic helix-loop-helix proteins,,0,False,False
Norman2019_GEARS_processed_mirror,B1_global_perturbed_mean,L0,PTPN12+OSR2,231.0,LYL1+IER5L,0.7957773804664612,0.2543642818927765,True,PTPN12|OSR2,LYL1|IER5L,Protein tyrosine phosphatases non-receptor type|Zinc fingers C2H2-type,Basic helix-loop-helix proteins,,0,False,False
Norman2019_GEARS_processed_mirror,B1_global_perturbed_mean,L0,PTPN12+PTPN9,68.0,LYL1+IER5L,0.7957773804664612,0.6524814367294312,True,PTPN12|PTPN9,LYL1|IER5L,CRAL-TRIO lipid binding domain containing|Protein tyrosine phosphatases non-receptor type,Basic helix-loop-helix proteins,,0,False,False
Norman2019_GEARS_processed_mirror,B1_global_perturbed_mean,L0,PTPN12+SNAI1,113.0,LYL1+IER5L,0.7957773804664612,0.5814464688301086,True,PTPN12|SNAI1,LYL1|IER5L,Protein tyrosine phosphatases non-receptor type|SNAG transcriptional repressors|Zinc fingers C2H2-type,Basic helix-loop-helix proteins,,0,False,False
Norman2019_GEARS_processed_mirror,B1_global_perturbed_mean,L0,PTPN12+UBASH3A,45.0,LYL1+IER5L,0.7957773804664612,0.6791340708732605,True,PTPN12|UBASH3A,LYL1|IER5L,Protein tyrosine phosphatases non-receptor type,Basic helix-loop-helix proteins,,0,False,False
Norman2019_GEARS_processed_mirror,B1_global_perturbed_mean,L0,PTPN12+ZBTB25,82.0,LYL1+IER5L,0.7957773804664612,0.6287652254104614,True,PTPN12|ZBTB25,LYL1|IER5L,BTB domain containing|Protein tyrosine phosphatases non-receptor type|Zinc fingers C2H2-type,Basic helix-loop-helix proteins,,0,False,False
Norman2019_GEARS_processed_mirror,B1_global_perturbed_mean,L0,PTPN12+ctrl,187.0,LYL1+IER5L,0.7957773804664612,0.409970760345459,True,PTPN12,LYL1|IER5L,Protein tyrosine phosphatases non-receptor type,Basic helix-loop-helix proteins,,0,False,False
Norman2019_GEARS_processed_mirror,B1_global_perturbed_mean,L0,PTPN13+ctrl,183.0,LYL1+IER5L,0.7957773804664612,0.4310722351074219,True,PTPN13,LYL1|IER5L,FERM domain containing|KIND domain containing|PDZ domain containing|Protein tyrosine phosphatases non-receptor type,Basic helix-loop-helix proteins,,0,False,False
Norman2019_GEARS_processed_mirror,B1_global_perturbed_mean,L0,PTPN9+ctrl,203.0,LYL1+IER5L,0.7957773804664612,0.3543633818626404,True,PTPN9,LYL1|IER5L,CRAL-TRIO lipid binding domain containing|Protein tyrosine phosphatases non-receptor type,Basic helix-loop-helix proteins,,0,False,False
Norman2019_GEARS_processed_mirror,B1_global_perturbed_mean,L0,RHOXF2BB+SET,85.0,LYL1+IER5L,0.7957773804664612,0.6271932125091553,True,RHOXF2BB|SET,LYL1|IER5L,INHAT complex|Nucleosome assembly protein superfamily|SET complex,Basic helix-loop-helix proteins,,0,False,False
Norman2019_GEARS_processed_mirror,B1_global_perturbed_mean,L0,RHOXF2BB+ZBTB25,18.0,LYL1+IER5L,0.7957773804664612,0.7264779806137085,True,RHOXF2BB|ZBTB25,LYL1|IER5L,BTB domain containing|Zinc fingers C2H2-type,Basic helix-loop-helix proteins,,0,False,False
Norman2019_GEARS_processed_mirror,B1_global_perturbed_mean,L0,RHOXF2BB+ctrl,50.0,LYL1+IER5L,0.7957773804664612,0.6741999387741089,True,RHOXF2BB,LYL1|IER5L,,Basic helix-loop-helix proteins,,0,False,False
Norman2019_GEARS_processed_mirror,B1_global_perturbed_mean,L0,RREB1+ctrl,126.0,LYL1+IER5L,0.7957773804664612,0.539178192615509,True,RREB1,LYL1|IER5L,Zinc fingers C2H2-type,Basic helix-loop-helix proteins,,0,False,False
Norman2019_GEARS_processed_mirror,B1_global_perturbed_mean,L0,RUNX1T1+ctrl,250.0,LYL1+IER5L,0.7957773804664612,0.1727133095264434,True,RUNX1T1,LYL1|IER5L,Zinc fingers MYND-type,Basic helix-loop-helix proteins,,0,False,False
Norman2019_GEARS_processed_mirror,B1_global_perturbed_mean,L0,S1PR2+ctrl,110.0,LYL1+IER5L,0.7957773804664612,0.5857666730880737,True,S1PR2,LYL1|IER5L,Sphingosine 1-phosphate receptors,Basic helix-loop-helix proteins,,0,False,False
Norman2019_GEARS_processed_mirror,B1_global_perturbed_mean,L0,SAMD1+PTPN12,13.0,LYL1+IER5L,0.7957773804664612,0.7346757650375366,True,SAMD1|PTPN12,LYL1|IER5L,Protein tyrosine phosphatases non-receptor type|Sterile alpha motif domain containing,Basic helix-loop-helix proteins,,0,False,False
Norman2019_GEARS_processed_mirror,B1_global_perturbed_mean,L0,SAMD1+TGFBR2,182.0,LYL1+IER5L,0.7957773804664612,0.432332307100296,True,SAMD1|TGFBR2,LYL1|IER5L,Sterile alpha motif domain containing|Type 2 receptor serine/threonine kinases,Basic helix-loop-helix proteins,,0,False,False
Norman2019_GEARS_processed_mirror,B1_global_perturbed_mean,L0,SAMD1+UBASH3B,8.0,LYL1+IER5L,0.7957773804664612,0.7560057640075684,True,SAMD1|UBASH3B,LYL1|IER5L,Protein phosphatases|Sterile alpha motif domain containing,Basic helix-loop-helix proteins,,0,False,False
Norman2019_GEARS_processed_mirror,B1_global_perturbed_mean,L0,SAMD1+ZBTB1,4.0,LYL1+IER5L,0.7957773804664612,0.7892076969146729,True,SAMD1|ZBTB1,LYL1|IER5L,BTB domain containing|Sterile alpha motif domain containing|Zinc fingers C2H2-type,Basic helix-loop-helix proteins,,0,False,False
Norman2019_GEARS_processed_mirror,B1_global_perturbed_mean,L0,SAMD1+ctrl,25.0,LYL1+IER5L,0.7957773804664612,0.7088388204574585,True,SAMD1,LYL1|IER5L,Sterile alpha motif domain containing,Basic helix-loop-helix proteins,,0,False,False
Norman2019_GEARS_processed_mirror,B1_global_perturbed_mean,L0,SET+CEBPE,208.0,LYL1+IER5L,0.7957773804664612,0.3378440737724304,True,SET|CEBPE,LYL1|IER5L,CCAAT/enhancer binding proteins|INHAT complex|Nucleosome assembly protein superfamily|SET complex,Basic helix-loop-helix proteins,,0,False,False
Norman2019_GEARS_processed_mirror,B1_global_perturbed_mean,L0,SET+KLF1,185.0,LYL1+IER5L,0.7957773804664612,0.4179174304008484,True,SET|KLF1,LYL1|IER5L,INHAT complex|KLF transcription factors|Nucleosome assembly protein superfamily|SET complex|Zinc fingers C2H2-type,Basic helix-loop-helix proteins,,0,False,False
Norman2019_GEARS_processed_mirror,B1_global_perturbed_mean,L0,SET+ctrl,204.0,LYL1+IER5L,0.7957773804664612,0.3541135787963867,True,SET,LYL1|IER5L,INHAT complex|Nucleosome assembly protein superfamily|SET complex,Basic helix-loop-helix proteins,,0,False,False
Norman2019_GEARS_processed_mirror,B1_global_perturbed_mean,L0,SGK1+S1PR2,10.0,LYL1+IER5L,0.7957773804664612,0.7482340335845947,True,SGK1|S1PR2,LYL1|IER5L,Serum/glucocorticoid regulated kinase family|Sphingosine 1-phosphate receptors,Basic helix-loop-helix proteins,,0,False,False
Norman2019_GEARS_processed_mirror,B1_global_perturbed_mean,L0,SGK1+TBX2,83.0,LYL1+IER5L,0.7957773804664612,0.6281075477600098,True,SGK1|TBX2,LYL1|IER5L,Serum/glucocorticoid regulated kinase family|T-box transcription factors,Basic helix-loop-helix proteins,,0,False,False
Norman2019_GEARS_processed_mirror,B1_global_perturbed_mean,L0,SGK1+TBX3,94.0,LYL1+IER5L,0.7957773804664612,0.6112920045852661,True,SGK1|TBX3,LYL1|IER5L,Serum/glucocorticoid regulated kinase family|T-box transcription factors,Basic helix-loop-helix proteins,,0,False,False
Norman2019_GEARS_processed_mirror,B1_global_perturbed_mean,L0,SGK1+ctrl,71.0,LYL1+IER5L,0.7957773804664612,0.6464238166809082,True,SGK1,LYL1|IER5L,Serum/glucocorticoid regulated kinase family,Basic helix-loop-helix proteins,,0,False,False
Norman2019_GEARS_processed_mirror,B1_global_perturbed_mean,L0,SLC4A1+ctrl,253.0,LYL1+IER5L,0.7957773804664612,0.1658471971750259,True,SLC4A1,LYL1|IER5L,Blood group antigens|CD molecules|Solute carrier family 4,Basic helix-loop-helix proteins,,0,False,False
Norman2019_GEARS_processed_mirror,B1_global_perturbed_mean,L0,SLC6A9+ctrl,172.0,LYL1+IER5L,0.7957773804664612,0.454132616519928,True,SLC6A9,LYL1|IER5L,Solute carrier family 6,Basic helix-loop-helix proteins,,0,False,False
Norman2019_GEARS_processed_mirror,B1_global_perturbed_mean,L0,SNAI1+DLX2,154.0,LYL1+IER5L,0.7957773804664612,0.4883068203926086,True,SNAI1|DLX2,LYL1|IER5L,Distal-less homeobox family|SNAG transcriptional repressors|Zinc fingers C2H2-type,Basic helix-loop-helix proteins,,0,False,False
Norman2019_GEARS_processed_mirror,B1_global_perturbed_mean,L0,SNAI1+UBASH3B,78.0,LYL1+IER5L,0.7957773804664612,0.6334933042526245,True,SNAI1|UBASH3B,LYL1|IER5L,Protein phosphatases|SNAG transcriptional repressors|Zinc fingers C2H2-type,Basic helix-loop-helix proteins,,0,False,False
Norman2019_GEARS_processed_mirror,B1_global_perturbed_mean,L0,SNAI1+ctrl,197.0,LYL1+IER5L,0.7957773804664612,0.3741055130958557,True,SNAI1,LYL1|IER5L,SNAG transcriptional repressors|Zinc fingers C2H2-type,Basic helix-loop-helix proteins,,0,False,False
Norman2019_GEARS_processed_mirror,B1_global_perturbed_mean,L0,SPI1+ctrl,33.0,LYL1+IER5L,0.7957773804664612,0.6998378038406372,True,SPI1,LYL1|IER5L,ETS transcription factor family,Basic helix-loop-helix proteins,,0,False,False
Norman2019_GEARS_processed_mirror,B1_global_perturbed_mean,L0,STIL+ctrl,209.0,LYL1+IER5L,0.7957773804664612,0.3365414440631866,True,STIL,LYL1|IER5L,,Basic helix-loop-helix proteins,,0,False,False
Norman2019_GEARS_processed_mirror,B1_global_perturbed_mean,L0,TBX2+ctrl,167.0,LYL1+IER5L,0.7957773804664612,0.467551052570343,True,TBX2,LYL1|IER5L,T-box transcription factors,Basic helix-loop-helix proteins,,0,False,False
Norman2019_GEARS_processed_mirror,B1_global_perturbed_mean,L0,TBX3+TBX2,184.0,LYL1+IER5L,0.7957773804664612,0.4202665686607361,True,TBX3|TBX2,LYL1|IER5L,T-box transcription factors,Basic helix-loop-helix proteins,,0,False,False
Norman2019_GEARS_processed_mirror,B1_global_perturbed_mean,L0,TBX3+ctrl,247.0,LYL1+IER5L,0.7957773804664612,0.1808365881443023,True,TBX3,LYL1|IER5L,T-box transcription factors,Basic helix-loop-helix proteins,,0,False,False
Norman2019_GEARS_processed_mirror,B1_global_perturbed_mean,L0,TGFBR2+C19orf26,57.0,LYL1+IER5L,0.7957773804664612,0.662362813949585,True,TGFBR2|C19orf26,LYL1|IER5L,Type 2 receptor serine/threonine kinases,Basic helix-loop-helix proteins,,0,False,False
Norman2019_GEARS_processed_mirror,B1_global_perturbed_mean,L0,TGFBR2+ETS2,259.0,LYL1+IER5L,0.7957773804664612,0.1321548819541931,True,TGFBR2|ETS2,LYL1|IER5L,ETS transcription factor family|Type 2 receptor serine/threonine kinases,Basic helix-loop-helix proteins,,0,False,False
Norman2019_GEARS_processed_mirror,B1_global_perturbed_mean,L0,TGFBR2+IGDCC3,55.0,LYL1+IER5L,0.7957773804664612,0.6637699007987976,True,TGFBR2|IGDCC3,LYL1|IER5L,Fibronectin type III domain containing|I-set domain containing|Type 2 receptor serine/threonine kinases,Basic helix-loop-helix proteins,,0,False,False
Norman2019_GEARS_processed_mirror,B1_global_perturbed_mean,L0,TGFBR2+PRTG,41.0,LYL1+IER5L,0.7957773804664612,0.6881281137466431,True,TGFBR2|PRTG,LYL1|IER5L,Fibronectin type III domain containing|I-set domain containing|Type 2 receptor serine/threonine kinases,Basic helix-loop-helix proteins,,0,False,False
Norman2019_GEARS_processed_mirror,B1_global_perturbed_mean,L0,TGFBR2+ctrl,263.0,LYL1+IER5L,0.7957773804664612,0.0830166339874267,True,TGFBR2,LYL1|IER5L,Type 2 receptor serine/threonine kinases,Basic helix-loop-helix proteins,,0,False,False
Norman2019_GEARS_processed_mirror,B1_global_perturbed_mean,L0,TMSB4X+BAK1,261.0,LYL1+IER5L,0.7957773804664612,0.1168770641088485,True,TMSB4X|BAK1,LYL1|IER5L,BCL2 family|Thymosin beta family,Basic helix-loop-helix proteins,,0,False,False
Norman2019_GEARS_processed_mirror,B1_global_perturbed_mean,L0,TMSB4X+ctrl,249.0,LYL1+IER5L,0.7957773804664612,0.1753629595041275,True,TMSB4X,LYL1|IER5L,Thymosin beta family,Basic helix-loop-helix proteins,,0,False,False
Norman2019_GEARS_processed_mirror,B1_global_perturbed_mean,L0,TP73+ctrl,3.0,LYL1+IER5L,0.7957773804664612,0.7892912030220032,True,TP73,LYL1|IER5L,,Basic helix-loop-helix proteins,,0,False,False
Norman2019_GEARS_processed_mirror,B1_global_perturbed_mean,L0,TSC22D1+ctrl,227.0,LYL1+IER5L,0.7957773804664612,0.2768984735012054,True,TSC22D1,LYL1|IER5L,TSC22 domain family,Basic helix-loop-helix proteins,,0,False,False
Norman2019_GEARS_processed_mirror,B1_global_perturbed_mean,L0,UBASH3A+ctrl,115.0,LYL1+IER5L,0.7957773804664612,0.5729497075080872,True,UBASH3A,LYL1|IER5L,,Basic helix-loop-helix proteins,,0,False,False
Norman2019_GEARS_processed_mirror,B1_global_perturbed_mean,L0,UBASH3B+CNN1,59.0,LYL1+IER5L,0.7957773804664612,0.6613186597824097,True,UBASH3B|CNN1,LYL1|IER5L,Calponin family|Protein phosphatases,Basic helix-loop-helix proteins,,0,False,False
Norman2019_GEARS_processed_mirror,B1_global_perturbed_mean,L0,UBASH3B+OSR2,236.0,LYL1+IER5L,0.7957773804664612,0.2212398201227188,True,UBASH3B|OSR2,LYL1|IER5L,Protein phosphatases|Zinc fingers C2H2-type,Basic helix-loop-helix proteins,,0,False,False
Norman2019_GEARS_processed_mirror,B1_global_perturbed_mean,L0,UBASH3B+PTPN12,84.0,LYL1+IER5L,0.7957773804664612,0.6280674934387207,True,UBASH3B|PTPN12,LYL1|IER5L,Protein phosphatases|Protein tyrosine phosphatases non-receptor type,Basic helix-loop-helix proteins,,0,False,False
Norman2019_GEARS_processed_mirror,B1_global_perturbed_mean,L0,UBASH3B+PTPN9,14.0,LYL1+IER5L,0.7957773804664612,0.7337186336517334,True,UBASH3B|PTPN9,LYL1|IER5L,CRAL-TRIO lipid binding domain containing|Protein phosphatases|Protein tyrosine phosphatases non-receptor type,Basic helix-loop-helix proteins,,0,False,False
Norman2019_GEARS_processed_mirror,B1_global_perturbed_mean,L0,UBASH3B+UBASH3A,116.0,LYL1+IER5L,0.7957773804664612,0.5726028084754944,True,UBASH3B|UBASH3A,LYL1|IER5L,Protein phosphatases,Basic helix-loop-helix proteins,,0,False,False
Norman2019_GEARS_processed_mirror,B1_global_perturbed_mean,L0,UBASH3B+ZBTB25,66.0,LYL1+IER5L,0.7957773804664612,0.6558055877685547,True,UBASH3B|ZBTB25,LYL1|IER5L,BTB domain containing|Protein phosphatases|Zinc fingers C2H2-type,Basic helix-loop-helix proteins,,0,False,False
Norman2019_GEARS_processed_mirror,B1_global_perturbed_mean,L0,UBASH3B+ctrl,168.0,LYL1+IER5L,0.7957773804664612,0.4640124440193176,True,UBASH3B,LYL1|IER5L,Protein phosphatases,Basic helix-loop-helix proteins,,0,False,False
Norman2019_GEARS_processed_mirror,B1_global_perturbed_mean,L0,ZBTB1+ctrl,111.0,LYL1+IER5L,0.7957773804664612,0.582120418548584,True,ZBTB1,LYL1|IER5L,BTB domain containing|Zinc fingers C2H2-type,Basic helix-loop-helix proteins,,0,False,False
Norman2019_GEARS_processed_mirror,B1_global_perturbed_mean,L0,ZBTB10+DLX2,169.0,LYL1+IER5L,0.7957773804664612,0.4638721942901611,True,ZBTB10|DLX2,LYL1|IER5L,BTB domain containing|Distal-less homeobox family|Zinc fingers C2H2-type,Basic helix-loop-helix proteins,,0,False,False
Norman2019_GEARS_processed_mirror,B1_global_perturbed_mean,L0,ZBTB10+ELMSAN1,91.0,LYL1+IER5L,0.7957773804664612,0.6166847348213196,True,ZBTB10|ELMSAN1,LYL1|IER5L,BTB domain containing|Zinc fingers C2H2-type,Basic helix-loop-helix proteins,,0,False,False
Norman2019_GEARS_processed_mirror,B1_global_perturbed_mean,L0,ZBTB10+PTPN12,70.0,LYL1+IER5L,0.7957773804664612,0.6485723257064819,True,ZBTB10|PTPN12,LYL1|IER5L,BTB domain containing|Protein tyrosine phosphatases non-receptor type|Zinc fingers C2H2-type,Basic helix-loop-helix proteins,,0,False,False
Norman2019_GEARS_processed_mirror,B1_global_perturbed_mean,L0,ZBTB10+SNAI1,133.0,LYL1+IER5L,0.7957773804664612,0.5212312936782837,True,ZBTB10|SNAI1,LYL1|IER5L,BTB domain containing|SNAG transcriptional repressors|Zinc fingers C2H2-type,Basic helix-loop-helix proteins,,0,False,False
Norman2019_GEARS_processed_mirror,B1_global_perturbed_mean,L0,ZBTB10+ctrl,120.0,LYL1+IER5L,0.7957773804664612,0.5543265342712402,True,ZBTB10,LYL1|IER5L,BTB domain containing|Zinc fingers C2H2-type,Basic helix-loop-helix proteins,,0,False,False
Norman2019_GEARS_processed_mirror,B1_global_perturbed_mean,L0,ZBTB25+ctrl,159.0,LYL1+IER5L,0.7957773804664612,0.4782686531543731,True,ZBTB25,LYL1|IER5L,BTB domain containing|Zinc fingers C2H2-type,Basic helix-loop-helix proteins,,0,False,False
Norman2019_GEARS_processed_mirror,B1_global_perturbed_mean,L0,ZC3HAV1+CEBPA,152.0,LYL1+IER5L,0.7957773804664612,0.4946746826171875,True,ZC3HAV1|CEBPA,LYL1|IER5L,CCAAT/enhancer binding proteins|Poly(ADP-ribose) polymerases|Zinc fingers CCCH-type,Basic helix-loop-helix proteins,,0,False,False
Norman2019_GEARS_processed_mirror,B1_global_perturbed_mean,L0,ZC3HAV1+CEBPE,264.0,LYL1+IER5L,0.7957773804664612,0.0784848406910896,True,ZC3HAV1|CEBPE,LYL1|IER5L,CCAAT/enhancer binding proteins|Poly(ADP-ribose) polymerases|Zinc fingers CCCH-type,Basic helix-loop-helix proteins,,0,False,False
Norman2019_GEARS_processed_mirror,B1_global_perturbed_mean,L0,ZC3HAV1+HOXC13,101.0,LYL1+IER5L,0.7957773804664612,0.6021747589111328,True,ZC3HAV1|HOXC13,LYL1|IER5L,HOXL subclass homeoboxes|Poly(ADP-ribose) polymerases|Zinc fingers CCCH-type,Basic helix-loop-helix proteins,,0,False,False
Norman2019_GEARS_processed_mirror,B1_global_perturbed_mean,L0,ZC3HAV1+ctrl,277.0,LYL1+IER5L,0.7957773804664612,-0.2350165843963623,True,ZC3HAV1,LYL1|IER5L,Poly(ADP-ribose) polymerases|Zinc fingers CCCH-type,Basic helix-loop-helix proteins,,0,False,False
Norman2019_GEARS_processed_mirror,B1_global_perturbed_mean,L0,ZNF318+FOXL2,21.0,LYL1+IER5L,0.7957773804664612,0.7149448394775391,True,ZNF318|FOXL2,LYL1|IER5L,Forkhead boxes|Zinc fingers C2H2-type|Zinc fingers matrin-type,Basic helix-loop-helix proteins,,0,False,False
Norman2019_GEARS_processed_mirror,B1_global_perturbed_mean,L0,ZNF318+ctrl,153.0,LYL1+IER5L,0.7957773804664612,0.4925194978713989,True,ZNF318,LYL1|IER5L,Zinc fingers C2H2-type|Zinc fingers matrin-type,Basic helix-loop-helix proteins,,0,False,False
Norman2019_GEARS_processed_mirror,B1_global_perturbed_mean,L0,ctrl+BAK1,273.0,LYL1+IER5L,0.7957773804664612,-0.1102863401174545,True,BAK1,LYL1|IER5L,BCL2 family,Basic helix-loop-helix proteins,,0,False,False
Norman2019_GEARS_processed_mirror,B1_global_perturbed_mean,L0,ctrl+C19orf26,220.0,LYL1+IER5L,0.7957773804664612,0.3011473715305328,True,C19orf26,LYL1|IER5L,,Basic helix-loop-helix proteins,,0,False,False
Norman2019_GEARS_processed_mirror,B1_global_perturbed_mean,L0,ctrl+CBFA2T3,232.0,LYL1+IER5L,0.7957773804664612,0.2533777356147766,True,CBFA2T3,LYL1|IER5L,A-kinase anchoring proteins|Zinc fingers MYND-type,Basic helix-loop-helix proteins,,0,False,False
Norman2019_GEARS_processed_mirror,B1_global_perturbed_mean,L0,ctrl+CDKN1A,96.0,LYL1+IER5L,0.7957773804664612,0.6082113981246948,True,CDKN1A,LYL1|IER5L,Cyclin dependent kinase inhibitor 1 family,Basic helix-loop-helix proteins,,0,False,False
Norman2019_GEARS_processed_mirror,B1_global_perturbed_mean,L0,ctrl+CDKN1B,87.0,LYL1+IER5L,0.7957773804664612,0.6227777004241943,True,CDKN1B,LYL1|IER5L,Cyclin dependent kinase inhibitor 1 family,Basic helix-loop-helix proteins,,0,False,False
Norman2019_GEARS_processed_mirror,B1_global_perturbed_mean,L0,ctrl+CEBPA,128.0,LYL1+IER5L,0.7957773804664612,0.5307934880256653,True,CEBPA,LYL1|IER5L,CCAAT/enhancer binding proteins,Basic helix-loop-helix proteins,,0,False,False
Norman2019_GEARS_processed_mirror,B1_global_perturbed_mean,L0,ctrl+CEBPB,181.0,LYL1+IER5L,0.7957773804664612,0.4379099607467651,True,CEBPB,LYL1|IER5L,CCAAT/enhancer binding proteins,Basic helix-loop-helix proteins,,0,False,False
Norman2019_GEARS_processed_mirror,B1_global_perturbed_mean,L0,ctrl+CEBPE,156.0,LYL1+IER5L,0.7957773804664612,0.4867005944252014,True,CEBPE,LYL1|IER5L,CCAAT/enhancer binding proteins,Basic helix-loop-helix proteins,,0,False,False
Norman2019_GEARS_processed_mirror,B1_global_perturbed_mean,L0,ctrl+CLDN6,32.0,LYL1+IER5L,0.7957773804664612,0.701236367225647,True,CLDN6,LYL1|IER5L,Claudins,Basic helix-loop-helix proteins,,0,False,False
Norman2019_GEARS_processed_mirror,B1_global_perturbed_mean,L0,ctrl+CNN1,151.0,LYL1+IER5L,0.7957773804664612,0.4957236647605896,True,CNN1,LYL1|IER5L,Calponin family,Basic helix-loop-helix proteins,,0,False,False
Norman2019_GEARS_processed_mirror,B1_global_perturbed_mean,L0,ctrl+COL2A1,233.0,LYL1+IER5L,0.7957773804664612,0.2391880452632904,True,COL2A1,LYL1|IER5L,Fibrillar collagens,Basic helix-loop-helix proteins,,0,False,False
Norman2019_GEARS_processed_mirror,B1_global_perturbed_mean,L0,ctrl+DLX2,223.0,LYL1+IER5L,0.7957773804664612,0.2938657999038696,True,DLX2,LYL1|IER5L,Distal-less homeobox family,Basic helix-loop-helix proteins,,0,False,False
Norman2019_GEARS_processed_mirror,B1_global_perturbed_mean,L0,ctrl+ELMSAN1,269.0,LYL1+IER5L,0.7957773804664612,-0.0813654661178588,True,ELMSAN1,LYL1|IER5L,,Basic helix-loop-helix proteins,,0,False,False
Norman2019_GEARS_processed_mirror,B1_global_perturbed_mean,L0,ctrl+ETS2,256.0,LYL1+IER5L,0.7957773804664612,0.1518424451351165,True,ETS2,LYL1|IER5L,ETS transcription factor family,Basic helix-loop-helix proteins,,0,False,False
Norman2019_GEARS_processed_mirror,B1_global_perturbed_mean,L0,ctrl+FEV,163.0,LYL1+IER5L,0.7957773804664612,0.4745490550994873,True,FEV,LYL1|IER5L,ETS transcription factor family,Basic helix-loop-helix proteins,,0,False,False
Norman2019_GEARS_processed_mirror,B1_global_perturbed_mean,L0,ctrl+FOXA1,104.0,LYL1+IER5L,0.7957773804664612,0.5985212922096252,True,FOXA1,LYL1|IER5L,Forkhead boxes,Basic helix-loop-helix proteins,,0,False,False
Norman2019_GEARS_processed_mirror,B1_global_perturbed_mean,L0,ctrl+FOXF1,217.0,LYL1+IER5L,0.7957773804664612,0.3196350038051605,True,FOXF1,LYL1|IER5L,Forkhead boxes,Basic helix-loop-helix proteins,,0,False,False
Norman2019_GEARS_processed_mirror,B1_global_perturbed_mean,L0,ctrl+FOXL2,161.0,LYL1+IER5L,0.7957773804664612,0.4764589667320251,True,FOXL2,LYL1|IER5L,Forkhead boxes,Basic helix-loop-helix proteins,,0,False,False
Norman2019_GEARS_processed_mirror,B1_global_perturbed_mean,L0,ctrl+HOXB9,72.0,LYL1+IER5L,0.7957773804664612,0.6438103914260864,True,HOXB9,LYL1|IER5L,HOXL subclass homeoboxes,Basic helix-loop-helix proteins,,0,False,False
Norman2019_GEARS_processed_mirror,B1_global_perturbed_mean,L0,ctrl+HOXC13,46.0,LYL1+IER5L,0.7957773804664612,0.6787116527557373,True,HOXC13,LYL1|IER5L,HOXL subclass homeoboxes,Basic helix-loop-helix proteins,,0,False,False
Norman2019_GEARS_processed_mirror,B1_global_perturbed_mean,L0,ctrl+IER5L,26.0,LYL1+IER5L,0.7957773804664612,0.7082774043083191,True,IER5L,LYL1|IER5L,,Basic helix-loop-helix proteins,,0,False,False
Norman2019_GEARS_processed_mirror,B1_global_perturbed_mean,L0,ctrl+IGDCC3,64.0,LYL1+IER5L,0.7957773804664612,0.6559337377548218,True,IGDCC3,LYL1|IER5L,Fibronectin type III domain containing|I-set domain containing,Basic helix-loop-helix proteins,,0,False,False
Norman2019_GEARS_processed_mirror,B1_global_perturbed_mean,L0,ctrl+IKZF3,30.0,LYL1+IER5L,0.7957773804664612,0.7060895562171936,True,IKZF3,LYL1|IER5L,Zinc fingers C2H2-type,Basic helix-loop-helix proteins,,0,False,False
Norman2019_GEARS_processed_mirror,B1_global_perturbed_mean,L0,ctrl+ISL2,258.0,LYL1+IER5L,0.7957773804664612,0.1340711861848831,True,ISL2,LYL1|IER5L,LIM class homeoboxes,Basic helix-loop-helix proteins,,0,False,False
Norman2019_GEARS_processed_mirror,B1_global_perturbed_mean,L0,ctrl+KIF2C,230.0,LYL1+IER5L,0.7957773804664612,0.2568351030349731,True,KIF2C,LYL1|IER5L,Kinesins|Small nucleolar RNA protein coding host genes,Basic helix-loop-helix proteins,,0,False,False
Norman2019_GEARS_processed_mirror,B1_global_perturbed_mean,L0,ctrl+KLF1,246.0,LYL1+IER5L,0.7957773804664612,0.1960138529539108,True,KLF1,LYL1|IER5L,KLF transcription factors|Zinc fingers C2H2-type,Basic helix-loop-helix proteins,,0,False,False
Norman2019_GEARS_processed_mirror,B1_global_perturbed_mean,L0,ctrl+MAP2K6,282.0,LYL1+IER5L,0.7957773804664612,-0.3821234405040741,True,MAP2K6,LYL1|IER5L,Mitogen-activated protein kinase kinases,Basic helix-loop-helix proteins,,0,False,False
Norman2019_GEARS_processed_mirror,B1_global_perturbed_mean,L0,ctrl+MAP7D1,266.0,LYL1+IER5L,0.7957773804664612,-0.0188004039227962,True,MAP7D1,LYL1|IER5L,Microtubule associated protein 7 family,Basic helix-loop-helix proteins,,0,False,False
Norman2019_GEARS_processed_mirror,B1_global_perturbed_mean,L0,ctrl+MAPK1,251.0,LYL1+IER5L,0.7957773804664612,0.1669759154319763,True,MAPK1,LYL1|IER5L,Mitogen-activated protein kinase 3 and 1 (ERK1/2) family,Basic helix-loop-helix proteins,,0,False,False
Norman2019_GEARS_processed_mirror,B1_global_perturbed_mean,L0,ctrl+MEIS1,178.0,LYL1+IER5L,0.7957773804664612,0.4453945457935333,True,MEIS1,LYL1|IER5L,TALE class homeoboxes and pseudogenes,Basic helix-loop-helix proteins,,0,False,False
Norman2019_GEARS_processed_mirror,B1_global_perturbed_mean,L0,ctrl+OSR2,252.0,LYL1+IER5L,0.7957773804664612,0.1664575934410095,True,OSR2,LYL1|IER5L,Zinc fingers C2H2-type,Basic helix-loop-helix proteins,,0,False,False
Norman2019_GEARS_processed_mirror,B1_global_perturbed_mean,L0,ctrl+PRTG,58.0,LYL1+IER5L,0.7957773804664612,0.6615797281265259,True,PRTG,LYL1|IER5L,Fibronectin type III domain containing|I-set domain containing,Basic helix-loop-helix proteins,,0,False,False
Norman2019_GEARS_processed_mirror,B1_global_perturbed_mean,L0,ctrl+PTPN12,146.0,LYL1+IER5L,0.7957773804664612,0.5026950836181641,True,PTPN12,LYL1|IER5L,Protein tyrosine phosphatases non-receptor type,Basic helix-loop-helix proteins,,0,False,False
Norman2019_GEARS_processed_mirror,B1_global_perturbed_mean,L0,ctrl+PTPN9,177.0,LYL1+IER5L,0.7957773804664612,0.446296364068985,True,PTPN9,LYL1|IER5L,CRAL-TRIO lipid binding domain containing|Protein tyrosine phosphatases non-receptor type,Basic helix-loop-helix proteins,,0,False,False
Norman2019_GEARS_processed_mirror,B1_global_perturbed_mean,L0,ctrl+RUNX1T1,265.0,LYL1+IER5L,0.7957773804664612,0.0099021727219223,True,RUNX1T1,LYL1|IER5L,Zinc fingers MYND-type,Basic helix-loop-helix proteins,,0,False,False
Norman2019_GEARS_processed_mirror,B1_global_perturbed_mean,L0,ctrl+SAMD1,15.0,LYL1+IER5L,0.7957773804664612,0.730833113193512,True,SAMD1,LYL1|IER5L,Sterile alpha motif domain containing,Basic helix-loop-helix proteins,,0,False,False
Norman2019_GEARS_processed_mirror,B1_global_perturbed_mean,L0,ctrl+SET,192.0,LYL1+IER5L,0.7957773804664612,0.3860538899898529,True,SET,LYL1|IER5L,INHAT complex|Nucleosome assembly protein superfamily|SET complex,Basic helix-loop-helix proteins,,0,False,False
Norman2019_GEARS_processed_mirror,B1_global_perturbed_mean,L0,ctrl+SLC38A2,272.0,LYL1+IER5L,0.7957773804664612,-0.0982732847332954,True,SLC38A2,LYL1|IER5L,Solute carrier family 38,Basic helix-loop-helix proteins,,0,False,False
Norman2019_GEARS_processed_mirror,B1_global_perturbed_mean,L0,ctrl+SNAI1,194.0,LYL1+IER5L,0.7957773804664612,0.3792358040809631,True,SNAI1,LYL1|IER5L,SNAG transcriptional repressors|Zinc fingers C2H2-type,Basic helix-loop-helix proteins,,0,False,False
Norman2019_GEARS_processed_mirror,B1_global_perturbed_mean,L0,ctrl+SPI1,62.0,LYL1+IER5L,0.7957773804664612,0.6582906246185303,True,SPI1,LYL1|IER5L,ETS transcription factor family,Basic helix-loop-helix proteins,,0,False,False
Norman2019_GEARS_processed_mirror,B1_global_perturbed_mean,L0,ctrl+STIL,158.0,LYL1+IER5L,0.7957773804664612,0.4832475483417511,True,STIL,LYL1|IER5L,,Basic helix-loop-helix proteins,,0,False,False
Norman2019_GEARS_processed_mirror,B1_global_perturbed_mean,L0,ctrl+TBX2,162.0,LYL1+IER5L,0.7957773804664612,0.474990576505661,True,TBX2,LYL1|IER5L,T-box transcription factors,Basic helix-loop-helix proteins,,0,False,False
Norman2019_GEARS_processed_mirror,B1_global_perturbed_mean,L0,ctrl+TBX3,234.0,LYL1+IER5L,0.7957773804664612,0.2348850518465042,True,TBX3,LYL1|IER5L,T-box transcription factors,Basic helix-loop-helix proteins,,0,False,False
Norman2019_GEARS_processed_mirror,B1_global_perturbed_mean,L0,ctrl+TGFBR2,221.0,LYL1+IER5L,0.7957773804664612,0.3002997040748596,True,TGFBR2,LYL1|IER5L,Type 2 receptor serine/threonine kinases,Basic helix-loop-helix proteins,,0,False,False
Norman2019_GEARS_processed_mirror,B1_global_perturbed_mean,L0,ctrl+UBASH3A,245.0,LYL1+IER5L,0.7957773804664612,0.1964630782604217,True,UBASH3A,LYL1|IER5L,,Basic helix-loop-helix proteins,,0,False,False
Norman2019_GEARS_processed_mirror,B1_global_perturbed_mean,L0,ctrl+UBASH3B,117.0,LYL1+IER5L,0.7957773804664612,0.5725159645080566,True,UBASH3B,LYL1|IER5L,Protein phosphatases,Basic helix-loop-helix proteins,,0,False,False
Norman2019_GEARS_processed_mirror,B1_global_perturbed_mean,L0,ctrl+ZBTB1,92.0,LYL1+IER5L,0.7957773804664612,0.6131385564804077,True,ZBTB1,LYL1|IER5L,BTB domain containing|Zinc fingers C2H2-type,Basic helix-loop-helix proteins,,0,False,False
Norman2019_GEARS_processed_mirror,B1_global_perturbed_mean,L0,ctrl+ZBTB25,170.0,LYL1+IER5L,0.7957773804664612,0.4636567831039428,True,ZBTB25,LYL1|IER5L,BTB domain containing|Zinc fingers C2H2-type,Basic helix-loop-helix proteins,,0,False,False
Norman2019_GEARS_processed_mirror,B2_context_matched_perturbed_mean,L0,AHR+FEV,81.0,LYL1+IER5L,0.7957773804664612,0.6290533542633057,True,AHR|FEV,LYL1|IER5L,Basic helix-loop-helix proteins|ETS transcription factor family|PAS domain containing,Basic helix-loop-helix proteins,Basic helix-loop-helix proteins,1,True,False
Norman2019_GEARS_processed_mirror,B2_context_matched_perturbed_mean,L0,AHR+KLF1,207.0,LYL1+IER5L,0.7957773804664612,0.3434217572212219,True,AHR|KLF1,LYL1|IER5L,Basic helix-loop-helix proteins|KLF transcription factors|PAS domain containing|Zinc fingers C2H2-type,Basic helix-loop-helix proteins,Basic helix-loop-helix proteins,1,True,False
Norman2019_GEARS_processed_mirror,B2_context_matched_perturbed_mean,L0,AHR+ctrl,98.0,LYL1+IER5L,0.7957773804664612,0.6073943972587585,True,AHR,LYL1|IER5L,Basic helix-loop-helix proteins|PAS domain containing,Basic helix-loop-helix proteins,Basic helix-loop-helix proteins,1,True,False
Norman2019_GEARS_processed_mirror,B2_context_matched_perturbed_mean,L0,ARID1A+ctrl,77.0,LYL1+IER5L,0.7957773804664612,0.6359577178955078,True,ARID1A,LYL1|IER5L,AT-rich interaction domain containing|Armadillo like helical domain containing|BAF complex subunits,Basic helix-loop-helix proteins,,0,False,False
Norman2019_GEARS_processed_mirror,B2_context_matched_perturbed_mean,L0,ARRDC3+ctrl,124.0,LYL1+IER5L,0.7957773804664612,0.5448223352432251,True,ARRDC3,LYL1|IER5L,Alpha arrestins,Basic helix-loop-helix proteins,,0,False,False
Norman2019_GEARS_processed_mirror,B2_context_matched_perturbed_mean,L0,ATL1+ctrl,52.0,LYL1+IER5L,0.7957773804664612,0.6674410104751587,True,ATL1,LYL1|IER5L,Atlastins,Basic helix-loop-helix proteins,,0,False,False
Norman2019_GEARS_processed_mirror,B2_context_matched_perturbed_mean,L0,BAK1+ctrl,270.0,LYL1+IER5L,0.7957773804664612,-0.0919096544384956,True,BAK1,LYL1|IER5L,BCL2 family,Basic helix-loop-helix proteins,,0,False,False
Norman2019_GEARS_processed_mirror,B2_context_matched_perturbed_mean,L0,BCL2L11+BAK1,271.0,LYL1+IER5L,0.7957773804664612,-0.0979833081364631,True,BCL2L11|BAK1,LYL1|IER5L,BCL2 family|BCL2 homology region 3 (BH3) only,Basic helix-loop-helix proteins,,0,False,False
Norman2019_GEARS_processed_mirror,B2_context_matched_perturbed_mean,L0,BCL2L11+TGFBR2,210.0,LYL1+IER5L,0.7957773804664612,0.3365172147750854,True,BCL2L11|TGFBR2,LYL1|IER5L,BCL2 homology region 3 (BH3) only|Type 2 receptor serine/threonine kinases,Basic helix-loop-helix proteins,,0,False,False
Norman2019_GEARS_processed_mirror,B2_context_matched_perturbed_mean,L0,BCL2L11+ctrl,262.0,LYL1+IER5L,0.7957773804664612,0.1125067323446273,True,BCL2L11,LYL1|IER5L,BCL2 homology region 3 (BH3) only,Basic helix-loop-helix proteins,,0,False,False
Norman2019_GEARS_processed_mirror,B2_context_matched_perturbed_mean,L0,BCORL1+ctrl,226.0,LYL1+IER5L,0.7957773804664612,0.2847379446029663,True,BCORL1,LYL1|IER5L,Ankyrin repeat domain containing,Basic helix-loop-helix proteins,,0,False,False
Norman2019_GEARS_processed_mirror,B2_context_matched_perturbed_mean,L0,BPGM+SAMD1,17.0,LYL1+IER5L,0.7957773804664612,0.7287279367446899,True,BPGM|SAMD1,LYL1|IER5L,Bisphosphoglycerate phosphatases|Phosphoglycerate mutases|Sterile alpha motif domain containing,Basic helix-loop-helix proteins,,0,False,False
Norman2019_GEARS_processed_mirror,B2_context_matched_perturbed_mean,L0,BPGM+ZBTB1,12.0,LYL1+IER5L,0.7957773804664612,0.7385028600692749,True,BPGM|ZBTB1,LYL1|IER5L,BTB domain containing|Bisphosphoglycerate phosphatases|Phosphoglycerate mutases|Zinc fingers C2H2-type,Basic helix-loop-helix proteins,,0,False,False
Norman2019_GEARS_processed_mirror,B2_context_matched_perturbed_mean,L0,BPGM+ctrl,121.0,LYL1+IER5L,0.7957773804664612,0.5454623699188232,True,BPGM,LYL1|IER5L,Bisphosphoglycerate phosphatases|Phosphoglycerate mutases,Basic helix-loop-helix proteins,,0,False,False
Norman2019_GEARS_processed_mirror,B2_context_matched_perturbed_mean,L0,C19orf26+ctrl,180.0,LYL1+IER5L,0.7957773804664612,0.4409641623497009,True,C19orf26,LYL1|IER5L,,Basic helix-loop-helix proteins,,0,False,False
Norman2019_GEARS_processed_mirror,B2_context_matched_perturbed_mean,L0,C3orf72+FOXL2,160.0,LYL1+IER5L,0.7957773804664612,0.4776711165904999,True,C3orf72|FOXL2,LYL1|IER5L,Forkhead boxes,Basic helix-loop-helix proteins,,0,False,False
Norman2019_GEARS_processed_mirror,B2_context_matched_perturbed_mean,L0,C3orf72+ctrl,54.0,LYL1+IER5L,0.7957773804664612,0.6644303798675537,True,C3orf72,LYL1|IER5L,,Basic helix-loop-helix proteins,,0,False,False
Norman2019_GEARS_processed_mirror,B2_context_matched_perturbed_mean,L0,CBFA2T3+ctrl,248.0,LYL1+IER5L,0.7957773804664612,0.1772388815879821,True,CBFA2T3,LYL1|IER5L,A-kinase anchoring proteins|Zinc fingers MYND-type,Basic helix-loop-helix proteins,,0,False,False
Norman2019_GEARS_processed_mirror,B2_context_matched_perturbed_mean,L0,CBL+CNN1,42.0,LYL1+IER5L,0.7957773804664612,0.6814537048339844,True,CBL|CNN1,LYL1|IER5L,Calponin family|Ring finger proteins,Basic helix-loop-helix proteins,,0,False,False
Norman2019_GEARS_processed_mirror,B2_context_matched_perturbed_mean,L0,CBL+PTPN12,108.0,LYL1+IER5L,0.7957773804664612,0.5944087505340576,True,CBL|PTPN12,LYL1|IER5L,Protein tyrosine phosphatases non-receptor type|Ring finger proteins,Basic helix-loop-helix proteins,,0,False,False
Norman2019_GEARS_processed_mirror,B2_context_matched_perturbed_mean,L0,CBL+PTPN9,44.0,LYL1+IER5L,0.7957773804664612,0.679261326789856,True,CBL|PTPN9,LYL1|IER5L,CRAL-TRIO lipid binding domain containing|Protein tyrosine phosphatases non-receptor type|Ring finger proteins,Basic helix-loop-helix proteins,,0,False,False
Norman2019_GEARS_processed_mirror,B2_context_matched_perturbed_mean,L0,CBL+TGFBR2,127.0,LYL1+IER5L,0.7957773804664612,0.5381709933280945,True,CBL|TGFBR2,LYL1|IER5L,Ring finger proteins|Type 2 receptor serine/threonine kinases,Basic helix-loop-helix proteins,,0,False,False
Norman2019_GEARS_processed_mirror,B2_context_matched_perturbed_mean,L0,CBL+UBASH3A,107.0,LYL1+IER5L,0.7957773804664612,0.5946677327156067,True,CBL|UBASH3A,LYL1|IER5L,Ring finger proteins,Basic helix-loop-helix proteins,,0,False,False
Norman2019_GEARS_processed_mirror,B2_context_matched_perturbed_mean,L0,CBL+UBASH3B,31.0,LYL1+IER5L,0.7957773804664612,0.7033160328865051,True,CBL|UBASH3B,LYL1|IER5L,Protein phosphatases|Ring finger proteins,Basic helix-loop-helix proteins,,0,False,False
Norman2019_GEARS_processed_mirror,B2_context_matched_perturbed_mean,L0,CBL+ctrl,123.0,LYL1+IER5L,0.7957773804664612,0.5452811121940613,True,CBL,LYL1|IER5L,Ring finger proteins,Basic helix-loop-helix proteins,,0,False,False
Norman2019_GEARS_processed_mirror,B2_context_matched_perturbed_mean,L0,CDKN1A+ctrl,47.0,LYL1+IER5L,0.7957773804664612,0.6776179075241089,True,CDKN1A,LYL1|IER5L,Cyclin dependent kinase inhibitor 1 family,Basic helix-loop-helix proteins,,0,False,False
Norman2019_GEARS_processed_mirror,B2_context_matched_perturbed_mean,L0,CDKN1B+CDKN1A,63.0,LYL1+IER5L,0.7957773804664612,0.65639328956604,True,CDKN1B|CDKN1A,LYL1|IER5L,Cyclin dependent kinase inhibitor 1 family,Basic helix-loop-helix proteins,,0,False,False
Norman2019_GEARS_processed_mirror,B2_context_matched_perturbed_mean,L0,CDKN1B+ctrl,20.0,LYL1+IER5L,0.7957773804664612,0.7178757190704346,True,CDKN1B,LYL1|IER5L,Cyclin dependent kinase inhibitor 1 family,Basic helix-loop-helix proteins,,0,False,False
Norman2019_GEARS_processed_mirror,B2_context_matched_perturbed_mean,L0,CDKN1C+CDKN1A,35.0,LYL1+IER5L,0.7957773804664612,0.6944792866706848,True,CDKN1C|CDKN1A,LYL1|IER5L,Cyclin dependent kinase inhibitor 1 family,Basic helix-loop-helix proteins,,0,False,False
Norman2019_GEARS_processed_mirror,B2_context_matched_perturbed_mean,L0,CDKN1C+CDKN1B,95.0,LYL1+IER5L,0.7957773804664612,0.6107122898101807,True,CDKN1C|CDKN1B,LYL1|IER5L,Cyclin dependent kinase inhibitor 1 family,Basic helix-loop-helix proteins,,0,False,False
Norman2019_GEARS_processed_mirror,B2_context_matched_perturbed_mean,L0,CDKN1C+ctrl,43.0,LYL1+IER5L,0.7957773804664612,0.679719090461731,True,CDKN1C,LYL1|IER5L,Cyclin dependent kinase inhibitor 1 family,Basic helix-loop-helix proteins,,0,False,False
Norman2019_GEARS_processed_mirror,B2_context_matched_perturbed_mean,L0,CEBPA+ctrl,138.0,LYL1+IER5L,0.7957773804664612,0.5178623199462891,True,CEBPA,LYL1|IER5L,CCAAT/enhancer binding proteins,Basic helix-loop-helix proteins,,0,False,False
Norman2019_GEARS_processed_mirror,B2_context_matched_perturbed_mean,L0,CEBPB+CEBPA,165.0,LYL1+IER5L,0.7957773804664612,0.4687056541442871,True,CEBPB|CEBPA,LYL1|IER5L,CCAAT/enhancer binding proteins,Basic helix-loop-helix proteins,,0,False,False
Norman2019_GEARS_processed_mirror,B2_context_matched_perturbed_mean,L0,CEBPB+MAPK1,205.0,LYL1+IER5L,0.7957773804664612,0.3539719879627228,True,CEBPB|MAPK1,LYL1|IER5L,CCAAT/enhancer binding proteins|Mitogen-activated protein kinase 3 and 1 (ERK1/2) family,Basic helix-loop-helix proteins,,0,False,False
Norman2019_GEARS_processed_mirror,B2_context_matched_perturbed_mean,L0,CEBPB+OSR2,134.0,LYL1+IER5L,0.7957773804664612,0.5198138356208801,True,CEBPB|OSR2,LYL1|IER5L,CCAAT/enhancer binding proteins|Zinc fingers C2H2-type,Basic helix-loop-helix proteins,,0,False,False
Norman2019_GEARS_processed_mirror,B2_context_matched_perturbed_mean,L0,CEBPB+PTPN12,40.0,LYL1+IER5L,0.7957773804664612,0.6902410984039307,True,CEBPB|PTPN12,LYL1|IER5L,CCAAT/enhancer binding proteins|Protein tyrosine phosphatases non-receptor type,Basic helix-loop-helix proteins,,0,False,False
Norman2019_GEARS_processed_mirror,B2_context_matched_perturbed_mean,L0,CEBPB+ctrl,149.0,LYL1+IER5L,0.7957773804664612,0.4988872408866882,True,CEBPB,LYL1|IER5L,CCAAT/enhancer binding proteins,Basic helix-loop-helix proteins,,0,False,False
Norman2019_GEARS_processed_mirror,B2_context_matched_perturbed_mean,L0,CEBPE+CEBPA,131.0,LYL1+IER5L,0.7957773804664612,0.5273984670639038,True,CEBPE|CEBPA,LYL1|IER5L,CCAAT/enhancer binding proteins,Basic helix-loop-helix proteins,,0,False,False
Norman2019_GEARS_processed_mirror,B2_context_matched_perturbed_mean,L0,CEBPE+CEBPB,144.0,LYL1+IER5L,0.7957773804664612,0.5053826570510864,True,CEBPE|CEBPB,LYL1|IER5L,CCAAT/enhancer binding proteins,Basic helix-loop-helix proteins,,0,False,False
Norman2019_GEARS_processed_mirror,B2_context_matched_perturbed_mean,L0,CEBPE+CNN1,166.0,LYL1+IER5L,0.7957773804664612,0.4682598710060119,True,CEBPE|CNN1,LYL1|IER5L,CCAAT/enhancer binding proteins|Calponin family,Basic helix-loop-helix proteins,,0,False,False
Norman2019_GEARS_processed_mirror,B2_context_matched_perturbed_mean,L0,CEBPE+KLF1,196.0,LYL1+IER5L,0.7957773804664612,0.3775170445442199,True,CEBPE|KLF1,LYL1|IER5L,CCAAT/enhancer binding proteins|KLF transcription factors|Zinc fingers C2H2-type,Basic helix-loop-helix proteins,,0,False,False
Norman2019_GEARS_processed_mirror,B2_context_matched_perturbed_mean,L0,CEBPE+PTPN12,136.0,LYL1+IER5L,0.7957773804664612,0.5195341110229492,True,CEBPE|PTPN12,LYL1|IER5L,CCAAT/enhancer binding proteins|Protein tyrosine phosphatases non-receptor type,Basic helix-loop-helix proteins,,0,False,False
Norman2019_GEARS_processed_mirror,B2_context_matched_perturbed_mean,L0,CEBPE+RUNX1T1,206.0,LYL1+IER5L,0.7957773804664612,0.3470721840858459,True,CEBPE|RUNX1T1,LYL1|IER5L,CCAAT/enhancer binding proteins|Zinc fingers MYND-type,Basic helix-loop-helix proteins,,0,False,False
Norman2019_GEARS_processed_mirror,B2_context_matched_perturbed_mean,L0,CEBPE+SPI1,119.0,LYL1+IER5L,0.7957773804664612,0.5578246116638184,True,CEBPE|SPI1,LYL1|IER5L,CCAAT/enhancer binding proteins|ETS transcription factor family,Basic helix-loop-helix proteins,,0,False,False
Norman2019_GEARS_processed_mirror,B2_context_matched_perturbed_mean,L0,CEBPE+ctrl,173.0,LYL1+IER5L,0.7957773804664612,0.4526935815811157,True,CEBPE,LYL1|IER5L,CCAAT/enhancer binding proteins,Basic helix-loop-helix proteins,,0,False,False
Norman2019_GEARS_processed_mirror,B2_context_matched_perturbed_mean,L0,CELF2+ctrl,235.0,LYL1+IER5L,0.7957773804664612,0.2269180864095688,True,CELF2,LYL1|IER5L,RNA binding motif containing,Basic helix-loop-helix proteins,,0,False,False
Norman2019_GEARS_processed_mirror,B2_context_matched_perturbed_mean,L0,CITED1+ctrl,143.0,LYL1+IER5L,0.7957773804664612,0.5141571164131165,True,CITED1,LYL1|IER5L,CBP/p300-interacting transactivator with ED-rich tail family,Basic helix-loop-helix proteins,,0,False,False
Norman2019_GEARS_processed_mirror,B2_context_matched_perturbed_mean,L0,CKS1B+ctrl,145.0,LYL1+IER5L,0.7957773804664612,0.5029370188713074,True,CKS1B,LYL1|IER5L,MicroRNA protein coding host genes,Basic helix-loop-helix proteins,,0,False,False
Norman2019_GEARS_processed_mirror,B2_context_matched_perturbed_mean,L0,CLDN6+ctrl,74.0,LYL1+IER5L,0.7957773804664612,0.6437143087387085,True,CLDN6,LYL1|IER5L,Claudins,Basic helix-loop-helix proteins,,0,False,False
Norman2019_GEARS_processed_mirror,B2_context_matched_perturbed_mean,L0,CNN1+MAPK1,175.0,LYL1+IER5L,0.7957773804664612,0.4518184065818786,True,CNN1|MAPK1,LYL1|IER5L,Calponin family|Mitogen-activated protein kinase 3 and 1 (ERK1/2) family,Basic helix-loop-helix proteins,,0,False,False
Norman2019_GEARS_processed_mirror,B2_context_matched_perturbed_mean,L0,CNN1+UBASH3A,34.0,LYL1+IER5L,0.7957773804664612,0.6949175596237183,True,CNN1|UBASH3A,LYL1|IER5L,Calponin family,Basic helix-loop-helix proteins,,0,False,False
Norman2019_GEARS_processed_mirror,B2_context_matched_perturbed_mean,L0,CNN1+ctrl,218.0,LYL1+IER5L,0.7957773804664612,0.3190251588821411,True,CNN1,LYL1|IER5L,Calponin family,Basic helix-loop-helix proteins,,0,False,False
Norman2019_GEARS_processed_mirror,B2_context_matched_perturbed_mean,L0,CNNM4+ctrl,164.0,LYL1+IER5L,0.7957773804664612,0.471183568239212,True,CNNM4,LYL1|IER5L,"MicroRNA protein coding host genes|Solute carrier family 70, cyclin and CBS domain divalent metal cation transport mediators",Basic helix-loop-helix proteins,,0,False,False
Norman2019_GEARS_processed_mirror,B2_context_matched_perturbed_mean,L0,COL1A1+ctrl,198.0,LYL1+IER5L,0.7957773804664612,0.3733985424041748,True,COL1A1,LYL1|IER5L,Fibrillar collagens,Basic helix-loop-helix proteins,,0,False,False
Norman2019_GEARS_processed_mirror,B2_context_matched_perturbed_mean,L0,COL2A1+ctrl,242.0,LYL1+IER5L,0.7957773804664612,0.2025591135025024,True,COL2A1,LYL1|IER5L,Fibrillar collagens,Basic helix-loop-helix proteins,,0,False,False
Norman2019_GEARS_processed_mirror,B2_context_matched_perturbed_mean,L0,CSRNP1+ctrl,279.0,LYL1+IER5L,0.7957773804664612,-0.2592507004737854,True,CSRNP1,LYL1|IER5L,,Basic helix-loop-helix proteins,,0,False,False
Norman2019_GEARS_processed_mirror,B2_context_matched_perturbed_mean,L0,DLX2+ctrl,225.0,LYL1+IER5L,0.7957773804664612,0.2857338488101959,True,DLX2,LYL1|IER5L,Distal-less homeobox family,Basic helix-loop-helix proteins,,0,False,False
Norman2019_GEARS_processed_mirror,B2_context_matched_perturbed_mean,L0,DUSP9+ETS2,80.0,LYL1+IER5L,0.7957773804664612,0.62940913438797,True,DUSP9|ETS2,LYL1|IER5L,ETS transcription factor family|MAP kinase phosphatases,Basic helix-loop-helix proteins,,0,False,False
Norman2019_GEARS_processed_mirror,B2_context_matched_perturbed_mean,L0,DUSP9+IGDCC3,16.0,LYL1+IER5L,0.7957773804664612,0.729600191116333,True,DUSP9|IGDCC3,LYL1|IER5L,Fibronectin type III domain containing|I-set domain containing|MAP kinase phosphatases,Basic helix-loop-helix proteins,,0,False,False
Norman2019_GEARS_processed_mirror,B2_context_matched_perturbed_mean,L0,DUSP9+KLF1,93.0,LYL1+IER5L,0.7957773804664612,0.6115583181381226,True,DUSP9|KLF1,LYL1|IER5L,KLF transcription factors|MAP kinase phosphatases|Zinc fingers C2H2-type,Basic helix-loop-helix proteins,,0,False,False
Norman2019_GEARS_processed_mirror,B2_context_matched_perturbed_mean,L0,DUSP9+MAPK1,188.0,LYL1+IER5L,0.7957773804664612,0.4026790261268616,True,DUSP9|MAPK1,LYL1|IER5L,MAP kinase phosphatases|Mitogen-activated protein kinase 3 and 1 (ERK1/2) family,Basic helix-loop-helix proteins,,0,False,False
Norman2019_GEARS_processed_mirror,B2_context_matched_perturbed_mean,L0,DUSP9+PRTG,37.0,LYL1+IER5L,0.7957773804664612,0.6906288862228394,True,DUSP9|PRTG,LYL1|IER5L,Fibronectin type III domain containing|I-set domain containing|MAP kinase phosphatases,Basic helix-loop-helix proteins,,0,False,False
Norman2019_GEARS_processed_mirror,B2_context_matched_perturbed_mean,L0,DUSP9+SNAI1,28.0,LYL1+IER5L,0.7957773804664612,0.707686185836792,True,DUSP9|SNAI1,LYL1|IER5L,MAP kinase phosphatases|SNAG transcriptional repressors|Zinc fingers C2H2-type,Basic helix-loop-helix proteins,,0,False,False
Norman2019_GEARS_processed_mirror,B2_context_matched_perturbed_mean,L0,DUSP9+ctrl,109.0,LYL1+IER5L,0.7957773804664612,0.5915093421936035,True,DUSP9,LYL1|IER5L,MAP kinase phosphatases,Basic helix-loop-helix proteins,,0,False,False
Norman2019_GEARS_processed_mirror,B2_context_matched_perturbed_mean,L0,EGR1+ctrl,75.0,LYL1+IER5L,0.7957773804664612,0.6428573131561279,True,EGR1,LYL1|IER5L,Zinc fingers C2H2-type,Basic helix-loop-helix proteins,,0,False,False
Norman2019_GEARS_processed_mirror,B2_context_matched_perturbed_mean,L0,ELMSAN1+ctrl,268.0,LYL1+IER5L,0.7957773804664612,-0.0644585266709327,True,ELMSAN1,LYL1|IER5L,,Basic helix-loop-helix proteins,,0,False,False
Norman2019_GEARS_processed_mirror,B2_context_matched_perturbed_mean,L0,ETS2+CEBPE,212.0,LYL1+IER5L,0.7957773804664612,0.3343613743782043,True,ETS2|CEBPE,LYL1|IER5L,CCAAT/enhancer binding proteins|ETS transcription factor family,Basic helix-loop-helix proteins,,0,False,False
Norman2019_GEARS_processed_mirror,B2_context_matched_perturbed_mean,L0,ETS2+CNN1,97.0,LYL1+IER5L,0.7957773804664612,0.6079076528549194,True,ETS2|CNN1,LYL1|IER5L,Calponin family|ETS transcription factor family,Basic helix-loop-helix proteins,,0,False,False
Norman2019_GEARS_processed_mirror,B2_context_matched_perturbed_mean,L0,ETS2+IGDCC3,103.0,LYL1+IER5L,0.7957773804664612,0.6000344753265381,True,ETS2|IGDCC3,LYL1|IER5L,ETS transcription factor family|Fibronectin type III domain containing|I-set domain containing,Basic helix-loop-helix proteins,,0,False,False
Norman2019_GEARS_processed_mirror,B2_context_matched_perturbed_mean,L0,ETS2+IKZF3,2.0,LYL1+IER5L,0.7957773804664612,0.7901961803436279,True,ETS2|IKZF3,LYL1|IER5L,ETS transcription factor family|Zinc fingers C2H2-type,Basic helix-loop-helix proteins,,0,False,False
Norman2019_GEARS_processed_mirror,B2_context_matched_perturbed_mean,L0,ETS2+MAP7D1,243.0,LYL1+IER5L,0.7957773804664612,0.2013201117515564,True,ETS2|MAP7D1,LYL1|IER5L,ETS transcription factor family|Microtubule associated protein 7 family,Basic helix-loop-helix proteins,,0,False,False
Norman2019_GEARS_processed_mirror,B2_context_matched_perturbed_mean,L0,ETS2+MAPK1,219.0,LYL1+IER5L,0.7957773804664612,0.3013677597045898,True,ETS2|MAPK1,LYL1|IER5L,ETS transcription factor family|Mitogen-activated protein kinase 3 and 1 (ERK1/2) family,Basic helix-loop-helix proteins,,0,False,False
Norman2019_GEARS_processed_mirror,B2_context_matched_perturbed_mean,L0,ETS2+PRTG,27.0,LYL1+IER5L,0.7957773804664612,0.7079840898513794,True,ETS2|PRTG,LYL1|IER5L,ETS transcription factor family|Fibronectin type III domain containing|I-set domain containing,Basic helix-loop-helix proteins,,0,False,False
Norman2019_GEARS_processed_mirror,B2_context_matched_perturbed_mean,L0,ETS2+ctrl,255.0,LYL1+IER5L,0.7957773804664612,0.1525905132293701,True,ETS2,LYL1|IER5L,ETS transcription factor family,Basic helix-loop-helix proteins,,0,False,False
Norman2019_GEARS_processed_mirror,B2_context_matched_perturbed_mean,L0,FEV+CBFA2T3,90.0,LYL1+IER5L,0.7957773804664612,0.6203010678291321,True,FEV|CBFA2T3,LYL1|IER5L,A-kinase anchoring proteins|ETS transcription factor family|Zinc fingers MYND-type,Basic helix-loop-helix proteins,,0,False,False
Norman2019_GEARS_processed_mirror,B2_context_matched_perturbed_mean,L0,FEV+ISL2,135.0,LYL1+IER5L,0.7957773804664612,0.5195415019989014,True,FEV|ISL2,LYL1|IER5L,ETS transcription factor family|LIM class homeoboxes,Basic helix-loop-helix proteins,,0,False,False
Norman2019_GEARS_processed_mirror,B2_context_matched_perturbed_mean,L0,FEV+MAP7D1,118.0,LYL1+IER5L,0.7957773804664612,0.5596528053283691,True,FEV|MAP7D1,LYL1|IER5L,ETS transcription factor family|Microtubule associated protein 7 family,Basic helix-loop-helix proteins,,0,False,False
Norman2019_GEARS_processed_mirror,B2_context_matched_perturbed_mean,L0,FEV+ctrl,215.0,LYL1+IER5L,0.7957773804664612,0.3252054452896118,True,FEV,LYL1|IER5L,ETS transcription factor family,Basic helix-loop-helix proteins,,0,False,False
Norman2019_GEARS_processed_mirror,B2_context_matched_perturbed_mean,L0,FOSB+CEBPB,139.0,LYL1+IER5L,0.7957773804664612,0.517765998840332,True,FOSB|CEBPB,LYL1|IER5L,CCAAT/enhancer binding proteins|Fos transcription factor family,Basic helix-loop-helix proteins,,0,False,False
Norman2019_GEARS_processed_mirror,B2_context_matched_perturbed_mean,L0,FOSB+CEBPE,148.0,LYL1+IER5L,0.7957773804664612,0.5014759302139282,True,FOSB|CEBPE,LYL1|IER5L,CCAAT/enhancer binding proteins|Fos transcription factor family,Basic helix-loop-helix proteins,,0,False,False
Norman2019_GEARS_processed_mirror,B2_context_matched_perturbed_mean,L0,FOSB+IKZF3,29.0,LYL1+IER5L,0.7957773804664612,0.7067641019821167,True,FOSB|IKZF3,LYL1|IER5L,Fos transcription factor family|Zinc fingers C2H2-type,Basic helix-loop-helix proteins,,0,False,False
Norman2019_GEARS_processed_mirror,B2_context_matched_perturbed_mean,L0,FOSB+OSR2,200.0,LYL1+IER5L,0.7957773804664612,0.3658618032932281,True,FOSB|OSR2,LYL1|IER5L,Fos transcription factor family|Zinc fingers C2H2-type,Basic helix-loop-helix proteins,,0,False,False
Norman2019_GEARS_processed_mirror,B2_context_matched_perturbed_mean,L0,FOSB+PTPN12,137.0,LYL1+IER5L,0.7957773804664612,0.5187408924102783,True,FOSB|PTPN12,LYL1|IER5L,Fos transcription factor family|Protein tyrosine phosphatases non-receptor type,Basic helix-loop-helix proteins,,0,False,False
Norman2019_GEARS_processed_mirror,B2_context_matched_perturbed_mean,L0,FOSB+UBASH3B,195.0,LYL1+IER5L,0.7957773804664612,0.3783437311649322,True,FOSB|UBASH3B,LYL1|IER5L,Fos transcription factor family|Protein phosphatases,Basic helix-loop-helix proteins,,0,False,False
Norman2019_GEARS_processed_mirror,B2_context_matched_perturbed_mean,L0,FOSB+ctrl,241.0,LYL1+IER5L,0.7957773804664612,0.2039547562599182,True,FOSB,LYL1|IER5L,Fos transcription factor family,Basic helix-loop-helix proteins,,0,False,False
Norman2019_GEARS_processed_mirror,B2_context_matched_perturbed_mean,L0,FOXA1+FOXF1,24.0,LYL1+IER5L,0.7957773804664612,0.7093958854675293,True,FOXA1|FOXF1,LYL1|IER5L,Forkhead boxes,Basic helix-loop-helix proteins,,0,False,False
Norman2019_GEARS_processed_mirror,B2_context_matched_perturbed_mean,L0,FOXA1+FOXL2,49.0,LYL1+IER5L,0.7957773804664612,0.6762012839317322,True,FOXA1|FOXL2,LYL1|IER5L,Forkhead boxes,Basic helix-loop-helix proteins,,0,False,False
Norman2019_GEARS_processed_mirror,B2_context_matched_perturbed_mean,L0,FOXA1+HOXB9,11.0,LYL1+IER5L,0.7957773804664612,0.7431234121322632,True,FOXA1|HOXB9,LYL1|IER5L,Forkhead boxes|HOXL subclass homeoboxes,Basic helix-loop-helix proteins,,0,False,False
Norman2019_GEARS_processed_mirror,B2_context_matched_perturbed_mean,L0,FOXA1+ctrl,150.0,LYL1+IER5L,0.7957773804664612,0.4986310601234436,True,FOXA1,LYL1|IER5L,Forkhead boxes,Basic helix-loop-helix proteins,,0,False,False
Norman2019_GEARS_processed_mirror,B2_context_matched_perturbed_mean,L0,FOXA3+FOXA1,51.0,LYL1+IER5L,0.7957773804664612,0.6740148067474365,True,FOXA3|FOXA1,LYL1|IER5L,Forkhead boxes,Basic helix-loop-helix proteins,,0,False,False
Norman2019_GEARS_processed_mirror,B2_context_matched_perturbed_mean,L0,FOXA3+FOXF1,67.0,LYL1+IER5L,0.7957773804664612,0.6535114049911499,True,FOXA3|FOXF1,LYL1|IER5L,Forkhead boxes,Basic helix-loop-helix proteins,,0,False,False
Norman2019_GEARS_processed_mirror,B2_context_matched_perturbed_mean,L0,FOXA3+FOXL2,76.0,LYL1+IER5L,0.7957773804664612,0.6369631290435791,True,FOXA3|FOXL2,LYL1|IER5L,Forkhead boxes,Basic helix-loop-helix proteins,,0,False,False
Norman2019_GEARS_processed_mirror,B2_context_matched_perturbed_mean,L0,FOXA3+HOXB9,9.0,LYL1+IER5L,0.7957773804664612,0.7558890581130981,True,FOXA3|HOXB9,LYL1|IER5L,Forkhead boxes|HOXL subclass homeoboxes,Basic helix-loop-helix proteins,,0,False,False
Norman2019_GEARS_processed_mirror,B2_context_matched_perturbed_mean,L0,FOXA3+ctrl,106.0,LYL1+IER5L,0.7957773804664612,0.5948734283447266,True,FOXA3,LYL1|IER5L,Forkhead boxes,Basic helix-loop-helix proteins,,0,False,False
Norman2019_GEARS_processed_mirror,B2_context_matched_perturbed_mean,L0,FOXF1+FOXL2,53.0,LYL1+IER5L,0.7957773804664612,0.6666402816772461,True,FOXF1|FOXL2,LYL1|IER5L,Forkhead boxes,Basic helix-loop-helix proteins,,0,False,False
Norman2019_GEARS_processed_mirror,B2_context_matched_perturbed_mean,L0,FOXF1+HOXB9,61.0,LYL1+IER5L,0.7957773804664612,0.6596720218658447,True,FOXF1|HOXB9,LYL1|IER5L,Forkhead boxes|HOXL subclass homeoboxes,Basic helix-loop-helix proteins,,0,False,False
Norman2019_GEARS_processed_mirror,B2_context_matched_perturbed_mean,L0,FOXF1+ctrl,186.0,LYL1+IER5L,0.7957773804664612,0.4126113653182983,True,FOXF1,LYL1|IER5L,Forkhead boxes,Basic helix-loop-helix proteins,,0,False,False
Norman2019_GEARS_processed_mirror,B2_context_matched_perturbed_mean,L0,FOXL2+HOXB9,189.0,LYL1+IER5L,0.7957773804664612,0.3939558267593384,True,FOXL2|HOXB9,LYL1|IER5L,Forkhead boxes|HOXL subclass homeoboxes,Basic helix-loop-helix proteins,,0,False,False
Norman2019_GEARS_processed_mirror,B2_context_matched_perturbed_mean,L0,FOXL2+MEIS1,89.0,LYL1+IER5L,0.7957773804664612,0.620923638343811,True,FOXL2|MEIS1,LYL1|IER5L,Forkhead boxes|TALE class homeoboxes and pseudogenes,Basic helix-loop-helix proteins,,0,False,False
Norman2019_GEARS_processed_mirror,B2_context_matched_perturbed_mean,L0,FOXL2+ctrl,140.0,LYL1+IER5L,0.7957773804664612,0.5170848369598389,True,FOXL2,LYL1|IER5L,Forkhead boxes,Basic helix-loop-helix proteins,,0,False,False
Norman2019_GEARS_processed_mirror,B2_context_matched_perturbed_mean,L0,FOXO4+ctrl,130.0,LYL1+IER5L,0.7957773804664612,0.5280488133430481,True,FOXO4,LYL1|IER5L,Forkhead boxes,Basic helix-loop-helix proteins,,0,False,False
Norman2019_GEARS_processed_mirror,B2_context_matched_perturbed_mean,L0,GLB1L2+ctrl,155.0,LYL1+IER5L,0.7957773804664612,0.4874796569347381,True,GLB1L2,LYL1|IER5L,Galactosidases beta,Basic helix-loop-helix proteins,,0,False,False
Norman2019_GEARS_processed_mirror,B2_context_matched_perturbed_mean,L0,HES7+ctrl,129.0,LYL1+IER5L,0.7957773804664612,0.530188262462616,True,HES7,LYL1|IER5L,Basic helix-loop-helix proteins,Basic helix-loop-helix proteins,Basic helix-loop-helix proteins,1,True,False
Norman2019_GEARS_processed_mirror,B2_context_matched_perturbed_mean,L0,HK2+ctrl,199.0,LYL1+IER5L,0.7957773804664612,0.3732883930206299,True,HK2,LYL1|IER5L,Hexokinase family,Basic helix-loop-helix proteins,,0,False,False
Norman2019_GEARS_processed_mirror,B2_context_matched_perturbed_mean,L0,HNF4A+ctrl,99.0,LYL1+IER5L,0.7957773804664612,0.605115532875061,True,HNF4A,LYL1|IER5L,Hepatocyte nuclear factor 4 family|MicroRNA protein coding host genes,Basic helix-loop-helix proteins,,0,False,False
Norman2019_GEARS_processed_mirror,B2_context_matched_perturbed_mean,L0,HOXA13+ctrl,23.0,LYL1+IER5L,0.7957773804664612,0.711538553237915,True,HOXA13,LYL1|IER5L,HOXL subclass homeoboxes,Basic helix-loop-helix proteins,,0,False,False
Norman2019_GEARS_processed_mirror,B2_context_matched_perturbed_mean,L0,HOXB9+ctrl,86.0,LYL1+IER5L,0.7957773804664612,0.623456597328186,True,HOXB9,LYL1|IER5L,HOXL subclass homeoboxes,Basic helix-loop-helix proteins,,0,False,False
Norman2019_GEARS_processed_mirror,B2_context_matched_perturbed_mean,L0,HOXC13+ctrl,102.0,LYL1+IER5L,0.7957773804664612,0.6007548570632935,True,HOXC13,LYL1|IER5L,HOXL subclass homeoboxes,Basic helix-loop-helix proteins,,0,False,False
Norman2019_GEARS_processed_mirror,B2_context_matched_perturbed_mean,L0,IER5L+ctrl,69.0,LYL1+IER5L,0.7957773804664612,0.6512584090232849,True,IER5L,LYL1|IER5L,,Basic helix-loop-helix proteins,,0,False,False
Norman2019_GEARS_processed_mirror,B2_context_matched_perturbed_mean,L0,IGDCC3+MAPK1,213.0,LYL1+IER5L,0.7957773804664612,0.3288719356060028,True,IGDCC3|MAPK1,LYL1|IER5L,Fibronectin type III domain containing|I-set domain containing|Mitogen-activated protein kinase 3 and 1 (ERK1/2) family,Basic helix-loop-helix proteins,,0,False,False
Norman2019_GEARS_processed_mirror,B2_context_matched_perturbed_mean,L0,IGDCC3+PRTG,48.0,LYL1+IER5L,0.7957773804664612,0.6764856576919556,True,IGDCC3|PRTG,LYL1|IER5L,Fibronectin type III domain containing|I-set domain containing,Basic helix-loop-helix proteins,,0,False,False
Norman2019_GEARS_processed_mirror,B2_context_matched_perturbed_mean,L0,IGDCC3+ZBTB25,19.0,LYL1+IER5L,0.7957773804664612,0.7235007286071777,True,IGDCC3|ZBTB25,LYL1|IER5L,BTB domain containing|Fibronectin type III domain containing|I-set domain containing|Zinc fingers C2H2-type,Basic helix-loop-helix proteins,,0,False,False
Norman2019_GEARS_processed_mirror,B2_context_matched_perturbed_mean,L0,IGDCC3+ctrl,105.0,LYL1+IER5L,0.7957773804664612,0.595865786075592,True,IGDCC3,LYL1|IER5L,Fibronectin type III domain containing|I-set domain containing,Basic helix-loop-helix proteins,,0,False,False
Norman2019_GEARS_processed_mirror,B2_context_matched_perturbed_mean,L0,IKZF3+ctrl,6.0,LYL1+IER5L,0.7957773804664612,0.7681279182434082,True,IKZF3,LYL1|IER5L,Zinc fingers C2H2-type,Basic helix-loop-helix proteins,,0,False,False
Norman2019_GEARS_processed_mirror,B2_context_matched_perturbed_mean,L0,IRF1+SET,202.0,LYL1+IER5L,0.7957773804664612,0.3599936068058014,True,IRF1|SET,LYL1|IER5L,INHAT complex|Interferon regulatory factors|Nucleosome assembly protein superfamily|SET complex,Basic helix-loop-helix proteins,,0,False,False
Norman2019_GEARS_processed_mirror,B2_context_matched_perturbed_mean,L0,IRF1+ctrl,229.0,LYL1+IER5L,0.7957773804664612,0.2651559114456177,True,IRF1,LYL1|IER5L,Interferon regulatory factors,Basic helix-loop-helix proteins,,0,False,False
Norman2019_GEARS_processed_mirror,B2_context_matched_perturbed_mean,L0,ISL2+ctrl,237.0,LYL1+IER5L,0.7957773804664612,0.2133278399705886,True,ISL2,LYL1|IER5L,LIM class homeoboxes,Basic helix-loop-helix proteins,,0,False,False
Norman2019_GEARS_processed_mirror,B2_context_matched_perturbed_mean,L0,JUN+CEBPA,142.0,LYL1+IER5L,0.7957773804664612,0.5148162245750427,True,JUN|CEBPA,LYL1|IER5L,CCAAT/enhancer binding proteins|Jun transcription factor family,Basic helix-loop-helix proteins,,0,False,False
Norman2019_GEARS_processed_mirror,B2_context_matched_perturbed_mean,L0,JUN+CEBPB,141.0,LYL1+IER5L,0.7957773804664612,0.5161728858947754,True,JUN|CEBPB,LYL1|IER5L,CCAAT/enhancer binding proteins|Jun transcription factor family,Basic helix-loop-helix proteins,,0,False,False
Norman2019_GEARS_processed_mirror,B2_context_matched_perturbed_mean,L0,JUN+ctrl,125.0,LYL1+IER5L,0.7957773804664612,0.5442371368408203,True,JUN,LYL1|IER5L,Jun transcription factor family,Basic helix-loop-helix proteins,,0,False,False
Norman2019_GEARS_processed_mirror,B2_context_matched_perturbed_mean,L0,KIAA1804+ctrl,193.0,LYL1+IER5L,0.7957773804664612,0.3858989775180816,True,KIAA1804,LYL1|IER5L,,Basic helix-loop-helix proteins,,0,False,False
Norman2019_GEARS_processed_mirror,B2_context_matched_perturbed_mean,L0,KIF18B+KIF2C,211.0,LYL1+IER5L,0.7957773804664612,0.3357466161251068,True,KIF18B|KIF2C,LYL1|IER5L,Kinesins|MicroRNA protein coding host genes|Small nucleolar RNA protein coding host genes,Basic helix-loop-helix proteins,,0,False,False
Norman2019_GEARS_processed_mirror,B2_context_matched_perturbed_mean,L0,KIF18B+ctrl,132.0,LYL1+IER5L,0.7957773804664612,0.5254138708114624,True,KIF18B,LYL1|IER5L,Kinesins|MicroRNA protein coding host genes,Basic helix-loop-helix proteins,,0,False,False
Norman2019_GEARS_processed_mirror,B2_context_matched_perturbed_mean,L0,KIF2C+ctrl,260.0,LYL1+IER5L,0.7957773804664612,0.1246055960655212,True,KIF2C,LYL1|IER5L,Kinesins|Small nucleolar RNA protein coding host genes,Basic helix-loop-helix proteins,,0,False,False
Norman2019_GEARS_processed_mirror,B2_context_matched_perturbed_mean,L0,KLF1+BAK1,239.0,LYL1+IER5L,0.7957773804664612,0.2056442648172378,True,KLF1|BAK1,LYL1|IER5L,BCL2 family|KLF transcription factors|Zinc fingers C2H2-type,Basic helix-loop-helix proteins,,0,False,False
Norman2019_GEARS_processed_mirror,B2_context_matched_perturbed_mean,L0,KLF1+CEBPA,147.0,LYL1+IER5L,0.7957773804664612,0.501539409160614,True,KLF1|CEBPA,LYL1|IER5L,CCAAT/enhancer binding proteins|KLF transcription factors|Zinc fingers C2H2-type,Basic helix-loop-helix proteins,,0,False,False
Norman2019_GEARS_processed_mirror,B2_context_matched_perturbed_mean,L0,KLF1+CLDN6,79.0,LYL1+IER5L,0.7957773804664612,0.6315300464630127,True,KLF1|CLDN6,LYL1|IER5L,Claudins|KLF transcription factors|Zinc fingers C2H2-type,Basic helix-loop-helix proteins,,0,False,False
Norman2019_GEARS_processed_mirror,B2_context_matched_perturbed_mean,L0,KLF1+COL2A1,224.0,LYL1+IER5L,0.7957773804664612,0.2912891805171966,True,KLF1|COL2A1,LYL1|IER5L,Fibrillar collagens|KLF transcription factors|Zinc fingers C2H2-type,Basic helix-loop-helix proteins,,0,False,False
Norman2019_GEARS_processed_mirror,B2_context_matched_perturbed_mean,L0,KLF1+FOXA1,114.0,LYL1+IER5L,0.7957773804664612,0.5804014205932617,True,KLF1|FOXA1,LYL1|IER5L,Forkhead boxes|KLF transcription factors|Zinc fingers C2H2-type,Basic helix-loop-helix proteins,,0,False,False
Norman2019_GEARS_processed_mirror,B2_context_matched_perturbed_mean,L0,KLF1+MAP2K6,257.0,LYL1+IER5L,0.7957773804664612,0.139182761311531,True,KLF1|MAP2K6,LYL1|IER5L,KLF transcription factors|Mitogen-activated protein kinase kinases|Zinc fingers C2H2-type,Basic helix-loop-helix proteins,,0,False,False
Norman2019_GEARS_processed_mirror,B2_context_matched_perturbed_mean,L0,KLF1+TGFBR2,201.0,LYL1+IER5L,0.7957773804664612,0.3633913099765777,True,KLF1|TGFBR2,LYL1|IER5L,KLF transcription factors|Type 2 receptor serine/threonine kinases|Zinc fingers C2H2-type,Basic helix-loop-helix proteins,,0,False,False
Norman2019_GEARS_processed_mirror,B2_context_matched_perturbed_mean,L0,KLF1+ctrl,244.0,LYL1+IER5L,0.7957773804664612,0.1987954378128051,True,KLF1,LYL1|IER5L,KLF transcription factors|Zinc fingers C2H2-type,Basic helix-loop-helix proteins,,0,False,False
Norman2019_GEARS_processed_mirror,B2_context_matched_perturbed_mean,L0,KMT2A+ctrl,191.0,LYL1+IER5L,0.7957773804664612,0.3871141672134399,True,KMT2A,LYL1|IER5L,Bromodomain containing|Histone lysine methyltransferases|PHD finger proteins|SET domain containing|Zinc fingers CXXC-type,Basic helix-loop-helix proteins,,0,False,False
Norman2019_GEARS_processed_mirror,B2_context_matched_perturbed_mean,L0,LHX1+ELMSAN1,179.0,LYL1+IER5L,0.7957773804664612,0.4409889280796051,True,LHX1|ELMSAN1,LYL1|IER5L,LIM class homeoboxes,Basic helix-loop-helix proteins,,0,False,False
Norman2019_GEARS_processed_mirror,B2_context_matched_perturbed_mean,L0,LHX1+ctrl,190.0,LYL1+IER5L,0.7957773804664612,0.3938028514385223,True,LHX1,LYL1|IER5L,LIM class homeoboxes,Basic helix-loop-helix proteins,,0,False,False
Norman2019_GEARS_processed_mirror,B2_context_matched_perturbed_mean,L0,LYL1+CEBPB,112.0,LYL1+IER5L,0.7957773804664612,0.5814770460128784,True,LYL1|CEBPB,LYL1|IER5L,Basic helix-loop-helix proteins|CCAAT/enhancer binding proteins,Basic helix-loop-helix proteins,Basic helix-loop-helix proteins,1,True,False
Norman2019_GEARS_processed_mirror,B2_context_matched_perturbed_mean,L0,LYL1+IER5L,1.0,LYL1+IER5L,0.7957773804664612,0.7957773804664612,False,LYL1|IER5L,LYL1|IER5L,Basic helix-loop-helix proteins,Basic helix-loop-helix proteins,Basic helix-loop-helix proteins,1,True,True
Norman2019_GEARS_processed_mirror,B2_context_matched_perturbed_mean,L0,LYL1+ctrl,240.0,LYL1+IER5L,0.7957773804664612,0.2047736644744873,True,LYL1,LYL1|IER5L,Basic helix-loop-helix proteins,Basic helix-loop-helix proteins,Basic helix-loop-helix proteins,1,True,False
Norman2019_GEARS_processed_mirror,B2_context_matched_perturbed_mean,L0,MAML2+ctrl,267.0,LYL1+IER5L,0.7957773804664612,-0.0563695579767227,True,MAML2,LYL1|IER5L,,Basic helix-loop-helix proteins,,0,False,False
Norman2019_GEARS_processed_mirror,B2_context_matched_perturbed_mean,L0,MAP2K3+ELMSAN1,274.0,LYL1+IER5L,0.7957773804664612,-0.1279381513595581,True,MAP2K3|ELMSAN1,LYL1|IER5L,Mitogen-activated protein kinase kinases,Basic helix-loop-helix proteins,,0,False,False
Norman2019_GEARS_processed_mirror,B2_context_matched_perturbed_mean,L0,MAP2K3+IKZF3,39.0,LYL1+IER5L,0.7957773804664612,0.6903995275497437,True,MAP2K3|IKZF3,LYL1|IER5L,Mitogen-activated protein kinase kinases|Zinc fingers C2H2-type,Basic helix-loop-helix proteins,,0,False,False
Norman2019_GEARS_processed_mirror,B2_context_matched_perturbed_mean,L0,MAP2K3+MAP2K6,278.0,LYL1+IER5L,0.7957773804664612,-0.2427237629890442,True,MAP2K3|MAP2K6,LYL1|IER5L,Mitogen-activated protein kinase kinases,Basic helix-loop-helix proteins,,0,False,False
Norman2019_GEARS_processed_mirror,B2_context_matched_perturbed_mean,L0,MAP2K3+SLC38A2,283.0,LYL1+IER5L,0.7957773804664612,-0.4567054808139801,True,MAP2K3|SLC38A2,LYL1|IER5L,Mitogen-activated protein kinase kinases|Solute carrier family 38,Basic helix-loop-helix proteins,,0,False,False
Norman2019_GEARS_processed_mirror,B2_context_matched_perturbed_mean,L0,MAP2K3+ctrl,281.0,LYL1+IER5L,0.7957773804664612,-0.3268849849700928,True,MAP2K3,LYL1|IER5L,Mitogen-activated protein kinase kinases,Basic helix-loop-helix proteins,,0,False,False
Norman2019_GEARS_processed_mirror,B2_context_matched_perturbed_mean,L0,MAP2K6+ELMSAN1,275.0,LYL1+IER5L,0.7957773804664612,-0.1385862827301025,True,MAP2K6|ELMSAN1,LYL1|IER5L,Mitogen-activated protein kinase kinases,Basic helix-loop-helix proteins,,0,False,False
Norman2019_GEARS_processed_mirror,B2_context_matched_perturbed_mean,L0,MAP2K6+IKZF3,60.0,LYL1+IER5L,0.7957773804664612,0.6612683534622192,True,MAP2K6|IKZF3,LYL1|IER5L,Mitogen-activated protein kinase kinases|Zinc fingers C2H2-type,Basic helix-loop-helix proteins,,0,False,False
Norman2019_GEARS_processed_mirror,B2_context_matched_perturbed_mean,L0,MAP2K6+SPI1,157.0,LYL1+IER5L,0.7957773804664612,0.4854946732521057,True,MAP2K6|SPI1,LYL1|IER5L,ETS transcription factor family|Mitogen-activated protein kinase kinases,Basic helix-loop-helix proteins,,0,False,False
Norman2019_GEARS_processed_mirror,B2_context_matched_perturbed_mean,L0,MAP2K6+ctrl,280.0,LYL1+IER5L,0.7957773804664612,-0.315762847661972,True,MAP2K6,LYL1|IER5L,Mitogen-activated protein kinase kinases,Basic helix-loop-helix proteins,,0,False,False
Norman2019_GEARS_processed_mirror,B2_context_matched_perturbed_mean,L0,MAP4K3+ctrl,174.0,LYL1+IER5L,0.7957773804664612,0.452289342880249,True,MAP4K3,LYL1|IER5L,MAP4K family (GCK-I subfamily),Basic helix-loop-helix proteins,,0,False,False
Norman2019_GEARS_processed_mirror,B2_context_matched_perturbed_mean,L0,MAP4K5+ctrl,214.0,LYL1+IER5L,0.7957773804664612,0.3255644142627716,True,MAP4K5,LYL1|IER5L,MAP4K family (GCK-I subfamily),Basic helix-loop-helix proteins,,0,False,False
Norman2019_GEARS_processed_mirror,B2_context_matched_perturbed_mean,L0,MAP7D1+ctrl,276.0,LYL1+IER5L,0.7957773804664612,-0.157061219215393,True,MAP7D1,LYL1|IER5L,Microtubule associated protein 7 family,Basic helix-loop-helix proteins,,0,False,False
Norman2019_GEARS_processed_mirror,B2_context_matched_perturbed_mean,L0,MAPK1+IKZF3,22.0,LYL1+IER5L,0.7957773804664612,0.7133601307868958,True,MAPK1|IKZF3,LYL1|IER5L,Mitogen-activated protein kinase 3 and 1 (ERK1/2) family|Zinc fingers C2H2-type,Basic helix-loop-helix proteins,,0,False,False
Norman2019_GEARS_processed_mirror,B2_context_matched_perturbed_mean,L0,MAPK1+PRTG,176.0,LYL1+IER5L,0.7957773804664612,0.4504818022251129,True,MAPK1|PRTG,LYL1|IER5L,Fibronectin type III domain containing|I-set domain containing|Mitogen-activated protein kinase 3 and 1 (ERK1/2) family,Basic helix-loop-helix proteins,,0,False,False
Norman2019_GEARS_processed_mirror,B2_context_matched_perturbed_mean,L0,MAPK1+TGFBR2,238.0,LYL1+IER5L,0.7957773804664612,0.2065629512071609,True,MAPK1|TGFBR2,LYL1|IER5L,Mitogen-activated protein kinase 3 and 1 (ERK1/2) family|Type 2 receptor serine/threonine kinases,Basic helix-loop-helix proteins,,0,False,False
Norman2019_GEARS_processed_mirror,B2_context_matched_perturbed_mean,L0,MAPK1+ctrl,254.0,LYL1+IER5L,0.7957773804664612,0.1627519428730011,True,MAPK1,LYL1|IER5L,Mitogen-activated protein kinase 3 and 1 (ERK1/2) family,Basic helix-loop-helix proteins,,0,False,False
Norman2019_GEARS_processed_mirror,B2_context_matched_perturbed_mean,L0,MEIS1+ctrl,171.0,LYL1+IER5L,0.7957773804664612,0.4598391950130462,True,MEIS1,LYL1|IER5L,TALE class homeoboxes and pseudogenes,Basic helix-loop-helix proteins,,0,False,False
Norman2019_GEARS_processed_mirror,B2_context_matched_perturbed_mean,L0,MIDN+ctrl,73.0,LYL1+IER5L,0.7957773804664612,0.6437473297119141,True,MIDN,LYL1|IER5L,,Basic helix-loop-helix proteins,,0,False,False
Norman2019_GEARS_processed_mirror,B2_context_matched_perturbed_mean,L0,NCL+ctrl,228.0,LYL1+IER5L,0.7957773804664612,0.2718104720115661,True,NCL,LYL1|IER5L,,Basic helix-loop-helix proteins,,0,False,False
Norman2019_GEARS_processed_mirror,B2_context_matched_perturbed_mean,L0,NIT1+ctrl,216.0,LYL1+IER5L,0.7957773804664612,0.3213618993759155,True,NIT1,LYL1|IER5L,,Basic helix-loop-helix proteins,,0,False,False
Norman2019_GEARS_processed_mirror,B2_context_matched_perturbed_mean,L0,OSR2+ctrl,222.0,LYL1+IER5L,0.7957773804664612,0.2964735031127929,True,OSR2,LYL1|IER5L,Zinc fingers C2H2-type,Basic helix-loop-helix proteins,,0,False,False
Norman2019_GEARS_processed_mirror,B2_context_matched_perturbed_mean,L0,PLK4+STIL,100.0,LYL1+IER5L,0.7957773804664612,0.6023033857345581,True,PLK4|STIL,LYL1|IER5L,Polo like kinase family,Basic helix-loop-helix proteins,,0,False,False
Norman2019_GEARS_processed_mirror,B2_context_matched_perturbed_mean,L0,PLK4+ctrl,122.0,LYL1+IER5L,0.7957773804664612,0.5454614162445068,True,PLK4,LYL1|IER5L,Polo like kinase family,Basic helix-loop-helix proteins,,0,False,False
Norman2019_GEARS_processed_mirror,B2_context_matched_perturbed_mean,L0,POU3F2+CBFA2T3,36.0,LYL1+IER5L,0.7957773804664612,0.6916168928146362,True,POU3F2|CBFA2T3,LYL1|IER5L,A-kinase anchoring proteins|POU class homeoboxes and pseudogenes|Zinc fingers MYND-type,Basic helix-loop-helix proteins,,0,False,False
Norman2019_GEARS_processed_mirror,B2_context_matched_perturbed_mean,L0,POU3F2+FOXL2,7.0,LYL1+IER5L,0.7957773804664612,0.7590441703796387,True,POU3F2|FOXL2,LYL1|IER5L,Forkhead boxes|POU class homeoboxes and pseudogenes,Basic helix-loop-helix proteins,,0,False,False
Norman2019_GEARS_processed_mirror,B2_context_matched_perturbed_mean,L0,POU3F2+ctrl,88.0,LYL1+IER5L,0.7957773804664612,0.6211386322975159,True,POU3F2,LYL1|IER5L,POU class homeoboxes and pseudogenes,Basic helix-loop-helix proteins,,0,False,False
Norman2019_GEARS_processed_mirror,B2_context_matched_perturbed_mean,L0,PRDM1+CBFA2T3,5.0,LYL1+IER5L,0.7957773804664612,0.773054838180542,True,PRDM1|CBFA2T3,LYL1|IER5L,A-kinase anchoring proteins|PR/SET domain family|Putative lysine methyltransferases|Zinc fingers C2H2-type|Zinc fingers MYND-type,Basic helix-loop-helix proteins,,0,False,False
Norman2019_GEARS_processed_mirror,B2_context_matched_perturbed_mean,L0,PRDM1+ctrl,65.0,LYL1+IER5L,0.7957773804664612,0.6558242440223694,True,PRDM1,LYL1|IER5L,PR/SET domain family|Putative lysine methyltransferases|Zinc fingers C2H2-type,Basic helix-loop-helix proteins,,0,False,False
Norman2019_GEARS_processed_mirror,B2_context_matched_perturbed_mean,L0,PRTG+ctrl,56.0,LYL1+IER5L,0.7957773804664612,0.6634963750839233,True,PRTG,LYL1|IER5L,Fibronectin type III domain containing|I-set domain containing,Basic helix-loop-helix proteins,,0,False,False
Norman2019_GEARS_processed_mirror,B2_context_matched_perturbed_mean,L0,PTPN1+ctrl,38.0,LYL1+IER5L,0.7957773804664612,0.6904265284538269,True,PTPN1,LYL1|IER5L,Protein tyrosine phosphatases non-receptor type,Basic helix-loop-helix proteins,,0,False,False
Norman2019_GEARS_processed_mirror,B2_context_matched_perturbed_mean,L0,PTPN12+OSR2,231.0,LYL1+IER5L,0.7957773804664612,0.2543642818927765,True,PTPN12|OSR2,LYL1|IER5L,Protein tyrosine phosphatases non-receptor type|Zinc fingers C2H2-type,Basic helix-loop-helix proteins,,0,False,False
Norman2019_GEARS_processed_mirror,B2_context_matched_perturbed_mean,L0,PTPN12+PTPN9,68.0,LYL1+IER5L,0.7957773804664612,0.6524814367294312,True,PTPN12|PTPN9,LYL1|IER5L,CRAL-TRIO lipid binding domain containing|Protein tyrosine phosphatases non-receptor type,Basic helix-loop-helix proteins,,0,False,False
Norman2019_GEARS_processed_mirror,B2_context_matched_perturbed_mean,L0,PTPN12+SNAI1,113.0,LYL1+IER5L,0.7957773804664612,0.5814464688301086,True,PTPN12|SNAI1,LYL1|IER5L,Protein tyrosine phosphatases non-receptor type|SNAG transcriptional repressors|Zinc fingers C2H2-type,Basic helix-loop-helix proteins,,0,False,False
Norman2019_GEARS_processed_mirror,B2_context_matched_perturbed_mean,L0,PTPN12+UBASH3A,45.0,LYL1+IER5L,0.7957773804664612,0.6791340708732605,True,PTPN12|UBASH3A,LYL1|IER5L,Protein tyrosine phosphatases non-receptor type,Basic helix-loop-helix proteins,,0,False,False
Norman2019_GEARS_processed_mirror,B2_context_matched_perturbed_mean,L0,PTPN12+ZBTB25,82.0,LYL1+IER5L,0.7957773804664612,0.6287652254104614,True,PTPN12|ZBTB25,LYL1|IER5L,BTB domain containing|Protein tyrosine phosphatases non-receptor type|Zinc fingers C2H2-type,Basic helix-loop-helix proteins,,0,False,False
Norman2019_GEARS_processed_mirror,B2_context_matched_perturbed_mean,L0,PTPN12+ctrl,187.0,LYL1+IER5L,0.7957773804664612,0.409970760345459,True,PTPN12,LYL1|IER5L,Protein tyrosine phosphatases non-receptor type,Basic helix-loop-helix proteins,,0,False,False
Norman2019_GEARS_processed_mirror,B2_context_matched_perturbed_mean,L0,PTPN13+ctrl,183.0,LYL1+IER5L,0.7957773804664612,0.4310722351074219,True,PTPN13,LYL1|IER5L,FERM domain containing|KIND domain containing|PDZ domain containing|Protein tyrosine phosphatases non-receptor type,Basic helix-loop-helix proteins,,0,False,False
Norman2019_GEARS_processed_mirror,B2_context_matched_perturbed_mean,L0,PTPN9+ctrl,203.0,LYL1+IER5L,0.7957773804664612,0.3543633818626404,True,PTPN9,LYL1|IER5L,CRAL-TRIO lipid binding domain containing|Protein tyrosine phosphatases non-receptor type,Basic helix-loop-helix proteins,,0,False,False
Norman2019_GEARS_processed_mirror,B2_context_matched_perturbed_mean,L0,RHOXF2BB+SET,85.0,LYL1+IER5L,0.7957773804664612,0.6271932125091553,True,RHOXF2BB|SET,LYL1|IER5L,INHAT complex|Nucleosome assembly protein superfamily|SET complex,Basic helix-loop-helix proteins,,0,False,False
Norman2019_GEARS_processed_mirror,B2_context_matched_perturbed_mean,L0,RHOXF2BB+ZBTB25,18.0,LYL1+IER5L,0.7957773804664612,0.7264779806137085,True,RHOXF2BB|ZBTB25,LYL1|IER5L,BTB domain containing|Zinc fingers C2H2-type,Basic helix-loop-helix proteins,,0,False,False
Norman2019_GEARS_processed_mirror,B2_context_matched_perturbed_mean,L0,RHOXF2BB+ctrl,50.0,LYL1+IER5L,0.7957773804664612,0.6741999387741089,True,RHOXF2BB,LYL1|IER5L,,Basic helix-loop-helix proteins,,0,False,False
Norman2019_GEARS_processed_mirror,B2_context_matched_perturbed_mean,L0,RREB1+ctrl,126.0,LYL1+IER5L,0.7957773804664612,0.539178192615509,True,RREB1,LYL1|IER5L,Zinc fingers C2H2-type,Basic helix-loop-helix proteins,,0,False,False
Norman2019_GEARS_processed_mirror,B2_context_matched_perturbed_mean,L0,RUNX1T1+ctrl,250.0,LYL1+IER5L,0.7957773804664612,0.1727133095264434,True,RUNX1T1,LYL1|IER5L,Zinc fingers MYND-type,Basic helix-loop-helix proteins,,0,False,False
Norman2019_GEARS_processed_mirror,B2_context_matched_perturbed_mean,L0,S1PR2+ctrl,110.0,LYL1+IER5L,0.7957773804664612,0.5857666730880737,True,S1PR2,LYL1|IER5L,Sphingosine 1-phosphate receptors,Basic helix-loop-helix proteins,,0,False,False
Norman2019_GEARS_processed_mirror,B2_context_matched_perturbed_mean,L0,SAMD1+PTPN12,13.0,LYL1+IER5L,0.7957773804664612,0.7346757650375366,True,SAMD1|PTPN12,LYL1|IER5L,Protein tyrosine phosphatases non-receptor type|Sterile alpha motif domain containing,Basic helix-loop-helix proteins,,0,False,False
Norman2019_GEARS_processed_mirror,B2_context_matched_perturbed_mean,L0,SAMD1+TGFBR2,182.0,LYL1+IER5L,0.7957773804664612,0.432332307100296,True,SAMD1|TGFBR2,LYL1|IER5L,Sterile alpha motif domain containing|Type 2 receptor serine/threonine kinases,Basic helix-loop-helix proteins,,0,False,False
Norman2019_GEARS_processed_mirror,B2_context_matched_perturbed_mean,L0,SAMD1+UBASH3B,8.0,LYL1+IER5L,0.7957773804664612,0.7560057640075684,True,SAMD1|UBASH3B,LYL1|IER5L,Protein phosphatases|Sterile alpha motif domain containing,Basic helix-loop-helix proteins,,0,False,False
Norman2019_GEARS_processed_mirror,B2_context_matched_perturbed_mean,L0,SAMD1+ZBTB1,4.0,LYL1+IER5L,0.7957773804664612,0.7892076969146729,True,SAMD1|ZBTB1,LYL1|IER5L,BTB domain containing|Sterile alpha motif domain containing|Zinc fingers C2H2-type,Basic helix-loop-helix proteins,,0,False,False
Norman2019_GEARS_processed_mirror,B2_context_matched_perturbed_mean,L0,SAMD1+ctrl,25.0,LYL1+IER5L,0.7957773804664612,0.7088388204574585,True,SAMD1,LYL1|IER5L,Sterile alpha motif domain containing,Basic helix-loop-helix proteins,,0,False,False
Norman2019_GEARS_processed_mirror,B2_context_matched_perturbed_mean,L0,SET+CEBPE,208.0,LYL1+IER5L,0.7957773804664612,0.3378440737724304,True,SET|CEBPE,LYL1|IER5L,CCAAT/enhancer binding proteins|INHAT complex|Nucleosome assembly protein superfamily|SET complex,Basic helix-loop-helix proteins,,0,False,False
Norman2019_GEARS_processed_mirror,B2_context_matched_perturbed_mean,L0,SET+KLF1,185.0,LYL1+IER5L,0.7957773804664612,0.4179174304008484,True,SET|KLF1,LYL1|IER5L,INHAT complex|KLF transcription factors|Nucleosome assembly protein superfamily|SET complex|Zinc fingers C2H2-type,Basic helix-loop-helix proteins,,0,False,False
Norman2019_GEARS_processed_mirror,B2_context_matched_perturbed_mean,L0,SET+ctrl,204.0,LYL1+IER5L,0.7957773804664612,0.3541135787963867,True,SET,LYL1|IER5L,INHAT complex|Nucleosome assembly protein superfamily|SET complex,Basic helix-loop-helix proteins,,0,False,False
Norman2019_GEARS_processed_mirror,B2_context_matched_perturbed_mean,L0,SGK1+S1PR2,10.0,LYL1+IER5L,0.7957773804664612,0.7482340335845947,True,SGK1|S1PR2,LYL1|IER5L,Serum/glucocorticoid regulated kinase family|Sphingosine 1-phosphate receptors,Basic helix-loop-helix proteins,,0,False,False
Norman2019_GEARS_processed_mirror,B2_context_matched_perturbed_mean,L0,SGK1+TBX2,83.0,LYL1+IER5L,0.7957773804664612,0.6281075477600098,True,SGK1|TBX2,LYL1|IER5L,Serum/glucocorticoid regulated kinase family|T-box transcription factors,Basic helix-loop-helix proteins,,0,False,False
Norman2019_GEARS_processed_mirror,B2_context_matched_perturbed_mean,L0,SGK1+TBX3,94.0,LYL1+IER5L,0.7957773804664612,0.6112920045852661,True,SGK1|TBX3,LYL1|IER5L,Serum/glucocorticoid regulated kinase family|T-box transcription factors,Basic helix-loop-helix proteins,,0,False,False
Norman2019_GEARS_processed_mirror,B2_context_matched_perturbed_mean,L0,SGK1+ctrl,71.0,LYL1+IER5L,0.7957773804664612,0.6464238166809082,True,SGK1,LYL1|IER5L,Serum/glucocorticoid regulated kinase family,Basic helix-loop-helix proteins,,0,False,False
Norman2019_GEARS_processed_mirror,B2_context_matched_perturbed_mean,L0,SLC4A1+ctrl,253.0,LYL1+IER5L,0.7957773804664612,0.1658471971750259,True,SLC4A1,LYL1|IER5L,Blood group antigens|CD molecules|Solute carrier family 4,Basic helix-loop-helix proteins,,0,False,False
Norman2019_GEARS_processed_mirror,B2_context_matched_perturbed_mean,L0,SLC6A9+ctrl,172.0,LYL1+IER5L,0.7957773804664612,0.454132616519928,True,SLC6A9,LYL1|IER5L,Solute carrier family 6,Basic helix-loop-helix proteins,,0,False,False
Norman2019_GEARS_processed_mirror,B2_context_matched_perturbed_mean,L0,SNAI1+DLX2,154.0,LYL1+IER5L,0.7957773804664612,0.4883068203926086,True,SNAI1|DLX2,LYL1|IER5L,Distal-less homeobox family|SNAG transcriptional repressors|Zinc fingers C2H2-type,Basic helix-loop-helix proteins,,0,False,False
Norman2019_GEARS_processed_mirror,B2_context_matched_perturbed_mean,L0,SNAI1+UBASH3B,78.0,LYL1+IER5L,0.7957773804664612,0.6334933042526245,True,SNAI1|UBASH3B,LYL1|IER5L,Protein phosphatases|SNAG transcriptional repressors|Zinc fingers C2H2-type,Basic helix-loop-helix proteins,,0,False,False
Norman2019_GEARS_processed_mirror,B2_context_matched_perturbed_mean,L0,SNAI1+ctrl,197.0,LYL1+IER5L,0.7957773804664612,0.3741055130958557,True,SNAI1,LYL1|IER5L,SNAG transcriptional repressors|Zinc fingers C2H2-type,Basic helix-loop-helix proteins,,0,False,False
Norman2019_GEARS_processed_mirror,B2_context_matched_perturbed_mean,L0,SPI1+ctrl,33.0,LYL1+IER5L,0.7957773804664612,0.6998378038406372,True,SPI1,LYL1|IER5L,ETS transcription factor family,Basic helix-loop-helix proteins,,0,False,False
Norman2019_GEARS_processed_mirror,B2_context_matched_perturbed_mean,L0,STIL+ctrl,209.0,LYL1+IER5L,0.7957773804664612,0.3365414440631866,True,STIL,LYL1|IER5L,,Basic helix-loop-helix proteins,,0,False,False
Norman2019_GEARS_processed_mirror,B2_context_matched_perturbed_mean,L0,TBX2+ctrl,167.0,LYL1+IER5L,0.7957773804664612,0.467551052570343,True,TBX2,LYL1|IER5L,T-box transcription factors,Basic helix-loop-helix proteins,,0,False,False
Norman2019_GEARS_processed_mirror,B2_context_matched_perturbed_mean,L0,TBX3+TBX2,184.0,LYL1+IER5L,0.7957773804664612,0.4202665686607361,True,TBX3|TBX2,LYL1|IER5L,T-box transcription factors,Basic helix-loop-helix proteins,,0,False,False
Norman2019_GEARS_processed_mirror,B2_context_matched_perturbed_mean,L0,TBX3+ctrl,247.0,LYL1+IER5L,0.7957773804664612,0.1808365881443023,True,TBX3,LYL1|IER5L,T-box transcription factors,Basic helix-loop-helix proteins,,0,False,False
Norman2019_GEARS_processed_mirror,B2_context_matched_perturbed_mean,L0,TGFBR2+C19orf26,57.0,LYL1+IER5L,0.7957773804664612,0.662362813949585,True,TGFBR2|C19orf26,LYL1|IER5L,Type 2 receptor serine/threonine kinases,Basic helix-loop-helix proteins,,0,False,False
Norman2019_GEARS_processed_mirror,B2_context_matched_perturbed_mean,L0,TGFBR2+ETS2,259.0,LYL1+IER5L,0.7957773804664612,0.1321548819541931,True,TGFBR2|ETS2,LYL1|IER5L,ETS transcription factor family|Type 2 receptor serine/threonine kinases,Basic helix-loop-helix proteins,,0,False,False
Norman2019_GEARS_processed_mirror,B2_context_matched_perturbed_mean,L0,TGFBR2+IGDCC3,55.0,LYL1+IER5L,0.7957773804664612,0.6637699007987976,True,TGFBR2|IGDCC3,LYL1|IER5L,Fibronectin type III domain containing|I-set domain containing|Type 2 receptor serine/threonine kinases,Basic helix-loop-helix proteins,,0,False,False
Norman2019_GEARS_processed_mirror,B2_context_matched_perturbed_mean,L0,TGFBR2+PRTG,41.0,LYL1+IER5L,0.7957773804664612,0.6881281137466431,True,TGFBR2|PRTG,LYL1|IER5L,Fibronectin type III domain containing|I-set domain containing|Type 2 receptor serine/threonine kinases,Basic helix-loop-helix proteins,,0,False,False
Norman2019_GEARS_processed_mirror,B2_context_matched_perturbed_mean,L0,TGFBR2+ctrl,263.0,LYL1+IER5L,0.7957773804664612,0.0830166339874267,True,TGFBR2,LYL1|IER5L,Type 2 receptor serine/threonine kinases,Basic helix-loop-helix proteins,,0,False,False
Norman2019_GEARS_processed_mirror,B2_context_matched_perturbed_mean,L0,TMSB4X+BAK1,261.0,LYL1+IER5L,0.7957773804664612,0.1168770641088485,True,TMSB4X|BAK1,LYL1|IER5L,BCL2 family|Thymosin beta family,Basic helix-loop-helix proteins,,0,False,False
Norman2019_GEARS_processed_mirror,B2_context_matched_perturbed_mean,L0,TMSB4X+ctrl,249.0,LYL1+IER5L,0.7957773804664612,0.1753629595041275,True,TMSB4X,LYL1|IER5L,Thymosin beta family,Basic helix-loop-helix proteins,,0,False,False
Norman2019_GEARS_processed_mirror,B2_context_matched_perturbed_mean,L0,TP73+ctrl,3.0,LYL1+IER5L,0.7957773804664612,0.7892912030220032,True,TP73,LYL1|IER5L,,Basic helix-loop-helix proteins,,0,False,False
Norman2019_GEARS_processed_mirror,B2_context_matched_perturbed_mean,L0,TSC22D1+ctrl,227.0,LYL1+IER5L,0.7957773804664612,0.2768984735012054,True,TSC22D1,LYL1|IER5L,TSC22 domain family,Basic helix-loop-helix proteins,,0,False,False
Norman2019_GEARS_processed_mirror,B2_context_matched_perturbed_mean,L0,UBASH3A+ctrl,115.0,LYL1+IER5L,0.7957773804664612,0.5729497075080872,True,UBASH3A,LYL1|IER5L,,Basic helix-loop-helix proteins,,0,False,False
Norman2019_GEARS_processed_mirror,B2_context_matched_perturbed_mean,L0,UBASH3B+CNN1,59.0,LYL1+IER5L,0.7957773804664612,0.6613186597824097,True,UBASH3B|CNN1,LYL1|IER5L,Calponin family|Protein phosphatases,Basic helix-loop-helix proteins,,0,False,False
Norman2019_GEARS_processed_mirror,B2_context_matched_perturbed_mean,L0,UBASH3B+OSR2,236.0,LYL1+IER5L,0.7957773804664612,0.2212398201227188,True,UBASH3B|OSR2,LYL1|IER5L,Protein phosphatases|Zinc fingers C2H2-type,Basic helix-loop-helix proteins,,0,False,False
Norman2019_GEARS_processed_mirror,B2_context_matched_perturbed_mean,L0,UBASH3B+PTPN12,84.0,LYL1+IER5L,0.7957773804664612,0.6280674934387207,True,UBASH3B|PTPN12,LYL1|IER5L,Protein phosphatases|Protein tyrosine phosphatases non-receptor type,Basic helix-loop-helix proteins,,0,False,False
Norman2019_GEARS_processed_mirror,B2_context_matched_perturbed_mean,L0,UBASH3B+PTPN9,14.0,LYL1+IER5L,0.7957773804664612,0.7337186336517334,True,UBASH3B|PTPN9,LYL1|IER5L,CRAL-TRIO lipid binding domain containing|Protein phosphatases|Protein tyrosine phosphatases non-receptor type,Basic helix-loop-helix proteins,,0,False,False
Norman2019_GEARS_processed_mirror,B2_context_matched_perturbed_mean,L0,UBASH3B+UBASH3A,116.0,LYL1+IER5L,0.7957773804664612,0.5726028084754944,True,UBASH3B|UBASH3A,LYL1|IER5L,Protein phosphatases,Basic helix-loop-helix proteins,,0,False,False
Norman2019_GEARS_processed_mirror,B2_context_matched_perturbed_mean,L0,UBASH3B+ZBTB25,66.0,LYL1+IER5L,0.7957773804664612,0.6558055877685547,True,UBASH3B|ZBTB25,LYL1|IER5L,BTB domain containing|Protein phosphatases|Zinc fingers C2H2-type,Basic helix-loop-helix proteins,,0,False,False
Norman2019_GEARS_processed_mirror,B2_context_matched_perturbed_mean,L0,UBASH3B+ctrl,168.0,LYL1+IER5L,0.7957773804664612,0.4640124440193176,True,UBASH3B,LYL1|IER5L,Protein phosphatases,Basic helix-loop-helix proteins,,0,False,False
Norman2019_GEARS_processed_mirror,B2_context_matched_perturbed_mean,L0,ZBTB1+ctrl,111.0,LYL1+IER5L,0.7957773804664612,0.582120418548584,True,ZBTB1,LYL1|IER5L,BTB domain containing|Zinc fingers C2H2-type,Basic helix-loop-helix proteins,,0,False,False
Norman2019_GEARS_processed_mirror,B2_context_matched_perturbed_mean,L0,ZBTB10+DLX2,169.0,LYL1+IER5L,0.7957773804664612,0.4638721942901611,True,ZBTB10|DLX2,LYL1|IER5L,BTB domain containing|Distal-less homeobox family|Zinc fingers C2H2-type,Basic helix-loop-helix proteins,,0,False,False
Norman2019_GEARS_processed_mirror,B2_context_matched_perturbed_mean,L0,ZBTB10+ELMSAN1,91.0,LYL1+IER5L,0.7957773804664612,0.6166847348213196,True,ZBTB10|ELMSAN1,LYL1|IER5L,BTB domain containing|Zinc fingers C2H2-type,Basic helix-loop-helix proteins,,0,False,False
Norman2019_GEARS_processed_mirror,B2_context_matched_perturbed_mean,L0,ZBTB10+PTPN12,70.0,LYL1+IER5L,0.7957773804664612,0.6485723257064819,True,ZBTB10|PTPN12,LYL1|IER5L,BTB domain containing|Protein tyrosine phosphatases non-receptor type|Zinc fingers C2H2-type,Basic helix-loop-helix proteins,,0,False,False
Norman2019_GEARS_processed_mirror,B2_context_matched_perturbed_mean,L0,ZBTB10+SNAI1,133.0,LYL1+IER5L,0.7957773804664612,0.5212312936782837,True,ZBTB10|SNAI1,LYL1|IER5L,BTB domain containing|SNAG transcriptional repressors|Zinc fingers C2H2-type,Basic helix-loop-helix proteins,,0,False,False
Norman2019_GEARS_processed_mirror,B2_context_matched_perturbed_mean,L0,ZBTB10+ctrl,120.0,LYL1+IER5L,0.7957773804664612,0.5543265342712402,True,ZBTB10,LYL1|IER5L,BTB domain containing|Zinc fingers C2H2-type,Basic helix-loop-helix proteins,,0,False,False
Norman2019_GEARS_processed_mirror,B2_context_matched_perturbed_mean,L0,ZBTB25+ctrl,159.0,LYL1+IER5L,0.7957773804664612,0.4782686531543731,True,ZBTB25,LYL1|IER5L,BTB domain containing|Zinc fingers C2H2-type,Basic helix-loop-helix proteins,,0,False,False
Norman2019_GEARS_processed_mirror,B2_context_matched_perturbed_mean,L0,ZC3HAV1+CEBPA,152.0,LYL1+IER5L,0.7957773804664612,0.4946746826171875,True,ZC3HAV1|CEBPA,LYL1|IER5L,CCAAT/enhancer binding proteins|Poly(ADP-ribose) polymerases|Zinc fingers CCCH-type,Basic helix-loop-helix proteins,,0,False,False
Norman2019_GEARS_processed_mirror,B2_context_matched_perturbed_mean,L0,ZC3HAV1+CEBPE,264.0,LYL1+IER5L,0.7957773804664612,0.0784848406910896,True,ZC3HAV1|CEBPE,LYL1|IER5L,CCAAT/enhancer binding proteins|Poly(ADP-ribose) polymerases|Zinc fingers CCCH-type,Basic helix-loop-helix proteins,,0,False,False
Norman2019_GEARS_processed_mirror,B2_context_matched_perturbed_mean,L0,ZC3HAV1+HOXC13,101.0,LYL1+IER5L,0.7957773804664612,0.6021747589111328,True,ZC3HAV1|HOXC13,LYL1|IER5L,HOXL subclass homeoboxes|Poly(ADP-ribose) polymerases|Zinc fingers CCCH-type,Basic helix-loop-helix proteins,,0,False,False
Norman2019_GEARS_processed_mirror,B2_context_matched_perturbed_mean,L0,ZC3HAV1+ctrl,277.0,LYL1+IER5L,0.7957773804664612,-0.2350165843963623,True,ZC3HAV1,LYL1|IER5L,Poly(ADP-ribose) polymerases|Zinc fingers CCCH-type,Basic helix-loop-helix proteins,,0,False,False
Norman2019_GEARS_processed_mirror,B2_context_matched_perturbed_mean,L0,ZNF318+FOXL2,21.0,LYL1+IER5L,0.7957773804664612,0.7149448394775391,True,ZNF318|FOXL2,LYL1|IER5L,Forkhead boxes|Zinc fingers C2H2-type|Zinc fingers matrin-type,Basic helix-loop-helix proteins,,0,False,False
Norman2019_GEARS_processed_mirror,B2_context_matched_perturbed_mean,L0,ZNF318+ctrl,153.0,LYL1+IER5L,0.7957773804664612,0.4925194978713989,True,ZNF318,LYL1|IER5L,Zinc fingers C2H2-type|Zinc fingers matrin-type,Basic helix-loop-helix proteins,,0,False,False
Norman2019_GEARS_processed_mirror,B2_context_matched_perturbed_mean,L0,ctrl+BAK1,273.0,LYL1+IER5L,0.7957773804664612,-0.1102863401174545,True,BAK1,LYL1|IER5L,BCL2 family,Basic helix-loop-helix proteins,,0,False,False
Norman2019_GEARS_processed_mirror,B2_context_matched_perturbed_mean,L0,ctrl+C19orf26,220.0,LYL1+IER5L,0.7957773804664612,0.3011473715305328,True,C19orf26,LYL1|IER5L,,Basic helix-loop-helix proteins,,0,False,False
Norman2019_GEARS_processed_mirror,B2_context_matched_perturbed_mean,L0,ctrl+CBFA2T3,232.0,LYL1+IER5L,0.7957773804664612,0.2533777356147766,True,CBFA2T3,LYL1|IER5L,A-kinase anchoring proteins|Zinc fingers MYND-type,Basic helix-loop-helix proteins,,0,False,False
Norman2019_GEARS_processed_mirror,B2_context_matched_perturbed_mean,L0,ctrl+CDKN1A,96.0,LYL1+IER5L,0.7957773804664612,0.6082113981246948,True,CDKN1A,LYL1|IER5L,Cyclin dependent kinase inhibitor 1 family,Basic helix-loop-helix proteins,,0,False,False
Norman2019_GEARS_processed_mirror,B2_context_matched_perturbed_mean,L0,ctrl+CDKN1B,87.0,LYL1+IER5L,0.7957773804664612,0.6227777004241943,True,CDKN1B,LYL1|IER5L,Cyclin dependent kinase inhibitor 1 family,Basic helix-loop-helix proteins,,0,False,False
Norman2019_GEARS_processed_mirror,B2_context_matched_perturbed_mean,L0,ctrl+CEBPA,128.0,LYL1+IER5L,0.7957773804664612,0.5307934880256653,True,CEBPA,LYL1|IER5L,CCAAT/enhancer binding proteins,Basic helix-loop-helix proteins,,0,False,False
Norman2019_GEARS_processed_mirror,B2_context_matched_perturbed_mean,L0,ctrl+CEBPB,181.0,LYL1+IER5L,0.7957773804664612,0.4379099607467651,True,CEBPB,LYL1|IER5L,CCAAT/enhancer binding proteins,Basic helix-loop-helix proteins,,0,False,False
Norman2019_GEARS_processed_mirror,B2_context_matched_perturbed_mean,L0,ctrl+CEBPE,156.0,LYL1+IER5L,0.7957773804664612,0.4867005944252014,True,CEBPE,LYL1|IER5L,CCAAT/enhancer binding proteins,Basic helix-loop-helix proteins,,0,False,False
Norman2019_GEARS_processed_mirror,B2_context_matched_perturbed_mean,L0,ctrl+CLDN6,32.0,LYL1+IER5L,0.7957773804664612,0.701236367225647,True,CLDN6,LYL1|IER5L,Claudins,Basic helix-loop-helix proteins,,0,False,False
Norman2019_GEARS_processed_mirror,B2_context_matched_perturbed_mean,L0,ctrl+CNN1,151.0,LYL1+IER5L,0.7957773804664612,0.4957236647605896,True,CNN1,LYL1|IER5L,Calponin family,Basic helix-loop-helix proteins,,0,False,False
Norman2019_GEARS_processed_mirror,B2_context_matched_perturbed_mean,L0,ctrl+COL2A1,233.0,LYL1+IER5L,0.7957773804664612,0.2391880452632904,True,COL2A1,LYL1|IER5L,Fibrillar collagens,Basic helix-loop-helix proteins,,0,False,False
Norman2019_GEARS_processed_mirror,B2_context_matched_perturbed_mean,L0,ctrl+DLX2,223.0,LYL1+IER5L,0.7957773804664612,0.2938657999038696,True,DLX2,LYL1|IER5L,Distal-less homeobox family,Basic helix-loop-helix proteins,,0,False,False
Norman2019_GEARS_processed_mirror,B2_context_matched_perturbed_mean,L0,ctrl+ELMSAN1,269.0,LYL1+IER5L,0.7957773804664612,-0.0813654661178588,True,ELMSAN1,LYL1|IER5L,,Basic helix-loop-helix proteins,,0,False,False
Norman2019_GEARS_processed_mirror,B2_context_matched_perturbed_mean,L0,ctrl+ETS2,256.0,LYL1+IER5L,0.7957773804664612,0.1518424451351165,True,ETS2,LYL1|IER5L,ETS transcription factor family,Basic helix-loop-helix proteins,,0,False,False
Norman2019_GEARS_processed_mirror,B2_context_matched_perturbed_mean,L0,ctrl+FEV,163.0,LYL1+IER5L,0.7957773804664612,0.4745490550994873,True,FEV,LYL1|IER5L,ETS transcription factor family,Basic helix-loop-helix proteins,,0,False,False
Norman2019_GEARS_processed_mirror,B2_context_matched_perturbed_mean,L0,ctrl+FOXA1,104.0,LYL1+IER5L,0.7957773804664612,0.5985212922096252,True,FOXA1,LYL1|IER5L,Forkhead boxes,Basic helix-loop-helix proteins,,0,False,False
Norman2019_GEARS_processed_mirror,B2_context_matched_perturbed_mean,L0,ctrl+FOXF1,217.0,LYL1+IER5L,0.7957773804664612,0.3196350038051605,True,FOXF1,LYL1|IER5L,Forkhead boxes,Basic helix-loop-helix proteins,,0,False,False
Norman2019_GEARS_processed_mirror,B2_context_matched_perturbed_mean,L0,ctrl+FOXL2,161.0,LYL1+IER5L,0.7957773804664612,0.4764589667320251,True,FOXL2,LYL1|IER5L,Forkhead boxes,Basic helix-loop-helix proteins,,0,False,False
Norman2019_GEARS_processed_mirror,B2_context_matched_perturbed_mean,L0,ctrl+HOXB9,72.0,LYL1+IER5L,0.7957773804664612,0.6438103914260864,True,HOXB9,LYL1|IER5L,HOXL subclass homeoboxes,Basic helix-loop-helix proteins,,0,False,False
Norman2019_GEARS_processed_mirror,B2_context_matched_perturbed_mean,L0,ctrl+HOXC13,46.0,LYL1+IER5L,0.7957773804664612,0.6787116527557373,True,HOXC13,LYL1|IER5L,HOXL subclass homeoboxes,Basic helix-loop-helix proteins,,0,False,False
Norman2019_GEARS_processed_mirror,B2_context_matched_perturbed_mean,L0,ctrl+IER5L,26.0,LYL1+IER5L,0.7957773804664612,0.7082774043083191,True,IER5L,LYL1|IER5L,,Basic helix-loop-helix proteins,,0,False,False
Norman2019_GEARS_processed_mirror,B2_context_matched_perturbed_mean,L0,ctrl+IGDCC3,64.0,LYL1+IER5L,0.7957773804664612,0.6559337377548218,True,IGDCC3,LYL1|IER5L,Fibronectin type III domain containing|I-set domain containing,Basic helix-loop-helix proteins,,0,False,False
Norman2019_GEARS_processed_mirror,B2_context_matched_perturbed_mean,L0,ctrl+IKZF3,30.0,LYL1+IER5L,0.7957773804664612,0.7060895562171936,True,IKZF3,LYL1|IER5L,Zinc fingers C2H2-type,Basic helix-loop-helix proteins,,0,False,False
Norman2019_GEARS_processed_mirror,B2_context_matched_perturbed_mean,L0,ctrl+ISL2,258.0,LYL1+IER5L,0.7957773804664612,0.1340711861848831,True,ISL2,LYL1|IER5L,LIM class homeoboxes,Basic helix-loop-helix proteins,,0,False,False
Norman2019_GEARS_processed_mirror,B2_context_matched_perturbed_mean,L0,ctrl+KIF2C,230.0,LYL1+IER5L,0.7957773804664612,0.2568351030349731,True,KIF2C,LYL1|IER5L,Kinesins|Small nucleolar RNA protein coding host genes,Basic helix-loop-helix proteins,,0,False,False
Norman2019_GEARS_processed_mirror,B2_context_matched_perturbed_mean,L0,ctrl+KLF1,246.0,LYL1+IER5L,0.7957773804664612,0.1960138529539108,True,KLF1,LYL1|IER5L,KLF transcription factors|Zinc fingers C2H2-type,Basic helix-loop-helix proteins,,0,False,False
Norman2019_GEARS_processed_mirror,B2_context_matched_perturbed_mean,L0,ctrl+MAP2K6,282.0,LYL1+IER5L,0.7957773804664612,-0.3821234405040741,True,MAP2K6,LYL1|IER5L,Mitogen-activated protein kinase kinases,Basic helix-loop-helix proteins,,0,False,False
Norman2019_GEARS_processed_mirror,B2_context_matched_perturbed_mean,L0,ctrl+MAP7D1,266.0,LYL1+IER5L,0.7957773804664612,-0.0188004039227962,True,MAP7D1,LYL1|IER5L,Microtubule associated protein 7 family,Basic helix-loop-helix proteins,,0,False,False
Norman2019_GEARS_processed_mirror,B2_context_matched_perturbed_mean,L0,ctrl+MAPK1,251.0,LYL1+IER5L,0.7957773804664612,0.1669759154319763,True,MAPK1,LYL1|IER5L,Mitogen-activated protein kinase 3 and 1 (ERK1/2) family,Basic helix-loop-helix proteins,,0,False,False
Norman2019_GEARS_processed_mirror,B2_context_matched_perturbed_mean,L0,ctrl+MEIS1,178.0,LYL1+IER5L,0.7957773804664612,0.4453945457935333,True,MEIS1,LYL1|IER5L,TALE class homeoboxes and pseudogenes,Basic helix-loop-helix proteins,,0,False,False
Norman2019_GEARS_processed_mirror,B2_context_matched_perturbed_mean,L0,ctrl+OSR2,252.0,LYL1+IER5L,0.7957773804664612,0.1664575934410095,True,OSR2,LYL1|IER5L,Zinc fingers C2H2-type,Basic helix-loop-helix proteins,,0,False,False
Norman2019_GEARS_processed_mirror,B2_context_matched_perturbed_mean,L0,ctrl+PRTG,58.0,LYL1+IER5L,0.7957773804664612,0.6615797281265259,True,PRTG,LYL1|IER5L,Fibronectin type III domain containing|I-set domain containing,Basic helix-loop-helix proteins,,0,False,False
Norman2019_GEARS_processed_mirror,B2_context_matched_perturbed_mean,L0,ctrl+PTPN12,146.0,LYL1+IER5L,0.7957773804664612,0.5026950836181641,True,PTPN12,LYL1|IER5L,Protein tyrosine phosphatases non-receptor type,Basic helix-loop-helix proteins,,0,False,False
Norman2019_GEARS_processed_mirror,B2_context_matched_perturbed_mean,L0,ctrl+PTPN9,177.0,LYL1+IER5L,0.7957773804664612,0.446296364068985,True,PTPN9,LYL1|IER5L,CRAL-TRIO lipid binding domain containing|Protein tyrosine phosphatases non-receptor type,Basic helix-loop-helix proteins,,0,False,False
Norman2019_GEARS_processed_mirror,B2_context_matched_perturbed_mean,L0,ctrl+RUNX1T1,265.0,LYL1+IER5L,0.7957773804664612,0.0099021727219223,True,RUNX1T1,LYL1|IER5L,Zinc fingers MYND-type,Basic helix-loop-helix proteins,,0,False,False
Norman2019_GEARS_processed_mirror,B2_context_matched_perturbed_mean,L0,ctrl+SAMD1,15.0,LYL1+IER5L,0.7957773804664612,0.730833113193512,True,SAMD1,LYL1|IER5L,Sterile alpha motif domain containing,Basic helix-loop-helix proteins,,0,False,False
Norman2019_GEARS_processed_mirror,B2_context_matched_perturbed_mean,L0,ctrl+SET,192.0,LYL1+IER5L,0.7957773804664612,0.3860538899898529,True,SET,LYL1|IER5L,INHAT complex|Nucleosome assembly protein superfamily|SET complex,Basic helix-loop-helix proteins,,0,False,False
Norman2019_GEARS_processed_mirror,B2_context_matched_perturbed_mean,L0,ctrl+SLC38A2,272.0,LYL1+IER5L,0.7957773804664612,-0.0982732847332954,True,SLC38A2,LYL1|IER5L,Solute carrier family 38,Basic helix-loop-helix proteins,,0,False,False
Norman2019_GEARS_processed_mirror,B2_context_matched_perturbed_mean,L0,ctrl+SNAI1,194.0,LYL1+IER5L,0.7957773804664612,0.3792358040809631,True,SNAI1,LYL1|IER5L,SNAG transcriptional repressors|Zinc fingers C2H2-type,Basic helix-loop-helix proteins,,0,False,False
Norman2019_GEARS_processed_mirror,B2_context_matched_perturbed_mean,L0,ctrl+SPI1,62.0,LYL1+IER5L,0.7957773804664612,0.6582906246185303,True,SPI1,LYL1|IER5L,ETS transcription factor family,Basic helix-loop-helix proteins,,0,False,False
Norman2019_GEARS_processed_mirror,B2_context_matched_perturbed_mean,L0,ctrl+STIL,158.0,LYL1+IER5L,0.7957773804664612,0.4832475483417511,True,STIL,LYL1|IER5L,,Basic helix-loop-helix proteins,,0,False,False
Norman2019_GEARS_processed_mirror,B2_context_matched_perturbed_mean,L0,ctrl+TBX2,162.0,LYL1+IER5L,0.7957773804664612,0.474990576505661,True,TBX2,LYL1|IER5L,T-box transcription factors,Basic helix-loop-helix proteins,,0,False,False
Norman2019_GEARS_processed_mirror,B2_context_matched_perturbed_mean,L0,ctrl+TBX3,234.0,LYL1+IER5L,0.7957773804664612,0.2348850518465042,True,TBX3,LYL1|IER5L,T-box transcription factors,Basic helix-loop-helix proteins,,0,False,False
Norman2019_GEARS_processed_mirror,B2_context_matched_perturbed_mean,L0,ctrl+TGFBR2,221.0,LYL1+IER5L,0.7957773804664612,0.3002997040748596,True,TGFBR2,LYL1|IER5L,Type 2 receptor serine/threonine kinases,Basic helix-loop-helix proteins,,0,False,False
Norman2019_GEARS_processed_mirror,B2_context_matched_perturbed_mean,L0,ctrl+UBASH3A,245.0,LYL1+IER5L,0.7957773804664612,0.1964630782604217,True,UBASH3A,LYL1|IER5L,,Basic helix-loop-helix proteins,,0,False,False
Norman2019_GEARS_processed_mirror,B2_context_matched_perturbed_mean,L0,ctrl+UBASH3B,117.0,LYL1+IER5L,0.7957773804664612,0.5725159645080566,True,UBASH3B,LYL1|IER5L,Protein phosphatases,Basic helix-loop-helix proteins,,0,False,False
Norman2019_GEARS_processed_mirror,B2_context_matched_perturbed_mean,L0,ctrl+ZBTB1,92.0,LYL1+IER5L,0.7957773804664612,0.6131385564804077,True,ZBTB1,LYL1|IER5L,BTB domain containing|Zinc fingers C2H2-type,Basic helix-loop-helix proteins,,0,False,False
Norman2019_GEARS_processed_mirror,B2_context_matched_perturbed_mean,L0,ctrl+ZBTB25,170.0,LYL1+IER5L,0.7957773804664612,0.4636567831039428,True,ZBTB25,LYL1|IER5L,BTB domain containing|Zinc fingers C2H2-type,Basic helix-loop-helix proteins,,0,False,False
Norman2019_GEARS_processed_mirror,B3_additive_seen_component,L0,AHR+FEV,2.0,ctrl+FEV,0.8694173097610474,0.8601011037826538,True,AHR|FEV,FEV,Basic helix-loop-helix proteins|ETS transcription factor family|PAS domain containing,ETS transcription factor family,ETS transcription factor family,1,True,False
Norman2019_GEARS_processed_mirror,B3_additive_seen_component,L0,AHR+KLF1,1.0,AHR+KLF1,0.8826024532318115,0.8826024532318115,False,AHR|KLF1,AHR|KLF1,Basic helix-loop-helix proteins|KLF transcription factors|PAS domain containing|Zinc fingers C2H2-type,Basic helix-loop-helix proteins|KLF transcription factors|PAS domain containing|Zinc fingers C2H2-type,Basic helix-loop-helix proteins|KLF transcription factors|PAS domain containing|Zinc fingers C2H2-type,4,True,True
Norman2019_GEARS_processed_mirror,B3_additive_seen_component,L0,AHR+ctrl,1.0,AHR+ctrl,0.8841588497161865,0.8841588497161865,False,AHR,AHR,Basic helix-loop-helix proteins|PAS domain containing,Basic helix-loop-helix proteins|PAS domain containing,Basic helix-loop-helix proteins|PAS domain containing,2,True,True
Norman2019_GEARS_processed_mirror,B3_additive_seen_component,L0,ARID1A+ctrl,1.0,ARID1A+ctrl,0.8755487203598022,0.8755487203598022,False,ARID1A,ARID1A,AT-rich interaction domain containing|Armadillo like helical domain containing|BAF complex subunits,AT-rich interaction domain containing|Armadillo like helical domain containing|BAF complex subunits,AT-rich interaction domain containing|Armadillo like helical domain containing|BAF complex subunits,3,True,True
Norman2019_GEARS_processed_mirror,B3_additive_seen_component,L0,ARRDC3+ctrl,1.0,ARRDC3+ctrl,0.6331020593643188,0.6331020593643188,False,ARRDC3,ARRDC3,Alpha arrestins,Alpha arrestins,Alpha arrestins,1,True,True
Norman2019_GEARS_processed_mirror,B3_additive_seen_component,L0,ATL1+ctrl,1.0,ATL1+ctrl,0.9089162945747375,0.9089162945747375,False,ATL1,ATL1,Atlastins,Atlastins,Atlastins,1,True,True
Norman2019_GEARS_processed_mirror,B3_additive_seen_component,L0,BAK1+ctrl,2.0,ctrl+BAK1,0.6110583543777466,0.5300498008728027,True,BAK1,BAK1,BCL2 family,BCL2 family,BCL2 family,1,True,True
Norman2019_GEARS_processed_mirror,B3_additive_seen_component,L0,BCL2L11+BAK1,9.0,ctrl+BAK1,0.4742003977298736,0.2802955508232116,True,BCL2L11|BAK1,BAK1,BCL2 family|BCL2 homology region 3 (BH3) only,BCL2 family,BCL2 family,1,True,False
Norman2019_GEARS_processed_mirror,B3_additive_seen_component,L0,BCL2L11+TGFBR2,1.0,BCL2L11+TGFBR2,0.6762468814849854,0.6762468814849854,False,BCL2L11|TGFBR2,BCL2L11|TGFBR2,BCL2 homology region 3 (BH3) only|Type 2 receptor serine/threonine kinases,BCL2 homology region 3 (BH3) only|Type 2 receptor serine/threonine kinases,BCL2 homology region 3 (BH3) only|Type 2 receptor serine/threonine kinases,2,True,True
Norman2019_GEARS_processed_mirror,B3_additive_seen_component,L0,BCL2L11+ctrl,10.0,BCL2L11+TGFBR2,0.5093994140625,0.31015145778656,True,BCL2L11,BCL2L11|TGFBR2,BCL2 homology region 3 (BH3) only,BCL2 homology region 3 (BH3) only|Type 2 receptor serine/threonine kinases,BCL2 homology region 3 (BH3) only,1,True,False
Norman2019_GEARS_processed_mirror,B3_additive_seen_component,L0,BCORL1+ctrl,1.0,BCORL1+ctrl,0.7436071634292603,0.7436071634292603,False,BCORL1,BCORL1,Ankyrin repeat domain containing,Ankyrin repeat domain containing,Ankyrin repeat domain containing,1,True,True
Norman2019_GEARS_processed_mirror,B3_additive_seen_component,L0,BPGM+SAMD1,1.0,BPGM+SAMD1,0.9252443313598632,0.9252443313598632,False,BPGM|SAMD1,BPGM|SAMD1,Bisphosphoglycerate phosphatases|Phosphoglycerate mutases|Sterile alpha motif domain containing,Bisphosphoglycerate phosphatases|Phosphoglycerate mutases|Sterile alpha motif domain containing,Bisphosphoglycerate phosphatases|Phosphoglycerate mutases|Sterile alpha motif domain containing,3,True,True
Norman2019_GEARS_processed_mirror,B3_additive_seen_component,L0,BPGM+ZBTB1,1.0,BPGM+ZBTB1,0.8989121913909912,0.8989121913909912,False,BPGM|ZBTB1,BPGM|ZBTB1,BTB domain containing|Bisphosphoglycerate phosphatases|Phosphoglycerate mutases|Zinc fingers C2H2-type,BTB domain containing|Bisphosphoglycerate phosphatases|Phosphoglycerate mutases|Zinc fingers C2H2-type,BTB domain containing|Bisphosphoglycerate phosphatases|Phosphoglycerate mutases|Zinc fingers C2H2-type,4,True,True
Norman2019_GEARS_processed_mirror,B3_additive_seen_component,L0,BPGM+ctrl,1.0,BPGM+ctrl,0.9092413187026978,0.9092413187026978,False,BPGM,BPGM,Bisphosphoglycerate phosphatases|Phosphoglycerate mutases,Bisphosphoglycerate phosphatases|Phosphoglycerate mutases,Bisphosphoglycerate phosphatases|Phosphoglycerate mutases,2,True,True
Norman2019_GEARS_processed_mirror,B3_additive_seen_component,L0,C19orf26+ctrl,7.0,TGFBR2+C19orf26,0.7809458374977112,0.6845511198043823,True,C19orf26,TGFBR2|C19orf26,,Type 2 receptor serine/threonine kinases,,0,False,False
Norman2019_GEARS_processed_mirror,B3_additive_seen_component,L0,C3orf72+FOXL2,21.0,C3orf72+ctrl,0.8512630462646484,0.6305379867553711,True,C3orf72|FOXL2,C3orf72,Forkhead boxes,,,0,False,False
Norman2019_GEARS_processed_mirror,B3_additive_seen_component,L0,C3orf72+ctrl,1.0,C3orf72+ctrl,0.8524201512336731,0.8524201512336731,False,C3orf72,C3orf72,,,,0,False,True
Norman2019_GEARS_processed_mirror,B3_additive_seen_component,L0,CBFA2T3+ctrl,2.0,ctrl+CBFA2T3,0.7598389387130737,0.7332496643066406,True,CBFA2T3,CBFA2T3,A-kinase anchoring proteins|Zinc fingers MYND-type,A-kinase anchoring proteins|Zinc fingers MYND-type,A-kinase anchoring proteins|Zinc fingers MYND-type,2,True,True
Norman2019_GEARS_processed_mirror,B3_additive_seen_component,L0,CBL+CNN1,3.0,ctrl+CNN1,0.8836638927459717,0.8731305599212646,True,CBL|CNN1,CNN1,Calponin family|Ring finger proteins,Calponin family,Calponin family,1,True,False
Norman2019_GEARS_processed_mirror,B3_additive_seen_component,L0,CBL+PTPN12,1.0,CBL+PTPN12,0.9072575569152832,0.9072575569152832,False,CBL|PTPN12,CBL|PTPN12,Protein tyrosine phosphatases non-receptor type|Ring finger proteins,Protein tyrosine phosphatases non-receptor type|Ring finger proteins,Protein tyrosine phosphatases non-receptor type|Ring finger proteins,2,True,True
Norman2019_GEARS_processed_mirror,B3_additive_seen_component,L0,CBL+PTPN9,5.0,CBL+UBASH3B,0.8658739328384399,0.8461317420005798,True,CBL|PTPN9,CBL|UBASH3B,CRAL-TRIO lipid binding domain containing|Protein tyrosine phosphatases non-receptor type|Ring finger proteins,Protein phosphatases|Ring finger proteins,Ring finger proteins,1,True,False
Norman2019_GEARS_processed_mirror,B3_additive_seen_component,L0,CBL+TGFBR2,2.0,CBL+ctrl,0.8744003772735596,0.8345401287078857,True,CBL|TGFBR2,CBL,Ring finger proteins|Type 2 receptor serine/threonine kinases,Ring finger proteins,Ring finger proteins,1,True,False
Norman2019_GEARS_processed_mirror,B3_additive_seen_component,L0,CBL+UBASH3A,46.0,CBL+ctrl,0.855798602104187,0.6339960098266602,True,CBL|UBASH3A,CBL,Ring finger proteins,Ring finger proteins,Ring finger proteins,1,True,False
Norman2019_GEARS_processed_mirror,B3_additive_seen_component,L0,CBL+UBASH3B,1.0,CBL+UBASH3B,0.8930572867393494,0.8930572867393494,False,CBL|UBASH3B,CBL|UBASH3B,Protein phosphatases|Ring finger proteins,Protein phosphatases|Ring finger proteins,Protein phosphatases|Ring finger proteins,2,True,True
Norman2019_GEARS_processed_mirror,B3_additive_seen_component,L0,CBL+ctrl,1.0,CBL+ctrl,0.9081657528877258,0.9081657528877258,False,CBL,CBL,Ring finger proteins,Ring finger proteins,Ring finger proteins,1,True,True
Norman2019_GEARS_processed_mirror,B3_additive_seen_component,L0,CDKN1A+ctrl,3.0,CDKN1C+CDKN1A,0.8227364420890808,0.8195282816886902,True,CDKN1A,CDKN1C|CDKN1A,Cyclin dependent kinase inhibitor 1 family,Cyclin dependent kinase inhibitor 1 family,Cyclin dependent kinase inhibitor 1 family,1,True,False
Norman2019_GEARS_processed_mirror,B3_additive_seen_component,L0,CDKN1B+CDKN1A,3.0,CDKN1B+ctrl,0.8777643442153931,0.8434516191482544,True,CDKN1B|CDKN1A,CDKN1B,Cyclin dependent kinase inhibitor 1 family,Cyclin dependent kinase inhibitor 1 family,Cyclin dependent kinase inhibitor 1 family,1,True,False
Norman2019_GEARS_processed_mirror,B3_additive_seen_component,L0,CDKN1B+ctrl,1.0,CDKN1B+ctrl,0.8792581558227539,0.8792581558227539,False,CDKN1B,CDKN1B,Cyclin dependent kinase inhibitor 1 family,Cyclin dependent kinase inhibitor 1 family,Cyclin dependent kinase inhibitor 1 family,1,True,True
Norman2019_GEARS_processed_mirror,B3_additive_seen_component,L0,CDKN1C+CDKN1A,2.0,CDKN1C+ctrl,0.8537867665290833,0.8505605459213257,True,CDKN1C|CDKN1A,CDKN1C,Cyclin dependent kinase inhibitor 1 family,Cyclin dependent kinase inhibitor 1 family,Cyclin dependent kinase inhibitor 1 family,1,True,False
Norman2019_GEARS_processed_mirror,B3_additive_seen_component,L0,CDKN1C+CDKN1B,11.0,CDKN1B+ctrl,0.8766456246376038,0.7226831912994385,True,CDKN1C|CDKN1B,CDKN1B,Cyclin dependent kinase inhibitor 1 family,Cyclin dependent kinase inhibitor 1 family,Cyclin dependent kinase inhibitor 1 family,1,True,False
Norman2019_GEARS_processed_mirror,B3_additive_seen_component,L0,CDKN1C+ctrl,1.0,CDKN1C+ctrl,0.8527389168739319,0.8527389168739319,False,CDKN1C,CDKN1C,Cyclin dependent kinase inhibitor 1 family,Cyclin dependent kinase inhibitor 1 family,Cyclin dependent kinase inhibitor 1 family,1,True,True
Norman2019_GEARS_processed_mirror,B3_additive_seen_component,L0,CEBPA+ctrl,1.0,CEBPA+ctrl,0.9799379110336304,0.9799379110336304,False,CEBPA,CEBPA,CCAAT/enhancer binding proteins,CCAAT/enhancer binding proteins,CCAAT/enhancer binding proteins,1,True,True
Norman2019_GEARS_processed_mirror,B3_additive_seen_component,L0,CEBPB+CEBPA,13.0,CEBPA+ctrl,0.9682821035385132,0.8675890564918518,True,CEBPB|CEBPA,CEBPA,CCAAT/enhancer binding proteins,CCAAT/enhancer binding proteins,CCAAT/enhancer binding proteins,1,True,False
Norman2019_GEARS_processed_mirror,B3_additive_seen_component,L0,CEBPB+MAPK1,1.0,CEBPB+MAPK1,0.9261891841888428,0.9261891841888428,False,CEBPB|MAPK1,CEBPB|MAPK1,CCAAT/enhancer binding proteins|Mitogen-activated protein kinase 3 and 1 (ERK1/2) family,CCAAT/enhancer binding proteins|Mitogen-activated protein kinase 3 and 1 (ERK1/2) family,CCAAT/enhancer binding proteins|Mitogen-activated protein kinase 3 and 1 (ERK1/2) family,2,True,True
Norman2019_GEARS_processed_mirror,B3_additive_seen_component,L0,CEBPB+OSR2,1.0,CEBPB+OSR2,0.9118151664733888,0.9118151664733888,False,CEBPB|OSR2,CEBPB|OSR2,CCAAT/enhancer binding proteins|Zinc fingers C2H2-type,CCAAT/enhancer binding proteins|Zinc fingers C2H2-type,CCAAT/enhancer binding proteins|Zinc fingers C2H2-type,2,True,True
Norman2019_GEARS_processed_mirror,B3_additive_seen_component,L0,CEBPB+PTPN12,2.0,CEBPB+ctrl,0.807652473449707,0.8068124055862427,True,CEBPB|PTPN12,CEBPB,CCAAT/enhancer binding proteins|Protein tyrosine phosphatases non-receptor type,CCAAT/enhancer binding proteins,CCAAT/enhancer binding proteins,1,True,False
Norman2019_GEARS_processed_mirror,B3_additive_seen_component,L0,CEBPB+ctrl,1.0,CEBPB+ctrl,0.932841658592224,0.932841658592224,False,CEBPB,CEBPB,CCAAT/enhancer binding proteins,CCAAT/enhancer binding proteins,CCAAT/enhancer binding proteins,1,True,True
Norman2019_GEARS_processed_mirror,B3_additive_seen_component,L0,CEBPE+CEBPA,3.0,CEBPA+ctrl,0.969933032989502,0.9602206945419312,True,CEBPE|CEBPA,CEBPA,CCAAT/enhancer binding proteins,CCAAT/enhancer binding proteins,CCAAT/enhancer binding proteins,1,True,False
Norman2019_GEARS_processed_mirror,B3_additive_seen_component,L0,CEBPE+CEBPB,6.0,ctrl+CEBPE,0.9435590505599976,0.8813207149505615,True,CEBPE|CEBPB,CEBPE,CCAAT/enhancer binding proteins,CCAAT/enhancer binding proteins,CCAAT/enhancer binding proteins,1,True,False
Norman2019_GEARS_processed_mirror,B3_additive_seen_component,L0,CEBPE+CNN1,11.0,ctrl+CEBPE,0.8291798233985901,0.7402541637420654,True,CEBPE|CNN1,CEBPE,CCAAT/enhancer binding proteins|Calponin family,CCAAT/enhancer binding proteins,CCAAT/enhancer binding proteins,1,True,False
Norman2019_GEARS_processed_mirror,B3_additive_seen_component,L0,CEBPE+KLF1,1.0,CEBPE+KLF1,0.8315067291259766,0.8315067291259766,False,CEBPE|KLF1,CEBPE|KLF1,CCAAT/enhancer binding proteins|KLF transcription factors|Zinc fingers C2H2-type,CCAAT/enhancer binding proteins|KLF transcription factors|Zinc fingers C2H2-type,CCAAT/enhancer binding proteins|KLF transcription factors|Zinc fingers C2H2-type,3,True,True
Norman2019_GEARS_processed_mirror,B3_additive_seen_component,L0,CEBPE+PTPN12,10.0,ctrl+CEBPE,0.8749780654907227,0.7915419340133667,True,CEBPE|PTPN12,CEBPE,CCAAT/enhancer binding proteins|Protein tyrosine phosphatases non-receptor type,CCAAT/enhancer binding proteins,CCAAT/enhancer binding proteins,1,True,False
Norman2019_GEARS_processed_mirror,B3_additive_seen_component,L0,CEBPE+RUNX1T1,3.0,ctrl+CEBPE,0.947850465774536,0.9447233080863952,True,CEBPE|RUNX1T1,CEBPE,CCAAT/enhancer binding proteins|Zinc fingers MYND-type,CCAAT/enhancer binding proteins,CCAAT/enhancer binding proteins,1,True,False
Norman2019_GEARS_processed_mirror,B3_additive_seen_component,L0,CEBPE+SPI1,1.0,CEBPE+SPI1,0.9068076610565186,0.9068076610565186,False,CEBPE|SPI1,CEBPE|SPI1,CCAAT/enhancer binding proteins|ETS transcription factor family,CCAAT/enhancer binding proteins|ETS transcription factor family,CCAAT/enhancer binding proteins|ETS transcription factor family,2,True,True
Norman2019_GEARS_processed_mirror,B3_additive_seen_component,L0,CEBPE+ctrl,2.0,ctrl+CEBPE,0.9671382308006288,0.9639193415641784,True,CEBPE,CEBPE,CCAAT/enhancer binding proteins,CCAAT/enhancer binding proteins,CCAAT/enhancer binding proteins,1,True,True
Norman2019_GEARS_processed_mirror,B3_additive_seen_component,L0,CELF2+ctrl,1.0,CELF2+ctrl,0.8115293979644775,0.8115293979644775,False,CELF2,CELF2,RNA binding motif containing,RNA binding motif containing,RNA binding motif containing,1,True,True
Norman2019_GEARS_processed_mirror,B3_additive_seen_component,L0,CITED1+ctrl,1.0,CITED1+ctrl,0.7619894742965698,0.7619894742965698,False,CITED1,CITED1,CBP/p300-interacting transactivator with ED-rich tail family,CBP/p300-interacting transactivator with ED-rich tail family,CBP/p300-interacting transactivator with ED-rich tail family,1,True,True
Norman2019_GEARS_processed_mirror,B3_additive_seen_component,L0,CKS1B+ctrl,1.0,CKS1B+ctrl,0.8255927562713623,0.8255927562713623,False,CKS1B,CKS1B,MicroRNA protein coding host genes,MicroRNA protein coding host genes,MicroRNA protein coding host genes,1,True,True
Norman2019_GEARS_processed_mirror,B3_additive_seen_component,L0,CLDN6+ctrl,1.0,CLDN6+ctrl,0.9256314039230348,0.9256314039230348,False,CLDN6,CLDN6,Claudins,Claudins,Claudins,1,True,True
Norman2019_GEARS_processed_mirror,B3_additive_seen_component,L0,CNN1+MAPK1,1.0,CNN1+MAPK1,0.8082729578018188,0.8082729578018188,False,CNN1|MAPK1,CNN1|MAPK1,Calponin family|Mitogen-activated protein kinase 3 and 1 (ERK1/2) family,Calponin family|Mitogen-activated protein kinase 3 and 1 (ERK1/2) family,Calponin family|Mitogen-activated protein kinase 3 and 1 (ERK1/2) family,2,True,True
Norman2019_GEARS_processed_mirror,B3_additive_seen_component,L0,CNN1+UBASH3A,11.0,ctrl+CNN1,0.8747028708457947,0.7677336931228638,True,CNN1|UBASH3A,CNN1,Calponin family,Calponin family,Calponin family,1,True,False
Norman2019_GEARS_processed_mirror,B3_additive_seen_component,L0,CNN1+ctrl,3.0,ctrl+CNN1,0.9024144411087036,0.8477693200111389,True,CNN1,CNN1,Calponin family,Calponin family,Calponin family,1,True,True
Norman2019_GEARS_processed_mirror,B3_additive_seen_component,L0,CNNM4+ctrl,1.0,CNNM4+ctrl,0.86699378490448,0.86699378490448,False,CNNM4,CNNM4,"MicroRNA protein coding host genes|Solute carrier family 70, cyclin and CBS domain divalent metal cation transport mediators","MicroRNA protein coding host genes|Solute carrier family 70, cyclin and CBS domain divalent metal cation transport mediators","MicroRNA protein coding host genes|Solute carrier family 70, cyclin and CBS domain divalent metal cation transport mediators",2,True,True
Norman2019_GEARS_processed_mirror,B3_additive_seen_component,L0,COL1A1+ctrl,1.0,COL1A1+ctrl,0.9283729195594788,0.9283729195594788,False,COL1A1,COL1A1,Fibrillar collagens,Fibrillar collagens,Fibrillar collagens,1,True,True
Norman2019_GEARS_processed_mirror,B3_additive_seen_component,L0,COL2A1+ctrl,1.0,COL2A1+ctrl,0.9157343506813048,0.9157343506813048,False,COL2A1,COL2A1,Fibrillar collagens,Fibrillar collagens,Fibrillar collagens,1,True,True
Norman2019_GEARS_processed_mirror,B3_additive_seen_component,L0,CSRNP1+ctrl,1.0,CSRNP1+ctrl,0.6798615455627441,0.6798615455627441,False,CSRNP1,CSRNP1,,,,0,False,True
Norman2019_GEARS_processed_mirror,B3_additive_seen_component,L0,DLX2+ctrl,1.0,DLX2+ctrl,0.8111876249313354,0.8111876249313354,False,DLX2,DLX2,Distal-less homeobox family,Distal-less homeobox family,Distal-less homeobox family,1,True,True
Norman2019_GEARS_processed_mirror,B3_additive_seen_component,L0,DUSP9+ETS2,1.0,DUSP9+ETS2,0.8212037086486816,0.8212037086486816,False,DUSP9|ETS2,DUSP9|ETS2,ETS transcription factor family|MAP kinase phosphatases,ETS transcription factor family|MAP kinase phosphatases,ETS transcription factor family|MAP kinase phosphatases,2,True,True
Norman2019_GEARS_processed_mirror,B3_additive_seen_component,L0,DUSP9+IGDCC3,1.0,DUSP9+IGDCC3,0.9396256804466248,0.9396256804466248,False,DUSP9|IGDCC3,DUSP9|IGDCC3,Fibronectin type III domain containing|I-set domain containing|MAP kinase phosphatases,Fibronectin type III domain containing|I-set domain containing|MAP kinase phosphatases,Fibronectin type III domain containing|I-set domain containing|MAP kinase phosphatases,3,True,True
Norman2019_GEARS_processed_mirror,B3_additive_seen_component,L0,DUSP9+KLF1,1.0,DUSP9+KLF1,0.9326962232589722,0.9326962232589722,False,DUSP9|KLF1,DUSP9|KLF1,KLF transcription factors|MAP kinase phosphatases|Zinc fingers C2H2-type,KLF transcription factors|MAP kinase phosphatases|Zinc fingers C2H2-type,KLF transcription factors|MAP kinase phosphatases|Zinc fingers C2H2-type,3,True,True
Norman2019_GEARS_processed_mirror,B3_additive_seen_component,L0,DUSP9+MAPK1,1.0,DUSP9+MAPK1,0.6999638080596924,0.6999638080596924,False,DUSP9|MAPK1,DUSP9|MAPK1,MAP kinase phosphatases|Mitogen-activated protein kinase 3 and 1 (ERK1/2) family,MAP kinase phosphatases|Mitogen-activated protein kinase 3 and 1 (ERK1/2) family,MAP kinase phosphatases|Mitogen-activated protein kinase 3 and 1 (ERK1/2) family,2,True,True
Norman2019_GEARS_processed_mirror,B3_additive_seen_component,L0,DUSP9+PRTG,1.0,DUSP9+PRTG,0.9374421238899232,0.9374421238899232,False,DUSP9|PRTG,DUSP9|PRTG,Fibronectin type III domain containing|I-set domain containing|MAP kinase phosphatases,Fibronectin type III domain containing|I-set domain containing|MAP kinase phosphatases,Fibronectin type III domain containing|I-set domain containing|MAP kinase phosphatases,3,True,True
Norman2019_GEARS_processed_mirror,B3_additive_seen_component,L0,DUSP9+SNAI1,5.0,DUSP9+IGDCC3,0.8509867191314697,0.7513693571090698,True,DUSP9|SNAI1,DUSP9|IGDCC3,MAP kinase phosphatases|SNAG transcriptional repressors|Zinc fingers C2H2-type,Fibronectin type III domain containing|I-set domain containing|MAP kinase phosphatases,MAP kinase phosphatases,1,True,False
Norman2019_GEARS_processed_mirror,B3_additive_seen_component,L0,DUSP9+ctrl,1.0,DUSP9+ctrl,0.9696013331413268,0.9696013331413268,False,DUSP9,DUSP9,MAP kinase phosphatases,MAP kinase phosphatases,MAP kinase phosphatases,1,True,True
Norman2019_GEARS_processed_mirror,B3_additive_seen_component,L0,EGR1+ctrl,1.0,EGR1+ctrl,0.7527318596839905,0.7527318596839905,False,EGR1,EGR1,Zinc fingers C2H2-type,Zinc fingers C2H2-type,Zinc fingers C2H2-type,1,True,True
Norman2019_GEARS_processed_mirror,B3_additive_seen_component,L0,ELMSAN1+ctrl,2.0,ctrl+ELMSAN1,0.7801188230514526,0.7418005466461182,True,ELMSAN1,ELMSAN1,,,,0,False,True
Norman2019_GEARS_processed_mirror,B3_additive_seen_component,L0,ETS2+CEBPE,1.0,ETS2+CEBPE,0.9459661245346068,0.9459661245346068,False,ETS2|CEBPE,ETS2|CEBPE,CCAAT/enhancer binding proteins|ETS transcription factor family,CCAAT/enhancer binding proteins|ETS transcription factor family,CCAAT/enhancer binding proteins|ETS transcription factor family,2,True,True
Norman2019_GEARS_processed_mirror,B3_additive_seen_component,L0,ETS2+CNN1,1.0,ETS2+CNN1,0.8274396657943726,0.8274396657943726,False,ETS2|CNN1,ETS2|CNN1,Calponin family|ETS transcription factor family,Calponin family|ETS transcription factor family,Calponin family|ETS transcription factor family,2,True,True
Norman2019_GEARS_processed_mirror,B3_additive_seen_component,L0,ETS2+IGDCC3,1.0,ETS2+IGDCC3,0.7899640202522278,0.7899640202522278,False,ETS2|IGDCC3,ETS2|IGDCC3,ETS transcription factor family|Fibronectin type III domain containing|I-set domain containing,ETS transcription factor family|Fibronectin type III domain containing|I-set domain containing,ETS transcription factor family|Fibronectin type III domain containing|I-set domain containing,3,True,True
Norman2019_GEARS_processed_mirror,B3_additive_seen_component,L0,ETS2+IKZF3,1.0,ETS2+IKZF3,0.9443753957748412,0.9443753957748412,False,ETS2|IKZF3,ETS2|IKZF3,ETS transcription factor family|Zinc fingers C2H2-type,ETS transcription factor family|Zinc fingers C2H2-type,ETS transcription factor family|Zinc fingers C2H2-type,2,True,True
Norman2019_GEARS_processed_mirror,B3_additive_seen_component,L0,ETS2+MAP7D1,2.0,ctrl+ETS2,0.8390796780586243,0.8359498381614685,True,ETS2|MAP7D1,ETS2,ETS transcription factor family|Microtubule associated protein 7 family,ETS transcription factor family,ETS transcription factor family,1,True,False
Norman2019_GEARS_processed_mirror,B3_additive_seen_component,L0,ETS2+MAPK1,2.0,ctrl+MAPK1,0.9443300366401672,0.9210253357887268,True,ETS2|MAPK1,MAPK1,ETS transcription factor family|Mitogen-activated protein kinase 3 and 1 (ERK1/2) family,Mitogen-activated protein kinase 3 and 1 (ERK1/2) family,Mitogen-activated protein kinase 3 and 1 (ERK1/2) family,1,True,False
Norman2019_GEARS_processed_mirror,B3_additive_seen_component,L0,ETS2+PRTG,1.0,ETS2+PRTG,0.8411999344825745,0.8411999344825745,False,ETS2|PRTG,ETS2|PRTG,ETS transcription factor family|Fibronectin type III domain containing|I-set domain containing,ETS transcription factor family|Fibronectin type III domain containing|I-set domain containing,ETS transcription factor family|Fibronectin type III domain containing|I-set domain containing,3,True,True
Norman2019_GEARS_processed_mirror,B3_additive_seen_component,L0,ETS2+ctrl,3.0,ctrl+ETS2,0.9146561622619628,0.9002206325531006,True,ETS2,ETS2,ETS transcription factor family,ETS transcription factor family,ETS transcription factor family,1,True,True
Norman2019_GEARS_processed_mirror,B3_additive_seen_component,L0,FEV+CBFA2T3,4.0,FEV+ISL2,0.8313053846359253,0.7443206310272217,True,FEV|CBFA2T3,FEV|ISL2,A-kinase anchoring proteins|ETS transcription factor family|Zinc fingers MYND-type,ETS transcription factor family|LIM class homeoboxes,ETS transcription factor family,1,True,False
Norman2019_GEARS_processed_mirror,B3_additive_seen_component,L0,FEV+ISL2,2.0,ctrl+FEV,0.8785884380340576,0.8702556490898132,True,FEV|ISL2,FEV,ETS transcription factor family|LIM class homeoboxes,ETS transcription factor family,ETS transcription factor family,1,True,False
Norman2019_GEARS_processed_mirror,B3_additive_seen_component,L0,FEV+MAP7D1,2.0,ctrl+FEV,0.8796260356903076,0.8470896482467651,True,FEV|MAP7D1,FEV,ETS transcription factor family|Microtubule associated protein 7 family,ETS transcription factor family,ETS transcription factor family,1,True,False
Norman2019_GEARS_processed_mirror,B3_additive_seen_component,L0,FEV+ctrl,2.0,ctrl+FEV,0.9258952736854552,0.8815441131591797,True,FEV,FEV,ETS transcription factor family,ETS transcription factor family,ETS transcription factor family,1,True,True
Norman2019_GEARS_processed_mirror,B3_additive_seen_component,L0,FOSB+CEBPB,7.0,CEBPB+ctrl,0.911316215991974,0.842478334903717,True,FOSB|CEBPB,CEBPB,CCAAT/enhancer binding proteins|Fos transcription factor family,CCAAT/enhancer binding proteins,CCAAT/enhancer binding proteins,1,True,False
Norman2019_GEARS_processed_mirror,B3_additive_seen_component,L0,FOSB+CEBPE,4.0,CEBPE+ctrl,0.9446959495544434,0.90316641330719,True,FOSB|CEBPE,CEBPE,CCAAT/enhancer binding proteins|Fos transcription factor family,CCAAT/enhancer binding proteins,CCAAT/enhancer binding proteins,1,True,False
Norman2019_GEARS_processed_mirror,B3_additive_seen_component,L0,FOSB+IKZF3,2.0,ETS2+IKZF3,0.902219533920288,0.8855642080307007,True,FOSB|IKZF3,ETS2|IKZF3,Fos transcription factor family|Zinc fingers C2H2-type,ETS transcription factor family|Zinc fingers C2H2-type,Zinc fingers C2H2-type,1,True,False
Norman2019_GEARS_processed_mirror,B3_additive_seen_component,L0,FOSB+OSR2,1.0,FOSB+OSR2,0.9055152535438538,0.9055152535438538,False,FOSB|OSR2,FOSB|OSR2,Fos transcription factor family|Zinc fingers C2H2-type,Fos transcription factor family|Zinc fingers C2H2-type,Fos transcription factor family|Zinc fingers C2H2-type,2,True,True
Norman2019_GEARS_processed_mirror,B3_additive_seen_component,L0,FOSB+PTPN12,2.0,CEBPB+PTPN12,0.6685277223587036,0.6667017936706543,True,FOSB|PTPN12,CEBPB|PTPN12,Fos transcription factor family|Protein tyrosine phosphatases non-receptor type,CCAAT/enhancer binding proteins|Protein tyrosine phosphatases non-receptor type,Protein tyrosine phosphatases non-receptor type,1,True,False
Norman2019_GEARS_processed_mirror,B3_additive_seen_component,L0,FOSB+UBASH3B,4.0,FOSB+ctrl,0.6847525835037231,0.6684284210205078,True,FOSB|UBASH3B,FOSB,Fos transcription factor family|Protein phosphatases,Fos transcription factor family,Fos transcription factor family,1,True,False
Norman2019_GEARS_processed_mirror,B3_additive_seen_component,L0,FOSB+ctrl,1.0,FOSB+ctrl,0.8932110071182251,0.8932110071182251,False,FOSB,FOSB,Fos transcription factor family,Fos transcription factor family,Fos transcription factor family,1,True,True
Norman2019_GEARS_processed_mirror,B3_additive_seen_component,L0,FOXA1+FOXF1,3.0,FOXA3+FOXA1,0.7825640439987183,0.7817173600196838,True,FOXA1|FOXF1,FOXA3|FOXA1,Forkhead boxes,Forkhead boxes,Forkhead boxes,1,True,False
Norman2019_GEARS_processed_mirror,B3_additive_seen_component,L0,FOXA1+FOXL2,3.0,FOXA3+FOXL2,0.7990590333938599,0.7805851697921753,True,FOXA1|FOXL2,FOXA3|FOXL2,Forkhead boxes,Forkhead boxes,Forkhead boxes,1,True,False
Norman2019_GEARS_processed_mirror,B3_additive_seen_component,L0,FOXA1+HOXB9,1.0,FOXA1+HOXB9,0.8741041421890259,0.8741041421890259,False,FOXA1|HOXB9,FOXA1|HOXB9,Forkhead boxes|HOXL subclass homeoboxes,Forkhead boxes|HOXL subclass homeoboxes,Forkhead boxes|HOXL subclass homeoboxes,2,True,True
Norman2019_GEARS_processed_mirror,B3_additive_seen_component,L0,FOXA1+ctrl,3.0,ctrl+FOXA1,0.8115218877792358,0.7784789800643921,True,FOXA1,FOXA1,Forkhead boxes,Forkhead boxes,Forkhead boxes,1,True,True
Norman2019_GEARS_processed_mirror,B3_additive_seen_component,L0,FOXA3+FOXA1,1.0,FOXA3+FOXA1,0.8537330031394958,0.8537330031394958,False,FOXA3|FOXA1,FOXA3|FOXA1,Forkhead boxes,Forkhead boxes,Forkhead boxes,1,True,True
Norman2019_GEARS_processed_mirror,B3_additive_seen_component,L0,FOXA3+FOXF1,4.0,FOXA1+FOXF1,0.8477075099945068,0.8117954730987549,True,FOXA3|FOXF1,FOXA1|FOXF1,Forkhead boxes,Forkhead boxes,Forkhead boxes,1,True,False
Norman2019_GEARS_processed_mirror,B3_additive_seen_component,L0,FOXA3+FOXL2,2.0,FOXF1+FOXL2,0.8261609077453613,0.8261459469795227,True,FOXA3|FOXL2,FOXF1|FOXL2,Forkhead boxes,Forkhead boxes,Forkhead boxes,1,True,False
Norman2019_GEARS_processed_mirror,B3_additive_seen_component,L0,FOXA3+HOXB9,1.0,FOXA3+HOXB9,0.9033020734786988,0.9033020734786988,False,FOXA3|HOXB9,FOXA3|HOXB9,Forkhead boxes|HOXL subclass homeoboxes,Forkhead boxes|HOXL subclass homeoboxes,Forkhead boxes|HOXL subclass homeoboxes,2,True,True
Norman2019_GEARS_processed_mirror,B3_additive_seen_component,L0,FOXA3+ctrl,4.0,FOXA3+FOXA1,0.8365897536277771,0.8080915808677673,True,FOXA3,FOXA3|FOXA1,Forkhead boxes,Forkhead boxes,Forkhead boxes,1,True,False
Norman2019_GEARS_processed_mirror,B3_additive_seen_component,L0,FOXF1+FOXL2,2.0,FOXL2+ctrl,0.8164172172546387,0.8080405592918396,True,FOXF1|FOXL2,FOXL2,Forkhead boxes,Forkhead boxes,Forkhead boxes,1,True,False
Norman2019_GEARS_processed_mirror,B3_additive_seen_component,L0,FOXF1+HOXB9,1.0,FOXF1+HOXB9,0.8598714470863342,0.8598714470863342,False,FOXF1|HOXB9,FOXF1|HOXB9,Forkhead boxes|HOXL subclass homeoboxes,Forkhead boxes|HOXL subclass homeoboxes,Forkhead boxes|HOXL subclass homeoboxes,2,True,True
Norman2019_GEARS_processed_mirror,B3_additive_seen_component,L0,FOXF1+ctrl,4.0,FOXA1+FOXF1,0.7103288173675537,0.692047655582428,True,FOXF1,FOXA1|FOXF1,Forkhead boxes,Forkhead boxes,Forkhead boxes,1,True,False
Norman2019_GEARS_processed_mirror,B3_additive_seen_component,L0,FOXL2+HOXB9,84.0,FOXF1+HOXB9,0.8212749361991882,0.4410355985164642,True,FOXL2|HOXB9,FOXF1|HOXB9,Forkhead boxes|HOXL subclass homeoboxes,Forkhead boxes|HOXL subclass homeoboxes,Forkhead boxes|HOXL subclass homeoboxes,2,True,False
Norman2019_GEARS_processed_mirror,B3_additive_seen_component,L0,FOXL2+MEIS1,2.0,POU3F2+FOXL2,0.8113846182823181,0.809897780418396,True,FOXL2|MEIS1,POU3F2|FOXL2,Forkhead boxes|TALE class homeoboxes and pseudogenes,Forkhead boxes|POU class homeoboxes and pseudogenes,Forkhead boxes,1,True,False
Norman2019_GEARS_processed_mirror,B3_additive_seen_component,L0,FOXL2+ctrl,1.0,FOXL2+ctrl,0.8122495412826538,0.8122495412826538,False,FOXL2,FOXL2,Forkhead boxes,Forkhead boxes,Forkhead boxes,1,True,True
Norman2019_GEARS_processed_mirror,B3_additive_seen_component,L0,FOXO4+ctrl,1.0,FOXO4+ctrl,0.8096001744270325,0.8096001744270325,False,FOXO4,FOXO4,Forkhead boxes,Forkhead boxes,Forkhead boxes,1,True,True
Norman2019_GEARS_processed_mirror,B3_additive_seen_component,L0,GLB1L2+ctrl,1.0,GLB1L2+ctrl,0.8395323753356934,0.8395323753356934,False,GLB1L2,GLB1L2,Galactosidases beta,Galactosidases beta,Galactosidases beta,1,True,True
Norman2019_GEARS_processed_mirror,B3_additive_seen_component,L0,HES7+ctrl,1.0,HES7+ctrl,0.8469125032424927,0.8469125032424927,False,HES7,HES7,Basic helix-loop-helix proteins,Basic helix-loop-helix proteins,Basic helix-loop-helix proteins,1,True,True
Norman2019_GEARS_processed_mirror,B3_additive_seen_component,L0,HK2+ctrl,3.0,PTPN12+PTPN9,0.522184431552887,0.50941002368927,True,HK2,PTPN12|PTPN9,Hexokinase family,CRAL-TRIO lipid binding domain containing|Protein tyrosine phosphatases non-receptor type,,0,False,False
Norman2019_GEARS_processed_mirror,B3_additive_seen_component,L0,HNF4A+ctrl,1.0,HNF4A+ctrl,0.8827161192893982,0.8827161192893982,False,HNF4A,HNF4A,Hepatocyte nuclear factor 4 family|MicroRNA protein coding host genes,Hepatocyte nuclear factor 4 family|MicroRNA protein coding host genes,Hepatocyte nuclear factor 4 family|MicroRNA protein coding host genes,2,True,True
Norman2019_GEARS_processed_mirror,B3_additive_seen_component,L0,HOXA13+ctrl,1.0,HOXA13+ctrl,0.9061022996902466,0.9061022996902466,False,HOXA13,HOXA13,HOXL subclass homeoboxes,HOXL subclass homeoboxes,HOXL subclass homeoboxes,1,True,True
Norman2019_GEARS_processed_mirror,B3_additive_seen_component,L0,HOXB9+ctrl,1.0,HOXB9+ctrl,0.8636824488639832,0.8636824488639832,False,HOXB9,HOXB9,HOXL subclass homeoboxes,HOXL subclass homeoboxes,HOXL subclass homeoboxes,1,True,True
Norman2019_GEARS_processed_mirror,B3_additive_seen_component,L0,HOXC13+ctrl,3.0,HOXA13+ctrl,0.8543930649757385,0.782413125038147,True,HOXC13,HOXA13,HOXL subclass homeoboxes,HOXL subclass homeoboxes,HOXL subclass homeoboxes,1,True,False
Norman2019_GEARS_processed_mirror,B3_additive_seen_component,L0,IER5L+ctrl,11.0,IKZF3+ctrl,0.8217069506645203,0.7607842087745667,True,IER5L,IKZF3,,Zinc fingers C2H2-type,,0,False,False
Norman2019_GEARS_processed_mirror,B3_additive_seen_component,L0,IGDCC3+MAPK1,6.0,MAPK1+PRTG,0.7377787232398987,0.7008455395698547,True,IGDCC3|MAPK1,MAPK1|PRTG,Fibronectin type III domain containing|I-set domain containing|Mitogen-activated protein kinase 3 and 1 (ERK1/2) family,Fibronectin type III domain containing|I-set domain containing|Mitogen-activated protein kinase 3 and 1 (ERK1/2) family,Fibronectin type III domain containing|I-set domain containing|Mitogen-activated protein kinase 3 and 1 (ERK1/2) family,3,True,False
Norman2019_GEARS_processed_mirror,B3_additive_seen_component,L0,IGDCC3+PRTG,8.0,PRTG+ctrl,0.9186477661132812,0.8406473398208618,True,IGDCC3|PRTG,PRTG,Fibronectin type III domain containing|I-set domain containing,Fibronectin type III domain containing|I-set domain containing,Fibronectin type III domain containing|I-set domain containing,2,True,False
Norman2019_GEARS_processed_mirror,B3_additive_seen_component,L0,IGDCC3+ZBTB25,1.0,IGDCC3+ZBTB25,0.8838013410568237,0.8838013410568237,False,IGDCC3|ZBTB25,IGDCC3|ZBTB25,BTB domain containing|Fibronectin type III domain containing|I-set domain containing|Zinc fingers C2H2-type,BTB domain containing|Fibronectin type III domain containing|I-set domain containing|Zinc fingers C2H2-type,BTB domain containing|Fibronectin type III domain containing|I-set domain containing|Zinc fingers C2H2-type,4,True,True
Norman2019_GEARS_processed_mirror,B3_additive_seen_component,L0,IGDCC3+ctrl,2.0,TGFBR2+IGDCC3,0.8866616487503052,0.8579365015029907,True,IGDCC3,TGFBR2|IGDCC3,Fibronectin type III domain containing|I-set domain containing,Fibronectin type III domain containing|I-set domain containing|Type 2 receptor serine/threonine kinases,Fibronectin type III domain containing|I-set domain containing,2,True,False
Norman2019_GEARS_processed_mirror,B3_additive_seen_component,L0,IKZF3+ctrl,1.0,IKZF3+ctrl,0.9739440083503724,0.9739440083503724,False,IKZF3,IKZF3,Zinc fingers C2H2-type,Zinc fingers C2H2-type,Zinc fingers C2H2-type,1,True,True
Norman2019_GEARS_processed_mirror,B3_additive_seen_component,L0,IRF1+SET,1.0,IRF1+SET,0.8831053972244263,0.8831053972244263,False,IRF1|SET,IRF1|SET,INHAT complex|Interferon regulatory factors|Nucleosome assembly protein superfamily|SET complex,INHAT complex|Interferon regulatory factors|Nucleosome assembly protein superfamily|SET complex,INHAT complex|Interferon regulatory factors|Nucleosome assembly protein superfamily|SET complex,4,True,True
Norman2019_GEARS_processed_mirror,B3_additive_seen_component,L0,IRF1+ctrl,1.0,IRF1+ctrl,0.943905770778656,0.943905770778656,False,IRF1,IRF1,Interferon regulatory factors,Interferon regulatory factors,Interferon regulatory factors,1,True,True
Norman2019_GEARS_processed_mirror,B3_additive_seen_component,L0,ISL2+ctrl,1.0,ISL2+ctrl,0.5410817861557007,0.5410817861557007,False,ISL2,ISL2,LIM class homeoboxes,LIM class homeoboxes,LIM class homeoboxes,1,True,True
Norman2019_GEARS_processed_mirror,B3_additive_seen_component,L0,JUN+CEBPA,5.0,CEBPA+ctrl,0.9519230127334596,0.9181951880455016,True,JUN|CEBPA,CEBPA,CCAAT/enhancer binding proteins|Jun transcription factor family,CCAAT/enhancer binding proteins,CCAAT/enhancer binding proteins,1,True,False
Norman2019_GEARS_processed_mirror,B3_additive_seen_component,L0,JUN+CEBPB,5.0,CEBPB+ctrl,0.8220841884613037,0.7613602876663208,True,JUN|CEBPB,CEBPB,CCAAT/enhancer binding proteins|Jun transcription factor family,CCAAT/enhancer binding proteins,CCAAT/enhancer binding proteins,1,True,False
Norman2019_GEARS_processed_mirror,B3_additive_seen_component,L0,JUN+ctrl,1.0,JUN+ctrl,0.8278138637542725,0.8278138637542725,False,JUN,JUN,Jun transcription factor family,Jun transcription factor family,Jun transcription factor family,1,True,True
Norman2019_GEARS_processed_mirror,B3_additive_seen_component,L0,KIAA1804+ctrl,1.0,KIAA1804+ctrl,0.5903118848800659,0.5903118848800659,False,KIAA1804,KIAA1804,,,,0,False,True
Norman2019_GEARS_processed_mirror,B3_additive_seen_component,L0,KIF18B+KIF2C,14.0,KIF18B+ctrl,0.5936414003372192,0.4650235176086426,True,KIF18B|KIF2C,KIF18B,Kinesins|MicroRNA protein coding host genes|Small nucleolar RNA protein coding host genes,Kinesins|MicroRNA protein coding host genes,Kinesins|MicroRNA protein coding host genes,2,True,False
Norman2019_GEARS_processed_mirror,B3_additive_seen_component,L0,KIF18B+ctrl,1.0,KIF18B+ctrl,0.6207164525985718,0.6207164525985718,False,KIF18B,KIF18B,Kinesins|MicroRNA protein coding host genes,Kinesins|MicroRNA protein coding host genes,Kinesins|MicroRNA protein coding host genes,2,True,True
Norman2019_GEARS_processed_mirror,B3_additive_seen_component,L0,KIF2C+ctrl,1.0,KIF2C+ctrl,0.513067364692688,0.513067364692688,False,KIF2C,KIF2C,Kinesins|Small nucleolar RNA protein coding host genes,Kinesins|Small nucleolar RNA protein coding host genes,Kinesins|Small nucleolar RNA protein coding host genes,2,True,True
Norman2019_GEARS_processed_mirror,B3_additive_seen_component,L0,KLF1+BAK1,2.0,KLF1+ctrl,0.9391964077949524,0.9222589135169984,True,KLF1|BAK1,KLF1,BCL2 family|KLF transcription factors|Zinc fingers C2H2-type,KLF transcription factors|Zinc fingers C2H2-type,KLF transcription factors|Zinc fingers C2H2-type,2,True,False
Norman2019_GEARS_processed_mirror,B3_additive_seen_component,L0,KLF1+CEBPA,3.0,CEBPA+ctrl,0.9447990655899048,0.9332333207130432,True,KLF1|CEBPA,CEBPA,CCAAT/enhancer binding proteins|KLF transcription factors|Zinc fingers C2H2-type,CCAAT/enhancer binding proteins,CCAAT/enhancer binding proteins,1,True,False
Norman2019_GEARS_processed_mirror,B3_additive_seen_component,L0,KLF1+CLDN6,1.0,KLF1+CLDN6,0.8789666891098022,0.8789666891098022,False,KLF1|CLDN6,KLF1|CLDN6,Claudins|KLF transcription factors|Zinc fingers C2H2-type,Claudins|KLF transcription factors|Zinc fingers C2H2-type,Claudins|KLF transcription factors|Zinc fingers C2H2-type,3,True,True
Norman2019_GEARS_processed_mirror,B3_additive_seen_component,L0,KLF1+COL2A1,1.0,KLF1+COL2A1,0.7963683605194092,0.7963683605194092,False,KLF1|COL2A1,KLF1|COL2A1,Fibrillar collagens|KLF transcription factors|Zinc fingers C2H2-type,Fibrillar collagens|KLF transcription factors|Zinc fingers C2H2-type,Fibrillar collagens|KLF transcription factors|Zinc fingers C2H2-type,3,True,True
Norman2019_GEARS_processed_mirror,B3_additive_seen_component,L0,KLF1+FOXA1,6.0,KLF1+ctrl,0.8386712670326233,0.7851494550704956,True,KLF1|FOXA1,KLF1,Forkhead boxes|KLF transcription factors|Zinc fingers C2H2-type,KLF transcription factors|Zinc fingers C2H2-type,KLF transcription factors|Zinc fingers C2H2-type,2,True,False
Norman2019_GEARS_processed_mirror,B3_additive_seen_component,L0,KLF1+MAP2K6,2.0,KLF1+ctrl,0.9066855907440186,0.8775308132171631,True,KLF1|MAP2K6,KLF1,KLF transcription factors|Mitogen-activated protein kinase kinases|Zinc fingers C2H2-type,KLF transcription factors|Zinc fingers C2H2-type,KLF transcription factors|Zinc fingers C2H2-type,2,True,False
Norman2019_GEARS_processed_mirror,B3_additive_seen_component,L0,KLF1+TGFBR2,3.0,KLF1+ctrl,0.9169875979423524,0.8732938766479492,True,KLF1|TGFBR2,KLF1,KLF transcription factors|Type 2 receptor serine/threonine kinases|Zinc fingers C2H2-type,KLF transcription factors|Zinc fingers C2H2-type,KLF transcription factors|Zinc fingers C2H2-type,2,True,False
Norman2019_GEARS_processed_mirror,B3_additive_seen_component,L0,KLF1+ctrl,1.0,KLF1+ctrl,0.9697625041007996,0.9697625041007996,False,KLF1,KLF1,KLF transcription factors|Zinc fingers C2H2-type,KLF transcription factors|Zinc fingers C2H2-type,KLF transcription factors|Zinc fingers C2H2-type,2,True,True
Norman2019_GEARS_processed_mirror,B3_additive_seen_component,L0,KMT2A+ctrl,4.0,IKZF3+ctrl,0.4966443181037903,0.4839786887168884,True,KMT2A,IKZF3,Bromodomain containing|Histone lysine methyltransferases|PHD finger proteins|SET domain containing|Zinc fingers CXXC-type,Zinc fingers C2H2-type,,0,False,False
Norman2019_GEARS_processed_mirror,B3_additive_seen_component,L0,LHX1+ELMSAN1,1.0,LHX1+ELMSAN1,0.8784371614456177,0.8784371614456177,False,LHX1|ELMSAN1,LHX1|ELMSAN1,LIM class homeoboxes,LIM class homeoboxes,LIM class homeoboxes,1,True,True
Norman2019_GEARS_processed_mirror,B3_additive_seen_component,L0,LHX1+ctrl,1.0,LHX1+ctrl,0.8822388052940369,0.8822388052940369,False,LHX1,LHX1,LIM class homeoboxes,LIM class homeoboxes,LIM class homeoboxes,1,True,True
Norman2019_GEARS_processed_mirror,B3_additive_seen_component,L0,LYL1+CEBPB,2.0,CEBPB+ctrl,0.8710852861404419,0.8304199576377869,True,LYL1|CEBPB,CEBPB,Basic helix-loop-helix proteins|CCAAT/enhancer binding proteins,CCAAT/enhancer binding proteins,CCAAT/enhancer binding proteins,1,True,False
Norman2019_GEARS_processed_mirror,B3_additive_seen_component,L0,LYL1+IER5L,1.0,LYL1+IER5L,0.8163427114486694,0.8163427114486694,False,LYL1|IER5L,LYL1|IER5L,Basic helix-loop-helix proteins,Basic helix-loop-helix proteins,Basic helix-loop-helix proteins,1,True,True
Norman2019_GEARS_processed_mirror,B3_additive_seen_component,L0,LYL1+ctrl,1.0,LYL1+ctrl,0.7156228423118591,0.7156228423118591,False,LYL1,LYL1,Basic helix-loop-helix proteins,Basic helix-loop-helix proteins,Basic helix-loop-helix proteins,1,True,True
Norman2019_GEARS_processed_mirror,B3_additive_seen_component,L0,MAML2+ctrl,1.0,MAML2+ctrl,0.642187774181366,0.642187774181366,False,MAML2,MAML2,,,,0,False,True
Norman2019_GEARS_processed_mirror,B3_additive_seen_component,L0,MAP2K3+ELMSAN1,1.0,MAP2K3+ELMSAN1,0.836868405342102,0.836868405342102,False,MAP2K3|ELMSAN1,MAP2K3|ELMSAN1,Mitogen-activated protein kinase kinases,Mitogen-activated protein kinase kinases,Mitogen-activated protein kinase kinases,1,True,True
Norman2019_GEARS_processed_mirror,B3_additive_seen_component,L0,MAP2K3+IKZF3,4.0,MAP2K6+IKZF3,0.923242688179016,0.9115245938301086,True,MAP2K3|IKZF3,MAP2K6|IKZF3,Mitogen-activated protein kinase kinases|Zinc fingers C2H2-type,Mitogen-activated protein kinase kinases|Zinc fingers C2H2-type,Mitogen-activated protein kinase kinases|Zinc fingers C2H2-type,2,True,False
Norman2019_GEARS_processed_mirror,B3_additive_seen_component,L0,MAP2K3+MAP2K6,2.0,MAP2K3+ctrl,0.834139347076416,0.8216655254364014,True,MAP2K3|MAP2K6,MAP2K3,Mitogen-activated protein kinase kinases,Mitogen-activated protein kinase kinases,Mitogen-activated protein kinase kinases,1,True,False
Norman2019_GEARS_processed_mirror,B3_additive_seen_component,L0,MAP2K3+SLC38A2,1.0,MAP2K3+SLC38A2,0.7943055629730225,0.7943055629730225,False,MAP2K3|SLC38A2,MAP2K3|SLC38A2,Mitogen-activated protein kinase kinases|Solute carrier family 38,Mitogen-activated protein kinase kinases|Solute carrier family 38,Mitogen-activated protein kinase kinases|Solute carrier family 38,2,True,True
Norman2019_GEARS_processed_mirror,B3_additive_seen_component,L0,MAP2K3+ctrl,1.0,MAP2K3+ctrl,0.850899338722229,0.850899338722229,False,MAP2K3,MAP2K3,Mitogen-activated protein kinase kinases,Mitogen-activated protein kinase kinases,Mitogen-activated protein kinase kinases,1,True,True
Norman2019_GEARS_processed_mirror,B3_additive_seen_component,L0,MAP2K6+ELMSAN1,2.0,MAP2K3+ELMSAN1,0.8345869779586792,0.8096469640731812,True,MAP2K6|ELMSAN1,MAP2K3|ELMSAN1,Mitogen-activated protein kinase kinases,Mitogen-activated protein kinase kinases,Mitogen-activated protein kinase kinases,1,True,False
Norman2019_GEARS_processed_mirror,B3_additive_seen_component,L0,MAP2K6+IKZF3,3.0,IKZF3+ctrl,0.9412047863006592,0.9322100281715392,True,MAP2K6|IKZF3,IKZF3,Mitogen-activated protein kinase kinases|Zinc fingers C2H2-type,Zinc fingers C2H2-type,Zinc fingers C2H2-type,1,True,False
Norman2019_GEARS_processed_mirror,B3_additive_seen_component,L0,MAP2K6+SPI1,3.0,ctrl+SPI1,0.8938763737678528,0.7544028759002686,True,MAP2K6|SPI1,SPI1,ETS transcription factor family|Mitogen-activated protein kinase kinases,ETS transcription factor family,ETS transcription factor family,1,True,False
Norman2019_GEARS_processed_mirror,B3_additive_seen_component,L0,MAP2K6+ctrl,2.0,MAP2K3+MAP2K6,0.7903656959533691,0.7140666842460632,True,MAP2K6,MAP2K3|MAP2K6,Mitogen-activated protein kinase kinases,Mitogen-activated protein kinase kinases,Mitogen-activated protein kinase kinases,1,True,False
Norman2019_GEARS_processed_mirror,B3_additive_seen_component,L0,MAP4K3+ctrl,60.0,ATL1+ctrl,0.6649603843688965,0.454526424407959,True,MAP4K3,ATL1,MAP4K family (GCK-I subfamily),Atlastins,,0,False,False
Norman2019_GEARS_processed_mirror,B3_additive_seen_component,L0,MAP4K5+ctrl,119.0,ATL1+ctrl,0.7371258735656738,0.3545697927474975,True,MAP4K5,ATL1,MAP4K family (GCK-I subfamily),Atlastins,,0,False,False
Norman2019_GEARS_processed_mirror,B3_additive_seen_component,L0,MAP7D1+ctrl,2.0,ctrl+MAP7D1,0.6276910305023193,0.540791392326355,True,MAP7D1,MAP7D1,Microtubule associated protein 7 family,Microtubule associated protein 7 family,Microtubule associated protein 7 family,1,True,True
Norman2019_GEARS_processed_mirror,B3_additive_seen_component,L0,MAPK1+IKZF3,2.0,ETS2+IKZF3,0.9006980657577515,0.8848037719726562,True,MAPK1|IKZF3,ETS2|IKZF3,Mitogen-activated protein kinase 3 and 1 (ERK1/2) family|Zinc fingers C2H2-type,ETS transcription factor family|Zinc fingers C2H2-type,Zinc fingers C2H2-type,1,True,False
Norman2019_GEARS_processed_mirror,B3_additive_seen_component,L0,MAPK1+PRTG,1.0,MAPK1+PRTG,0.7694669961929321,0.7694669961929321,False,MAPK1|PRTG,MAPK1|PRTG,Fibronectin type III domain containing|I-set domain containing|Mitogen-activated protein kinase 3 and 1 (ERK1/2) family,Fibronectin type III domain containing|I-set domain containing|Mitogen-activated protein kinase 3 and 1 (ERK1/2) family,Fibronectin type III domain containing|I-set domain containing|Mitogen-activated protein kinase 3 and 1 (ERK1/2) family,3,True,True
Norman2019_GEARS_processed_mirror,B3_additive_seen_component,L0,MAPK1+TGFBR2,2.0,ctrl+MAPK1,0.8872870206832886,0.8823451995849609,True,MAPK1|TGFBR2,MAPK1,Mitogen-activated protein kinase 3 and 1 (ERK1/2) family|Type 2 receptor serine/threonine kinases,Mitogen-activated protein kinase 3 and 1 (ERK1/2) family,Mitogen-activated protein kinase 3 and 1 (ERK1/2) family,1,True,False
Norman2019_GEARS_processed_mirror,B3_additive_seen_component,L0,MAPK1+ctrl,3.0,ctrl+MAPK1,0.943069338798523,0.9151051044464112,True,MAPK1,MAPK1,Mitogen-activated protein kinase 3 and 1 (ERK1/2) family,Mitogen-activated protein kinase 3 and 1 (ERK1/2) family,Mitogen-activated protein kinase 3 and 1 (ERK1/2) family,1,True,True
Norman2019_GEARS_processed_mirror,B3_additive_seen_component,L0,MEIS1+ctrl,13.0,LYL1+IER5L,0.6866928339004517,0.5901550054550171,True,MEIS1,LYL1|IER5L,TALE class homeoboxes and pseudogenes,Basic helix-loop-helix proteins,,0,False,False
Norman2019_GEARS_processed_mirror,B3_additive_seen_component,L0,MIDN+ctrl,1.0,MIDN+ctrl,0.8581163287162781,0.8581163287162781,False,MIDN,MIDN,,,,0,False,True
Norman2019_GEARS_processed_mirror,B3_additive_seen_component,L0,NCL+ctrl,1.0,NCL+ctrl,0.4782665371894836,0.4782665371894836,False,NCL,NCL,,,,0,False,True
Norman2019_GEARS_processed_mirror,B3_additive_seen_component,L0,NIT1+ctrl,1.0,NIT1+ctrl,0.77309650182724,0.77309650182724,False,NIT1,NIT1,,,,0,False,True
Norman2019_GEARS_processed_mirror,B3_additive_seen_component,L0,OSR2+ctrl,2.0,ctrl+OSR2,0.9205390214920044,0.9103314280509948,True,OSR2,OSR2,Zinc fingers C2H2-type,Zinc fingers C2H2-type,Zinc fingers C2H2-type,1,True,True
Norman2019_GEARS_processed_mirror,B3_additive_seen_component,L0,PLK4+STIL,1.0,PLK4+STIL,0.5455575585365295,0.5455575585365295,False,PLK4|STIL,PLK4|STIL,Polo like kinase family,Polo like kinase family,Polo like kinase family,1,True,True
Norman2019_GEARS_processed_mirror,B3_additive_seen_component,L0,PLK4+ctrl,23.0,PLK4+STIL,0.3553480505943298,0.265272319316864,True,PLK4,PLK4|STIL,Polo like kinase family,Polo like kinase family,Polo like kinase family,1,True,False
Norman2019_GEARS_processed_mirror,B3_additive_seen_component,L0,POU3F2+CBFA2T3,1.0,POU3F2+CBFA2T3,0.7817389369010925,0.7817389369010925,False,POU3F2|CBFA2T3,POU3F2|CBFA2T3,A-kinase anchoring proteins|POU class homeoboxes and pseudogenes|Zinc fingers MYND-type,A-kinase anchoring proteins|POU class homeoboxes and pseudogenes|Zinc fingers MYND-type,A-kinase anchoring proteins|POU class homeoboxes and pseudogenes|Zinc fingers MYND-type,3,True,True
Norman2019_GEARS_processed_mirror,B3_additive_seen_component,L0,POU3F2+FOXL2,1.0,POU3F2+FOXL2,0.8461465835571289,0.8461465835571289,False,POU3F2|FOXL2,POU3F2|FOXL2,Forkhead boxes|POU class homeoboxes and pseudogenes,Forkhead boxes|POU class homeoboxes and pseudogenes,Forkhead boxes|POU class homeoboxes and pseudogenes,2,True,True
Norman2019_GEARS_processed_mirror,B3_additive_seen_component,L0,POU3F2+ctrl,1.0,POU3F2+ctrl,0.7670896649360657,0.7670896649360657,False,POU3F2,POU3F2,POU class homeoboxes and pseudogenes,POU class homeoboxes and pseudogenes,POU class homeoboxes and pseudogenes,1,True,True
Norman2019_GEARS_processed_mirror,B3_additive_seen_component,L0,PRDM1+CBFA2T3,2.0,PRDM1+ctrl,0.8255963921546936,0.8158655762672424,True,PRDM1|CBFA2T3,PRDM1,A-kinase anchoring proteins|PR/SET domain family|Putative lysine methyltransferases|Zinc fingers C2H2-type|Zinc fingers MYND-type,PR/SET domain family|Putative lysine methyltransferases|Zinc fingers C2H2-type,PR/SET domain family|Putative lysine methyltransferases|Zinc fingers C2H2-type,3,True,False
Norman2019_GEARS_processed_mirror,B3_additive_seen_component,L0,PRDM1+ctrl,1.0,PRDM1+ctrl,0.9259656071662904,0.9259656071662904,False,PRDM1,PRDM1,PR/SET domain family|Putative lysine methyltransferases|Zinc fingers C2H2-type,PR/SET domain family|Putative lysine methyltransferases|Zinc fingers C2H2-type,PR/SET domain family|Putative lysine methyltransferases|Zinc fingers C2H2-type,3,True,True
Norman2019_GEARS_processed_mirror,B3_additive_seen_component,L0,PRTG+ctrl,1.0,PRTG+ctrl,0.927029311656952,0.927029311656952,False,PRTG,PRTG,Fibronectin type III domain containing|I-set domain containing,Fibronectin type III domain containing|I-set domain containing,Fibronectin type III domain containing|I-set domain containing,2,True,True
Norman2019_GEARS_processed_mirror,B3_additive_seen_component,L0,PTPN1+ctrl,1.0,PTPN1+ctrl,0.9246228933334352,0.9246228933334352,False,PTPN1,PTPN1,Protein tyrosine phosphatases non-receptor type,Protein tyrosine phosphatases non-receptor type,Protein tyrosine phosphatases non-receptor type,1,True,True
Norman2019_GEARS_processed_mirror,B3_additive_seen_component,L0,PTPN12+OSR2,6.0,OSR2+ctrl,0.7040805816650391,0.5390472412109375,True,PTPN12|OSR2,OSR2,Protein tyrosine phosphatases non-receptor type|Zinc fingers C2H2-type,Zinc fingers C2H2-type,Zinc fingers C2H2-type,1,True,False
Norman2019_GEARS_processed_mirror,B3_additive_seen_component,L0,PTPN12+PTPN9,1.0,PTPN12+PTPN9,0.8953313827514648,0.8953313827514648,False,PTPN12|PTPN9,PTPN12|PTPN9,CRAL-TRIO lipid binding domain containing|Protein tyrosine phosphatases non-receptor type,CRAL-TRIO lipid binding domain containing|Protein tyrosine phosphatases non-receptor type,CRAL-TRIO lipid binding domain containing|Protein tyrosine phosphatases non-receptor type,2,True,True
Norman2019_GEARS_processed_mirror,B3_additive_seen_component,L0,PTPN12+SNAI1,1.0,PTPN12+SNAI1,0.7576175928115845,0.7576175928115845,False,PTPN12|SNAI1,PTPN12|SNAI1,Protein tyrosine phosphatases non-receptor type|SNAG transcriptional repressors|Zinc fingers C2H2-type,Protein tyrosine phosphatases non-receptor type|SNAG transcriptional repressors|Zinc fingers C2H2-type,Protein tyrosine phosphatases non-receptor type|SNAG transcriptional repressors|Zinc fingers C2H2-type,3,True,True
Norman2019_GEARS_processed_mirror,B3_additive_seen_component,L0,PTPN12+UBASH3A,2.0,PTPN12+PTPN9,0.8476395606994629,0.8463891744613647,True,PTPN12|UBASH3A,PTPN12|PTPN9,Protein tyrosine phosphatases non-receptor type,CRAL-TRIO lipid binding domain containing|Protein tyrosine phosphatases non-receptor type,Protein tyrosine phosphatases non-receptor type,1,True,False
Norman2019_GEARS_processed_mirror,B3_additive_seen_component,L0,PTPN12+ZBTB25,1.0,PTPN12+ZBTB25,0.9089534282684326,0.9089534282684326,False,PTPN12|ZBTB25,PTPN12|ZBTB25,BTB domain containing|Protein tyrosine phosphatases non-receptor type|Zinc fingers C2H2-type,BTB domain containing|Protein tyrosine phosphatases non-receptor type|Zinc fingers C2H2-type,BTB domain containing|Protein tyrosine phosphatases non-receptor type|Zinc fingers C2H2-type,3,True,True
Norman2019_GEARS_processed_mirror,B3_additive_seen_component,L0,PTPN12+ctrl,11.0,PTPN12+UBASH3A,0.8540647625923157,0.7481070160865784,True,PTPN12,PTPN12|UBASH3A,Protein tyrosine phosphatases non-receptor type,Protein tyrosine phosphatases non-receptor type,Protein tyrosine phosphatases non-receptor type,1,True,False
Norman2019_GEARS_processed_mirror,B3_additive_seen_component,L0,PTPN13+ctrl,1.0,PTPN13+ctrl,0.7183120250701904,0.7183120250701904,False,PTPN13,PTPN13,FERM domain containing|KIND domain containing|PDZ domain containing|Protein tyrosine phosphatases non-receptor type,FERM domain containing|KIND domain containing|PDZ domain containing|Protein tyrosine phosphatases non-receptor type,FERM domain containing|KIND domain containing|PDZ domain containing|Protein tyrosine phosphatases non-receptor type,4,True,True
Norman2019_GEARS_processed_mirror,B3_additive_seen_component,L0,PTPN9+ctrl,75.0,PTPN12+PTPN9,0.7821284532546997,0.4722968339920044,True,PTPN9,PTPN12|PTPN9,CRAL-TRIO lipid binding domain containing|Protein tyrosine phosphatases non-receptor type,CRAL-TRIO lipid binding domain containing|Protein tyrosine phosphatases non-receptor type,CRAL-TRIO lipid binding domain containing|Protein tyrosine phosphatases non-receptor type,2,True,False
Norman2019_GEARS_processed_mirror,B3_additive_seen_component,L0,RHOXF2BB+SET,1.0,RHOXF2BB+SET,0.8696207404136658,0.8696207404136658,False,RHOXF2BB|SET,RHOXF2BB|SET,INHAT complex|Nucleosome assembly protein superfamily|SET complex,INHAT complex|Nucleosome assembly protein superfamily|SET complex,INHAT complex|Nucleosome assembly protein superfamily|SET complex,3,True,True
Norman2019_GEARS_processed_mirror,B3_additive_seen_component,L0,RHOXF2BB+ZBTB25,1.0,RHOXF2BB+ZBTB25,0.9036195278167723,0.9036195278167723,False,RHOXF2BB|ZBTB25,RHOXF2BB|ZBTB25,BTB domain containing|Zinc fingers C2H2-type,BTB domain containing|Zinc fingers C2H2-type,BTB domain containing|Zinc fingers C2H2-type,2,True,True
Norman2019_GEARS_processed_mirror,B3_additive_seen_component,L0,RHOXF2BB+ctrl,1.0,RHOXF2BB+ctrl,0.890593409538269,0.890593409538269,False,RHOXF2BB,RHOXF2BB,,,,0,False,True
Norman2019_GEARS_processed_mirror,B3_additive_seen_component,L0,RREB1+ctrl,1.0,RREB1+ctrl,0.817468523979187,0.817468523979187,False,RREB1,RREB1,Zinc fingers C2H2-type,Zinc fingers C2H2-type,Zinc fingers C2H2-type,1,True,True
Norman2019_GEARS_processed_mirror,B3_additive_seen_component,L0,RUNX1T1+ctrl,4.0,ctrl+RUNX1T1,0.5072964429855347,0.4388130307197571,True,RUNX1T1,RUNX1T1,Zinc fingers MYND-type,Zinc fingers MYND-type,Zinc fingers MYND-type,1,True,True
Norman2019_GEARS_processed_mirror,B3_additive_seen_component,L0,S1PR2+ctrl,1.0,S1PR2+ctrl,0.932967722415924,0.932967722415924,False,S1PR2,S1PR2,Sphingosine 1-phosphate receptors,Sphingosine 1-phosphate receptors,Sphingosine 1-phosphate receptors,1,True,True
Norman2019_GEARS_processed_mirror,B3_additive_seen_component,L0,SAMD1+PTPN12,1.0,SAMD1+PTPN12,0.900584876537323,0.900584876537323,False,SAMD1|PTPN12,SAMD1|PTPN12,Protein tyrosine phosphatases non-receptor type|Sterile alpha motif domain containing,Protein tyrosine phosphatases non-receptor type|Sterile alpha motif domain containing,Protein tyrosine phosphatases non-receptor type|Sterile alpha motif domain containing,2,True,True
Norman2019_GEARS_processed_mirror,B3_additive_seen_component,L0,SAMD1+TGFBR2,72.0,SAMD1+UBASH3B,0.8480545282363892,0.5754675269126892,True,SAMD1|TGFBR2,SAMD1|UBASH3B,Sterile alpha motif domain containing|Type 2 receptor serine/threonine kinases,Protein phosphatases|Sterile alpha motif domain containing,Sterile alpha motif domain containing,1,True,False
Norman2019_GEARS_processed_mirror,B3_additive_seen_component,L0,SAMD1+UBASH3B,1.0,SAMD1+UBASH3B,0.8857077360153198,0.8857077360153198,False,SAMD1|UBASH3B,SAMD1|UBASH3B,Protein phosphatases|Sterile alpha motif domain containing,Protein phosphatases|Sterile alpha motif domain containing,Protein phosphatases|Sterile alpha motif domain containing,2,True,True
Norman2019_GEARS_processed_mirror,B3_additive_seen_component,L0,SAMD1+ZBTB1,1.0,SAMD1+ZBTB1,0.8984872102737427,0.8984872102737427,False,SAMD1|ZBTB1,SAMD1|ZBTB1,BTB domain containing|Sterile alpha motif domain containing|Zinc fingers C2H2-type,BTB domain containing|Sterile alpha motif domain containing|Zinc fingers C2H2-type,BTB domain containing|Sterile alpha motif domain containing|Zinc fingers C2H2-type,3,True,True
Norman2019_GEARS_processed_mirror,B3_additive_seen_component,L0,SAMD1+ctrl,1.0,SAMD1+ctrl,0.8382928371429443,0.8382928371429443,False,SAMD1,SAMD1,Sterile alpha motif domain containing,Sterile alpha motif domain containing,Sterile alpha motif domain containing,1,True,True
Norman2019_GEARS_processed_mirror,B3_additive_seen_component,L0,SET+CEBPE,1.0,SET+CEBPE,0.8260926008224487,0.8260926008224487,False,SET|CEBPE,SET|CEBPE,CCAAT/enhancer binding proteins|INHAT complex|Nucleosome assembly protein superfamily|SET complex,CCAAT/enhancer binding proteins|INHAT complex|Nucleosome assembly protein superfamily|SET complex,CCAAT/enhancer binding proteins|INHAT complex|Nucleosome assembly protein superfamily|SET complex,4,True,True
Norman2019_GEARS_processed_mirror,B3_additive_seen_component,L0,SET+KLF1,1.0,SET+KLF1,0.8776681423187256,0.8776681423187256,False,SET|KLF1,SET|KLF1,INHAT complex|KLF transcription factors|Nucleosome assembly protein superfamily|SET complex|Zinc fingers C2H2-type,INHAT complex|KLF transcription factors|Nucleosome assembly protein superfamily|SET complex|Zinc fingers C2H2-type,INHAT complex|KLF transcription factors|Nucleosome assembly protein superfamily|SET complex|Zinc fingers C2H2-type,5,True,True
Norman2019_GEARS_processed_mirror,B3_additive_seen_component,L0,SET+ctrl,1.0,SET+ctrl,0.9579663276672364,0.9579663276672364,False,SET,SET,INHAT complex|Nucleosome assembly protein superfamily|SET complex,INHAT complex|Nucleosome assembly protein superfamily|SET complex,INHAT complex|Nucleosome assembly protein superfamily|SET complex,3,True,True
Norman2019_GEARS_processed_mirror,B3_additive_seen_component,L0,SGK1+S1PR2,1.0,SGK1+S1PR2,0.8723597526550293,0.8723597526550293,False,SGK1|S1PR2,SGK1|S1PR2,Serum/glucocorticoid regulated kinase family|Sphingosine 1-phosphate receptors,Serum/glucocorticoid regulated kinase family|Sphingosine 1-phosphate receptors,Serum/glucocorticoid regulated kinase family|Sphingosine 1-phosphate receptors,2,True,True
Norman2019_GEARS_processed_mirror,B3_additive_seen_component,L0,SGK1+TBX2,1.0,SGK1+TBX2,0.9133349657058716,0.9133349657058716,False,SGK1|TBX2,SGK1|TBX2,Serum/glucocorticoid regulated kinase family|T-box transcription factors,Serum/glucocorticoid regulated kinase family|T-box transcription factors,Serum/glucocorticoid regulated kinase family|T-box transcription factors,2,True,True
Norman2019_GEARS_processed_mirror,B3_additive_seen_component,L0,SGK1+TBX3,1.0,SGK1+TBX3,0.927291214466095,0.927291214466095,False,SGK1|TBX3,SGK1|TBX3,Serum/glucocorticoid regulated kinase family|T-box transcription factors,Serum/glucocorticoid regulated kinase family|T-box transcription factors,Serum/glucocorticoid regulated kinase family|T-box transcription factors,2,True,True
Norman2019_GEARS_processed_mirror,B3_additive_seen_component,L0,SGK1+ctrl,1.0,SGK1+ctrl,0.895025372505188,0.895025372505188,False,SGK1,SGK1,Serum/glucocorticoid regulated kinase family,Serum/glucocorticoid regulated kinase family,Serum/glucocorticoid regulated kinase family,1,True,True
Norman2019_GEARS_processed_mirror,B3_additive_seen_component,L0,SLC4A1+ctrl,1.0,SLC4A1+ctrl,0.956436038017273,0.956436038017273,False,SLC4A1,SLC4A1,Blood group antigens|CD molecules|Solute carrier family 4,Blood group antigens|CD molecules|Solute carrier family 4,Blood group antigens|CD molecules|Solute carrier family 4,3,True,True
Norman2019_GEARS_processed_mirror,B3_additive_seen_component,L0,SLC6A9+ctrl,1.0,SLC6A9+ctrl,0.8425573706626892,0.8425573706626892,False,SLC6A9,SLC6A9,Solute carrier family 6,Solute carrier family 6,Solute carrier family 6,1,True,True
Norman2019_GEARS_processed_mirror,B3_additive_seen_component,L0,SNAI1+DLX2,1.0,SNAI1+DLX2,0.8072037696838379,0.8072037696838379,False,SNAI1|DLX2,SNAI1|DLX2,Distal-less homeobox family|SNAG transcriptional repressors|Zinc fingers C2H2-type,Distal-less homeobox family|SNAG transcriptional repressors|Zinc fingers C2H2-type,Distal-less homeobox family|SNAG transcriptional repressors|Zinc fingers C2H2-type,3,True,True
Norman2019_GEARS_processed_mirror,B3_additive_seen_component,L0,SNAI1+UBASH3B,1.0,SNAI1+UBASH3B,0.7995368838310242,0.7995368838310242,False,SNAI1|UBASH3B,SNAI1|UBASH3B,Protein phosphatases|SNAG transcriptional repressors|Zinc fingers C2H2-type,Protein phosphatases|SNAG transcriptional repressors|Zinc fingers C2H2-type,Protein phosphatases|SNAG transcriptional repressors|Zinc fingers C2H2-type,3,True,True
Norman2019_GEARS_processed_mirror,B3_additive_seen_component,L0,SNAI1+ctrl,1.0,SNAI1+ctrl,0.8241514563560486,0.8241514563560486,False,SNAI1,SNAI1,SNAG transcriptional repressors|Zinc fingers C2H2-type,SNAG transcriptional repressors|Zinc fingers C2H2-type,SNAG transcriptional repressors|Zinc fingers C2H2-type,2,True,True
Norman2019_GEARS_processed_mirror,B3_additive_seen_component,L0,SPI1+ctrl,1.0,SPI1+ctrl,0.9247198104858398,0.9247198104858398,False,SPI1,SPI1,ETS transcription factor family,ETS transcription factor family,ETS transcription factor family,1,True,True
Norman2019_GEARS_processed_mirror,B3_additive_seen_component,L0,STIL+ctrl,196.0,DUSP9+SNAI1,0.5699375867843628,0.2180384695529937,True,STIL,DUSP9|SNAI1,,MAP kinase phosphatases|SNAG transcriptional repressors|Zinc fingers C2H2-type,,0,False,False
Norman2019_GEARS_processed_mirror,B3_additive_seen_component,L0,TBX2+ctrl,2.0,ctrl+TBX2,0.8946654796600342,0.8862448334693909,True,TBX2,TBX2,T-box transcription factors,T-box transcription factors,T-box transcription factors,1,True,True
Norman2019_GEARS_processed_mirror,B3_additive_seen_component,L0,TBX3+TBX2,1.0,TBX3+TBX2,0.9580615758895874,0.9580615758895874,False,TBX3|TBX2,TBX3|TBX2,T-box transcription factors,T-box transcription factors,T-box transcription factors,1,True,True
Norman2019_GEARS_processed_mirror,B3_additive_seen_component,L0,TBX3+ctrl,1.0,TBX3+ctrl,0.909289300441742,0.909289300441742,False,TBX3,TBX3,T-box transcription factors,T-box transcription factors,T-box transcription factors,1,True,True
Norman2019_GEARS_processed_mirror,B3_additive_seen_component,L0,TGFBR2+C19orf26,4.0,DUSP9+PRTG,0.7299758195877075,0.7288172245025635,True,TGFBR2|C19orf26,DUSP9|PRTG,Type 2 receptor serine/threonine kinases,Fibronectin type III domain containing|I-set domain containing|MAP kinase phosphatases,,0,False,False
Norman2019_GEARS_processed_mirror,B3_additive_seen_component,L0,TGFBR2+ETS2,8.0,ctrl+ETS2,0.8112210631370544,0.6851853132247925,True,TGFBR2|ETS2,ETS2,ETS transcription factor family|Type 2 receptor serine/threonine kinases,ETS transcription factor family,ETS transcription factor family,1,True,False
Norman2019_GEARS_processed_mirror,B3_additive_seen_component,L0,TGFBR2+IGDCC3,1.0,TGFBR2+IGDCC3,0.8676793575286865,0.8676793575286865,False,TGFBR2|IGDCC3,TGFBR2|IGDCC3,Fibronectin type III domain containing|I-set domain containing|Type 2 receptor serine/threonine kinases,Fibronectin type III domain containing|I-set domain containing|Type 2 receptor serine/threonine kinases,Fibronectin type III domain containing|I-set domain containing|Type 2 receptor serine/threonine kinases,3,True,True
Norman2019_GEARS_processed_mirror,B3_additive_seen_component,L0,TGFBR2+PRTG,3.0,PRTG+ctrl,0.9097963571548462,0.8644187450408936,True,TGFBR2|PRTG,PRTG,Fibronectin type III domain containing|I-set domain containing|Type 2 receptor serine/threonine kinases,Fibronectin type III domain containing|I-set domain containing,Fibronectin type III domain containing|I-set domain containing,2,True,False
Norman2019_GEARS_processed_mirror,B3_additive_seen_component,L0,TGFBR2+ctrl,51.0,BCL2L11+TGFBR2,0.5932472944259644,0.4035413563251495,True,TGFBR2,BCL2L11|TGFBR2,Type 2 receptor serine/threonine kinases,BCL2 homology region 3 (BH3) only|Type 2 receptor serine/threonine kinases,Type 2 receptor serine/threonine kinases,1,True,False
Norman2019_GEARS_processed_mirror,B3_additive_seen_component,L0,TMSB4X+BAK1,2.0,TMSB4X+ctrl,0.7935238480567932,0.7586338520050049,True,TMSB4X|BAK1,TMSB4X,BCL2 family|Thymosin beta family,Thymosin beta family,Thymosin beta family,1,True,False
Norman2019_GEARS_processed_mirror,B3_additive_seen_component,L0,TMSB4X+ctrl,1.0,TMSB4X+ctrl,0.854856014251709,0.854856014251709,False,TMSB4X,TMSB4X,Thymosin beta family,Thymosin beta family,Thymosin beta family,1,True,True
Norman2019_GEARS_processed_mirror,B3_additive_seen_component,L0,TP73+ctrl,1.0,TP73+ctrl,0.9432234168052672,0.9432234168052672,False,TP73,TP73,,,,0,False,True
Norman2019_GEARS_processed_mirror,B3_additive_seen_component,L0,TSC22D1+ctrl,1.0,TSC22D1+ctrl,0.6704297661781311,0.6704297661781311,False,TSC22D1,TSC22D1,TSC22 domain family,TSC22 domain family,TSC22 domain family,1,True,True
Norman2019_GEARS_processed_mirror,B3_additive_seen_component,L0,UBASH3A+ctrl,1.0,UBASH3A+ctrl,0.6652818918228149,0.6652818918228149,False,UBASH3A,UBASH3A,,,,0,False,True
Norman2019_GEARS_processed_mirror,B3_additive_seen_component,L0,UBASH3B+CNN1,1.0,UBASH3B+CNN1,0.8978866338729858,0.8978866338729858,False,UBASH3B|CNN1,UBASH3B|CNN1,Calponin family|Protein phosphatases,Calponin family|Protein phosphatases,Calponin family|Protein phosphatases,2,True,True
Norman2019_GEARS_processed_mirror,B3_additive_seen_component,L0,UBASH3B+OSR2,5.0,OSR2+ctrl,0.800812840461731,0.6716017723083496,True,UBASH3B|OSR2,OSR2,Protein phosphatases|Zinc fingers C2H2-type,Zinc fingers C2H2-type,Zinc fingers C2H2-type,1,True,False
Norman2019_GEARS_processed_mirror,B3_additive_seen_component,L0,UBASH3B+PTPN12,4.0,PTPN12+UBASH3A,0.8896316885948181,0.8747552037239075,True,UBASH3B|PTPN12,PTPN12|UBASH3A,Protein phosphatases|Protein tyrosine phosphatases non-receptor type,Protein tyrosine phosphatases non-receptor type,Protein tyrosine phosphatases non-receptor type,1,True,False
Norman2019_GEARS_processed_mirror,B3_additive_seen_component,L0,UBASH3B+PTPN9,3.0,PTPN12+PTPN9,0.8540571928024292,0.843801736831665,True,UBASH3B|PTPN9,PTPN12|PTPN9,CRAL-TRIO lipid binding domain containing|Protein phosphatases|Protein tyrosine phosphatases non-receptor type,CRAL-TRIO lipid binding domain containing|Protein tyrosine phosphatases non-receptor type,CRAL-TRIO lipid binding domain containing|Protein tyrosine phosphatases non-receptor type,2,True,False
Norman2019_GEARS_processed_mirror,B3_additive_seen_component,L0,UBASH3B+UBASH3A,2.0,PTPN1+ctrl,0.8279141187667847,0.7886420488357544,True,UBASH3B|UBASH3A,PTPN1,Protein phosphatases,Protein tyrosine phosphatases non-receptor type,,0,False,False
Norman2019_GEARS_processed_mirror,B3_additive_seen_component,L0,UBASH3B+ZBTB25,1.0,UBASH3B+ZBTB25,0.8802587389945984,0.8802587389945984,False,UBASH3B|ZBTB25,UBASH3B|ZBTB25,BTB domain containing|Protein phosphatases|Zinc fingers C2H2-type,BTB domain containing|Protein phosphatases|Zinc fingers C2H2-type,BTB domain containing|Protein phosphatases|Zinc fingers C2H2-type,3,True,True
Norman2019_GEARS_processed_mirror,B3_additive_seen_component,L0,UBASH3B+ctrl,6.0,UBASH3B+UBASH3A,0.845104455947876,0.8160496950149536,True,UBASH3B,UBASH3B|UBASH3A,Protein phosphatases,Protein phosphatases,Protein phosphatases,1,True,False
Norman2019_GEARS_processed_mirror,B3_additive_seen_component,L0,ZBTB1+ctrl,2.0,ctrl+ZBTB1,0.8997247219085693,0.8827275037765503,True,ZBTB1,ZBTB1,BTB domain containing|Zinc fingers C2H2-type,BTB domain containing|Zinc fingers C2H2-type,BTB domain containing|Zinc fingers C2H2-type,2,True,True
Norman2019_GEARS_processed_mirror,B3_additive_seen_component,L0,ZBTB10+DLX2,4.0,ZBTB10+ctrl,0.8687352538108826,0.7712024450302124,True,ZBTB10|DLX2,ZBTB10,BTB domain containing|Distal-less homeobox family|Zinc fingers C2H2-type,BTB domain containing|Zinc fingers C2H2-type,BTB domain containing|Zinc fingers C2H2-type,2,True,False
Norman2019_GEARS_processed_mirror,B3_additive_seen_component,L0,ZBTB10+ELMSAN1,1.0,ZBTB10+ELMSAN1,0.8305565118789673,0.8305565118789673,False,ZBTB10|ELMSAN1,ZBTB10|ELMSAN1,BTB domain containing|Zinc fingers C2H2-type,BTB domain containing|Zinc fingers C2H2-type,BTB domain containing|Zinc fingers C2H2-type,2,True,True
Norman2019_GEARS_processed_mirror,B3_additive_seen_component,L0,ZBTB10+PTPN12,1.0,ZBTB10+PTPN12,0.8163131475448608,0.8163131475448608,False,ZBTB10|PTPN12,ZBTB10|PTPN12,BTB domain containing|Protein tyrosine phosphatases non-receptor type|Zinc fingers C2H2-type,BTB domain containing|Protein tyrosine phosphatases non-receptor type|Zinc fingers C2H2-type,BTB domain containing|Protein tyrosine phosphatases non-receptor type|Zinc fingers C2H2-type,3,True,True
Norman2019_GEARS_processed_mirror,B3_additive_seen_component,L0,ZBTB10+SNAI1,2.0,ZBTB10+ctrl,0.872455358505249,0.8527861833572388,True,ZBTB10|SNAI1,ZBTB10,BTB domain containing|SNAG transcriptional repressors|Zinc fingers C2H2-type,BTB domain containing|Zinc fingers C2H2-type,BTB domain containing|Zinc fingers C2H2-type,2,True,False
Norman2019_GEARS_processed_mirror,B3_additive_seen_component,L0,ZBTB10+ctrl,1.0,ZBTB10+ctrl,0.8803004026412964,0.8803004026412964,False,ZBTB10,ZBTB10,BTB domain containing|Zinc fingers C2H2-type,BTB domain containing|Zinc fingers C2H2-type,BTB domain containing|Zinc fingers C2H2-type,2,True,True
Norman2019_GEARS_processed_mirror,B3_additive_seen_component,L0,ZBTB25+ctrl,3.0,UBASH3B+ZBTB25,0.8468828797340393,0.8423995971679688,True,ZBTB25,UBASH3B|ZBTB25,BTB domain containing|Zinc fingers C2H2-type,BTB domain containing|Protein phosphatases|Zinc fingers C2H2-type,BTB domain containing|Zinc fingers C2H2-type,2,True,False
Norman2019_GEARS_processed_mirror,B3_additive_seen_component,L0,ZC3HAV1+CEBPA,4.0,CEBPA+ctrl,0.9692514538764954,0.9494656324386596,True,ZC3HAV1|CEBPA,CEBPA,CCAAT/enhancer binding proteins|Poly(ADP-ribose) polymerases|Zinc fingers CCCH-type,CCAAT/enhancer binding proteins,CCAAT/enhancer binding proteins,1,True,False
Norman2019_GEARS_processed_mirror,B3_additive_seen_component,L0,ZC3HAV1+CEBPE,17.0,ctrl+CEBPE,0.9295734167099,0.752768874168396,True,ZC3HAV1|CEBPE,CEBPE,CCAAT/enhancer binding proteins|Poly(ADP-ribose) polymerases|Zinc fingers CCCH-type,CCAAT/enhancer binding proteins,CCAAT/enhancer binding proteins,1,True,False
Norman2019_GEARS_processed_mirror,B3_additive_seen_component,L0,ZC3HAV1+HOXC13,1.0,ZC3HAV1+HOXC13,0.8343192338943481,0.8343192338943481,False,ZC3HAV1|HOXC13,ZC3HAV1|HOXC13,HOXL subclass homeoboxes|Poly(ADP-ribose) polymerases|Zinc fingers CCCH-type,HOXL subclass homeoboxes|Poly(ADP-ribose) polymerases|Zinc fingers CCCH-type,HOXL subclass homeoboxes|Poly(ADP-ribose) polymerases|Zinc fingers CCCH-type,3,True,True
Norman2019_GEARS_processed_mirror,B3_additive_seen_component,L0,ZC3HAV1+ctrl,1.0,ZC3HAV1+ctrl,0.742520809173584,0.742520809173584,False,ZC3HAV1,ZC3HAV1,Poly(ADP-ribose) polymerases|Zinc fingers CCCH-type,Poly(ADP-ribose) polymerases|Zinc fingers CCCH-type,Poly(ADP-ribose) polymerases|Zinc fingers CCCH-type,2,True,True
Norman2019_GEARS_processed_mirror,B3_additive_seen_component,L0,ZNF318+FOXL2,1.0,ZNF318+FOXL2,0.8008576035499573,0.8008576035499573,False,ZNF318|FOXL2,ZNF318|FOXL2,Forkhead boxes|Zinc fingers C2H2-type|Zinc fingers matrin-type,Forkhead boxes|Zinc fingers C2H2-type|Zinc fingers matrin-type,Forkhead boxes|Zinc fingers C2H2-type|Zinc fingers matrin-type,3,True,True
Norman2019_GEARS_processed_mirror,B3_additive_seen_component,L0,ZNF318+ctrl,1.0,ZNF318+ctrl,0.7382242679595947,0.7382242679595947,False,ZNF318,ZNF318,Zinc fingers C2H2-type|Zinc fingers matrin-type,Zinc fingers C2H2-type|Zinc fingers matrin-type,Zinc fingers C2H2-type|Zinc fingers matrin-type,2,True,True
Norman2019_GEARS_processed_mirror,B3_additive_seen_component,L0,ctrl+BAK1,1.0,ctrl+BAK1,0.6110583543777466,0.6110583543777466,False,BAK1,BAK1,BCL2 family,BCL2 family,BCL2 family,1,True,True
Norman2019_GEARS_processed_mirror,B3_additive_seen_component,L0,ctrl+C19orf26,8.0,TGFBR2+C19orf26,0.7809458374977112,0.676702082157135,True,C19orf26,TGFBR2|C19orf26,,Type 2 receptor serine/threonine kinases,,0,False,False
Norman2019_GEARS_processed_mirror,B3_additive_seen_component,L0,ctrl+CBFA2T3,1.0,ctrl+CBFA2T3,0.7598389387130737,0.7598389387130737,False,CBFA2T3,CBFA2T3,A-kinase anchoring proteins|Zinc fingers MYND-type,A-kinase anchoring proteins|Zinc fingers MYND-type,A-kinase anchoring proteins|Zinc fingers MYND-type,2,True,True
Norman2019_GEARS_processed_mirror,B3_additive_seen_component,L0,ctrl+CDKN1A,6.0,CDKN1C+CDKN1A,0.8227364420890808,0.7481489777565002,True,CDKN1A,CDKN1C|CDKN1A,Cyclin dependent kinase inhibitor 1 family,Cyclin dependent kinase inhibitor 1 family,Cyclin dependent kinase inhibitor 1 family,1,True,False
Norman2019_GEARS_processed_mirror,B3_additive_seen_component,L0,ctrl+CDKN1B,20.0,CDKN1B+ctrl,0.8792581558227539,0.7087424993515015,True,CDKN1B,CDKN1B,Cyclin dependent kinase inhibitor 1 family,Cyclin dependent kinase inhibitor 1 family,Cyclin dependent kinase inhibitor 1 family,1,True,True
Norman2019_GEARS_processed_mirror,B3_additive_seen_component,L0,ctrl+CEBPA,2.0,CEBPA+ctrl,0.9799379110336304,0.9733421206474304,True,CEBPA,CEBPA,CCAAT/enhancer binding proteins,CCAAT/enhancer binding proteins,CCAAT/enhancer binding proteins,1,True,True
Norman2019_GEARS_processed_mirror,B3_additive_seen_component,L0,ctrl+CEBPB,2.0,CEBPB+ctrl,0.932841658592224,0.8813033699989319,True,CEBPB,CEBPB,CCAAT/enhancer binding proteins,CCAAT/enhancer binding proteins,CCAAT/enhancer binding proteins,1,True,True
Norman2019_GEARS_processed_mirror,B3_additive_seen_component,L0,ctrl+CEBPE,1.0,ctrl+CEBPE,0.9671382308006288,0.9671382308006288,False,CEBPE,CEBPE,CCAAT/enhancer binding proteins,CCAAT/enhancer binding proteins,CCAAT/enhancer binding proteins,1,True,True
Norman2019_GEARS_processed_mirror,B3_additive_seen_component,L0,ctrl+CLDN6,2.0,CLDN6+ctrl,0.9256314039230348,0.9241161346435548,True,CLDN6,CLDN6,Claudins,Claudins,Claudins,1,True,True
Norman2019_GEARS_processed_mirror,B3_additive_seen_component,L0,ctrl+CNN1,1.0,ctrl+CNN1,0.9024144411087036,0.9024144411087036,False,CNN1,CNN1,Calponin family,Calponin family,Calponin family,1,True,True
Norman2019_GEARS_processed_mirror,B3_additive_seen_component,L0,ctrl+COL2A1,2.0,COL2A1+ctrl,0.9157343506813048,0.9090468883514404,True,COL2A1,COL2A1,Fibrillar collagens,Fibrillar collagens,Fibrillar collagens,1,True,True
Norman2019_GEARS_processed_mirror,B3_additive_seen_component,L0,ctrl+DLX2,2.0,DLX2+ctrl,0.8111876249313354,0.8076414465904236,True,DLX2,DLX2,Distal-less homeobox family,Distal-less homeobox family,Distal-less homeobox family,1,True,True
Norman2019_GEARS_processed_mirror,B3_additive_seen_component,L0,ctrl+ELMSAN1,1.0,ctrl+ELMSAN1,0.7801188230514526,0.7801188230514526,False,ELMSAN1,ELMSAN1,,,,0,False,True
Norman2019_GEARS_processed_mirror,B3_additive_seen_component,L0,ctrl+ETS2,1.0,ctrl+ETS2,0.9146561622619628,0.9146561622619628,False,ETS2,ETS2,ETS transcription factor family,ETS transcription factor family,ETS transcription factor family,1,True,True
Norman2019_GEARS_processed_mirror,B3_additive_seen_component,L0,ctrl+FEV,1.0,ctrl+FEV,0.9258952736854552,0.9258952736854552,False,FEV,FEV,ETS transcription factor family,ETS transcription factor family,ETS transcription factor family,1,True,True
Norman2019_GEARS_processed_mirror,B3_additive_seen_component,L0,ctrl+FOXA1,1.0,ctrl+FOXA1,0.8115218877792358,0.8115218877792358,False,FOXA1,FOXA1,Forkhead boxes,Forkhead boxes,Forkhead boxes,1,True,True
Norman2019_GEARS_processed_mirror,B3_additive_seen_component,L0,ctrl+FOXF1,23.0,FOXA1+FOXF1,0.7103288173675537,0.563928484916687,True,FOXF1,FOXA1|FOXF1,Forkhead boxes,Forkhead boxes,Forkhead boxes,1,True,False
Norman2019_GEARS_processed_mirror,B3_additive_seen_component,L0,ctrl+FOXL2,2.0,FOXL2+ctrl,0.8122495412826538,0.811479926109314,True,FOXL2,FOXL2,Forkhead boxes,Forkhead boxes,Forkhead boxes,1,True,True
Norman2019_GEARS_processed_mirror,B3_additive_seen_component,L0,ctrl+HOXB9,3.0,HOXB9+ctrl,0.8636824488639832,0.8137834072113037,True,HOXB9,HOXB9,HOXL subclass homeoboxes,HOXL subclass homeoboxes,HOXL subclass homeoboxes,1,True,True
Norman2019_GEARS_processed_mirror,B3_additive_seen_component,L0,ctrl+HOXC13,2.0,HOXA13+ctrl,0.8543930649757385,0.8470497727394104,True,HOXC13,HOXA13,HOXL subclass homeoboxes,HOXL subclass homeoboxes,HOXL subclass homeoboxes,1,True,False
Norman2019_GEARS_processed_mirror,B3_additive_seen_component,L0,ctrl+IER5L,10.0,IKZF3+ctrl,0.8217069506645203,0.7612901926040649,True,IER5L,IKZF3,,Zinc fingers C2H2-type,,0,False,False
Norman2019_GEARS_processed_mirror,B3_additive_seen_component,L0,ctrl+IGDCC3,5.0,TGFBR2+IGDCC3,0.8866616487503052,0.8312450647354126,True,IGDCC3,TGFBR2|IGDCC3,Fibronectin type III domain containing|I-set domain containing,Fibronectin type III domain containing|I-set domain containing|Type 2 receptor serine/threonine kinases,Fibronectin type III domain containing|I-set domain containing,2,True,False
Norman2019_GEARS_processed_mirror,B3_additive_seen_component,L0,ctrl+IKZF3,2.0,IKZF3+ctrl,0.9739440083503724,0.950209140777588,True,IKZF3,IKZF3,Zinc fingers C2H2-type,Zinc fingers C2H2-type,Zinc fingers C2H2-type,1,True,True
Norman2019_GEARS_processed_mirror,B3_additive_seen_component,L0,ctrl+ISL2,3.0,ISL2+ctrl,0.5410817861557007,0.4745003879070282,True,ISL2,ISL2,LIM class homeoboxes,LIM class homeoboxes,LIM class homeoboxes,1,True,True
Norman2019_GEARS_processed_mirror,B3_additive_seen_component,L0,ctrl+KIF2C,2.0,KIF2C+ctrl,0.513067364692688,0.4843503832817077,True,KIF2C,KIF2C,Kinesins|Small nucleolar RNA protein coding host genes,Kinesins|Small nucleolar RNA protein coding host genes,Kinesins|Small nucleolar RNA protein coding host genes,2,True,True
Norman2019_GEARS_processed_mirror,B3_additive_seen_component,L0,ctrl+KLF1,2.0,KLF1+ctrl,0.9697625041007996,0.9497230052947998,True,KLF1,KLF1,KLF transcription factors|Zinc fingers C2H2-type,KLF transcription factors|Zinc fingers C2H2-type,KLF transcription factors|Zinc fingers C2H2-type,2,True,True
Norman2019_GEARS_processed_mirror,B3_additive_seen_component,L0,ctrl+MAP2K6,5.0,MAP2K3+MAP2K6,0.7903656959533691,0.6796369552612305,True,MAP2K6,MAP2K3|MAP2K6,Mitogen-activated protein kinase kinases,Mitogen-activated protein kinase kinases,Mitogen-activated protein kinase kinases,1,True,False
Norman2019_GEARS_processed_mirror,B3_additive_seen_component,L0,ctrl+MAP7D1,1.0,ctrl+MAP7D1,0.6276910305023193,0.6276910305023193,False,MAP7D1,MAP7D1,Microtubule associated protein 7 family,Microtubule associated protein 7 family,Microtubule associated protein 7 family,1,True,True
Norman2019_GEARS_processed_mirror,B3_additive_seen_component,L0,ctrl+MAPK1,1.0,ctrl+MAPK1,0.943069338798523,0.943069338798523,False,MAPK1,MAPK1,Mitogen-activated protein kinase 3 and 1 (ERK1/2) family,Mitogen-activated protein kinase 3 and 1 (ERK1/2) family,Mitogen-activated protein kinase 3 and 1 (ERK1/2) family,1,True,True
Norman2019_GEARS_processed_mirror,B3_additive_seen_component,L0,ctrl+MEIS1,2.0,LYL1+IER5L,0.6866928339004517,0.652416467666626,True,MEIS1,LYL1|IER5L,TALE class homeoboxes and pseudogenes,Basic helix-loop-helix proteins,,0,False,False
Norman2019_GEARS_processed_mirror,B3_additive_seen_component,L0,ctrl+OSR2,1.0,ctrl+OSR2,0.9205390214920044,0.9205390214920044,False,OSR2,OSR2,Zinc fingers C2H2-type,Zinc fingers C2H2-type,Zinc fingers C2H2-type,1,True,True
Norman2019_GEARS_processed_mirror,B3_additive_seen_component,L0,ctrl+PRTG,2.0,PRTG+ctrl,0.927029311656952,0.9076018929481506,True,PRTG,PRTG,Fibronectin type III domain containing|I-set domain containing,Fibronectin type III domain containing|I-set domain containing,Fibronectin type III domain containing|I-set domain containing,2,True,True
Norman2019_GEARS_processed_mirror,B3_additive_seen_component,L0,ctrl+PTPN12,10.0,PTPN12+UBASH3A,0.8540647625923157,0.7510709166526794,True,PTPN12,PTPN12|UBASH3A,Protein tyrosine phosphatases non-receptor type,Protein tyrosine phosphatases non-receptor type,Protein tyrosine phosphatases non-receptor type,1,True,False
Norman2019_GEARS_processed_mirror,B3_additive_seen_component,L0,ctrl+PTPN9,18.0,PTPN12+PTPN9,0.7821284532546997,0.6424160003662109,True,PTPN9,PTPN12|PTPN9,CRAL-TRIO lipid binding domain containing|Protein tyrosine phosphatases non-receptor type,CRAL-TRIO lipid binding domain containing|Protein tyrosine phosphatases non-receptor type,CRAL-TRIO lipid binding domain containing|Protein tyrosine phosphatases non-receptor type,2,True,False
Norman2019_GEARS_processed_mirror,B3_additive_seen_component,L0,ctrl+RUNX1T1,1.0,ctrl+RUNX1T1,0.5072964429855347,0.5072964429855347,False,RUNX1T1,RUNX1T1,Zinc fingers MYND-type,Zinc fingers MYND-type,Zinc fingers MYND-type,1,True,True
Norman2019_GEARS_processed_mirror,B3_additive_seen_component,L0,ctrl+SAMD1,2.0,SAMD1+ctrl,0.8382928371429443,0.8331546187400818,True,SAMD1,SAMD1,Sterile alpha motif domain containing,Sterile alpha motif domain containing,Sterile alpha motif domain containing,1,True,True
Norman2019_GEARS_processed_mirror,B3_additive_seen_component,L0,ctrl+SET,2.0,SET+ctrl,0.9579663276672364,0.9262772798538208,True,SET,SET,INHAT complex|Nucleosome assembly protein superfamily|SET complex,INHAT complex|Nucleosome assembly protein superfamily|SET complex,INHAT complex|Nucleosome assembly protein superfamily|SET complex,3,True,True
Norman2019_GEARS_processed_mirror,B3_additive_seen_component,L0,ctrl+SLC38A2,2.0,MAP2K3+SLC38A2,0.5449239611625671,0.4816271066665649,True,SLC38A2,MAP2K3|SLC38A2,Solute carrier family 38,Mitogen-activated protein kinase kinases|Solute carrier family 38,Solute carrier family 38,1,True,False
Norman2019_GEARS_processed_mirror,B3_additive_seen_component,L0,ctrl+SNAI1,2.0,SNAI1+ctrl,0.8241514563560486,0.7716185450553894,True,SNAI1,SNAI1,SNAG transcriptional repressors|Zinc fingers C2H2-type,SNAG transcriptional repressors|Zinc fingers C2H2-type,SNAG transcriptional repressors|Zinc fingers C2H2-type,2,True,True
Norman2019_GEARS_processed_mirror,B3_additive_seen_component,L0,ctrl+SPI1,2.0,SPI1+ctrl,0.9247198104858398,0.9235001802444458,True,SPI1,SPI1,ETS transcription factor family,ETS transcription factor family,ETS transcription factor family,1,True,True
Norman2019_GEARS_processed_mirror,B3_additive_seen_component,L0,ctrl+STIL,32.0,DUSP9+SNAI1,0.5699375867843628,0.4551444351673126,True,STIL,DUSP9|SNAI1,,MAP kinase phosphatases|SNAG transcriptional repressors|Zinc fingers C2H2-type,,0,False,False
Norman2019_GEARS_processed_mirror,B3_additive_seen_component,L0,ctrl+TBX2,1.0,ctrl+TBX2,0.8946654796600342,0.8946654796600342,False,TBX2,TBX2,T-box transcription factors,T-box transcription factors,T-box transcription factors,1,True,True
Norman2019_GEARS_processed_mirror,B3_additive_seen_component,L0,ctrl+TBX3,2.0,TBX3+ctrl,0.909289300441742,0.888995885848999,True,TBX3,TBX3,T-box transcription factors,T-box transcription factors,T-box transcription factors,1,True,True
Norman2019_GEARS_processed_mirror,B3_additive_seen_component,L0,ctrl+TGFBR2,46.0,BCL2L11+TGFBR2,0.5932472944259644,0.4170075058937073,True,TGFBR2,BCL2L11|TGFBR2,Type 2 receptor serine/threonine kinases,BCL2 homology region 3 (BH3) only|Type 2 receptor serine/threonine kinases,Type 2 receptor serine/threonine kinases,1,True,False
Norman2019_GEARS_processed_mirror,B3_additive_seen_component,L0,ctrl+UBASH3A,126.0,UBASH3A+ctrl,0.6652818918228149,0.3291264176368713,True,UBASH3A,UBASH3A,,,,0,False,True
Norman2019_GEARS_processed_mirror,B3_additive_seen_component,L0,ctrl+UBASH3B,15.0,UBASH3B+UBASH3A,0.845104455947876,0.7763087749481201,True,UBASH3B,UBASH3B|UBASH3A,Protein phosphatases,Protein phosphatases,Protein phosphatases,1,True,False
Norman2019_GEARS_processed_mirror,B3_additive_seen_component,L0,ctrl+ZBTB1,1.0,ctrl+ZBTB1,0.8997247219085693,0.8997247219085693,False,ZBTB1,ZBTB1,BTB domain containing|Zinc fingers C2H2-type,BTB domain containing|Zinc fingers C2H2-type,BTB domain containing|Zinc fingers C2H2-type,2,True,True
Norman2019_GEARS_processed_mirror,B3_additive_seen_component,L0,ctrl+ZBTB25,4.0,UBASH3B+ZBTB25,0.8468828797340393,0.8273136615753174,True,ZBTB25,UBASH3B|ZBTB25,BTB domain containing|Zinc fingers C2H2-type,BTB domain containing|Protein phosphatases|Zinc fingers C2H2-type,BTB domain containing|Zinc fingers C2H2-type,2,True,False
Norman2019_GEARS_processed_mirror,B4_pca_ridge,L0,AHR+FEV,5.0,FEV+ISL2,0.9141777786385076,0.8390842359487138,True,AHR|FEV,FEV|ISL2,Basic helix-loop-helix proteins|ETS transcription factor family|PAS domain containing,ETS transcription factor family|LIM class homeoboxes,ETS transcription factor family,1,True,False
Norman2019_GEARS_processed_mirror,B4_pca_ridge,L0,AHR+KLF1,2.0,KLF1+ctrl,0.8859544104929806,0.8719343838291564,True,AHR|KLF1,KLF1,Basic helix-loop-helix proteins|KLF transcription factors|PAS domain containing|Zinc fingers C2H2-type,KLF transcription factors|Zinc fingers C2H2-type,KLF transcription factors|Zinc fingers C2H2-type,2,True,False
Norman2019_GEARS_processed_mirror,B4_pca_ridge,L0,AHR+ctrl,69.0,LYL1+IER5L,0.8231956493163575,0.6439751057402845,True,AHR,LYL1|IER5L,Basic helix-loop-helix proteins|PAS domain containing,Basic helix-loop-helix proteins,Basic helix-loop-helix proteins,1,True,False
Norman2019_GEARS_processed_mirror,B4_pca_ridge,L0,ARID1A+ctrl,59.0,LYL1+IER5L,0.8163975780401129,0.6706714555219879,True,ARID1A,LYL1|IER5L,AT-rich interaction domain containing|Armadillo like helical domain containing|BAF complex subunits,Basic helix-loop-helix proteins,,0,False,False
Norman2019_GEARS_processed_mirror,B4_pca_ridge,L0,ARRDC3+ctrl,123.0,LYL1+IER5L,0.8163975780401131,0.5569538591209056,True,ARRDC3,LYL1|IER5L,Alpha arrestins,Basic helix-loop-helix proteins,,0,False,False
Norman2019_GEARS_processed_mirror,B4_pca_ridge,L0,ATL1+ctrl,44.0,LYL1+IER5L,0.8163975780401128,0.6883657514567898,True,ATL1,LYL1|IER5L,Atlastins,Basic helix-loop-helix proteins,,0,False,False
Norman2019_GEARS_processed_mirror,B4_pca_ridge,L0,BAK1+ctrl,271.0,SAMD1+ZBTB1,0.78318958619809,-0.0981965315288033,True,BAK1,SAMD1|ZBTB1,BCL2 family,BTB domain containing|Sterile alpha motif domain containing|Zinc fingers C2H2-type,,0,False,False
Norman2019_GEARS_processed_mirror,B4_pca_ridge,L0,BCL2L11+BAK1,273.0,CDKN1B+ctrl,0.7727412721659085,-0.1001784155765924,True,BCL2L11|BAK1,CDKN1B,BCL2 family|BCL2 homology region 3 (BH3) only,Cyclin dependent kinase inhibitor 1 family,,0,False,False
Norman2019_GEARS_processed_mirror,B4_pca_ridge,L0,BCL2L11+TGFBR2,97.0,TGFBR2+IGDCC3,0.78011814296856,0.5058294777173082,True,BCL2L11|TGFBR2,TGFBR2|IGDCC3,BCL2 homology region 3 (BH3) only|Type 2 receptor serine/threonine kinases,Fibronectin type III domain containing|I-set domain containing|Type 2 receptor serine/threonine kinases,Type 2 receptor serine/threonine kinases,1,True,False
Norman2019_GEARS_processed_mirror,B4_pca_ridge,L0,BCL2L11+ctrl,252.0,TP73+ctrl,0.8048978678531051,0.1288516645538317,True,BCL2L11,TP73,BCL2 homology region 3 (BH3) only,,,0,False,False
Norman2019_GEARS_processed_mirror,B4_pca_ridge,L0,BCORL1+ctrl,216.0,LYL1+IER5L,0.8163975780401129,0.3031808776934005,True,BCORL1,LYL1|IER5L,Ankyrin repeat domain containing,Basic helix-loop-helix proteins,,0,False,False
Norman2019_GEARS_processed_mirror,B4_pca_ridge,L0,BPGM+SAMD1,3.0,SAMD1+UBASH3B,0.9156396567633132,0.8932856467291064,True,BPGM|SAMD1,SAMD1|UBASH3B,Bisphosphoglycerate phosphatases|Phosphoglycerate mutases|Sterile alpha motif domain containing,Protein phosphatases|Sterile alpha motif domain containing,Sterile alpha motif domain containing,1,True,False
Norman2019_GEARS_processed_mirror,B4_pca_ridge,L0,BPGM+ZBTB1,5.0,SAMD1+UBASH3B,0.9073890117821162,0.8740946714173836,True,BPGM|ZBTB1,SAMD1|UBASH3B,BTB domain containing|Bisphosphoglycerate phosphatases|Phosphoglycerate mutases|Zinc fingers C2H2-type,Protein phosphatases|Sterile alpha motif domain containing,,0,False,False
Norman2019_GEARS_processed_mirror,B4_pca_ridge,L0,BPGM+ctrl,75.0,SAMD1+ZBTB1,0.8731928856997423,0.6605931360397772,True,BPGM,SAMD1|ZBTB1,Bisphosphoglycerate phosphatases|Phosphoglycerate mutases,BTB domain containing|Sterile alpha motif domain containing|Zinc fingers C2H2-type,,0,False,False
Norman2019_GEARS_processed_mirror,B4_pca_ridge,L0,C19orf26+ctrl,167.0,LYL1+IER5L,0.8124736874244712,0.4558450404807776,True,C19orf26,LYL1|IER5L,,Basic helix-loop-helix proteins,,0,False,False
Norman2019_GEARS_processed_mirror,B4_pca_ridge,L0,C3orf72+FOXL2,30.0,FOXF1+FOXL2,0.9004114521549085,0.6533003393190092,True,C3orf72|FOXL2,FOXF1|FOXL2,Forkhead boxes,Forkhead boxes,Forkhead boxes,1,True,False
Norman2019_GEARS_processed_mirror,B4_pca_ridge,L0,C3orf72+ctrl,13.0,POU3F2+FOXL2,0.8202976773371315,0.7450596016990304,True,C3orf72,POU3F2|FOXL2,,Forkhead boxes|POU class homeoboxes and pseudogenes,,0,False,False
Norman2019_GEARS_processed_mirror,B4_pca_ridge,L0,CBFA2T3+ctrl,251.0,FEV+CBFA2T3,0.8545162276674962,0.1284622777953723,True,CBFA2T3,FEV|CBFA2T3,A-kinase anchoring proteins|Zinc fingers MYND-type,A-kinase anchoring proteins|ETS transcription factor family|Zinc fingers MYND-type,A-kinase anchoring proteins|Zinc fingers MYND-type,2,True,False
Norman2019_GEARS_processed_mirror,B4_pca_ridge,L0,CBL+CNN1,2.0,UBASH3B+CNN1,0.9388839198987694,0.9336561600337324,True,CBL|CNN1,UBASH3B|CNN1,Calponin family|Ring finger proteins,Calponin family|Protein phosphatases,Calponin family,1,True,False
Norman2019_GEARS_processed_mirror,B4_pca_ridge,L0,CBL+PTPN12,2.0,PTPN12+UBASH3A,0.941865982645919,0.9377462411477532,True,CBL|PTPN12,PTPN12|UBASH3A,Protein tyrosine phosphatases non-receptor type|Ring finger proteins,Protein tyrosine phosphatases non-receptor type,Protein tyrosine phosphatases non-receptor type,1,True,False
Norman2019_GEARS_processed_mirror,B4_pca_ridge,L0,CBL+PTPN9,16.0,CBL+UBASH3B,0.9471126286263792,0.8482506494833504,True,CBL|PTPN9,CBL|UBASH3B,CRAL-TRIO lipid binding domain containing|Protein tyrosine phosphatases non-receptor type|Ring finger proteins,Protein phosphatases|Ring finger proteins,Ring finger proteins,1,True,False
Norman2019_GEARS_processed_mirror,B4_pca_ridge,L0,CBL+TGFBR2,7.0,CBL+UBASH3B,0.9205358050899456,0.8680293876922582,True,CBL|TGFBR2,CBL|UBASH3B,Ring finger proteins|Type 2 receptor serine/threonine kinases,Protein phosphatases|Ring finger proteins,Ring finger proteins,1,True,False
Norman2019_GEARS_processed_mirror,B4_pca_ridge,L0,CBL+UBASH3A,29.0,CBL+UBASH3B,0.9383142156466736,0.7617037655570555,True,CBL|UBASH3A,CBL|UBASH3B,Ring finger proteins,Protein phosphatases|Ring finger proteins,Ring finger proteins,1,True,False
Norman2019_GEARS_processed_mirror,B4_pca_ridge,L0,CBL+UBASH3B,1.0,CBL+UBASH3B,0.9547560880207924,0.9547560880207924,False,CBL|UBASH3B,CBL|UBASH3B,Protein phosphatases|Ring finger proteins,Protein phosphatases|Ring finger proteins,Protein phosphatases|Ring finger proteins,2,True,True
Norman2019_GEARS_processed_mirror,B4_pca_ridge,L0,CBL+ctrl,16.0,CBL+UBASH3B,0.9547119771161258,0.850450267100016,True,CBL,CBL|UBASH3B,Ring finger proteins,Protein phosphatases|Ring finger proteins,Ring finger proteins,1,True,False
Norman2019_GEARS_processed_mirror,B4_pca_ridge,L0,CDKN1A+ctrl,19.0,TP73+ctrl,0.7867638352648366,0.7355806332563168,True,CDKN1A,TP73,Cyclin dependent kinase inhibitor 1 family,,,0,False,False
Norman2019_GEARS_processed_mirror,B4_pca_ridge,L0,CDKN1B+CDKN1A,15.0,CDKN1B+ctrl,0.7796299446165328,0.7253532789695245,True,CDKN1B|CDKN1A,CDKN1B,Cyclin dependent kinase inhibitor 1 family,Cyclin dependent kinase inhibitor 1 family,Cyclin dependent kinase inhibitor 1 family,1,True,False
Norman2019_GEARS_processed_mirror,B4_pca_ridge,L0,CDKN1B+ctrl,3.0,TP73+ctrl,0.7867638352648362,0.7757333062469114,True,CDKN1B,TP73,Cyclin dependent kinase inhibitor 1 family,,,0,False,False
Norman2019_GEARS_processed_mirror,B4_pca_ridge,L0,CDKN1C+CDKN1A,12.0,CDKN1B+ctrl,0.7823184927194484,0.7380146965905535,True,CDKN1C|CDKN1A,CDKN1B,Cyclin dependent kinase inhibitor 1 family,Cyclin dependent kinase inhibitor 1 family,Cyclin dependent kinase inhibitor 1 family,1,True,False
Norman2019_GEARS_processed_mirror,B4_pca_ridge,L0,CDKN1C+CDKN1B,58.0,CDKN1B+ctrl,0.7823184927194482,0.6528550948963712,True,CDKN1C|CDKN1B,CDKN1B,Cyclin dependent kinase inhibitor 1 family,Cyclin dependent kinase inhibitor 1 family,Cyclin dependent kinase inhibitor 1 family,1,True,False
Norman2019_GEARS_processed_mirror,B4_pca_ridge,L0,CDKN1C+ctrl,14.0,TP73+ctrl,0.7960142364448981,0.7432306978931569,True,CDKN1C,TP73,Cyclin dependent kinase inhibitor 1 family,,,0,False,False
Norman2019_GEARS_processed_mirror,B4_pca_ridge,L0,CEBPA+ctrl,1.0,CEBPA+ctrl,0.9717291492404194,0.9717291492404194,False,CEBPA,CEBPA,CCAAT/enhancer binding proteins,CCAAT/enhancer binding proteins,CCAAT/enhancer binding proteins,1,True,True
Norman2019_GEARS_processed_mirror,B4_pca_ridge,L0,CEBPB+CEBPA,13.0,CEBPA+ctrl,0.9672444297050514,0.8700261113150214,True,CEBPB|CEBPA,CEBPA,CCAAT/enhancer binding proteins,CCAAT/enhancer binding proteins,CCAAT/enhancer binding proteins,1,True,False
Norman2019_GEARS_processed_mirror,B4_pca_ridge,L0,CEBPB+MAPK1,1.0,CEBPB+MAPK1,0.9280910961185788,0.9280910961185788,False,CEBPB|MAPK1,CEBPB|MAPK1,CCAAT/enhancer binding proteins|Mitogen-activated protein kinase 3 and 1 (ERK1/2) family,CCAAT/enhancer binding proteins|Mitogen-activated protein kinase 3 and 1 (ERK1/2) family,CCAAT/enhancer binding proteins|Mitogen-activated protein kinase 3 and 1 (ERK1/2) family,2,True,True
Norman2019_GEARS_processed_mirror,B4_pca_ridge,L0,CEBPB+OSR2,1.0,CEBPB+OSR2,0.9189507926467751,0.9189507926467751,False,CEBPB|OSR2,CEBPB|OSR2,CCAAT/enhancer binding proteins|Zinc fingers C2H2-type,CCAAT/enhancer binding proteins|Zinc fingers C2H2-type,CCAAT/enhancer binding proteins|Zinc fingers C2H2-type,2,True,True
Norman2019_GEARS_processed_mirror,B4_pca_ridge,L0,CEBPB+PTPN12,16.0,CEBPB+ctrl,0.8592606356475978,0.7632377964141709,True,CEBPB|PTPN12,CEBPB,CCAAT/enhancer binding proteins|Protein tyrosine phosphatases non-receptor type,CCAAT/enhancer binding proteins,CCAAT/enhancer binding proteins,1,True,False
Norman2019_GEARS_processed_mirror,B4_pca_ridge,L0,CEBPB+ctrl,2.0,CEBPB+OSR2,0.9092409283379044,0.9055014436547976,True,CEBPB,CEBPB|OSR2,CCAAT/enhancer binding proteins,CCAAT/enhancer binding proteins|Zinc fingers C2H2-type,CCAAT/enhancer binding proteins,1,True,False
Norman2019_GEARS_processed_mirror,B4_pca_ridge,L0,CEBPE+CEBPA,2.0,CEBPA+ctrl,0.9663610146189962,0.9610196071349132,True,CEBPE|CEBPA,CEBPA,CCAAT/enhancer binding proteins,CCAAT/enhancer binding proteins,CCAAT/enhancer binding proteins,1,True,False
Norman2019_GEARS_processed_mirror,B4_pca_ridge,L0,CEBPE+CEBPB,5.0,ctrl+CEBPE,0.9425127559400384,0.9118272616682186,True,CEBPE|CEBPB,CEBPE,CCAAT/enhancer binding proteins,CCAAT/enhancer binding proteins,CCAAT/enhancer binding proteins,1,True,False
Norman2019_GEARS_processed_mirror,B4_pca_ridge,L0,CEBPE+CNN1,17.0,ctrl+CEBPE,0.8911791221651888,0.7391370955631018,True,CEBPE|CNN1,CEBPE,CCAAT/enhancer binding proteins|Calponin family,CCAAT/enhancer binding proteins,CCAAT/enhancer binding proteins,1,True,False
Norman2019_GEARS_processed_mirror,B4_pca_ridge,L0,CEBPE+KLF1,2.0,KLF1+CEBPA,0.8360391400988076,0.8222517019424062,True,CEBPE|KLF1,KLF1|CEBPA,CCAAT/enhancer binding proteins|KLF transcription factors|Zinc fingers C2H2-type,CCAAT/enhancer binding proteins|KLF transcription factors|Zinc fingers C2H2-type,CCAAT/enhancer binding proteins|KLF transcription factors|Zinc fingers C2H2-type,3,True,False
Norman2019_GEARS_processed_mirror,B4_pca_ridge,L0,CEBPE+PTPN12,3.0,ctrl+CEBPE,0.8634972042406224,0.8315634475948198,True,CEBPE|PTPN12,CEBPE,CCAAT/enhancer binding proteins|Protein tyrosine phosphatases non-receptor type,CCAAT/enhancer binding proteins,CCAAT/enhancer binding proteins,1,True,False
Norman2019_GEARS_processed_mirror,B4_pca_ridge,L0,CEBPE+RUNX1T1,6.0,ctrl+CEBPE,0.9638683497968028,0.9154944434381256,True,CEBPE|RUNX1T1,CEBPE,CCAAT/enhancer binding proteins|Zinc fingers MYND-type,CCAAT/enhancer binding proteins,CCAAT/enhancer binding proteins,1,True,False
Norman2019_GEARS_processed_mirror,B4_pca_ridge,L0,CEBPE+SPI1,4.0,ctrl+CEBPE,0.9590107393389536,0.915165533447306,True,CEBPE|SPI1,CEBPE,CCAAT/enhancer binding proteins|ETS transcription factor family,CCAAT/enhancer binding proteins,CCAAT/enhancer binding proteins,1,True,False
Norman2019_GEARS_processed_mirror,B4_pca_ridge,L0,CEBPE+ctrl,2.0,ctrl+CEBPE,0.9617690763024184,0.9438587127378546,True,CEBPE,CEBPE,CCAAT/enhancer binding proteins,CCAAT/enhancer binding proteins,CCAAT/enhancer binding proteins,1,True,True
Norman2019_GEARS_processed_mirror,B4_pca_ridge,L0,CELF2+ctrl,241.0,LYL1+IER5L,0.8163975780401129,0.1899275323531238,True,CELF2,LYL1|IER5L,RNA binding motif containing,Basic helix-loop-helix proteins,,0,False,False
Norman2019_GEARS_processed_mirror,B4_pca_ridge,L0,CITED1+ctrl,125.0,LYL1+IER5L,0.8163975780401129,0.5489602907696335,True,CITED1,LYL1|IER5L,CBP/p300-interacting transactivator with ED-rich tail family,Basic helix-loop-helix proteins,,0,False,False
Norman2019_GEARS_processed_mirror,B4_pca_ridge,L0,CKS1B+ctrl,144.0,LYL1+IER5L,0.8163975780401131,0.5043857208364199,True,CKS1B,LYL1|IER5L,MicroRNA protein coding host genes,Basic helix-loop-helix proteins,,0,False,False
Norman2019_GEARS_processed_mirror,B4_pca_ridge,L0,CLDN6+ctrl,54.0,SAMD1+ZBTB1,0.8112654251400109,0.6873952183703957,True,CLDN6,SAMD1|ZBTB1,Claudins,BTB domain containing|Sterile alpha motif domain containing|Zinc fingers C2H2-type,,0,False,False
Norman2019_GEARS_processed_mirror,B4_pca_ridge,L0,CNN1+MAPK1,2.0,ETS2+CNN1,0.823790117290117,0.8083440690028347,True,CNN1|MAPK1,ETS2|CNN1,Calponin family|Mitogen-activated protein kinase 3 and 1 (ERK1/2) family,Calponin family|ETS transcription factor family,Calponin family,1,True,False
Norman2019_GEARS_processed_mirror,B4_pca_ridge,L0,CNN1+UBASH3A,5.0,UBASH3B+CNN1,0.9412828036173544,0.8747654271849179,True,CNN1|UBASH3A,UBASH3B|CNN1,Calponin family,Calponin family|Protein phosphatases,Calponin family,1,True,False
Norman2019_GEARS_processed_mirror,B4_pca_ridge,L0,CNN1+ctrl,29.0,UBASH3B+CNN1,0.8987797509669204,0.6933069619343868,True,CNN1,UBASH3B|CNN1,Calponin family,Calponin family|Protein phosphatases,Calponin family,1,True,False
Norman2019_GEARS_processed_mirror,B4_pca_ridge,L0,CNNM4+ctrl,177.0,LYL1+IER5L,0.8163975780401131,0.4408810184595613,True,CNNM4,LYL1|IER5L,"MicroRNA protein coding host genes|Solute carrier family 70, cyclin and CBS domain divalent metal cation transport mediators",Basic helix-loop-helix proteins,,0,False,False
Norman2019_GEARS_processed_mirror,B4_pca_ridge,L0,COL1A1+ctrl,193.0,LYL1+IER5L,0.8163975780401131,0.3914460421248172,True,COL1A1,LYL1|IER5L,Fibrillar collagens,Basic helix-loop-helix proteins,,0,False,False
Norman2019_GEARS_processed_mirror,B4_pca_ridge,L0,COL2A1+ctrl,242.0,SAMD1+ZBTB1,0.8112654251400107,0.1952044156900021,True,COL2A1,SAMD1|ZBTB1,Fibrillar collagens,BTB domain containing|Sterile alpha motif domain containing|Zinc fingers C2H2-type,,0,False,False
Norman2019_GEARS_processed_mirror,B4_pca_ridge,L0,CSRNP1+ctrl,278.0,LYL1+IER5L,0.8163975780401129,-0.2521197696697711,True,CSRNP1,LYL1|IER5L,,Basic helix-loop-helix proteins,,0,False,False
Norman2019_GEARS_processed_mirror,B4_pca_ridge,L0,DLX2+ctrl,85.0,DUSP9+SNAI1,0.8752798867153124,0.5341469917185326,True,DLX2,DUSP9|SNAI1,Distal-less homeobox family,MAP kinase phosphatases|SNAG transcriptional repressors|Zinc fingers C2H2-type,,0,False,False
Norman2019_GEARS_processed_mirror,B4_pca_ridge,L0,DUSP9+ETS2,2.0,DUSP9+IGDCC3,0.7941930157971404,0.7814060556704634,True,DUSP9|ETS2,DUSP9|IGDCC3,ETS transcription factor family|MAP kinase phosphatases,Fibronectin type III domain containing|I-set domain containing|MAP kinase phosphatases,MAP kinase phosphatases,1,True,False
Norman2019_GEARS_processed_mirror,B4_pca_ridge,L0,DUSP9+IGDCC3,1.0,DUSP9+IGDCC3,0.9309044837101148,0.9309044837101148,False,DUSP9|IGDCC3,DUSP9|IGDCC3,Fibronectin type III domain containing|I-set domain containing|MAP kinase phosphatases,Fibronectin type III domain containing|I-set domain containing|MAP kinase phosphatases,Fibronectin type III domain containing|I-set domain containing|MAP kinase phosphatases,3,True,True
Norman2019_GEARS_processed_mirror,B4_pca_ridge,L0,DUSP9+KLF1,1.0,DUSP9+KLF1,0.9082386278504876,0.9082386278504876,False,DUSP9|KLF1,DUSP9|KLF1,KLF transcription factors|MAP kinase phosphatases|Zinc fingers C2H2-type,KLF transcription factors|MAP kinase phosphatases|Zinc fingers C2H2-type,KLF transcription factors|MAP kinase phosphatases|Zinc fingers C2H2-type,3,True,True
Norman2019_GEARS_processed_mirror,B4_pca_ridge,L0,DUSP9+MAPK1,9.0,ETS2+PRTG,0.7476243745278971,0.6515454023940617,True,DUSP9|MAPK1,ETS2|PRTG,MAP kinase phosphatases|Mitogen-activated protein kinase 3 and 1 (ERK1/2) family,ETS transcription factor family|Fibronectin type III domain containing|I-set domain containing,,0,False,False
Norman2019_GEARS_processed_mirror,B4_pca_ridge,L0,DUSP9+PRTG,2.0,DUSP9+IGDCC3,0.9020780097669894,0.8946326446086281,True,DUSP9|PRTG,DUSP9|IGDCC3,Fibronectin type III domain containing|I-set domain containing|MAP kinase phosphatases,Fibronectin type III domain containing|I-set domain containing|MAP kinase phosphatases,Fibronectin type III domain containing|I-set domain containing|MAP kinase phosphatases,3,True,False
Norman2019_GEARS_processed_mirror,B4_pca_ridge,L0,DUSP9+SNAI1,1.0,DUSP9+SNAI1,0.901235263417966,0.901235263417966,False,DUSP9|SNAI1,DUSP9|SNAI1,MAP kinase phosphatases|SNAG transcriptional repressors|Zinc fingers C2H2-type,MAP kinase phosphatases|SNAG transcriptional repressors|Zinc fingers C2H2-type,MAP kinase phosphatases|SNAG transcriptional repressors|Zinc fingers C2H2-type,3,True,True
Norman2019_GEARS_processed_mirror,B4_pca_ridge,L0,DUSP9+ctrl,4.0,DUSP9+IGDCC3,0.9090558550897412,0.808857715391639,True,DUSP9,DUSP9|IGDCC3,MAP kinase phosphatases,Fibronectin type III domain containing|I-set domain containing|MAP kinase phosphatases,MAP kinase phosphatases,1,True,False
Norman2019_GEARS_processed_mirror,B4_pca_ridge,L0,EGR1+ctrl,88.0,LYL1+IER5L,0.8163975780401129,0.6363863647407557,True,EGR1,LYL1|IER5L,Zinc fingers C2H2-type,Basic helix-loop-helix proteins,,0,False,False
Norman2019_GEARS_processed_mirror,B4_pca_ridge,L0,ELMSAN1+ctrl,186.0,ZBTB10+ELMSAN1,0.6634132529087021,0.1098083498303179,True,ELMSAN1,ZBTB10|ELMSAN1,,BTB domain containing|Zinc fingers C2H2-type,,0,False,False
Norman2019_GEARS_processed_mirror,B4_pca_ridge,L0,ETS2+CEBPE,1.0,ETS2+CEBPE,0.9413182849978474,0.9413182849978474,False,ETS2|CEBPE,ETS2|CEBPE,CCAAT/enhancer binding proteins|ETS transcription factor family,CCAAT/enhancer binding proteins|ETS transcription factor family,CCAAT/enhancer binding proteins|ETS transcription factor family,2,True,True
Norman2019_GEARS_processed_mirror,B4_pca_ridge,L0,ETS2+CNN1,1.0,ETS2+CNN1,0.8544300900611213,0.8544300900611213,False,ETS2|CNN1,ETS2|CNN1,Calponin family|ETS transcription factor family,Calponin family|ETS transcription factor family,Calponin family|ETS transcription factor family,2,True,True
Norman2019_GEARS_processed_mirror,B4_pca_ridge,L0,ETS2+IGDCC3,2.0,DUSP9+IGDCC3,0.8221781947401633,0.8197562112546484,True,ETS2|IGDCC3,DUSP9|IGDCC3,ETS transcription factor family|Fibronectin type III domain containing|I-set domain containing,Fibronectin type III domain containing|I-set domain containing|MAP kinase phosphatases,Fibronectin type III domain containing|I-set domain containing,2,True,False
Norman2019_GEARS_processed_mirror,B4_pca_ridge,L0,ETS2+IKZF3,2.0,MAPK1+IKZF3,0.8860173648853908,0.8717785773246628,True,ETS2|IKZF3,MAPK1|IKZF3,ETS transcription factor family|Zinc fingers C2H2-type,Mitogen-activated protein kinase 3 and 1 (ERK1/2) family|Zinc fingers C2H2-type,Zinc fingers C2H2-type,1,True,False
Norman2019_GEARS_processed_mirror,B4_pca_ridge,L0,ETS2+MAP7D1,10.0,ETS2+MAPK1,0.7403502448467874,0.6697175411572849,True,ETS2|MAP7D1,ETS2|MAPK1,ETS transcription factor family|Microtubule associated protein 7 family,ETS transcription factor family|Mitogen-activated protein kinase 3 and 1 (ERK1/2) family,ETS transcription factor family,1,True,False
Norman2019_GEARS_processed_mirror,B4_pca_ridge,L0,ETS2+MAPK1,2.0,MAPK1+TGFBR2,0.8868272952886964,0.8859686992368453,True,ETS2|MAPK1,MAPK1|TGFBR2,ETS transcription factor family|Mitogen-activated protein kinase 3 and 1 (ERK1/2) family,Mitogen-activated protein kinase 3 and 1 (ERK1/2) family|Type 2 receptor serine/threonine kinases,Mitogen-activated protein kinase 3 and 1 (ERK1/2) family,1,True,False
Norman2019_GEARS_processed_mirror,B4_pca_ridge,L0,ETS2+PRTG,2.0,MAPK1+PRTG,0.7347878415902676,0.7116252089540656,True,ETS2|PRTG,MAPK1|PRTG,ETS transcription factor family|Fibronectin type III domain containing|I-set domain containing,Fibronectin type III domain containing|I-set domain containing|Mitogen-activated protein kinase 3 and 1 (ERK1/2) family,Fibronectin type III domain containing|I-set domain containing,2,True,False
Norman2019_GEARS_processed_mirror,B4_pca_ridge,L0,ETS2+ctrl,17.0,MAPK1+IKZF3,0.7221879608629611,0.6176313210295374,True,ETS2,MAPK1|IKZF3,ETS transcription factor family,Mitogen-activated protein kinase 3 and 1 (ERK1/2) family|Zinc fingers C2H2-type,,0,False,False
Norman2019_GEARS_processed_mirror,B4_pca_ridge,L0,FEV+CBFA2T3,3.0,FEV+ISL2,0.9136102237240196,0.848542239664946,True,FEV|CBFA2T3,FEV|ISL2,A-kinase anchoring proteins|ETS transcription factor family|Zinc fingers MYND-type,ETS transcription factor family|LIM class homeoboxes,ETS transcription factor family,1,True,False
Norman2019_GEARS_processed_mirror,B4_pca_ridge,L0,FEV+ISL2,1.0,FEV+ISL2,0.91441918912235,0.91441918912235,False,FEV|ISL2,FEV|ISL2,ETS transcription factor family|LIM class homeoboxes,ETS transcription factor family|LIM class homeoboxes,ETS transcription factor family|LIM class homeoboxes,2,True,True
Norman2019_GEARS_processed_mirror,B4_pca_ridge,L0,FEV+MAP7D1,2.0,FEV+ISL2,0.912186340015368,0.8589304662457629,True,FEV|MAP7D1,FEV|ISL2,ETS transcription factor family|Microtubule associated protein 7 family,ETS transcription factor family|LIM class homeoboxes,ETS transcription factor family,1,True,False
Norman2019_GEARS_processed_mirror,B4_pca_ridge,L0,FEV+ctrl,6.0,FEV+ISL2,0.9071248667600548,0.738026863991617,True,FEV,FEV|ISL2,ETS transcription factor family,ETS transcription factor family|LIM class homeoboxes,ETS transcription factor family,1,True,False
Norman2019_GEARS_processed_mirror,B4_pca_ridge,L0,FOSB+CEBPB,3.0,CEBPB+OSR2,0.9142590185859,0.899231065449688,True,FOSB|CEBPB,CEBPB|OSR2,CCAAT/enhancer binding proteins|Fos transcription factor family,CCAAT/enhancer binding proteins|Zinc fingers C2H2-type,CCAAT/enhancer binding proteins,1,True,False
Norman2019_GEARS_processed_mirror,B4_pca_ridge,L0,FOSB+CEBPE,3.0,ctrl+CEBPE,0.9392716705501528,0.9262148911316894,True,FOSB|CEBPE,CEBPE,CCAAT/enhancer binding proteins|Fos transcription factor family,CCAAT/enhancer binding proteins,CCAAT/enhancer binding proteins,1,True,False
Norman2019_GEARS_processed_mirror,B4_pca_ridge,L0,FOSB+IKZF3,1.0,FOSB+IKZF3,0.8572807466574739,0.8572807466574739,False,FOSB|IKZF3,FOSB|IKZF3,Fos transcription factor family|Zinc fingers C2H2-type,Fos transcription factor family|Zinc fingers C2H2-type,Fos transcription factor family|Zinc fingers C2H2-type,2,True,True
Norman2019_GEARS_processed_mirror,B4_pca_ridge,L0,FOSB+OSR2,2.0,CEBPB+OSR2,0.7409210831191635,0.7350525980775725,True,FOSB|OSR2,CEBPB|OSR2,Fos transcription factor family|Zinc fingers C2H2-type,CCAAT/enhancer binding proteins|Zinc fingers C2H2-type,Zinc fingers C2H2-type,1,True,False
Norman2019_GEARS_processed_mirror,B4_pca_ridge,L0,FOSB+PTPN12,33.0,IKZF3+ctrl,0.8265565461999805,0.6682603263269298,True,FOSB|PTPN12,IKZF3,Fos transcription factor family|Protein tyrosine phosphatases non-receptor type,Zinc fingers C2H2-type,,0,False,False
Norman2019_GEARS_processed_mirror,B4_pca_ridge,L0,FOSB+UBASH3B,76.0,FOSB+IKZF3,0.7959719487541002,0.5246697249166343,True,FOSB|UBASH3B,FOSB|IKZF3,Fos transcription factor family|Protein phosphatases,Fos transcription factor family|Zinc fingers C2H2-type,Fos transcription factor family,1,True,False
Norman2019_GEARS_processed_mirror,B4_pca_ridge,L0,FOSB+ctrl,102.0,FOSB+IKZF3,0.7659896246529019,0.4817134432433112,True,FOSB,FOSB|IKZF3,Fos transcription factor family,Fos transcription factor family|Zinc fingers C2H2-type,Fos transcription factor family,1,True,False
Norman2019_GEARS_processed_mirror,B4_pca_ridge,L0,FOXA1+FOXF1,3.0,FOXA3+HOXB9,0.9136360933959232,0.8702501230634649,True,FOXA1|FOXF1,FOXA3|HOXB9,Forkhead boxes,Forkhead boxes|HOXL subclass homeoboxes,Forkhead boxes,1,True,False
Norman2019_GEARS_processed_mirror,B4_pca_ridge,L0,FOXA1+FOXL2,3.0,FOXF1+FOXL2,0.909031898616954,0.8668980325780165,True,FOXA1|FOXL2,FOXF1|FOXL2,Forkhead boxes,Forkhead boxes,Forkhead boxes,1,True,False
Norman2019_GEARS_processed_mirror,B4_pca_ridge,L0,FOXA1+HOXB9,2.0,FOXA3+HOXB9,0.9136360933959232,0.9072271623329312,True,FOXA1|HOXB9,FOXA3|HOXB9,Forkhead boxes|HOXL subclass homeoboxes,Forkhead boxes|HOXL subclass homeoboxes,Forkhead boxes|HOXL subclass homeoboxes,2,True,False
Norman2019_GEARS_processed_mirror,B4_pca_ridge,L0,FOXA1+ctrl,29.0,FOXA3+HOXB9,0.923863126188575,0.6760786425457233,True,FOXA1,FOXA3|HOXB9,Forkhead boxes,Forkhead boxes|HOXL subclass homeoboxes,Forkhead boxes,1,True,False
Norman2019_GEARS_processed_mirror,B4_pca_ridge,L0,FOXA3+FOXA1,8.0,FOXA3+HOXB9,0.9182722748298282,0.81902810850557,True,FOXA3|FOXA1,FOXA3|HOXB9,Forkhead boxes,Forkhead boxes|HOXL subclass homeoboxes,Forkhead boxes,1,True,False
Norman2019_GEARS_processed_mirror,B4_pca_ridge,L0,FOXA3+FOXF1,7.0,FOXA3+HOXB9,0.9237476686707552,0.8456057318668344,True,FOXA3|FOXF1,FOXA3|HOXB9,Forkhead boxes,Forkhead boxes|HOXL subclass homeoboxes,Forkhead boxes,1,True,False
Norman2019_GEARS_processed_mirror,B4_pca_ridge,L0,FOXA3+FOXL2,7.0,FOXF1+FOXL2,0.914464716405327,0.842788106795267,True,FOXA3|FOXL2,FOXF1|FOXL2,Forkhead boxes,Forkhead boxes,Forkhead boxes,1,True,False
Norman2019_GEARS_processed_mirror,B4_pca_ridge,L0,FOXA3+HOXB9,1.0,FOXA3+HOXB9,0.9237476686707552,0.9237476686707552,False,FOXA3|HOXB9,FOXA3|HOXB9,Forkhead boxes|HOXL subclass homeoboxes,Forkhead boxes|HOXL subclass homeoboxes,Forkhead boxes|HOXL subclass homeoboxes,2,True,True
Norman2019_GEARS_processed_mirror,B4_pca_ridge,L0,FOXA3+ctrl,25.0,FOXA3+HOXB9,0.91027893091495,0.7201763435967177,True,FOXA3,FOXA3|HOXB9,Forkhead boxes,Forkhead boxes|HOXL subclass homeoboxes,Forkhead boxes,1,True,False
Norman2019_GEARS_processed_mirror,B4_pca_ridge,L0,FOXF1+FOXL2,1.0,FOXF1+FOXL2,0.9138598590876644,0.9138598590876644,False,FOXF1|FOXL2,FOXF1|FOXL2,Forkhead boxes,Forkhead boxes,Forkhead boxes,1,True,True
Norman2019_GEARS_processed_mirror,B4_pca_ridge,L0,FOXF1+HOXB9,5.0,FOXA3+HOXB9,0.9202638810474612,0.8510535901345999,True,FOXF1|HOXB9,FOXA3|HOXB9,Forkhead boxes|HOXL subclass homeoboxes,Forkhead boxes|HOXL subclass homeoboxes,Forkhead boxes|HOXL subclass homeoboxes,2,True,False
Norman2019_GEARS_processed_mirror,B4_pca_ridge,L0,FOXF1+ctrl,59.0,FOXA3+HOXB9,0.9188324254999513,0.5862157276665207,True,FOXF1,FOXA3|HOXB9,Forkhead boxes,Forkhead boxes|HOXL subclass homeoboxes,Forkhead boxes,1,True,False
Norman2019_GEARS_processed_mirror,B4_pca_ridge,L0,FOXL2+HOXB9,88.0,FOXF1+FOXL2,0.9138598590876648,0.4405952044279839,True,FOXL2|HOXB9,FOXF1|FOXL2,Forkhead boxes|HOXL subclass homeoboxes,Forkhead boxes,Forkhead boxes,1,True,False
Norman2019_GEARS_processed_mirror,B4_pca_ridge,L0,FOXL2+MEIS1,6.0,FOXF1+FOXL2,0.8988994509390154,0.825413150005907,True,FOXL2|MEIS1,FOXF1|FOXL2,Forkhead boxes|TALE class homeoboxes and pseudogenes,Forkhead boxes,Forkhead boxes,1,True,False
Norman2019_GEARS_processed_mirror,B4_pca_ridge,L0,FOXL2+ctrl,12.0,FOXF1+FOXL2,0.9013109169132812,0.7974134943933855,True,FOXL2,FOXF1|FOXL2,Forkhead boxes,Forkhead boxes,Forkhead boxes,1,True,False
Norman2019_GEARS_processed_mirror,B4_pca_ridge,L0,FOXO4+ctrl,117.0,LYL1+IER5L,0.8163975780401131,0.5666190348145212,True,FOXO4,LYL1|IER5L,Forkhead boxes,Basic helix-loop-helix proteins,,0,False,False
Norman2019_GEARS_processed_mirror,B4_pca_ridge,L0,GLB1L2+ctrl,137.0,LYL1+IER5L,0.8163975780401129,0.5176922336889234,True,GLB1L2,LYL1|IER5L,Galactosidases beta,Basic helix-loop-helix proteins,,0,False,False
Norman2019_GEARS_processed_mirror,B4_pca_ridge,L0,HES7+ctrl,121.0,LYL1+IER5L,0.8163975780401131,0.5624388366558344,True,HES7,LYL1|IER5L,Basic helix-loop-helix proteins,Basic helix-loop-helix proteins,Basic helix-loop-helix proteins,1,True,False
Norman2019_GEARS_processed_mirror,B4_pca_ridge,L0,HK2+ctrl,194.0,LYL1+IER5L,0.8163975780401131,0.3884946107960064,True,HK2,LYL1|IER5L,Hexokinase family,Basic helix-loop-helix proteins,,0,False,False
Norman2019_GEARS_processed_mirror,B4_pca_ridge,L0,HNF4A+ctrl,90.0,LYL1+IER5L,0.8163975780401129,0.6343908004830412,True,HNF4A,LYL1|IER5L,Hepatocyte nuclear factor 4 family|MicroRNA protein coding host genes,Basic helix-loop-helix proteins,,0,False,False
Norman2019_GEARS_processed_mirror,B4_pca_ridge,L0,HOXA13+ctrl,12.0,LYL1+IER5L,0.816397578040113,0.751717431574863,True,HOXA13,LYL1|IER5L,HOXL subclass homeoboxes,Basic helix-loop-helix proteins,,0,False,False
Norman2019_GEARS_processed_mirror,B4_pca_ridge,L0,HOXB9+ctrl,19.0,FOXA3+HOXB9,0.9188324254999518,0.735819970611132,True,HOXB9,FOXA3|HOXB9,HOXL subclass homeoboxes,Forkhead boxes|HOXL subclass homeoboxes,HOXL subclass homeoboxes,1,True,False
Norman2019_GEARS_processed_mirror,B4_pca_ridge,L0,HOXC13+ctrl,59.0,TP73+ctrl,0.7917943816529052,0.6363520728311101,True,HOXC13,TP73,HOXL subclass homeoboxes,,,0,False,False
Norman2019_GEARS_processed_mirror,B4_pca_ridge,L0,IER5L+ctrl,72.0,LYL1+IER5L,0.8136829740886427,0.6619206907860864,True,IER5L,LYL1|IER5L,,Basic helix-loop-helix proteins,,0,False,False
Norman2019_GEARS_processed_mirror,B4_pca_ridge,L0,IGDCC3+MAPK1,18.0,ETS2+IGDCC3,0.826916594260318,0.6587859108206628,True,IGDCC3|MAPK1,ETS2|IGDCC3,Fibronectin type III domain containing|I-set domain containing|Mitogen-activated protein kinase 3 and 1 (ERK1/2) family,ETS transcription factor family|Fibronectin type III domain containing|I-set domain containing,Fibronectin type III domain containing|I-set domain containing,2,True,False
Norman2019_GEARS_processed_mirror,B4_pca_ridge,L0,IGDCC3+PRTG,9.0,DUSP9+PRTG,0.8726352317500248,0.7977881192624465,True,IGDCC3|PRTG,DUSP9|PRTG,Fibronectin type III domain containing|I-set domain containing,Fibronectin type III domain containing|I-set domain containing|MAP kinase phosphatases,Fibronectin type III domain containing|I-set domain containing,2,True,False
Norman2019_GEARS_processed_mirror,B4_pca_ridge,L0,IGDCC3+ZBTB25,1.0,IGDCC3+ZBTB25,0.8988683038212717,0.8988683038212717,False,IGDCC3|ZBTB25,IGDCC3|ZBTB25,BTB domain containing|Fibronectin type III domain containing|I-set domain containing|Zinc fingers C2H2-type,BTB domain containing|Fibronectin type III domain containing|I-set domain containing|Zinc fingers C2H2-type,BTB domain containing|Fibronectin type III domain containing|I-set domain containing|Zinc fingers C2H2-type,4,True,True
Norman2019_GEARS_processed_mirror,B4_pca_ridge,L0,IGDCC3+ctrl,9.0,IGDCC3+ZBTB25,0.9020398618521192,0.8461987636739159,True,IGDCC3,IGDCC3|ZBTB25,Fibronectin type III domain containing|I-set domain containing,BTB domain containing|Fibronectin type III domain containing|I-set domain containing|Zinc fingers C2H2-type,Fibronectin type III domain containing|I-set domain containing,2,True,False
Norman2019_GEARS_processed_mirror,B4_pca_ridge,L0,IKZF3+ctrl,3.0,ETS2+IKZF3,0.9362922451058326,0.8895734931267747,True,IKZF3,ETS2|IKZF3,Zinc fingers C2H2-type,ETS transcription factor family|Zinc fingers C2H2-type,Zinc fingers C2H2-type,1,True,False
Norman2019_GEARS_processed_mirror,B4_pca_ridge,L0,IRF1+SET,14.0,SET+ctrl,0.6817065569066565,0.5499864624768833,True,IRF1|SET,SET,INHAT complex|Interferon regulatory factors|Nucleosome assembly protein superfamily|SET complex,INHAT complex|Nucleosome assembly protein superfamily|SET complex,INHAT complex|Nucleosome assembly protein superfamily|SET complex,3,True,False
Norman2019_GEARS_processed_mirror,B4_pca_ridge,L0,IRF1+ctrl,203.0,SAMD1+ZBTB1,0.7892241011501129,0.318306187064949,True,IRF1,SAMD1|ZBTB1,Interferon regulatory factors,BTB domain containing|Sterile alpha motif domain containing|Zinc fingers C2H2-type,,0,False,False
Norman2019_GEARS_processed_mirror,B4_pca_ridge,L0,ISL2+ctrl,218.0,LYL1+IER5L,0.8342322188749647,0.2765900442381978,True,ISL2,LYL1|IER5L,LIM class homeoboxes,Basic helix-loop-helix proteins,,0,False,False
Norman2019_GEARS_processed_mirror,B4_pca_ridge,L0,JUN+CEBPA,5.0,CEBPA+ctrl,0.9752612864796272,0.9330507375565564,True,JUN|CEBPA,CEBPA,CCAAT/enhancer binding proteins|Jun transcription factor family,CCAAT/enhancer binding proteins,CCAAT/enhancer binding proteins,1,True,False
Norman2019_GEARS_processed_mirror,B4_pca_ridge,L0,JUN+CEBPB,21.0,CEBPA+ctrl,0.9264265943512976,0.7194616639380649,True,JUN|CEBPB,CEBPA,CCAAT/enhancer binding proteins|Jun transcription factor family,CCAAT/enhancer binding proteins,CCAAT/enhancer binding proteins,1,True,False
Norman2019_GEARS_processed_mirror,B4_pca_ridge,L0,JUN+ctrl,86.0,ctrl+CEBPA,0.8385277267346172,0.5080893941735956,True,JUN,CEBPA,Jun transcription factor family,CCAAT/enhancer binding proteins,,0,False,False
Norman2019_GEARS_processed_mirror,B4_pca_ridge,L0,KIAA1804+ctrl,196.0,LYL1+IER5L,0.816397578040113,0.3766913138239544,True,KIAA1804,LYL1|IER5L,,Basic helix-loop-helix proteins,,0,False,False
Norman2019_GEARS_processed_mirror,B4_pca_ridge,L0,KIF18B+KIF2C,203.0,LYL1+IER5L,0.8091639468681626,0.3485728824437744,True,KIF18B|KIF2C,LYL1|IER5L,Kinesins|MicroRNA protein coding host genes|Small nucleolar RNA protein coding host genes,Basic helix-loop-helix proteins,,0,False,False
Norman2019_GEARS_processed_mirror,B4_pca_ridge,L0,KIF18B+ctrl,127.0,LYL1+IER5L,0.8148022820561613,0.5495130912140441,True,KIF18B,LYL1|IER5L,Kinesins|MicroRNA protein coding host genes,Basic helix-loop-helix proteins,,0,False,False
Norman2019_GEARS_processed_mirror,B4_pca_ridge,L0,KIF2C+ctrl,245.0,LYL1+IER5L,0.8132108471567083,0.149598731262501,True,KIF2C,LYL1|IER5L,Kinesins|Small nucleolar RNA protein coding host genes,Basic helix-loop-helix proteins,,0,False,False
Norman2019_GEARS_processed_mirror,B4_pca_ridge,L0,KLF1+BAK1,4.0,KLF1+ctrl,0.9222569494686456,0.8718509946840691,True,KLF1|BAK1,KLF1,BCL2 family|KLF transcription factors|Zinc fingers C2H2-type,KLF transcription factors|Zinc fingers C2H2-type,KLF transcription factors|Zinc fingers C2H2-type,2,True,False
Norman2019_GEARS_processed_mirror,B4_pca_ridge,L0,KLF1+CEBPA,2.0,CEBPA+ctrl,0.9171962994944672,0.915495301893813,True,KLF1|CEBPA,CEBPA,CCAAT/enhancer binding proteins|KLF transcription factors|Zinc fingers C2H2-type,CCAAT/enhancer binding proteins,CCAAT/enhancer binding proteins,1,True,False
Norman2019_GEARS_processed_mirror,B4_pca_ridge,L0,KLF1+CLDN6,6.0,KLF1+ctrl,0.907710398934664,0.813166338879205,True,KLF1|CLDN6,KLF1,Claudins|KLF transcription factors|Zinc fingers C2H2-type,KLF transcription factors|Zinc fingers C2H2-type,KLF transcription factors|Zinc fingers C2H2-type,2,True,False
Norman2019_GEARS_processed_mirror,B4_pca_ridge,L0,KLF1+COL2A1,45.0,KLF1+ctrl,0.907710398934664,0.450551174632353,True,KLF1|COL2A1,KLF1,Fibrillar collagens|KLF transcription factors|Zinc fingers C2H2-type,KLF transcription factors|Zinc fingers C2H2-type,KLF transcription factors|Zinc fingers C2H2-type,2,True,False
Norman2019_GEARS_processed_mirror,B4_pca_ridge,L0,KLF1+FOXA1,1.0,KLF1+FOXA1,0.880620983500853,0.880620983500853,False,KLF1|FOXA1,KLF1|FOXA1,Forkhead boxes|KLF transcription factors|Zinc fingers C2H2-type,Forkhead boxes|KLF transcription factors|Zinc fingers C2H2-type,Forkhead boxes|KLF transcription factors|Zinc fingers C2H2-type,3,True,True
Norman2019_GEARS_processed_mirror,B4_pca_ridge,L0,KLF1+MAP2K6,4.0,KLF1+ctrl,0.9033673843930718,0.8621454840433824,True,KLF1|MAP2K6,KLF1,KLF transcription factors|Mitogen-activated protein kinase kinases|Zinc fingers C2H2-type,KLF transcription factors|Zinc fingers C2H2-type,KLF transcription factors|Zinc fingers C2H2-type,2,True,False
Norman2019_GEARS_processed_mirror,B4_pca_ridge,L0,KLF1+TGFBR2,3.0,KLF1+ctrl,0.9253833655918076,0.8876313533657287,True,KLF1|TGFBR2,KLF1,KLF transcription factors|Type 2 receptor serine/threonine kinases|Zinc fingers C2H2-type,KLF transcription factors|Zinc fingers C2H2-type,KLF transcription factors|Zinc fingers C2H2-type,2,True,False
Norman2019_GEARS_processed_mirror,B4_pca_ridge,L0,KLF1+ctrl,1.0,KLF1+ctrl,0.8846917761560538,0.8846917761560538,False,KLF1,KLF1,KLF transcription factors|Zinc fingers C2H2-type,KLF transcription factors|Zinc fingers C2H2-type,KLF transcription factors|Zinc fingers C2H2-type,2,True,True
Norman2019_GEARS_processed_mirror,B4_pca_ridge,L0,KMT2A+ctrl,190.0,LYL1+IER5L,0.8163975780401131,0.4000485158702496,True,KMT2A,LYL1|IER5L,Bromodomain containing|Histone lysine methyltransferases|PHD finger proteins|SET domain containing|Zinc fingers CXXC-type,Basic helix-loop-helix proteins,,0,False,False
Norman2019_GEARS_processed_mirror,B4_pca_ridge,L0,LHX1+ELMSAN1,9.0,ZBTB10+ELMSAN1,0.5219834769203588,0.3858542670023612,True,LHX1|ELMSAN1,ZBTB10|ELMSAN1,LIM class homeoboxes,BTB domain containing|Zinc fingers C2H2-type,,0,False,False
Norman2019_GEARS_processed_mirror,B4_pca_ridge,L0,LHX1+ctrl,169.0,FOXA3+HOXB9,0.8099077908803572,0.4447764815356271,True,LHX1,FOXA3|HOXB9,LIM class homeoboxes,Forkhead boxes|HOXL subclass homeoboxes,,0,False,False
Norman2019_GEARS_processed_mirror,B4_pca_ridge,L0,LYL1+CEBPB,21.0,CEBPB+ctrl,0.9091210239835636,0.7422183897501915,True,LYL1|CEBPB,CEBPB,Basic helix-loop-helix proteins|CCAAT/enhancer binding proteins,CCAAT/enhancer binding proteins,CCAAT/enhancer binding proteins,1,True,False
Norman2019_GEARS_processed_mirror,B4_pca_ridge,L0,LYL1+IER5L,2.0,FOXA3+HOXB9,0.8068433043643781,0.795600030709409,True,LYL1|IER5L,FOXA3|HOXB9,Basic helix-loop-helix proteins,Forkhead boxes|HOXL subclass homeoboxes,,0,False,False
Norman2019_GEARS_processed_mirror,B4_pca_ridge,L0,LYL1+ctrl,248.0,FOXA3+HOXB9,0.8163778898515017,0.1906830115092671,True,LYL1,FOXA3|HOXB9,Basic helix-loop-helix proteins,Forkhead boxes|HOXL subclass homeoboxes,,0,False,False
Norman2019_GEARS_processed_mirror,B4_pca_ridge,L0,MAML2+ctrl,267.0,LYL1+IER5L,0.8163975780401129,-0.0676398932583511,True,MAML2,LYL1|IER5L,,Basic helix-loop-helix proteins,,0,False,False
Norman2019_GEARS_processed_mirror,B4_pca_ridge,L0,MAP2K3+ELMSAN1,1.0,MAP2K3+ELMSAN1,0.7046351320914788,0.7046351320914788,False,MAP2K3|ELMSAN1,MAP2K3|ELMSAN1,Mitogen-activated protein kinase kinases,Mitogen-activated protein kinase kinases,Mitogen-activated protein kinase kinases,1,True,True
Norman2019_GEARS_processed_mirror,B4_pca_ridge,L0,MAP2K3+IKZF3,6.0,ETS2+IKZF3,0.918588550916102,0.8804921047683683,True,MAP2K3|IKZF3,ETS2|IKZF3,Mitogen-activated protein kinase kinases|Zinc fingers C2H2-type,ETS transcription factor family|Zinc fingers C2H2-type,Zinc fingers C2H2-type,1,True,False
Norman2019_GEARS_processed_mirror,B4_pca_ridge,L0,MAP2K3+MAP2K6,102.0,MAP2K6+IKZF3,0.7965420741582697,0.3277807429507938,True,MAP2K3|MAP2K6,MAP2K6|IKZF3,Mitogen-activated protein kinase kinases,Mitogen-activated protein kinase kinases|Zinc fingers C2H2-type,Mitogen-activated protein kinase kinases,1,True,False
Norman2019_GEARS_processed_mirror,B4_pca_ridge,L0,MAP2K3+SLC38A2,283.0,IKZF3+ctrl,0.8625797629487066,-0.2677312969658461,True,MAP2K3|SLC38A2,IKZF3,Mitogen-activated protein kinase kinases|Solute carrier family 38,Zinc fingers C2H2-type,,0,False,False
Norman2019_GEARS_processed_mirror,B4_pca_ridge,L0,MAP2K3+ctrl,278.0,IKZF3+ctrl,0.8583655092946172,-0.1233147266554223,True,MAP2K3,IKZF3,Mitogen-activated protein kinase kinases,Zinc fingers C2H2-type,,0,False,False
Norman2019_GEARS_processed_mirror,B4_pca_ridge,L0,MAP2K6+ELMSAN1,2.0,MAP2K3+ELMSAN1,0.7951865582325379,0.7932153557694613,True,MAP2K6|ELMSAN1,MAP2K3|ELMSAN1,Mitogen-activated protein kinase kinases,Mitogen-activated protein kinase kinases,Mitogen-activated protein kinase kinases,1,True,False
Norman2019_GEARS_processed_mirror,B4_pca_ridge,L0,MAP2K6+IKZF3,1.0,MAP2K6+IKZF3,0.9067147387892158,0.9067147387892158,False,MAP2K6|IKZF3,MAP2K6|IKZF3,Mitogen-activated protein kinase kinases|Zinc fingers C2H2-type,Mitogen-activated protein kinase kinases|Zinc fingers C2H2-type,Mitogen-activated protein kinase kinases|Zinc fingers C2H2-type,2,True,True
Norman2019_GEARS_processed_mirror,B4_pca_ridge,L0,MAP2K6+SPI1,125.0,MAP2K6+IKZF3,0.8288260642181446,0.3120683129532345,True,MAP2K6|SPI1,MAP2K6|IKZF3,ETS transcription factor family|Mitogen-activated protein kinase kinases,Mitogen-activated protein kinase kinases|Zinc fingers C2H2-type,Mitogen-activated protein kinase kinases,1,True,False
Norman2019_GEARS_processed_mirror,B4_pca_ridge,L0,MAP2K6+ctrl,215.0,MAP2K6+IKZF3,0.8662956281777703,0.071643218463224,True,MAP2K6,MAP2K6|IKZF3,Mitogen-activated protein kinase kinases,Mitogen-activated protein kinase kinases|Zinc fingers C2H2-type,Mitogen-activated protein kinase kinases,1,True,False
Norman2019_GEARS_processed_mirror,B4_pca_ridge,L0,MAP4K3+ctrl,157.0,LYL1+IER5L,0.816397578040113,0.4780999788631626,True,MAP4K3,LYL1|IER5L,MAP4K family (GCK-I subfamily),Basic helix-loop-helix proteins,,0,False,False
Norman2019_GEARS_processed_mirror,B4_pca_ridge,L0,MAP4K5+ctrl,205.0,LYL1+IER5L,0.8163975780401131,0.3405401522270097,True,MAP4K5,LYL1|IER5L,MAP4K family (GCK-I subfamily),Basic helix-loop-helix proteins,,0,False,False
Norman2019_GEARS_processed_mirror,B4_pca_ridge,L0,MAP7D1+ctrl,269.0,LYL1+IER5L,0.8186301406753157,-0.078420735906956,True,MAP7D1,LYL1|IER5L,Microtubule associated protein 7 family,Basic helix-loop-helix proteins,,0,False,False
Norman2019_GEARS_processed_mirror,B4_pca_ridge,L0,MAPK1+IKZF3,1.0,MAPK1+IKZF3,0.8430820172478262,0.8430820172478262,False,MAPK1|IKZF3,MAPK1|IKZF3,Mitogen-activated protein kinase 3 and 1 (ERK1/2) family|Zinc fingers C2H2-type,Mitogen-activated protein kinase 3 and 1 (ERK1/2) family|Zinc fingers C2H2-type,Mitogen-activated protein kinase 3 and 1 (ERK1/2) family|Zinc fingers C2H2-type,2,True,True
Norman2019_GEARS_processed_mirror,B4_pca_ridge,L0,MAPK1+PRTG,1.0,MAPK1+PRTG,0.8021381230053305,0.8021381230053305,False,MAPK1|PRTG,MAPK1|PRTG,Fibronectin type III domain containing|I-set domain containing|Mitogen-activated protein kinase 3 and 1 (ERK1/2) family,Fibronectin type III domain containing|I-set domain containing|Mitogen-activated protein kinase 3 and 1 (ERK1/2) family,Fibronectin type III domain containing|I-set domain containing|Mitogen-activated protein kinase 3 and 1 (ERK1/2) family,3,True,True
Norman2019_GEARS_processed_mirror,B4_pca_ridge,L0,MAPK1+TGFBR2,1.0,MAPK1+TGFBR2,0.8452645972151354,0.8452645972151354,False,MAPK1|TGFBR2,MAPK1|TGFBR2,Mitogen-activated protein kinase 3 and 1 (ERK1/2) family|Type 2 receptor serine/threonine kinases,Mitogen-activated protein kinase 3 and 1 (ERK1/2) family|Type 2 receptor serine/threonine kinases,Mitogen-activated protein kinase 3 and 1 (ERK1/2) family|Type 2 receptor serine/threonine kinases,2,True,True
Norman2019_GEARS_processed_mirror,B4_pca_ridge,L0,MAPK1+ctrl,5.0,ETS2+MAPK1,0.8290820258214955,0.7672014852177582,True,MAPK1,ETS2|MAPK1,Mitogen-activated protein kinase 3 and 1 (ERK1/2) family,ETS transcription factor family|Mitogen-activated protein kinase 3 and 1 (ERK1/2) family,Mitogen-activated protein kinase 3 and 1 (ERK1/2) family,1,True,False
Norman2019_GEARS_processed_mirror,B4_pca_ridge,L0,MEIS1+ctrl,162.0,POU3F2+FOXL2,0.8210164556916462,0.4635736012830148,True,MEIS1,POU3F2|FOXL2,TALE class homeoboxes and pseudogenes,Forkhead boxes|POU class homeoboxes and pseudogenes,,0,False,False
Norman2019_GEARS_processed_mirror,B4_pca_ridge,L0,MIDN+ctrl,54.0,LYL1+IER5L,0.8163975780401131,0.6762681771312092,True,MIDN,LYL1|IER5L,,Basic helix-loop-helix proteins,,0,False,False
Norman2019_GEARS_processed_mirror,B4_pca_ridge,L0,NCL+ctrl,219.0,LYL1+IER5L,0.8163975780401129,0.2996550180496539,True,NCL,LYL1|IER5L,,Basic helix-loop-helix proteins,,0,False,False
Norman2019_GEARS_processed_mirror,B4_pca_ridge,L0,NIT1+ctrl,202.0,LYL1+IER5L,0.816397578040113,0.3464902211102925,True,NIT1,LYL1|IER5L,,Basic helix-loop-helix proteins,,0,False,False
Norman2019_GEARS_processed_mirror,B4_pca_ridge,L0,OSR2+ctrl,71.0,FOXA3+HOXB9,0.7646461393255302,0.5563641439698973,True,OSR2,FOXA3|HOXB9,Zinc fingers C2H2-type,Forkhead boxes|HOXL subclass homeoboxes,,0,False,False
Norman2019_GEARS_processed_mirror,B4_pca_ridge,L0,PLK4+STIL,97.0,LYL1+IER5L,0.8091639468681626,0.6188729399467112,True,PLK4|STIL,LYL1|IER5L,Polo like kinase family,Basic helix-loop-helix proteins,,0,False,False
Norman2019_GEARS_processed_mirror,B4_pca_ridge,L0,PLK4+ctrl,119.0,LYL1+IER5L,0.8148022820561611,0.5630019288722758,True,PLK4,LYL1|IER5L,Polo like kinase family,Basic helix-loop-helix proteins,,0,False,False
Norman2019_GEARS_processed_mirror,B4_pca_ridge,L0,POU3F2+CBFA2T3,9.0,FEV+CBFA2T3,0.8688403921083182,0.7456928493957502,True,POU3F2|CBFA2T3,FEV|CBFA2T3,A-kinase anchoring proteins|POU class homeoboxes and pseudogenes|Zinc fingers MYND-type,A-kinase anchoring proteins|ETS transcription factor family|Zinc fingers MYND-type,A-kinase anchoring proteins|Zinc fingers MYND-type,2,True,False
Norman2019_GEARS_processed_mirror,B4_pca_ridge,L0,POU3F2+FOXL2,2.0,FOXF1+FOXL2,0.8972689943719254,0.8837391270863557,True,POU3F2|FOXL2,FOXF1|FOXL2,Forkhead boxes|POU class homeoboxes and pseudogenes,Forkhead boxes,Forkhead boxes,1,True,False
Norman2019_GEARS_processed_mirror,B4_pca_ridge,L0,POU3F2+ctrl,41.0,LYL1+IER5L,0.8353429633709031,0.6851028269002584,True,POU3F2,LYL1|IER5L,POU class homeoboxes and pseudogenes,Basic helix-loop-helix proteins,,0,False,False
Norman2019_GEARS_processed_mirror,B4_pca_ridge,L0,PRDM1+CBFA2T3,7.0,FEV+CBFA2T3,0.8657576234041511,0.7503184306947761,True,PRDM1|CBFA2T3,FEV|CBFA2T3,A-kinase anchoring proteins|PR/SET domain family|Putative lysine methyltransferases|Zinc fingers C2H2-type|Zinc fingers MYND-type,A-kinase anchoring proteins|ETS transcription factor family|Zinc fingers MYND-type,A-kinase anchoring proteins|Zinc fingers MYND-type,2,True,False
Norman2019_GEARS_processed_mirror,B4_pca_ridge,L0,PRDM1+ctrl,71.0,LYL1+IER5L,0.8312339970863656,0.6543563582167691,True,PRDM1,LYL1|IER5L,PR/SET domain family|Putative lysine methyltransferases|Zinc fingers C2H2-type,Basic helix-loop-helix proteins,,0,False,False
Norman2019_GEARS_processed_mirror,B4_pca_ridge,L0,PRTG+ctrl,4.0,DUSP9+PRTG,0.8387529071333276,0.8128545710570434,True,PRTG,DUSP9|PRTG,Fibronectin type III domain containing|I-set domain containing,Fibronectin type III domain containing|I-set domain containing|MAP kinase phosphatases,Fibronectin type III domain containing|I-set domain containing,2,True,False
Norman2019_GEARS_processed_mirror,B4_pca_ridge,L0,PTPN1+ctrl,39.0,LYL1+IER5L,0.816397578040113,0.6961291368918572,True,PTPN1,LYL1|IER5L,Protein tyrosine phosphatases non-receptor type,Basic helix-loop-helix proteins,,0,False,False
Norman2019_GEARS_processed_mirror,B4_pca_ridge,L0,PTPN12+OSR2,119.0,PTPN12+UBASH3A,0.8371853748506841,0.4197641562908247,True,PTPN12|OSR2,PTPN12|UBASH3A,Protein tyrosine phosphatases non-receptor type|Zinc fingers C2H2-type,Protein tyrosine phosphatases non-receptor type,Protein tyrosine phosphatases non-receptor type,1,True,False
Norman2019_GEARS_processed_mirror,B4_pca_ridge,L0,PTPN12+PTPN9,2.0,PTPN12+UBASH3A,0.9475001299565636,0.9268766903849264,True,PTPN12|PTPN9,PTPN12|UBASH3A,CRAL-TRIO lipid binding domain containing|Protein tyrosine phosphatases non-receptor type,Protein tyrosine phosphatases non-receptor type,Protein tyrosine phosphatases non-receptor type,1,True,False
Norman2019_GEARS_processed_mirror,B4_pca_ridge,L0,PTPN12+SNAI1,3.0,DUSP9+SNAI1,0.8276830795701928,0.750454101250561,True,PTPN12|SNAI1,DUSP9|SNAI1,Protein tyrosine phosphatases non-receptor type|SNAG transcriptional repressors|Zinc fingers C2H2-type,MAP kinase phosphatases|SNAG transcriptional repressors|Zinc fingers C2H2-type,SNAG transcriptional repressors|Zinc fingers C2H2-type,2,True,False
Norman2019_GEARS_processed_mirror,B4_pca_ridge,L0,PTPN12+UBASH3A,1.0,PTPN12+UBASH3A,0.948290625230596,0.948290625230596,False,PTPN12|UBASH3A,PTPN12|UBASH3A,Protein tyrosine phosphatases non-receptor type,Protein tyrosine phosphatases non-receptor type,Protein tyrosine phosphatases non-receptor type,1,True,True
Norman2019_GEARS_processed_mirror,B4_pca_ridge,L0,PTPN12+ZBTB25,2.0,PTPN12+UBASH3A,0.913389506406237,0.9112027670391756,True,PTPN12|ZBTB25,PTPN12|UBASH3A,BTB domain containing|Protein tyrosine phosphatases non-receptor type|Zinc fingers C2H2-type,Protein tyrosine phosphatases non-receptor type,Protein tyrosine phosphatases non-receptor type,1,True,False
Norman2019_GEARS_processed_mirror,B4_pca_ridge,L0,PTPN12+ctrl,45.0,PTPN12+UBASH3A,0.9198552948674096,0.7053417353491459,True,PTPN12,PTPN12|UBASH3A,Protein tyrosine phosphatases non-receptor type,Protein tyrosine phosphatases non-receptor type,Protein tyrosine phosphatases non-receptor type,1,True,False
Norman2019_GEARS_processed_mirror,B4_pca_ridge,L0,PTPN13+ctrl,175.0,LYL1+IER5L,0.816397578040113,0.4419156310227344,True,PTPN13,LYL1|IER5L,FERM domain containing|KIND domain containing|PDZ domain containing|Protein tyrosine phosphatases non-receptor type,Basic helix-loop-helix proteins,,0,False,False
Norman2019_GEARS_processed_mirror,B4_pca_ridge,L0,PTPN9+ctrl,160.0,CBL+UBASH3B,0.8901395206713915,0.4204809600101502,True,PTPN9,CBL|UBASH3B,CRAL-TRIO lipid binding domain containing|Protein tyrosine phosphatases non-receptor type,Protein phosphatases|Ring finger proteins,,0,False,False
Norman2019_GEARS_processed_mirror,B4_pca_ridge,L0,RHOXF2BB+SET,3.0,SET+ctrl,0.6782282470196448,0.6006341103379111,True,RHOXF2BB|SET,SET,INHAT complex|Nucleosome assembly protein superfamily|SET complex,INHAT complex|Nucleosome assembly protein superfamily|SET complex,INHAT complex|Nucleosome assembly protein superfamily|SET complex,3,True,False
Norman2019_GEARS_processed_mirror,B4_pca_ridge,L0,RHOXF2BB+ZBTB25,2.0,IGDCC3+ZBTB25,0.8133093462826291,0.8055120128845313,True,RHOXF2BB|ZBTB25,IGDCC3|ZBTB25,BTB domain containing|Zinc fingers C2H2-type,BTB domain containing|Fibronectin type III domain containing|I-set domain containing|Zinc fingers C2H2-type,BTB domain containing|Zinc fingers C2H2-type,2,True,False
Norman2019_GEARS_processed_mirror,B4_pca_ridge,L0,RHOXF2BB+ctrl,50.0,RHOXF2BB+ZBTB25,0.8055926346068456,0.6703863803141367,True,RHOXF2BB,RHOXF2BB|ZBTB25,,BTB domain containing|Zinc fingers C2H2-type,,0,False,False
Norman2019_GEARS_processed_mirror,B4_pca_ridge,L0,RREB1+ctrl,126.0,LYL1+IER5L,0.816397578040113,0.5482251966578698,True,RREB1,LYL1|IER5L,Zinc fingers C2H2-type,Basic helix-loop-helix proteins,,0,False,False
Norman2019_GEARS_processed_mirror,B4_pca_ridge,L0,RUNX1T1+ctrl,242.0,FOXA3+HOXB9,0.8005847408943222,0.2100543960873503,True,RUNX1T1,FOXA3|HOXB9,Zinc fingers MYND-type,Forkhead boxes|HOXL subclass homeoboxes,,0,False,False
Norman2019_GEARS_processed_mirror,B4_pca_ridge,L0,S1PR2+ctrl,110.0,LYL1+IER5L,0.8048902085211067,0.5876478701521871,True,S1PR2,LYL1|IER5L,Sphingosine 1-phosphate receptors,Basic helix-loop-helix proteins,,0,False,False
Norman2019_GEARS_processed_mirror,B4_pca_ridge,L0,SAMD1+PTPN12,2.0,PTPN12+UBASH3A,0.9254725375975008,0.9200330229777278,True,SAMD1|PTPN12,PTPN12|UBASH3A,Protein tyrosine phosphatases non-receptor type|Sterile alpha motif domain containing,Protein tyrosine phosphatases non-receptor type,Protein tyrosine phosphatases non-receptor type,1,True,False
Norman2019_GEARS_processed_mirror,B4_pca_ridge,L0,SAMD1+TGFBR2,65.0,SAMD1+UBASH3B,0.8813141156822295,0.6276087374636425,True,SAMD1|TGFBR2,SAMD1|UBASH3B,Sterile alpha motif domain containing|Type 2 receptor serine/threonine kinases,Protein phosphatases|Sterile alpha motif domain containing,Sterile alpha motif domain containing,1,True,False
Norman2019_GEARS_processed_mirror,B4_pca_ridge,L0,SAMD1+UBASH3B,1.0,SAMD1+UBASH3B,0.923449908657266,0.923449908657266,False,SAMD1|UBASH3B,SAMD1|UBASH3B,Protein phosphatases|Sterile alpha motif domain containing,Protein phosphatases|Sterile alpha motif domain containing,Protein phosphatases|Sterile alpha motif domain containing,2,True,True
Norman2019_GEARS_processed_mirror,B4_pca_ridge,L0,SAMD1+ZBTB1,4.0,SAMD1+UBASH3B,0.9130814015509428,0.8861467090886923,True,SAMD1|ZBTB1,SAMD1|UBASH3B,BTB domain containing|Sterile alpha motif domain containing|Zinc fingers C2H2-type,Protein phosphatases|Sterile alpha motif domain containing,Sterile alpha motif domain containing,1,True,False
Norman2019_GEARS_processed_mirror,B4_pca_ridge,L0,SAMD1+ctrl,14.0,SAMD1+UBASH3B,0.9210836760308668,0.8345964113419764,True,SAMD1,SAMD1|UBASH3B,Sterile alpha motif domain containing,Protein phosphatases|Sterile alpha motif domain containing,Sterile alpha motif domain containing,1,True,False
Norman2019_GEARS_processed_mirror,B4_pca_ridge,L0,SET+CEBPE,1.0,SET+CEBPE,0.8452552697858586,0.8452552697858586,False,SET|CEBPE,SET|CEBPE,CCAAT/enhancer binding proteins|INHAT complex|Nucleosome assembly protein superfamily|SET complex,CCAAT/enhancer binding proteins|INHAT complex|Nucleosome assembly protein superfamily|SET complex,CCAAT/enhancer binding proteins|INHAT complex|Nucleosome assembly protein superfamily|SET complex,4,True,True
Norman2019_GEARS_processed_mirror,B4_pca_ridge,L0,SET+KLF1,1.0,SET+KLF1,0.8520411103012293,0.8520411103012293,False,SET|KLF1,SET|KLF1,INHAT complex|KLF transcription factors|Nucleosome assembly protein superfamily|SET complex|Zinc fingers C2H2-type,INHAT complex|KLF transcription factors|Nucleosome assembly protein superfamily|SET complex|Zinc fingers C2H2-type,INHAT complex|KLF transcription factors|Nucleosome assembly protein superfamily|SET complex|Zinc fingers C2H2-type,5,True,True
Norman2019_GEARS_processed_mirror,B4_pca_ridge,L0,SET+ctrl,1.0,SET+ctrl,0.69744732755248,0.69744732755248,False,SET,SET,INHAT complex|Nucleosome assembly protein superfamily|SET complex,INHAT complex|Nucleosome assembly protein superfamily|SET complex,INHAT complex|Nucleosome assembly protein superfamily|SET complex,3,True,True
Norman2019_GEARS_processed_mirror,B4_pca_ridge,L0,SGK1+S1PR2,6.0,CDKN1B+ctrl,0.7677635514769012,0.7332160098608118,True,SGK1|S1PR2,CDKN1B,Serum/glucocorticoid regulated kinase family|Sphingosine 1-phosphate receptors,Cyclin dependent kinase inhibitor 1 family,,0,False,False
Norman2019_GEARS_processed_mirror,B4_pca_ridge,L0,SGK1+TBX2,1.0,SGK1+TBX2,0.7323351167124252,0.7323351167124252,False,SGK1|TBX2,SGK1|TBX2,Serum/glucocorticoid regulated kinase family|T-box transcription factors,Serum/glucocorticoid regulated kinase family|T-box transcription factors,Serum/glucocorticoid regulated kinase family|T-box transcription factors,2,True,True
Norman2019_GEARS_processed_mirror,B4_pca_ridge,L0,SGK1+TBX3,4.0,SGK1+TBX2,0.7323351167124252,0.7096437720281128,True,SGK1|TBX3,SGK1|TBX2,Serum/glucocorticoid regulated kinase family|T-box transcription factors,Serum/glucocorticoid regulated kinase family|T-box transcription factors,Serum/glucocorticoid regulated kinase family|T-box transcription factors,2,True,False
Norman2019_GEARS_processed_mirror,B4_pca_ridge,L0,SGK1+ctrl,28.0,CDKN1B+ctrl,0.7724256503500162,0.6946684794618243,True,SGK1,CDKN1B,Serum/glucocorticoid regulated kinase family,Cyclin dependent kinase inhibitor 1 family,,0,False,False
Norman2019_GEARS_processed_mirror,B4_pca_ridge,L0,SLC4A1+ctrl,240.0,LYL1+IER5L,0.816397578040113,0.1949413509294791,True,SLC4A1,LYL1|IER5L,Blood group antigens|CD molecules|Solute carrier family 4,Basic helix-loop-helix proteins,,0,False,False
Norman2019_GEARS_processed_mirror,B4_pca_ridge,L0,SLC6A9+ctrl,181.0,LYL1+IER5L,0.816397578040113,0.4230615825350218,True,SLC6A9,LYL1|IER5L,Solute carrier family 6,Basic helix-loop-helix proteins,,0,False,False
Norman2019_GEARS_processed_mirror,B4_pca_ridge,L0,SNAI1+DLX2,4.0,ZBTB10+SNAI1,0.8758297138123482,0.7849099688503535,True,SNAI1|DLX2,ZBTB10|SNAI1,Distal-less homeobox family|SNAG transcriptional repressors|Zinc fingers C2H2-type,BTB domain containing|SNAG transcriptional repressors|Zinc fingers C2H2-type,SNAG transcriptional repressors|Zinc fingers C2H2-type,2,True,False
Norman2019_GEARS_processed_mirror,B4_pca_ridge,L0,SNAI1+UBASH3B,5.0,DUSP9+SNAI1,0.8624119924725744,0.7532942339007265,True,SNAI1|UBASH3B,DUSP9|SNAI1,Protein phosphatases|SNAG transcriptional repressors|Zinc fingers C2H2-type,MAP kinase phosphatases|SNAG transcriptional repressors|Zinc fingers C2H2-type,SNAG transcriptional repressors|Zinc fingers C2H2-type,2,True,False
Norman2019_GEARS_processed_mirror,B4_pca_ridge,L0,SNAI1+ctrl,19.0,DUSP9+SNAI1,0.9032679316239004,0.6928182199249027,True,SNAI1,DUSP9|SNAI1,SNAG transcriptional repressors|Zinc fingers C2H2-type,MAP kinase phosphatases|SNAG transcriptional repressors|Zinc fingers C2H2-type,SNAG transcriptional repressors|Zinc fingers C2H2-type,2,True,False
Norman2019_GEARS_processed_mirror,B4_pca_ridge,L0,SPI1+ctrl,37.0,SAMD1+ZBTB1,0.8012166348796266,0.7028437373893571,True,SPI1,SAMD1|ZBTB1,ETS transcription factor family,BTB domain containing|Sterile alpha motif domain containing|Zinc fingers C2H2-type,,0,False,False
Norman2019_GEARS_processed_mirror,B4_pca_ridge,L0,STIL+ctrl,201.0,LYL1+IER5L,0.8132108471567085,0.3482109464716847,True,STIL,LYL1|IER5L,,Basic helix-loop-helix proteins,,0,False,False
Norman2019_GEARS_processed_mirror,B4_pca_ridge,L0,TBX2+ctrl,106.0,CDKN1B+ctrl,0.7728312099605552,0.5746894315946955,True,TBX2,CDKN1B,T-box transcription factors,Cyclin dependent kinase inhibitor 1 family,,0,False,False
Norman2019_GEARS_processed_mirror,B4_pca_ridge,L0,TBX3+TBX2,15.0,SGK1+TBX2,0.7354803430928847,0.6671889155086284,True,TBX3|TBX2,SGK1|TBX2,T-box transcription factors,Serum/glucocorticoid regulated kinase family|T-box transcription factors,T-box transcription factors,1,True,False
Norman2019_GEARS_processed_mirror,B4_pca_ridge,L0,TBX3+ctrl,209.0,CDKN1B+ctrl,0.7728312099605551,0.33571238379301,True,TBX3,CDKN1B,T-box transcription factors,Cyclin dependent kinase inhibitor 1 family,,0,False,False
Norman2019_GEARS_processed_mirror,B4_pca_ridge,L0,TGFBR2+C19orf26,7.0,TGFBR2+PRTG,0.7791057882106824,0.7343057267139074,True,TGFBR2|C19orf26,TGFBR2|PRTG,Type 2 receptor serine/threonine kinases,Fibronectin type III domain containing|I-set domain containing|Type 2 receptor serine/threonine kinases,Type 2 receptor serine/threonine kinases,1,True,False
Norman2019_GEARS_processed_mirror,B4_pca_ridge,L0,TGFBR2+ETS2,4.0,MAPK1+PRTG,0.7108463623957262,0.6735422381617351,True,TGFBR2|ETS2,MAPK1|PRTG,ETS transcription factor family|Type 2 receptor serine/threonine kinases,Fibronectin type III domain containing|I-set domain containing|Mitogen-activated protein kinase 3 and 1 (ERK1/2) family,,0,False,False
Norman2019_GEARS_processed_mirror,B4_pca_ridge,L0,TGFBR2+IGDCC3,1.0,TGFBR2+IGDCC3,0.8946617532253407,0.8946617532253407,False,TGFBR2|IGDCC3,TGFBR2|IGDCC3,Fibronectin type III domain containing|I-set domain containing|Type 2 receptor serine/threonine kinases,Fibronectin type III domain containing|I-set domain containing|Type 2 receptor serine/threonine kinases,Fibronectin type III domain containing|I-set domain containing|Type 2 receptor serine/threonine kinases,3,True,True
Norman2019_GEARS_processed_mirror,B4_pca_ridge,L0,TGFBR2+PRTG,1.0,TGFBR2+PRTG,0.7485914471538633,0.7485914471538633,False,TGFBR2|PRTG,TGFBR2|PRTG,Fibronectin type III domain containing|I-set domain containing|Type 2 receptor serine/threonine kinases,Fibronectin type III domain containing|I-set domain containing|Type 2 receptor serine/threonine kinases,Fibronectin type III domain containing|I-set domain containing|Type 2 receptor serine/threonine kinases,3,True,True
Norman2019_GEARS_processed_mirror,B4_pca_ridge,L0,TGFBR2+ctrl,222.0,TGFBR2+PRTG,0.8010173001746483,0.2250753920560942,True,TGFBR2,TGFBR2|PRTG,Type 2 receptor serine/threonine kinases,Fibronectin type III domain containing|I-set domain containing|Type 2 receptor serine/threonine kinases,Type 2 receptor serine/threonine kinases,1,True,False
Norman2019_GEARS_processed_mirror,B4_pca_ridge,L0,TMSB4X+BAK1,254.0,CDKN1B+ctrl,0.7831324134800273,0.0536771842961902,True,TMSB4X|BAK1,CDKN1B,BCL2 family|Thymosin beta family,Cyclin dependent kinase inhibitor 1 family,,0,False,False
Norman2019_GEARS_processed_mirror,B4_pca_ridge,L0,TMSB4X+ctrl,246.0,LYL1+IER5L,0.8103223810340761,0.1460523167855299,True,TMSB4X,LYL1|IER5L,Thymosin beta family,Basic helix-loop-helix proteins,,0,False,False
Norman2019_GEARS_processed_mirror,B4_pca_ridge,L0,TP73+ctrl,2.0,LYL1+IER5L,0.816397578040113,0.8086236103718317,True,TP73,LYL1|IER5L,,Basic helix-loop-helix proteins,,0,False,False
Norman2019_GEARS_processed_mirror,B4_pca_ridge,L0,TSC22D1+ctrl,222.0,LYL1+IER5L,0.816397578040113,0.2802091601839943,True,TSC22D1,LYL1|IER5L,TSC22 domain family,Basic helix-loop-helix proteins,,0,False,False
Norman2019_GEARS_processed_mirror,B4_pca_ridge,L0,UBASH3A+ctrl,86.0,CBL+UBASH3B,0.9402899385732733,0.5961836910004431,True,UBASH3A,CBL|UBASH3B,,Protein phosphatases|Ring finger proteins,,0,False,False
Norman2019_GEARS_processed_mirror,B4_pca_ridge,L0,UBASH3B+CNN1,1.0,UBASH3B+CNN1,0.92981440797615,0.92981440797615,False,UBASH3B|CNN1,UBASH3B|CNN1,Calponin family|Protein phosphatases,Calponin family|Protein phosphatases,Calponin family|Protein phosphatases,2,True,True
Norman2019_GEARS_processed_mirror,B4_pca_ridge,L0,UBASH3B+OSR2,196.0,SAMD1+UBASH3B,0.7725929905545625,0.3009775687755778,True,UBASH3B|OSR2,SAMD1|UBASH3B,Protein phosphatases|Zinc fingers C2H2-type,Protein phosphatases|Sterile alpha motif domain containing,Protein phosphatases,1,True,False
Norman2019_GEARS_processed_mirror,B4_pca_ridge,L0,UBASH3B+PTPN12,4.0,PTPN12+UBASH3A,0.9287038177139444,0.9034408605809072,True,UBASH3B|PTPN12,PTPN12|UBASH3A,Protein phosphatases|Protein tyrosine phosphatases non-receptor type,Protein tyrosine phosphatases non-receptor type,Protein tyrosine phosphatases non-receptor type,1,True,False
Norman2019_GEARS_processed_mirror,B4_pca_ridge,L0,UBASH3B+PTPN9,3.0,CBL+UBASH3B,0.9387419180704998,0.9115420810146878,True,UBASH3B|PTPN9,CBL|UBASH3B,CRAL-TRIO lipid binding domain containing|Protein phosphatases|Protein tyrosine phosphatases non-receptor type,Protein phosphatases|Ring finger proteins,Protein phosphatases,1,True,False
Norman2019_GEARS_processed_mirror,B4_pca_ridge,L0,UBASH3B+UBASH3A,16.0,CBL+UBASH3B,0.9493649406911158,0.8698834530512074,True,UBASH3B|UBASH3A,CBL|UBASH3B,Protein phosphatases,Protein phosphatases|Ring finger proteins,Protein phosphatases,1,True,False
Norman2019_GEARS_processed_mirror,B4_pca_ridge,L0,UBASH3B+ZBTB25,3.0,CBL+UBASH3B,0.887433776534114,0.8829278674130876,True,UBASH3B|ZBTB25,CBL|UBASH3B,BTB domain containing|Protein phosphatases|Zinc fingers C2H2-type,Protein phosphatases|Ring finger proteins,Protein phosphatases,1,True,False
Norman2019_GEARS_processed_mirror,B4_pca_ridge,L0,UBASH3B+ctrl,48.0,UBASH3B+PTPN9,0.8831274031338834,0.6863122958586354,True,UBASH3B,UBASH3B|PTPN9,Protein phosphatases,CRAL-TRIO lipid binding domain containing|Protein phosphatases|Protein tyrosine phosphatases non-receptor type,Protein phosphatases,1,True,False
Norman2019_GEARS_processed_mirror,B4_pca_ridge,L0,ZBTB1+ctrl,63.0,SAMD1+ZBTB1,0.8828655510545411,0.686300310385772,True,ZBTB1,SAMD1|ZBTB1,BTB domain containing|Zinc fingers C2H2-type,BTB domain containing|Sterile alpha motif domain containing|Zinc fingers C2H2-type,BTB domain containing|Zinc fingers C2H2-type,2,True,False
Norman2019_GEARS_processed_mirror,B4_pca_ridge,L0,ZBTB10+DLX2,6.0,ZBTB10+SNAI1,0.8670496620010719,0.7734590343660309,True,ZBTB10|DLX2,ZBTB10|SNAI1,BTB domain containing|Distal-less homeobox family|Zinc fingers C2H2-type,BTB domain containing|SNAG transcriptional repressors|Zinc fingers C2H2-type,BTB domain containing|Zinc fingers C2H2-type,2,True,False
Norman2019_GEARS_processed_mirror,B4_pca_ridge,L0,ZBTB10+ELMSAN1,2.0,ZBTB10+SNAI1,0.5925703268415099,0.5328865192619494,True,ZBTB10|ELMSAN1,ZBTB10|SNAI1,BTB domain containing|Zinc fingers C2H2-type,BTB domain containing|SNAG transcriptional repressors|Zinc fingers C2H2-type,BTB domain containing|Zinc fingers C2H2-type,2,True,False
Norman2019_GEARS_processed_mirror,B4_pca_ridge,L0,ZBTB10+PTPN12,2.0,PTPN12+SNAI1,0.7333966515380057,0.7332398689252506,True,ZBTB10|PTPN12,PTPN12|SNAI1,BTB domain containing|Protein tyrosine phosphatases non-receptor type|Zinc fingers C2H2-type,Protein tyrosine phosphatases non-receptor type|SNAG transcriptional repressors|Zinc fingers C2H2-type,Protein tyrosine phosphatases non-receptor type|Zinc fingers C2H2-type,2,True,False
Norman2019_GEARS_processed_mirror,B4_pca_ridge,L0,ZBTB10+SNAI1,1.0,ZBTB10+SNAI1,0.8747233254929543,0.8747233254929543,False,ZBTB10|SNAI1,ZBTB10|SNAI1,BTB domain containing|SNAG transcriptional repressors|Zinc fingers C2H2-type,BTB domain containing|SNAG transcriptional repressors|Zinc fingers C2H2-type,BTB domain containing|SNAG transcriptional repressors|Zinc fingers C2H2-type,3,True,True
Norman2019_GEARS_processed_mirror,B4_pca_ridge,L0,ZBTB10+ctrl,3.0,ZBTB10+SNAI1,0.8572616503723269,0.8317879183442171,True,ZBTB10,ZBTB10|SNAI1,BTB domain containing|Zinc fingers C2H2-type,BTB domain containing|SNAG transcriptional repressors|Zinc fingers C2H2-type,BTB domain containing|Zinc fingers C2H2-type,2,True,False
Norman2019_GEARS_processed_mirror,B4_pca_ridge,L0,ZBTB25+ctrl,49.0,IGDCC3+ZBTB25,0.8677185159463037,0.691087137690197,True,ZBTB25,IGDCC3|ZBTB25,BTB domain containing|Zinc fingers C2H2-type,BTB domain containing|Fibronectin type III domain containing|I-set domain containing|Zinc fingers C2H2-type,BTB domain containing|Zinc fingers C2H2-type,2,True,False
Norman2019_GEARS_processed_mirror,B4_pca_ridge,L0,ZC3HAV1+CEBPA,4.0,CEBPA+ctrl,0.974812272845315,0.9518902667982604,True,ZC3HAV1|CEBPA,CEBPA,CCAAT/enhancer binding proteins|Poly(ADP-ribose) polymerases|Zinc fingers CCCH-type,CCAAT/enhancer binding proteins,CCAAT/enhancer binding proteins,1,True,False
Norman2019_GEARS_processed_mirror,B4_pca_ridge,L0,ZC3HAV1+CEBPE,26.0,ctrl+CEBPE,0.9567290806649044,0.6152208934363871,True,ZC3HAV1|CEBPE,CEBPE,CCAAT/enhancer binding proteins|Poly(ADP-ribose) polymerases|Zinc fingers CCCH-type,CCAAT/enhancer binding proteins,CCAAT/enhancer binding proteins,1,True,False
Norman2019_GEARS_processed_mirror,B4_pca_ridge,L0,ZC3HAV1+HOXC13,78.0,ctrl+CEBPA,0.9028334048058752,0.4671825213496373,True,ZC3HAV1|HOXC13,CEBPA,HOXL subclass homeoboxes|Poly(ADP-ribose) polymerases|Zinc fingers CCCH-type,CCAAT/enhancer binding proteins,,0,False,False
Norman2019_GEARS_processed_mirror,B4_pca_ridge,L0,ZC3HAV1+ctrl,273.0,ctrl+CEBPA,0.8833029186645076,-0.1566573801536299,True,ZC3HAV1,CEBPA,Poly(ADP-ribose) polymerases|Zinc fingers CCCH-type,CCAAT/enhancer binding proteins,,0,False,False
Norman2019_GEARS_processed_mirror,B4_pca_ridge,L0,ZNF318+FOXL2,16.0,FOXF1+FOXL2,0.9004114521549085,0.7596697115641442,True,ZNF318|FOXL2,FOXF1|FOXL2,Forkhead boxes|Zinc fingers C2H2-type|Zinc fingers matrin-type,Forkhead boxes,Forkhead boxes,1,True,False
Norman2019_GEARS_processed_mirror,B4_pca_ridge,L0,ZNF318+ctrl,151.0,POU3F2+FOXL2,0.8202976773371313,0.494821152285549,True,ZNF318,POU3F2|FOXL2,Zinc fingers C2H2-type|Zinc fingers matrin-type,Forkhead boxes|POU class homeoboxes and pseudogenes,,0,False,False
Norman2019_GEARS_processed_mirror,B4_pca_ridge,L0,ctrl+BAK1,274.0,SAMD1+ZBTB1,0.78318958619809,-0.1096344862052934,True,BAK1,SAMD1|ZBTB1,BCL2 family,BTB domain containing|Sterile alpha motif domain containing|Zinc fingers C2H2-type,,0,False,False
Norman2019_GEARS_processed_mirror,B4_pca_ridge,L0,ctrl+C19orf26,219.0,LYL1+IER5L,0.8124736874244712,0.2916938227928953,True,C19orf26,LYL1|IER5L,,Basic helix-loop-helix proteins,,0,False,False
Norman2019_GEARS_processed_mirror,B4_pca_ridge,L0,ctrl+CBFA2T3,226.0,FEV+CBFA2T3,0.8545162276674962,0.2133534578192568,True,CBFA2T3,FEV|CBFA2T3,A-kinase anchoring proteins|Zinc fingers MYND-type,A-kinase anchoring proteins|ETS transcription factor family|Zinc fingers MYND-type,A-kinase anchoring proteins|Zinc fingers MYND-type,2,True,False
Norman2019_GEARS_processed_mirror,B4_pca_ridge,L0,ctrl+CDKN1A,51.0,TP73+ctrl,0.7867638352648366,0.6816868295921221,True,CDKN1A,TP73,Cyclin dependent kinase inhibitor 1 family,,,0,False,False
Norman2019_GEARS_processed_mirror,B4_pca_ridge,L0,ctrl+CDKN1B,50.0,TP73+ctrl,0.7867638352648362,0.6820825611290509,True,CDKN1B,TP73,Cyclin dependent kinase inhibitor 1 family,,,0,False,False
Norman2019_GEARS_processed_mirror,B4_pca_ridge,L0,ctrl+CEBPA,2.0,CEBPA+ctrl,0.9717291492404194,0.9681628497634924,True,CEBPA,CEBPA,CCAAT/enhancer binding proteins,CCAAT/enhancer binding proteins,CCAAT/enhancer binding proteins,1,True,True
Norman2019_GEARS_processed_mirror,B4_pca_ridge,L0,ctrl+CEBPB,11.0,CEBPB+OSR2,0.9092409283379044,0.8690949607713967,True,CEBPB,CEBPB|OSR2,CCAAT/enhancer binding proteins,CCAAT/enhancer binding proteins|Zinc fingers C2H2-type,CCAAT/enhancer binding proteins,1,True,False
Norman2019_GEARS_processed_mirror,B4_pca_ridge,L0,ctrl+CEBPE,1.0,ctrl+CEBPE,0.9617690763024184,0.9617690763024184,False,CEBPE,CEBPE,CCAAT/enhancer binding proteins,CCAAT/enhancer binding proteins,CCAAT/enhancer binding proteins,1,True,True
Norman2019_GEARS_processed_mirror,B4_pca_ridge,L0,ctrl+CLDN6,20.0,SAMD1+ZBTB1,0.8112654251400109,0.7417206086979323,True,CLDN6,SAMD1|ZBTB1,Claudins,BTB domain containing|Sterile alpha motif domain containing|Zinc fingers C2H2-type,,0,False,False
Norman2019_GEARS_processed_mirror,B4_pca_ridge,L0,ctrl+CNN1,5.0,UBASH3B+CNN1,0.8987797509669204,0.8271608972914539,True,CNN1,UBASH3B|CNN1,Calponin family,Calponin family|Protein phosphatases,Calponin family,1,True,False
Norman2019_GEARS_processed_mirror,B4_pca_ridge,L0,ctrl+COL2A1,231.0,SAMD1+ZBTB1,0.8112654251400107,0.2409448408788647,True,COL2A1,SAMD1|ZBTB1,Fibrillar collagens,BTB domain containing|Sterile alpha motif domain containing|Zinc fingers C2H2-type,,0,False,False
Norman2019_GEARS_processed_mirror,B4_pca_ridge,L0,ctrl+DLX2,107.0,DUSP9+SNAI1,0.8752798867153124,0.5074792655367013,True,DLX2,DUSP9|SNAI1,Distal-less homeobox family,MAP kinase phosphatases|SNAG transcriptional repressors|Zinc fingers C2H2-type,,0,False,False
Norman2019_GEARS_processed_mirror,B4_pca_ridge,L0,ctrl+ELMSAN1,237.0,ZBTB10+ELMSAN1,0.6634132529087021,0.0269495147294748,True,ELMSAN1,ZBTB10|ELMSAN1,,BTB domain containing|Zinc fingers C2H2-type,,0,False,False
Norman2019_GEARS_processed_mirror,B4_pca_ridge,L0,ctrl+ETS2,11.0,MAPK1+IKZF3,0.7221879608629611,0.6439931335774356,True,ETS2,MAPK1|IKZF3,ETS transcription factor family,Mitogen-activated protein kinase 3 and 1 (ERK1/2) family|Zinc fingers C2H2-type,,0,False,False
Norman2019_GEARS_processed_mirror,B4_pca_ridge,L0,ctrl+FEV,5.0,FEV+ISL2,0.9071248667600548,0.8207050661026525,True,FEV,FEV|ISL2,ETS transcription factor family,ETS transcription factor family|LIM class homeoboxes,ETS transcription factor family,1,True,False
Norman2019_GEARS_processed_mirror,B4_pca_ridge,L0,ctrl+FOXA1,18.0,FOXA3+HOXB9,0.923863126188575,0.7274576132293045,True,FOXA1,FOXA3|HOXB9,Forkhead boxes,Forkhead boxes|HOXL subclass homeoboxes,Forkhead boxes,1,True,False
Norman2019_GEARS_processed_mirror,B4_pca_ridge,L0,ctrl+FOXF1,148.0,FOXA3+HOXB9,0.9188324254999513,0.4457387357025119,True,FOXF1,FOXA3|HOXB9,Forkhead boxes,Forkhead boxes|HOXL subclass homeoboxes,Forkhead boxes,1,True,False
Norman2019_GEARS_processed_mirror,B4_pca_ridge,L0,ctrl+FOXL2,15.0,FOXF1+FOXL2,0.9013109169132812,0.7716861422223462,True,FOXL2,FOXF1|FOXL2,Forkhead boxes,Forkhead boxes,Forkhead boxes,1,True,False
Norman2019_GEARS_processed_mirror,B4_pca_ridge,L0,ctrl+HOXB9,21.0,FOXA3+HOXB9,0.9188324254999518,0.7328432730928032,True,HOXB9,FOXA3|HOXB9,HOXL subclass homeoboxes,Forkhead boxes|HOXL subclass homeoboxes,HOXL subclass homeoboxes,1,True,False
Norman2019_GEARS_processed_mirror,B4_pca_ridge,L0,ctrl+HOXC13,24.0,TP73+ctrl,0.7917943816529052,0.6970005242160222,True,HOXC13,TP73,HOXL subclass homeoboxes,,,0,False,False
Norman2019_GEARS_processed_mirror,B4_pca_ridge,L0,ctrl+IER5L,33.0,LYL1+IER5L,0.8136829740886427,0.7091645353470093,True,IER5L,LYL1|IER5L,,Basic helix-loop-helix proteins,,0,False,False
Norman2019_GEARS_processed_mirror,B4_pca_ridge,L0,ctrl+IGDCC3,12.0,IGDCC3+ZBTB25,0.9020398618521192,0.8246730691706856,True,IGDCC3,IGDCC3|ZBTB25,Fibronectin type III domain containing|I-set domain containing,BTB domain containing|Fibronectin type III domain containing|I-set domain containing|Zinc fingers C2H2-type,Fibronectin type III domain containing|I-set domain containing,2,True,False
Norman2019_GEARS_processed_mirror,B4_pca_ridge,L0,ctrl+IKZF3,5.0,ETS2+IKZF3,0.9362922451058326,0.8625411012234145,True,IKZF3,ETS2|IKZF3,Zinc fingers C2H2-type,ETS transcription factor family|Zinc fingers C2H2-type,Zinc fingers C2H2-type,1,True,False
Norman2019_GEARS_processed_mirror,B4_pca_ridge,L0,ctrl+ISL2,241.0,LYL1+IER5L,0.8342322188749647,0.1930453036519893,True,ISL2,LYL1|IER5L,LIM class homeoboxes,Basic helix-loop-helix proteins,,0,False,False
Norman2019_GEARS_processed_mirror,B4_pca_ridge,L0,ctrl+KIF2C,221.0,LYL1+IER5L,0.8132108471567083,0.280993687177908,True,KIF2C,LYL1|IER5L,Kinesins|Small nucleolar RNA protein coding host genes,Basic helix-loop-helix proteins,,0,False,False
Norman2019_GEARS_processed_mirror,B4_pca_ridge,L0,ctrl+KLF1,3.0,KLF1+ctrl,0.8846917761560538,0.8666856045464861,True,KLF1,KLF1,KLF transcription factors|Zinc fingers C2H2-type,KLF transcription factors|Zinc fingers C2H2-type,KLF transcription factors|Zinc fingers C2H2-type,2,True,True
Norman2019_GEARS_processed_mirror,B4_pca_ridge,L0,ctrl+MAP2K6,251.0,MAP2K6+IKZF3,0.8662956281777703,-0.0603118228696539,True,MAP2K6,MAP2K6|IKZF3,Mitogen-activated protein kinase kinases,Mitogen-activated protein kinase kinases|Zinc fingers C2H2-type,Mitogen-activated protein kinase kinases,1,True,False
Norman2019_GEARS_processed_mirror,B4_pca_ridge,L0,ctrl+MAP7D1,263.0,LYL1+IER5L,0.8186301406753157,0.0511735428036553,True,MAP7D1,LYL1|IER5L,Microtubule associated protein 7 family,Basic helix-loop-helix proteins,,0,False,False
Norman2019_GEARS_processed_mirror,B4_pca_ridge,L0,ctrl+MAPK1,4.0,ETS2+MAPK1,0.8290820258214955,0.7765826456611697,True,MAPK1,ETS2|MAPK1,Mitogen-activated protein kinase 3 and 1 (ERK1/2) family,ETS transcription factor family|Mitogen-activated protein kinase 3 and 1 (ERK1/2) family,Mitogen-activated protein kinase 3 and 1 (ERK1/2) family,1,True,False
Norman2019_GEARS_processed_mirror,B4_pca_ridge,L0,ctrl+MEIS1,156.0,POU3F2+FOXL2,0.8210164556916462,0.4805982917017574,True,MEIS1,POU3F2|FOXL2,TALE class homeoboxes and pseudogenes,Forkhead boxes|POU class homeoboxes and pseudogenes,,0,False,False
Norman2019_GEARS_processed_mirror,B4_pca_ridge,L0,ctrl+OSR2,134.0,FOXA3+HOXB9,0.7646461393255302,0.4544437895726022,True,OSR2,FOXA3|HOXB9,Zinc fingers C2H2-type,Forkhead boxes|HOXL subclass homeoboxes,,0,False,False
Norman2019_GEARS_processed_mirror,B4_pca_ridge,L0,ctrl+PRTG,5.0,DUSP9+PRTG,0.8387529071333276,0.8026640108464929,True,PRTG,DUSP9|PRTG,Fibronectin type III domain containing|I-set domain containing,Fibronectin type III domain containing|I-set domain containing|MAP kinase phosphatases,Fibronectin type III domain containing|I-set domain containing,2,True,False
Norman2019_GEARS_processed_mirror,B4_pca_ridge,L0,ctrl+PTPN12,28.0,PTPN12+UBASH3A,0.9198552948674096,0.7413822171963599,True,PTPN12,PTPN12|UBASH3A,Protein tyrosine phosphatases non-receptor type,Protein tyrosine phosphatases non-receptor type,Protein tyrosine phosphatases non-receptor type,1,True,False
Norman2019_GEARS_processed_mirror,B4_pca_ridge,L0,ctrl+PTPN9,113.0,CBL+UBASH3B,0.8901395206713915,0.5556331819477726,True,PTPN9,CBL|UBASH3B,CRAL-TRIO lipid binding domain containing|Protein tyrosine phosphatases non-receptor type,Protein phosphatases|Ring finger proteins,,0,False,False
Norman2019_GEARS_processed_mirror,B4_pca_ridge,L0,ctrl+RUNX1T1,263.0,FOXA3+HOXB9,0.8005847408943222,0.0537465183678102,True,RUNX1T1,FOXA3|HOXB9,Zinc fingers MYND-type,Forkhead boxes|HOXL subclass homeoboxes,,0,False,False
Norman2019_GEARS_processed_mirror,B4_pca_ridge,L0,ctrl+SAMD1,27.0,SAMD1+UBASH3B,0.9210836760308668,0.7817239370804812,True,SAMD1,SAMD1|UBASH3B,Sterile alpha motif domain containing,Protein phosphatases|Sterile alpha motif domain containing,Sterile alpha motif domain containing,1,True,False
Norman2019_GEARS_processed_mirror,B4_pca_ridge,L0,ctrl+SET,2.0,SET+ctrl,0.69744732755248,0.6883554570057007,True,SET,SET,INHAT complex|Nucleosome assembly protein superfamily|SET complex,INHAT complex|Nucleosome assembly protein superfamily|SET complex,INHAT complex|Nucleosome assembly protein superfamily|SET complex,3,True,True
Norman2019_GEARS_processed_mirror,B4_pca_ridge,L0,ctrl+SLC38A2,272.0,LYL1+IER5L,0.8121929757039723,-0.1076970642794245,True,SLC38A2,LYL1|IER5L,Solute carrier family 38,Basic helix-loop-helix proteins,,0,False,False
Norman2019_GEARS_processed_mirror,B4_pca_ridge,L0,ctrl+SNAI1,16.0,DUSP9+SNAI1,0.9032679316239004,0.7137612330231669,True,SNAI1,DUSP9|SNAI1,SNAG transcriptional repressors|Zinc fingers C2H2-type,MAP kinase phosphatases|SNAG transcriptional repressors|Zinc fingers C2H2-type,SNAG transcriptional repressors|Zinc fingers C2H2-type,2,True,False
Norman2019_GEARS_processed_mirror,B4_pca_ridge,L0,ctrl+SPI1,75.0,SAMD1+ZBTB1,0.8012166348796266,0.6482501563589184,True,SPI1,SAMD1|ZBTB1,ETS transcription factor family,BTB domain containing|Sterile alpha motif domain containing|Zinc fingers C2H2-type,,0,False,False
Norman2019_GEARS_processed_mirror,B4_pca_ridge,L0,ctrl+STIL,141.0,LYL1+IER5L,0.8132108471567085,0.5059740881499828,True,STIL,LYL1|IER5L,,Basic helix-loop-helix proteins,,0,False,False
Norman2019_GEARS_processed_mirror,B4_pca_ridge,L0,ctrl+TBX2,103.0,CDKN1B+ctrl,0.7728312099605552,0.5790828737113096,True,TBX2,CDKN1B,T-box transcription factors,Cyclin dependent kinase inhibitor 1 family,,0,False,False
Norman2019_GEARS_processed_mirror,B4_pca_ridge,L0,ctrl+TBX3,191.0,CDKN1B+ctrl,0.7728312099605551,0.3741163623423784,True,TBX3,CDKN1B,T-box transcription factors,Cyclin dependent kinase inhibitor 1 family,,0,False,False
Norman2019_GEARS_processed_mirror,B4_pca_ridge,L0,ctrl+TGFBR2,148.0,TGFBR2+PRTG,0.8010173001746483,0.4305980770570364,True,TGFBR2,TGFBR2|PRTG,Type 2 receptor serine/threonine kinases,Fibronectin type III domain containing|I-set domain containing|Type 2 receptor serine/threonine kinases,Type 2 receptor serine/threonine kinases,1,True,False
Norman2019_GEARS_processed_mirror,B4_pca_ridge,L0,ctrl+UBASH3A,174.0,CBL+UBASH3B,0.9402899385732733,0.3004437217641753,True,UBASH3A,CBL|UBASH3B,,Protein phosphatases|Ring finger proteins,,0,False,False
Norman2019_GEARS_processed_mirror,B4_pca_ridge,L0,ctrl+UBASH3B,24.0,UBASH3B+PTPN9,0.8831274031338834,0.7583849945021838,True,UBASH3B,UBASH3B|PTPN9,Protein phosphatases,CRAL-TRIO lipid binding domain containing|Protein phosphatases|Protein tyrosine phosphatases non-receptor type,Protein phosphatases,1,True,False
Norman2019_GEARS_processed_mirror,B4_pca_ridge,L0,ctrl+ZBTB1,46.0,SAMD1+ZBTB1,0.8828655510545411,0.7221586897119909,True,ZBTB1,SAMD1|ZBTB1,BTB domain containing|Zinc fingers C2H2-type,BTB domain containing|Sterile alpha motif domain containing|Zinc fingers C2H2-type,BTB domain containing|Zinc fingers C2H2-type,2,True,False
Norman2019_GEARS_processed_mirror,B4_pca_ridge,L0,ctrl+ZBTB25,45.0,IGDCC3+ZBTB25,0.8677185159463037,0.6939280932637755,True,ZBTB25,IGDCC3|ZBTB25,BTB domain containing|Zinc fingers C2H2-type,BTB domain containing|Fibronectin type III domain containing|I-set domain containing|Zinc fingers C2H2-type,BTB domain containing|Zinc fingers C2H2-type,2,True,False
Norman2019_GEARS_processed_mirror,B5_mean_effect,L0,AHR+FEV,81.0,LYL1+IER5L,0.7957773804664612,0.6290533542633057,True,AHR|FEV,LYL1|IER5L,Basic helix-loop-helix proteins|ETS transcription factor family|PAS domain containing,Basic helix-loop-helix proteins,Basic helix-loop-helix proteins,1,True,False
Norman2019_GEARS_processed_mirror,B5_mean_effect,L0,AHR+KLF1,207.0,LYL1+IER5L,0.7957773804664612,0.3434217572212219,True,AHR|KLF1,LYL1|IER5L,Basic helix-loop-helix proteins|KLF transcription factors|PAS domain containing|Zinc fingers C2H2-type,Basic helix-loop-helix proteins,Basic helix-loop-helix proteins,1,True,False
Norman2019_GEARS_processed_mirror,B5_mean_effect,L0,AHR+ctrl,98.0,LYL1+IER5L,0.7957773804664612,0.6073943972587585,True,AHR,LYL1|IER5L,Basic helix-loop-helix proteins|PAS domain containing,Basic helix-loop-helix proteins,Basic helix-loop-helix proteins,1,True,False
Norman2019_GEARS_processed_mirror,B5_mean_effect,L0,ARID1A+ctrl,77.0,LYL1+IER5L,0.7957773804664612,0.6359577178955078,True,ARID1A,LYL1|IER5L,AT-rich interaction domain containing|Armadillo like helical domain containing|BAF complex subunits,Basic helix-loop-helix proteins,,0,False,False
Norman2019_GEARS_processed_mirror,B5_mean_effect,L0,ARRDC3+ctrl,124.0,LYL1+IER5L,0.7957773804664612,0.5448223352432251,True,ARRDC3,LYL1|IER5L,Alpha arrestins,Basic helix-loop-helix proteins,,0,False,False
Norman2019_GEARS_processed_mirror,B5_mean_effect,L0,ATL1+ctrl,52.0,LYL1+IER5L,0.7957773804664612,0.6674410104751587,True,ATL1,LYL1|IER5L,Atlastins,Basic helix-loop-helix proteins,,0,False,False
Norman2019_GEARS_processed_mirror,B5_mean_effect,L0,BAK1+ctrl,270.0,LYL1+IER5L,0.7957773804664612,-0.0919096544384956,True,BAK1,LYL1|IER5L,BCL2 family,Basic helix-loop-helix proteins,,0,False,False
Norman2019_GEARS_processed_mirror,B5_mean_effect,L0,BCL2L11+BAK1,271.0,LYL1+IER5L,0.7957773804664612,-0.0979833081364631,True,BCL2L11|BAK1,LYL1|IER5L,BCL2 family|BCL2 homology region 3 (BH3) only,Basic helix-loop-helix proteins,,0,False,False
Norman2019_GEARS_processed_mirror,B5_mean_effect,L0,BCL2L11+TGFBR2,210.0,LYL1+IER5L,0.7957773804664612,0.3365172147750854,True,BCL2L11|TGFBR2,LYL1|IER5L,BCL2 homology region 3 (BH3) only|Type 2 receptor serine/threonine kinases,Basic helix-loop-helix proteins,,0,False,False
Norman2019_GEARS_processed_mirror,B5_mean_effect,L0,BCL2L11+ctrl,262.0,LYL1+IER5L,0.7957773804664612,0.1125067323446273,True,BCL2L11,LYL1|IER5L,BCL2 homology region 3 (BH3) only,Basic helix-loop-helix proteins,,0,False,False
Norman2019_GEARS_processed_mirror,B5_mean_effect,L0,BCORL1+ctrl,226.0,LYL1+IER5L,0.7957773804664612,0.2847379446029663,True,BCORL1,LYL1|IER5L,Ankyrin repeat domain containing,Basic helix-loop-helix proteins,,0,False,False
Norman2019_GEARS_processed_mirror,B5_mean_effect,L0,BPGM+SAMD1,17.0,LYL1+IER5L,0.7957773804664612,0.7287279367446899,True,BPGM|SAMD1,LYL1|IER5L,Bisphosphoglycerate phosphatases|Phosphoglycerate mutases|Sterile alpha motif domain containing,Basic helix-loop-helix proteins,,0,False,False
Norman2019_GEARS_processed_mirror,B5_mean_effect,L0,BPGM+ZBTB1,12.0,LYL1+IER5L,0.7957773804664612,0.7385028600692749,True,BPGM|ZBTB1,LYL1|IER5L,BTB domain containing|Bisphosphoglycerate phosphatases|Phosphoglycerate mutases|Zinc fingers C2H2-type,Basic helix-loop-helix proteins,,0,False,False
Norman2019_GEARS_processed_mirror,B5_mean_effect,L0,BPGM+ctrl,121.0,LYL1+IER5L,0.7957773804664612,0.5454623699188232,True,BPGM,LYL1|IER5L,Bisphosphoglycerate phosphatases|Phosphoglycerate mutases,Basic helix-loop-helix proteins,,0,False,False
Norman2019_GEARS_processed_mirror,B5_mean_effect,L0,C19orf26+ctrl,180.0,LYL1+IER5L,0.7957773804664612,0.4409641623497009,True,C19orf26,LYL1|IER5L,,Basic helix-loop-helix proteins,,0,False,False
Norman2019_GEARS_processed_mirror,B5_mean_effect,L0,C3orf72+FOXL2,160.0,LYL1+IER5L,0.7957773804664612,0.4776711165904999,True,C3orf72|FOXL2,LYL1|IER5L,Forkhead boxes,Basic helix-loop-helix proteins,,0,False,False
Norman2019_GEARS_processed_mirror,B5_mean_effect,L0,C3orf72+ctrl,54.0,LYL1+IER5L,0.7957773804664612,0.6644303798675537,True,C3orf72,LYL1|IER5L,,Basic helix-loop-helix proteins,,0,False,False
Norman2019_GEARS_processed_mirror,B5_mean_effect,L0,CBFA2T3+ctrl,248.0,LYL1+IER5L,0.7957773804664612,0.1772388815879821,True,CBFA2T3,LYL1|IER5L,A-kinase anchoring proteins|Zinc fingers MYND-type,Basic helix-loop-helix proteins,,0,False,False
Norman2019_GEARS_processed_mirror,B5_mean_effect,L0,CBL+CNN1,42.0,LYL1+IER5L,0.7957773804664612,0.6814537048339844,True,CBL|CNN1,LYL1|IER5L,Calponin family|Ring finger proteins,Basic helix-loop-helix proteins,,0,False,False
Norman2019_GEARS_processed_mirror,B5_mean_effect,L0,CBL+PTPN12,108.0,LYL1+IER5L,0.7957773804664612,0.5944087505340576,True,CBL|PTPN12,LYL1|IER5L,Protein tyrosine phosphatases non-receptor type|Ring finger proteins,Basic helix-loop-helix proteins,,0,False,False
Norman2019_GEARS_processed_mirror,B5_mean_effect,L0,CBL+PTPN9,44.0,LYL1+IER5L,0.7957773804664612,0.679261326789856,True,CBL|PTPN9,LYL1|IER5L,CRAL-TRIO lipid binding domain containing|Protein tyrosine phosphatases non-receptor type|Ring finger proteins,Basic helix-loop-helix proteins,,0,False,False
Norman2019_GEARS_processed_mirror,B5_mean_effect,L0,CBL+TGFBR2,127.0,LYL1+IER5L,0.7957773804664612,0.5381709933280945,True,CBL|TGFBR2,LYL1|IER5L,Ring finger proteins|Type 2 receptor serine/threonine kinases,Basic helix-loop-helix proteins,,0,False,False
Norman2019_GEARS_processed_mirror,B5_mean_effect,L0,CBL+UBASH3A,107.0,LYL1+IER5L,0.7957773804664612,0.5946677327156067,True,CBL|UBASH3A,LYL1|IER5L,Ring finger proteins,Basic helix-loop-helix proteins,,0,False,False
Norman2019_GEARS_processed_mirror,B5_mean_effect,L0,CBL+UBASH3B,31.0,LYL1+IER5L,0.7957773804664612,0.7033160328865051,True,CBL|UBASH3B,LYL1|IER5L,Protein phosphatases|Ring finger proteins,Basic helix-loop-helix proteins,,0,False,False
Norman2019_GEARS_processed_mirror,B5_mean_effect,L0,CBL+ctrl,123.0,LYL1+IER5L,0.7957773804664612,0.5452811121940613,True,CBL,LYL1|IER5L,Ring finger proteins,Basic helix-loop-helix proteins,,0,False,False
Norman2019_GEARS_processed_mirror,B5_mean_effect,L0,CDKN1A+ctrl,47.0,LYL1+IER5L,0.7957773804664612,0.6776179075241089,True,CDKN1A,LYL1|IER5L,Cyclin dependent kinase inhibitor 1 family,Basic helix-loop-helix proteins,,0,False,False
Norman2019_GEARS_processed_mirror,B5_mean_effect,L0,CDKN1B+CDKN1A,63.0,LYL1+IER5L,0.7957773804664612,0.65639328956604,True,CDKN1B|CDKN1A,LYL1|IER5L,Cyclin dependent kinase inhibitor 1 family,Basic helix-loop-helix proteins,,0,False,False
Norman2019_GEARS_processed_mirror,B5_mean_effect,L0,CDKN1B+ctrl,20.0,LYL1+IER5L,0.7957773804664612,0.7178757190704346,True,CDKN1B,LYL1|IER5L,Cyclin dependent kinase inhibitor 1 family,Basic helix-loop-helix proteins,,0,False,False
Norman2019_GEARS_processed_mirror,B5_mean_effect,L0,CDKN1C+CDKN1A,35.0,LYL1+IER5L,0.7957773804664612,0.6944792866706848,True,CDKN1C|CDKN1A,LYL1|IER5L,Cyclin dependent kinase inhibitor 1 family,Basic helix-loop-helix proteins,,0,False,False
Norman2019_GEARS_processed_mirror,B5_mean_effect,L0,CDKN1C+CDKN1B,95.0,LYL1+IER5L,0.7957773804664612,0.6107122898101807,True,CDKN1C|CDKN1B,LYL1|IER5L,Cyclin dependent kinase inhibitor 1 family,Basic helix-loop-helix proteins,,0,False,False
Norman2019_GEARS_processed_mirror,B5_mean_effect,L0,CDKN1C+ctrl,43.0,LYL1+IER5L,0.7957773804664612,0.679719090461731,True,CDKN1C,LYL1|IER5L,Cyclin dependent kinase inhibitor 1 family,Basic helix-loop-helix proteins,,0,False,False
Norman2019_GEARS_processed_mirror,B5_mean_effect,L0,CEBPA+ctrl,138.0,LYL1+IER5L,0.7957773804664612,0.5178623199462891,True,CEBPA,LYL1|IER5L,CCAAT/enhancer binding proteins,Basic helix-loop-helix proteins,,0,False,False
Norman2019_GEARS_processed_mirror,B5_mean_effect,L0,CEBPB+CEBPA,165.0,LYL1+IER5L,0.7957773804664612,0.4687056541442871,True,CEBPB|CEBPA,LYL1|IER5L,CCAAT/enhancer binding proteins,Basic helix-loop-helix proteins,,0,False,False
Norman2019_GEARS_processed_mirror,B5_mean_effect,L0,CEBPB+MAPK1,205.0,LYL1+IER5L,0.7957773804664612,0.3539719879627228,True,CEBPB|MAPK1,LYL1|IER5L,CCAAT/enhancer binding proteins|Mitogen-activated protein kinase 3 and 1 (ERK1/2) family,Basic helix-loop-helix proteins,,0,False,False
Norman2019_GEARS_processed_mirror,B5_mean_effect,L0,CEBPB+OSR2,134.0,LYL1+IER5L,0.7957773804664612,0.5198138356208801,True,CEBPB|OSR2,LYL1|IER5L,CCAAT/enhancer binding proteins|Zinc fingers C2H2-type,Basic helix-loop-helix proteins,,0,False,False
Norman2019_GEARS_processed_mirror,B5_mean_effect,L0,CEBPB+PTPN12,40.0,LYL1+IER5L,0.7957773804664612,0.6902410984039307,True,CEBPB|PTPN12,LYL1|IER5L,CCAAT/enhancer binding proteins|Protein tyrosine phosphatases non-receptor type,Basic helix-loop-helix proteins,,0,False,False
Norman2019_GEARS_processed_mirror,B5_mean_effect,L0,CEBPB+ctrl,149.0,LYL1+IER5L,0.7957773804664612,0.4988872408866882,True,CEBPB,LYL1|IER5L,CCAAT/enhancer binding proteins,Basic helix-loop-helix proteins,,0,False,False
Norman2019_GEARS_processed_mirror,B5_mean_effect,L0,CEBPE+CEBPA,131.0,LYL1+IER5L,0.7957773804664612,0.5273984670639038,True,CEBPE|CEBPA,LYL1|IER5L,CCAAT/enhancer binding proteins,Basic helix-loop-helix proteins,,0,False,False
Norman2019_GEARS_processed_mirror,B5_mean_effect,L0,CEBPE+CEBPB,144.0,LYL1+IER5L,0.7957773804664612,0.5053826570510864,True,CEBPE|CEBPB,LYL1|IER5L,CCAAT/enhancer binding proteins,Basic helix-loop-helix proteins,,0,False,False
Norman2019_GEARS_processed_mirror,B5_mean_effect,L0,CEBPE+CNN1,166.0,LYL1+IER5L,0.7957773804664612,0.4682598710060119,True,CEBPE|CNN1,LYL1|IER5L,CCAAT/enhancer binding proteins|Calponin family,Basic helix-loop-helix proteins,,0,False,False
Norman2019_GEARS_processed_mirror,B5_mean_effect,L0,CEBPE+KLF1,196.0,LYL1+IER5L,0.7957773804664612,0.3775170445442199,True,CEBPE|KLF1,LYL1|IER5L,CCAAT/enhancer binding proteins|KLF transcription factors|Zinc fingers C2H2-type,Basic helix-loop-helix proteins,,0,False,False
Norman2019_GEARS_processed_mirror,B5_mean_effect,L0,CEBPE+PTPN12,136.0,LYL1+IER5L,0.7957773804664612,0.5195341110229492,True,CEBPE|PTPN12,LYL1|IER5L,CCAAT/enhancer binding proteins|Protein tyrosine phosphatases non-receptor type,Basic helix-loop-helix proteins,,0,False,False
Norman2019_GEARS_processed_mirror,B5_mean_effect,L0,CEBPE+RUNX1T1,206.0,LYL1+IER5L,0.7957773804664612,0.3470721840858459,True,CEBPE|RUNX1T1,LYL1|IER5L,CCAAT/enhancer binding proteins|Zinc fingers MYND-type,Basic helix-loop-helix proteins,,0,False,False
Norman2019_GEARS_processed_mirror,B5_mean_effect,L0,CEBPE+SPI1,119.0,LYL1+IER5L,0.7957773804664612,0.5578246116638184,True,CEBPE|SPI1,LYL1|IER5L,CCAAT/enhancer binding proteins|ETS transcription factor family,Basic helix-loop-helix proteins,,0,False,False
Norman2019_GEARS_processed_mirror,B5_mean_effect,L0,CEBPE+ctrl,173.0,LYL1+IER5L,0.7957773804664612,0.4526935815811157,True,CEBPE,LYL1|IER5L,CCAAT/enhancer binding proteins,Basic helix-loop-helix proteins,,0,False,False
Norman2019_GEARS_processed_mirror,B5_mean_effect,L0,CELF2+ctrl,235.0,LYL1+IER5L,0.7957773804664612,0.2269180864095688,True,CELF2,LYL1|IER5L,RNA binding motif containing,Basic helix-loop-helix proteins,,0,False,False
Norman2019_GEARS_processed_mirror,B5_mean_effect,L0,CITED1+ctrl,143.0,LYL1+IER5L,0.7957773804664612,0.5141571164131165,True,CITED1,LYL1|IER5L,CBP/p300-interacting transactivator with ED-rich tail family,Basic helix-loop-helix proteins,,0,False,False
Norman2019_GEARS_processed_mirror,B5_mean_effect,L0,CKS1B+ctrl,145.0,LYL1+IER5L,0.7957773804664612,0.5029370188713074,True,CKS1B,LYL1|IER5L,MicroRNA protein coding host genes,Basic helix-loop-helix proteins,,0,False,False
Norman2019_GEARS_processed_mirror,B5_mean_effect,L0,CLDN6+ctrl,74.0,LYL1+IER5L,0.7957773804664612,0.6437143087387085,True,CLDN6,LYL1|IER5L,Claudins,Basic helix-loop-helix proteins,,0,False,False
Norman2019_GEARS_processed_mirror,B5_mean_effect,L0,CNN1+MAPK1,175.0,LYL1+IER5L,0.7957773804664612,0.4518184065818786,True,CNN1|MAPK1,LYL1|IER5L,Calponin family|Mitogen-activated protein kinase 3 and 1 (ERK1/2) family,Basic helix-loop-helix proteins,,0,False,False
Norman2019_GEARS_processed_mirror,B5_mean_effect,L0,CNN1+UBASH3A,34.0,LYL1+IER5L,0.7957773804664612,0.6949175596237183,True,CNN1|UBASH3A,LYL1|IER5L,Calponin family,Basic helix-loop-helix proteins,,0,False,False
Norman2019_GEARS_processed_mirror,B5_mean_effect,L0,CNN1+ctrl,218.0,LYL1+IER5L,0.7957773804664612,0.3190251588821411,True,CNN1,LYL1|IER5L,Calponin family,Basic helix-loop-helix proteins,,0,False,False
Norman2019_GEARS_processed_mirror,B5_mean_effect,L0,CNNM4+ctrl,164.0,LYL1+IER5L,0.7957773804664612,0.471183568239212,True,CNNM4,LYL1|IER5L,"MicroRNA protein coding host genes|Solute carrier family 70, cyclin and CBS domain divalent metal cation transport mediators",Basic helix-loop-helix proteins,,0,False,False
Norman2019_GEARS_processed_mirror,B5_mean_effect,L0,COL1A1+ctrl,198.0,LYL1+IER5L,0.7957773804664612,0.3733985424041748,True,COL1A1,LYL1|IER5L,Fibrillar collagens,Basic helix-loop-helix proteins,,0,False,False
Norman2019_GEARS_processed_mirror,B5_mean_effect,L0,COL2A1+ctrl,242.0,LYL1+IER5L,0.7957773804664612,0.2025591135025024,True,COL2A1,LYL1|IER5L,Fibrillar collagens,Basic helix-loop-helix proteins,,0,False,False
Norman2019_GEARS_processed_mirror,B5_mean_effect,L0,CSRNP1+ctrl,279.0,LYL1+IER5L,0.7957773804664612,-0.2592507004737854,True,CSRNP1,LYL1|IER5L,,Basic helix-loop-helix proteins,,0,False,False
Norman2019_GEARS_processed_mirror,B5_mean_effect,L0,DLX2+ctrl,225.0,LYL1+IER5L,0.7957773804664612,0.2857338488101959,True,DLX2,LYL1|IER5L,Distal-less homeobox family,Basic helix-loop-helix proteins,,0,False,False
Norman2019_GEARS_processed_mirror,B5_mean_effect,L0,DUSP9+ETS2,80.0,LYL1+IER5L,0.7957773804664612,0.62940913438797,True,DUSP9|ETS2,LYL1|IER5L,ETS transcription factor family|MAP kinase phosphatases,Basic helix-loop-helix proteins,,0,False,False
Norman2019_GEARS_processed_mirror,B5_mean_effect,L0,DUSP9+IGDCC3,16.0,LYL1+IER5L,0.7957773804664612,0.729600191116333,True,DUSP9|IGDCC3,LYL1|IER5L,Fibronectin type III domain containing|I-set domain containing|MAP kinase phosphatases,Basic helix-loop-helix proteins,,0,False,False
Norman2019_GEARS_processed_mirror,B5_mean_effect,L0,DUSP9+KLF1,93.0,LYL1+IER5L,0.7957773804664612,0.6115583181381226,True,DUSP9|KLF1,LYL1|IER5L,KLF transcription factors|MAP kinase phosphatases|Zinc fingers C2H2-type,Basic helix-loop-helix proteins,,0,False,False
Norman2019_GEARS_processed_mirror,B5_mean_effect,L0,DUSP9+MAPK1,188.0,LYL1+IER5L,0.7957773804664612,0.4026790261268616,True,DUSP9|MAPK1,LYL1|IER5L,MAP kinase phosphatases|Mitogen-activated protein kinase 3 and 1 (ERK1/2) family,Basic helix-loop-helix proteins,,0,False,False
Norman2019_GEARS_processed_mirror,B5_mean_effect,L0,DUSP9+PRTG,37.0,LYL1+IER5L,0.7957773804664612,0.6906288862228394,True,DUSP9|PRTG,LYL1|IER5L,Fibronectin type III domain containing|I-set domain containing|MAP kinase phosphatases,Basic helix-loop-helix proteins,,0,False,False
Norman2019_GEARS_processed_mirror,B5_mean_effect,L0,DUSP9+SNAI1,28.0,LYL1+IER5L,0.7957773804664612,0.707686185836792,True,DUSP9|SNAI1,LYL1|IER5L,MAP kinase phosphatases|SNAG transcriptional repressors|Zinc fingers C2H2-type,Basic helix-loop-helix proteins,,0,False,False
Norman2019_GEARS_processed_mirror,B5_mean_effect,L0,DUSP9+ctrl,109.0,LYL1+IER5L,0.7957773804664612,0.5915093421936035,True,DUSP9,LYL1|IER5L,MAP kinase phosphatases,Basic helix-loop-helix proteins,,0,False,False
Norman2019_GEARS_processed_mirror,B5_mean_effect,L0,EGR1+ctrl,75.0,LYL1+IER5L,0.7957773804664612,0.6428573131561279,True,EGR1,LYL1|IER5L,Zinc fingers C2H2-type,Basic helix-loop-helix proteins,,0,False,False
Norman2019_GEARS_processed_mirror,B5_mean_effect,L0,ELMSAN1+ctrl,268.0,LYL1+IER5L,0.7957773804664612,-0.0644585266709327,True,ELMSAN1,LYL1|IER5L,,Basic helix-loop-helix proteins,,0,False,False
Norman2019_GEARS_processed_mirror,B5_mean_effect,L0,ETS2+CEBPE,212.0,LYL1+IER5L,0.7957773804664612,0.3343613743782043,True,ETS2|CEBPE,LYL1|IER5L,CCAAT/enhancer binding proteins|ETS transcription factor family,Basic helix-loop-helix proteins,,0,False,False
Norman2019_GEARS_processed_mirror,B5_mean_effect,L0,ETS2+CNN1,97.0,LYL1+IER5L,0.7957773804664612,0.6079076528549194,True,ETS2|CNN1,LYL1|IER5L,Calponin family|ETS transcription factor family,Basic helix-loop-helix proteins,,0,False,False
Norman2019_GEARS_processed_mirror,B5_mean_effect,L0,ETS2+IGDCC3,103.0,LYL1+IER5L,0.7957773804664612,0.6000344753265381,True,ETS2|IGDCC3,LYL1|IER5L,ETS transcription factor family|Fibronectin type III domain containing|I-set domain containing,Basic helix-loop-helix proteins,,0,False,False
Norman2019_GEARS_processed_mirror,B5_mean_effect,L0,ETS2+IKZF3,2.0,LYL1+IER5L,0.7957773804664612,0.7901961803436279,True,ETS2|IKZF3,LYL1|IER5L,ETS transcription factor family|Zinc fingers C2H2-type,Basic helix-loop-helix proteins,,0,False,False
Norman2019_GEARS_processed_mirror,B5_mean_effect,L0,ETS2+MAP7D1,243.0,LYL1+IER5L,0.7957773804664612,0.2013201117515564,True,ETS2|MAP7D1,LYL1|IER5L,ETS transcription factor family|Microtubule associated protein 7 family,Basic helix-loop-helix proteins,,0,False,False
Norman2019_GEARS_processed_mirror,B5_mean_effect,L0,ETS2+MAPK1,219.0,LYL1+IER5L,0.7957773804664612,0.3013677597045898,True,ETS2|MAPK1,LYL1|IER5L,ETS transcription factor family|Mitogen-activated protein kinase 3 and 1 (ERK1/2) family,Basic helix-loop-helix proteins,,0,False,False
Norman2019_GEARS_processed_mirror,B5_mean_effect,L0,ETS2+PRTG,27.0,LYL1+IER5L,0.7957773804664612,0.7079840898513794,True,ETS2|PRTG,LYL1|IER5L,ETS transcription factor family|Fibronectin type III domain containing|I-set domain containing,Basic helix-loop-helix proteins,,0,False,False
Norman2019_GEARS_processed_mirror,B5_mean_effect,L0,ETS2+ctrl,255.0,LYL1+IER5L,0.7957773804664612,0.1525905132293701,True,ETS2,LYL1|IER5L,ETS transcription factor family,Basic helix-loop-helix proteins,,0,False,False
Norman2019_GEARS_processed_mirror,B5_mean_effect,L0,FEV+CBFA2T3,90.0,LYL1+IER5L,0.7957773804664612,0.6203010678291321,True,FEV|CBFA2T3,LYL1|IER5L,A-kinase anchoring proteins|ETS transcription factor family|Zinc fingers MYND-type,Basic helix-loop-helix proteins,,0,False,False
Norman2019_GEARS_processed_mirror,B5_mean_effect,L0,FEV+ISL2,135.0,LYL1+IER5L,0.7957773804664612,0.5195415019989014,True,FEV|ISL2,LYL1|IER5L,ETS transcription factor family|LIM class homeoboxes,Basic helix-loop-helix proteins,,0,False,False
Norman2019_GEARS_processed_mirror,B5_mean_effect,L0,FEV+MAP7D1,118.0,LYL1+IER5L,0.7957773804664612,0.5596528053283691,True,FEV|MAP7D1,LYL1|IER5L,ETS transcription factor family|Microtubule associated protein 7 family,Basic helix-loop-helix proteins,,0,False,False
Norman2019_GEARS_processed_mirror,B5_mean_effect,L0,FEV+ctrl,215.0,LYL1+IER5L,0.7957773804664612,0.3252054452896118,True,FEV,LYL1|IER5L,ETS transcription factor family,Basic helix-loop-helix proteins,,0,False,False
Norman2019_GEARS_processed_mirror,B5_mean_effect,L0,FOSB+CEBPB,139.0,LYL1+IER5L,0.7957773804664612,0.517765998840332,True,FOSB|CEBPB,LYL1|IER5L,CCAAT/enhancer binding proteins|Fos transcription factor family,Basic helix-loop-helix proteins,,0,False,False
Norman2019_GEARS_processed_mirror,B5_mean_effect,L0,FOSB+CEBPE,148.0,LYL1+IER5L,0.7957773804664612,0.5014759302139282,True,FOSB|CEBPE,LYL1|IER5L,CCAAT/enhancer binding proteins|Fos transcription factor family,Basic helix-loop-helix proteins,,0,False,False
Norman2019_GEARS_processed_mirror,B5_mean_effect,L0,FOSB+IKZF3,29.0,LYL1+IER5L,0.7957773804664612,0.7067641019821167,True,FOSB|IKZF3,LYL1|IER5L,Fos transcription factor family|Zinc fingers C2H2-type,Basic helix-loop-helix proteins,,0,False,False
Norman2019_GEARS_processed_mirror,B5_mean_effect,L0,FOSB+OSR2,200.0,LYL1+IER5L,0.7957773804664612,0.3658618032932281,True,FOSB|OSR2,LYL1|IER5L,Fos transcription factor family|Zinc fingers C2H2-type,Basic helix-loop-helix proteins,,0,False,False
Norman2019_GEARS_processed_mirror,B5_mean_effect,L0,FOSB+PTPN12,137.0,LYL1+IER5L,0.7957773804664612,0.5187408924102783,True,FOSB|PTPN12,LYL1|IER5L,Fos transcription factor family|Protein tyrosine phosphatases non-receptor type,Basic helix-loop-helix proteins,,0,False,False
Norman2019_GEARS_processed_mirror,B5_mean_effect,L0,FOSB+UBASH3B,195.0,LYL1+IER5L,0.7957773804664612,0.3783437311649322,True,FOSB|UBASH3B,LYL1|IER5L,Fos transcription factor family|Protein phosphatases,Basic helix-loop-helix proteins,,0,False,False
Norman2019_GEARS_processed_mirror,B5_mean_effect,L0,FOSB+ctrl,241.0,LYL1+IER5L,0.7957773804664612,0.2039547562599182,True,FOSB,LYL1|IER5L,Fos transcription factor family,Basic helix-loop-helix proteins,,0,False,False
Norman2019_GEARS_processed_mirror,B5_mean_effect,L0,FOXA1+FOXF1,24.0,LYL1+IER5L,0.7957773804664612,0.7093958854675293,True,FOXA1|FOXF1,LYL1|IER5L,Forkhead boxes,Basic helix-loop-helix proteins,,0,False,False
Norman2019_GEARS_processed_mirror,B5_mean_effect,L0,FOXA1+FOXL2,49.0,LYL1+IER5L,0.7957773804664612,0.6762012839317322,True,FOXA1|FOXL2,LYL1|IER5L,Forkhead boxes,Basic helix-loop-helix proteins,,0,False,False
Norman2019_GEARS_processed_mirror,B5_mean_effect,L0,FOXA1+HOXB9,11.0,LYL1+IER5L,0.7957773804664612,0.7431234121322632,True,FOXA1|HOXB9,LYL1|IER5L,Forkhead boxes|HOXL subclass homeoboxes,Basic helix-loop-helix proteins,,0,False,False
Norman2019_GEARS_processed_mirror,B5_mean_effect,L0,FOXA1+ctrl,150.0,LYL1+IER5L,0.7957773804664612,0.4986310601234436,True,FOXA1,LYL1|IER5L,Forkhead boxes,Basic helix-loop-helix proteins,,0,False,False
Norman2019_GEARS_processed_mirror,B5_mean_effect,L0,FOXA3+FOXA1,51.0,LYL1+IER5L,0.7957773804664612,0.6740148067474365,True,FOXA3|FOXA1,LYL1|IER5L,Forkhead boxes,Basic helix-loop-helix proteins,,0,False,False
Norman2019_GEARS_processed_mirror,B5_mean_effect,L0,FOXA3+FOXF1,67.0,LYL1+IER5L,0.7957773804664612,0.6535114049911499,True,FOXA3|FOXF1,LYL1|IER5L,Forkhead boxes,Basic helix-loop-helix proteins,,0,False,False
Norman2019_GEARS_processed_mirror,B5_mean_effect,L0,FOXA3+FOXL2,76.0,LYL1+IER5L,0.7957773804664612,0.6369631290435791,True,FOXA3|FOXL2,LYL1|IER5L,Forkhead boxes,Basic helix-loop-helix proteins,,0,False,False
Norman2019_GEARS_processed_mirror,B5_mean_effect,L0,FOXA3+HOXB9,9.0,LYL1+IER5L,0.7957773804664612,0.7558890581130981,True,FOXA3|HOXB9,LYL1|IER5L,Forkhead boxes|HOXL subclass homeoboxes,Basic helix-loop-helix proteins,,0,False,False
Norman2019_GEARS_processed_mirror,B5_mean_effect,L0,FOXA3+ctrl,106.0,LYL1+IER5L,0.7957773804664612,0.5948734283447266,True,FOXA3,LYL1|IER5L,Forkhead boxes,Basic helix-loop-helix proteins,,0,False,False
Norman2019_GEARS_processed_mirror,B5_mean_effect,L0,FOXF1+FOXL2,53.0,LYL1+IER5L,0.7957773804664612,0.6666402816772461,True,FOXF1|FOXL2,LYL1|IER5L,Forkhead boxes,Basic helix-loop-helix proteins,,0,False,False
Norman2019_GEARS_processed_mirror,B5_mean_effect,L0,FOXF1+HOXB9,61.0,LYL1+IER5L,0.7957773804664612,0.6596720218658447,True,FOXF1|HOXB9,LYL1|IER5L,Forkhead boxes|HOXL subclass homeoboxes,Basic helix-loop-helix proteins,,0,False,False
Norman2019_GEARS_processed_mirror,B5_mean_effect,L0,FOXF1+ctrl,186.0,LYL1+IER5L,0.7957773804664612,0.4126113653182983,True,FOXF1,LYL1|IER5L,Forkhead boxes,Basic helix-loop-helix proteins,,0,False,False
Norman2019_GEARS_processed_mirror,B5_mean_effect,L0,FOXL2+HOXB9,189.0,LYL1+IER5L,0.7957773804664612,0.3939558267593384,True,FOXL2|HOXB9,LYL1|IER5L,Forkhead boxes|HOXL subclass homeoboxes,Basic helix-loop-helix proteins,,0,False,False
Norman2019_GEARS_processed_mirror,B5_mean_effect,L0,FOXL2+MEIS1,89.0,LYL1+IER5L,0.7957773804664612,0.620923638343811,True,FOXL2|MEIS1,LYL1|IER5L,Forkhead boxes|TALE class homeoboxes and pseudogenes,Basic helix-loop-helix proteins,,0,False,False
Norman2019_GEARS_processed_mirror,B5_mean_effect,L0,FOXL2+ctrl,140.0,LYL1+IER5L,0.7957773804664612,0.5170848369598389,True,FOXL2,LYL1|IER5L,Forkhead boxes,Basic helix-loop-helix proteins,,0,False,False
Norman2019_GEARS_processed_mirror,B5_mean_effect,L0,FOXO4+ctrl,130.0,LYL1+IER5L,0.7957773804664612,0.5280488133430481,True,FOXO4,LYL1|IER5L,Forkhead boxes,Basic helix-loop-helix proteins,,0,False,False
Norman2019_GEARS_processed_mirror,B5_mean_effect,L0,GLB1L2+ctrl,155.0,LYL1+IER5L,0.7957773804664612,0.4874796569347381,True,GLB1L2,LYL1|IER5L,Galactosidases beta,Basic helix-loop-helix proteins,,0,False,False
Norman2019_GEARS_processed_mirror,B5_mean_effect,L0,HES7+ctrl,129.0,LYL1+IER5L,0.7957773804664612,0.530188262462616,True,HES7,LYL1|IER5L,Basic helix-loop-helix proteins,Basic helix-loop-helix proteins,Basic helix-loop-helix proteins,1,True,False
Norman2019_GEARS_processed_mirror,B5_mean_effect,L0,HK2+ctrl,199.0,LYL1+IER5L,0.7957773804664612,0.3732883930206299,True,HK2,LYL1|IER5L,Hexokinase family,Basic helix-loop-helix proteins,,0,False,False
Norman2019_GEARS_processed_mirror,B5_mean_effect,L0,HNF4A+ctrl,99.0,LYL1+IER5L,0.7957773804664612,0.605115532875061,True,HNF4A,LYL1|IER5L,Hepatocyte nuclear factor 4 family|MicroRNA protein coding host genes,Basic helix-loop-helix proteins,,0,False,False
Norman2019_GEARS_processed_mirror,B5_mean_effect,L0,HOXA13+ctrl,23.0,LYL1+IER5L,0.7957773804664612,0.711538553237915,True,HOXA13,LYL1|IER5L,HOXL subclass homeoboxes,Basic helix-loop-helix proteins,,0,False,False
Norman2019_GEARS_processed_mirror,B5_mean_effect,L0,HOXB9+ctrl,86.0,LYL1+IER5L,0.7957773804664612,0.623456597328186,True,HOXB9,LYL1|IER5L,HOXL subclass homeoboxes,Basic helix-loop-helix proteins,,0,False,False
Norman2019_GEARS_processed_mirror,B5_mean_effect,L0,HOXC13+ctrl,102.0,LYL1+IER5L,0.7957773804664612,0.6007548570632935,True,HOXC13,LYL1|IER5L,HOXL subclass homeoboxes,Basic helix-loop-helix proteins,,0,False,False
Norman2019_GEARS_processed_mirror,B5_mean_effect,L0,IER5L+ctrl,69.0,LYL1+IER5L,0.7957773804664612,0.6512584090232849,True,IER5L,LYL1|IER5L,,Basic helix-loop-helix proteins,,0,False,False
Norman2019_GEARS_processed_mirror,B5_mean_effect,L0,IGDCC3+MAPK1,213.0,LYL1+IER5L,0.7957773804664612,0.3288719356060028,True,IGDCC3|MAPK1,LYL1|IER5L,Fibronectin type III domain containing|I-set domain containing|Mitogen-activated protein kinase 3 and 1 (ERK1/2) family,Basic helix-loop-helix proteins,,0,False,False
Norman2019_GEARS_processed_mirror,B5_mean_effect,L0,IGDCC3+PRTG,48.0,LYL1+IER5L,0.7957773804664612,0.6764856576919556,True,IGDCC3|PRTG,LYL1|IER5L,Fibronectin type III domain containing|I-set domain containing,Basic helix-loop-helix proteins,,0,False,False
Norman2019_GEARS_processed_mirror,B5_mean_effect,L0,IGDCC3+ZBTB25,19.0,LYL1+IER5L,0.7957773804664612,0.7235007286071777,True,IGDCC3|ZBTB25,LYL1|IER5L,BTB domain containing|Fibronectin type III domain containing|I-set domain containing|Zinc fingers C2H2-type,Basic helix-loop-helix proteins,,0,False,False
Norman2019_GEARS_processed_mirror,B5_mean_effect,L0,IGDCC3+ctrl,105.0,LYL1+IER5L,0.7957773804664612,0.595865786075592,True,IGDCC3,LYL1|IER5L,Fibronectin type III domain containing|I-set domain containing,Basic helix-loop-helix proteins,,0,False,False
Norman2019_GEARS_processed_mirror,B5_mean_effect,L0,IKZF3+ctrl,6.0,LYL1+IER5L,0.7957773804664612,0.7681279182434082,True,IKZF3,LYL1|IER5L,Zinc fingers C2H2-type,Basic helix-loop-helix proteins,,0,False,False
Norman2019_GEARS_processed_mirror,B5_mean_effect,L0,IRF1+SET,202.0,LYL1+IER5L,0.7957773804664612,0.3599936068058014,True,IRF1|SET,LYL1|IER5L,INHAT complex|Interferon regulatory factors|Nucleosome assembly protein superfamily|SET complex,Basic helix-loop-helix proteins,,0,False,False
Norman2019_GEARS_processed_mirror,B5_mean_effect,L0,IRF1+ctrl,229.0,LYL1+IER5L,0.7957773804664612,0.2651559114456177,True,IRF1,LYL1|IER5L,Interferon regulatory factors,Basic helix-loop-helix proteins,,0,False,False
Norman2019_GEARS_processed_mirror,B5_mean_effect,L0,ISL2+ctrl,237.0,LYL1+IER5L,0.7957773804664612,0.2133278399705886,True,ISL2,LYL1|IER5L,LIM class homeoboxes,Basic helix-loop-helix proteins,,0,False,False
Norman2019_GEARS_processed_mirror,B5_mean_effect,L0,JUN+CEBPA,142.0,LYL1+IER5L,0.7957773804664612,0.5148162245750427,True,JUN|CEBPA,LYL1|IER5L,CCAAT/enhancer binding proteins|Jun transcription factor family,Basic helix-loop-helix proteins,,0,False,False
Norman2019_GEARS_processed_mirror,B5_mean_effect,L0,JUN+CEBPB,141.0,LYL1+IER5L,0.7957773804664612,0.5161728858947754,True,JUN|CEBPB,LYL1|IER5L,CCAAT/enhancer binding proteins|Jun transcription factor family,Basic helix-loop-helix proteins,,0,False,False
Norman2019_GEARS_processed_mirror,B5_mean_effect,L0,JUN+ctrl,125.0,LYL1+IER5L,0.7957773804664612,0.5442371368408203,True,JUN,LYL1|IER5L,Jun transcription factor family,Basic helix-loop-helix proteins,,0,False,False
Norman2019_GEARS_processed_mirror,B5_mean_effect,L0,KIAA1804+ctrl,193.0,LYL1+IER5L,0.7957773804664612,0.3858989775180816,True,KIAA1804,LYL1|IER5L,,Basic helix-loop-helix proteins,,0,False,False
Norman2019_GEARS_processed_mirror,B5_mean_effect,L0,KIF18B+KIF2C,211.0,LYL1+IER5L,0.7957773804664612,0.3357466161251068,True,KIF18B|KIF2C,LYL1|IER5L,Kinesins|MicroRNA protein coding host genes|Small nucleolar RNA protein coding host genes,Basic helix-loop-helix proteins,,0,False,False
Norman2019_GEARS_processed_mirror,B5_mean_effect,L0,KIF18B+ctrl,132.0,LYL1+IER5L,0.7957773804664612,0.5254138708114624,True,KIF18B,LYL1|IER5L,Kinesins|MicroRNA protein coding host genes,Basic helix-loop-helix proteins,,0,False,False
Norman2019_GEARS_processed_mirror,B5_mean_effect,L0,KIF2C+ctrl,260.0,LYL1+IER5L,0.7957773804664612,0.1246055960655212,True,KIF2C,LYL1|IER5L,Kinesins|Small nucleolar RNA protein coding host genes,Basic helix-loop-helix proteins,,0,False,False
Norman2019_GEARS_processed_mirror,B5_mean_effect,L0,KLF1+BAK1,239.0,LYL1+IER5L,0.7957773804664612,0.2056442648172378,True,KLF1|BAK1,LYL1|IER5L,BCL2 family|KLF transcription factors|Zinc fingers C2H2-type,Basic helix-loop-helix proteins,,0,False,False
Norman2019_GEARS_processed_mirror,B5_mean_effect,L0,KLF1+CEBPA,147.0,LYL1+IER5L,0.7957773804664612,0.501539409160614,True,KLF1|CEBPA,LYL1|IER5L,CCAAT/enhancer binding proteins|KLF transcription factors|Zinc fingers C2H2-type,Basic helix-loop-helix proteins,,0,False,False
Norman2019_GEARS_processed_mirror,B5_mean_effect,L0,KLF1+CLDN6,79.0,LYL1+IER5L,0.7957773804664612,0.6315300464630127,True,KLF1|CLDN6,LYL1|IER5L,Claudins|KLF transcription factors|Zinc fingers C2H2-type,Basic helix-loop-helix proteins,,0,False,False
Norman2019_GEARS_processed_mirror,B5_mean_effect,L0,KLF1+COL2A1,224.0,LYL1+IER5L,0.7957773804664612,0.2912891805171966,True,KLF1|COL2A1,LYL1|IER5L,Fibrillar collagens|KLF transcription factors|Zinc fingers C2H2-type,Basic helix-loop-helix proteins,,0,False,False
Norman2019_GEARS_processed_mirror,B5_mean_effect,L0,KLF1+FOXA1,114.0,LYL1+IER5L,0.7957773804664612,0.5804014205932617,True,KLF1|FOXA1,LYL1|IER5L,Forkhead boxes|KLF transcription factors|Zinc fingers C2H2-type,Basic helix-loop-helix proteins,,0,False,False
Norman2019_GEARS_processed_mirror,B5_mean_effect,L0,KLF1+MAP2K6,257.0,LYL1+IER5L,0.7957773804664612,0.139182761311531,True,KLF1|MAP2K6,LYL1|IER5L,KLF transcription factors|Mitogen-activated protein kinase kinases|Zinc fingers C2H2-type,Basic helix-loop-helix proteins,,0,False,False
Norman2019_GEARS_processed_mirror,B5_mean_effect,L0,KLF1+TGFBR2,201.0,LYL1+IER5L,0.7957773804664612,0.3633913099765777,True,KLF1|TGFBR2,LYL1|IER5L,KLF transcription factors|Type 2 receptor serine/threonine kinases|Zinc fingers C2H2-type,Basic helix-loop-helix proteins,,0,False,False
Norman2019_GEARS_processed_mirror,B5_mean_effect,L0,KLF1+ctrl,244.0,LYL1+IER5L,0.7957773804664612,0.1987954378128051,True,KLF1,LYL1|IER5L,KLF transcription factors|Zinc fingers C2H2-type,Basic helix-loop-helix proteins,,0,False,False
Norman2019_GEARS_processed_mirror,B5_mean_effect,L0,KMT2A+ctrl,191.0,LYL1+IER5L,0.7957773804664612,0.3871141672134399,True,KMT2A,LYL1|IER5L,Bromodomain containing|Histone lysine methyltransferases|PHD finger proteins|SET domain containing|Zinc fingers CXXC-type,Basic helix-loop-helix proteins,,0,False,False
Norman2019_GEARS_processed_mirror,B5_mean_effect,L0,LHX1+ELMSAN1,179.0,LYL1+IER5L,0.7957773804664612,0.4409889280796051,True,LHX1|ELMSAN1,LYL1|IER5L,LIM class homeoboxes,Basic helix-loop-helix proteins,,0,False,False
Norman2019_GEARS_processed_mirror,B5_mean_effect,L0,LHX1+ctrl,190.0,LYL1+IER5L,0.7957773804664612,0.3938028514385223,True,LHX1,LYL1|IER5L,LIM class homeoboxes,Basic helix-loop-helix proteins,,0,False,False
Norman2019_GEARS_processed_mirror,B5_mean_effect,L0,LYL1+CEBPB,112.0,LYL1+IER5L,0.7957773804664612,0.5814770460128784,True,LYL1|CEBPB,LYL1|IER5L,Basic helix-loop-helix proteins|CCAAT/enhancer binding proteins,Basic helix-loop-helix proteins,Basic helix-loop-helix proteins,1,True,False
Norman2019_GEARS_processed_mirror,B5_mean_effect,L0,LYL1+IER5L,1.0,LYL1+IER5L,0.7957773804664612,0.7957773804664612,False,LYL1|IER5L,LYL1|IER5L,Basic helix-loop-helix proteins,Basic helix-loop-helix proteins,Basic helix-loop-helix proteins,1,True,True
Norman2019_GEARS_processed_mirror,B5_mean_effect,L0,LYL1+ctrl,240.0,LYL1+IER5L,0.7957773804664612,0.2047736644744873,True,LYL1,LYL1|IER5L,Basic helix-loop-helix proteins,Basic helix-loop-helix proteins,Basic helix-loop-helix proteins,1,True,False
Norman2019_GEARS_processed_mirror,B5_mean_effect,L0,MAML2+ctrl,267.0,LYL1+IER5L,0.7957773804664612,-0.0563695579767227,True,MAML2,LYL1|IER5L,,Basic helix-loop-helix proteins,,0,False,False
Norman2019_GEARS_processed_mirror,B5_mean_effect,L0,MAP2K3+ELMSAN1,274.0,LYL1+IER5L,0.7957773804664612,-0.1279381513595581,True,MAP2K3|ELMSAN1,LYL1|IER5L,Mitogen-activated protein kinase kinases,Basic helix-loop-helix proteins,,0,False,False
Norman2019_GEARS_processed_mirror,B5_mean_effect,L0,MAP2K3+IKZF3,39.0,LYL1+IER5L,0.7957773804664612,0.6903995275497437,True,MAP2K3|IKZF3,LYL1|IER5L,Mitogen-activated protein kinase kinases|Zinc fingers C2H2-type,Basic helix-loop-helix proteins,,0,False,False
Norman2019_GEARS_processed_mirror,B5_mean_effect,L0,MAP2K3+MAP2K6,278.0,LYL1+IER5L,0.7957773804664612,-0.2427237629890442,True,MAP2K3|MAP2K6,LYL1|IER5L,Mitogen-activated protein kinase kinases,Basic helix-loop-helix proteins,,0,False,False
Norman2019_GEARS_processed_mirror,B5_mean_effect,L0,MAP2K3+SLC38A2,283.0,LYL1+IER5L,0.7957773804664612,-0.4567054808139801,True,MAP2K3|SLC38A2,LYL1|IER5L,Mitogen-activated protein kinase kinases|Solute carrier family 38,Basic helix-loop-helix proteins,,0,False,False
Norman2019_GEARS_processed_mirror,B5_mean_effect,L0,MAP2K3+ctrl,281.0,LYL1+IER5L,0.7957773804664612,-0.3268849849700928,True,MAP2K3,LYL1|IER5L,Mitogen-activated protein kinase kinases,Basic helix-loop-helix proteins,,0,False,False
Norman2019_GEARS_processed_mirror,B5_mean_effect,L0,MAP2K6+ELMSAN1,275.0,LYL1+IER5L,0.7957773804664612,-0.1385862827301025,True,MAP2K6|ELMSAN1,LYL1|IER5L,Mitogen-activated protein kinase kinases,Basic helix-loop-helix proteins,,0,False,False
Norman2019_GEARS_processed_mirror,B5_mean_effect,L0,MAP2K6+IKZF3,60.0,LYL1+IER5L,0.7957773804664612,0.6612683534622192,True,MAP2K6|IKZF3,LYL1|IER5L,Mitogen-activated protein kinase kinases|Zinc fingers C2H2-type,Basic helix-loop-helix proteins,,0,False,False
Norman2019_GEARS_processed_mirror,B5_mean_effect,L0,MAP2K6+SPI1,157.0,LYL1+IER5L,0.7957773804664612,0.4854946732521057,True,MAP2K6|SPI1,LYL1|IER5L,ETS transcription factor family|Mitogen-activated protein kinase kinases,Basic helix-loop-helix proteins,,0,False,False
Norman2019_GEARS_processed_mirror,B5_mean_effect,L0,MAP2K6+ctrl,280.0,LYL1+IER5L,0.7957773804664612,-0.315762847661972,True,MAP2K6,LYL1|IER5L,Mitogen-activated protein kinase kinases,Basic helix-loop-helix proteins,,0,False,False
Norman2019_GEARS_processed_mirror,B5_mean_effect,L0,MAP4K3+ctrl,174.0,LYL1+IER5L,0.7957773804664612,0.452289342880249,True,MAP4K3,LYL1|IER5L,MAP4K family (GCK-I subfamily),Basic helix-loop-helix proteins,,0,False,False
Norman2019_GEARS_processed_mirror,B5_mean_effect,L0,MAP4K5+ctrl,214.0,LYL1+IER5L,0.7957773804664612,0.3255644142627716,True,MAP4K5,LYL1|IER5L,MAP4K family (GCK-I subfamily),Basic helix-loop-helix proteins,,0,False,False
Norman2019_GEARS_processed_mirror,B5_mean_effect,L0,MAP7D1+ctrl,276.0,LYL1+IER5L,0.7957773804664612,-0.157061219215393,True,MAP7D1,LYL1|IER5L,Microtubule associated protein 7 family,Basic helix-loop-helix proteins,,0,False,False
Norman2019_GEARS_processed_mirror,B5_mean_effect,L0,MAPK1+IKZF3,22.0,LYL1+IER5L,0.7957773804664612,0.7133601307868958,True,MAPK1|IKZF3,LYL1|IER5L,Mitogen-activated protein kinase 3 and 1 (ERK1/2) family|Zinc fingers C2H2-type,Basic helix-loop-helix proteins,,0,False,False
Norman2019_GEARS_processed_mirror,B5_mean_effect,L0,MAPK1+PRTG,176.0,LYL1+IER5L,0.7957773804664612,0.4504818022251129,True,MAPK1|PRTG,LYL1|IER5L,Fibronectin type III domain containing|I-set domain containing|Mitogen-activated protein kinase 3 and 1 (ERK1/2) family,Basic helix-loop-helix proteins,,0,False,False
Norman2019_GEARS_processed_mirror,B5_mean_effect,L0,MAPK1+TGFBR2,238.0,LYL1+IER5L,0.7957773804664612,0.2065629512071609,True,MAPK1|TGFBR2,LYL1|IER5L,Mitogen-activated protein kinase 3 and 1 (ERK1/2) family|Type 2 receptor serine/threonine kinases,Basic helix-loop-helix proteins,,0,False,False
Norman2019_GEARS_processed_mirror,B5_mean_effect,L0,MAPK1+ctrl,254.0,LYL1+IER5L,0.7957773804664612,0.1627519428730011,True,MAPK1,LYL1|IER5L,Mitogen-activated protein kinase 3 and 1 (ERK1/2) family,Basic helix-loop-helix proteins,,0,False,False
Norman2019_GEARS_processed_mirror,B5_mean_effect,L0,MEIS1+ctrl,171.0,LYL1+IER5L,0.7957773804664612,0.4598391950130462,True,MEIS1,LYL1|IER5L,TALE class homeoboxes and pseudogenes,Basic helix-loop-helix proteins,,0,False,False
Norman2019_GEARS_processed_mirror,B5_mean_effect,L0,MIDN+ctrl,73.0,LYL1+IER5L,0.7957773804664612,0.6437473297119141,True,MIDN,LYL1|IER5L,,Basic helix-loop-helix proteins,,0,False,False
Norman2019_GEARS_processed_mirror,B5_mean_effect,L0,NCL+ctrl,228.0,LYL1+IER5L,0.7957773804664612,0.2718104720115661,True,NCL,LYL1|IER5L,,Basic helix-loop-helix proteins,,0,False,False
Norman2019_GEARS_processed_mirror,B5_mean_effect,L0,NIT1+ctrl,216.0,LYL1+IER5L,0.7957773804664612,0.3213618993759155,True,NIT1,LYL1|IER5L,,Basic helix-loop-helix proteins,,0,False,False
Norman2019_GEARS_processed_mirror,B5_mean_effect,L0,OSR2+ctrl,222.0,LYL1+IER5L,0.7957773804664612,0.2964735031127929,True,OSR2,LYL1|IER5L,Zinc fingers C2H2-type,Basic helix-loop-helix proteins,,0,False,False
Norman2019_GEARS_processed_mirror,B5_mean_effect,L0,PLK4+STIL,100.0,LYL1+IER5L,0.7957773804664612,0.6023033857345581,True,PLK4|STIL,LYL1|IER5L,Polo like kinase family,Basic helix-loop-helix proteins,,0,False,False
Norman2019_GEARS_processed_mirror,B5_mean_effect,L0,PLK4+ctrl,122.0,LYL1+IER5L,0.7957773804664612,0.5454614162445068,True,PLK4,LYL1|IER5L,Polo like kinase family,Basic helix-loop-helix proteins,,0,False,False
Norman2019_GEARS_processed_mirror,B5_mean_effect,L0,POU3F2+CBFA2T3,36.0,LYL1+IER5L,0.7957773804664612,0.6916168928146362,True,POU3F2|CBFA2T3,LYL1|IER5L,A-kinase anchoring proteins|POU class homeoboxes and pseudogenes|Zinc fingers MYND-type,Basic helix-loop-helix proteins,,0,False,False
Norman2019_GEARS_processed_mirror,B5_mean_effect,L0,POU3F2+FOXL2,7.0,LYL1+IER5L,0.7957773804664612,0.7590441703796387,True,POU3F2|FOXL2,LYL1|IER5L,Forkhead boxes|POU class homeoboxes and pseudogenes,Basic helix-loop-helix proteins,,0,False,False
Norman2019_GEARS_processed_mirror,B5_mean_effect,L0,POU3F2+ctrl,88.0,LYL1+IER5L,0.7957773804664612,0.6211386322975159,True,POU3F2,LYL1|IER5L,POU class homeoboxes and pseudogenes,Basic helix-loop-helix proteins,,0,False,False
Norman2019_GEARS_processed_mirror,B5_mean_effect,L0,PRDM1+CBFA2T3,5.0,LYL1+IER5L,0.7957773804664612,0.773054838180542,True,PRDM1|CBFA2T3,LYL1|IER5L,A-kinase anchoring proteins|PR/SET domain family|Putative lysine methyltransferases|Zinc fingers C2H2-type|Zinc fingers MYND-type,Basic helix-loop-helix proteins,,0,False,False
Norman2019_GEARS_processed_mirror,B5_mean_effect,L0,PRDM1+ctrl,65.0,LYL1+IER5L,0.7957773804664612,0.6558242440223694,True,PRDM1,LYL1|IER5L,PR/SET domain family|Putative lysine methyltransferases|Zinc fingers C2H2-type,Basic helix-loop-helix proteins,,0,False,False
Norman2019_GEARS_processed_mirror,B5_mean_effect,L0,PRTG+ctrl,56.0,LYL1+IER5L,0.7957773804664612,0.6634963750839233,True,PRTG,LYL1|IER5L,Fibronectin type III domain containing|I-set domain containing,Basic helix-loop-helix proteins,,0,False,False
Norman2019_GEARS_processed_mirror,B5_mean_effect,L0,PTPN1+ctrl,38.0,LYL1+IER5L,0.7957773804664612,0.6904265284538269,True,PTPN1,LYL1|IER5L,Protein tyrosine phosphatases non-receptor type,Basic helix-loop-helix proteins,,0,False,False
Norman2019_GEARS_processed_mirror,B5_mean_effect,L0,PTPN12+OSR2,231.0,LYL1+IER5L,0.7957773804664612,0.2543642818927765,True,PTPN12|OSR2,LYL1|IER5L,Protein tyrosine phosphatases non-receptor type|Zinc fingers C2H2-type,Basic helix-loop-helix proteins,,0,False,False
Norman2019_GEARS_processed_mirror,B5_mean_effect,L0,PTPN12+PTPN9,68.0,LYL1+IER5L,0.7957773804664612,0.6524814367294312,True,PTPN12|PTPN9,LYL1|IER5L,CRAL-TRIO lipid binding domain containing|Protein tyrosine phosphatases non-receptor type,Basic helix-loop-helix proteins,,0,False,False
Norman2019_GEARS_processed_mirror,B5_mean_effect,L0,PTPN12+SNAI1,113.0,LYL1+IER5L,0.7957773804664612,0.5814464688301086,True,PTPN12|SNAI1,LYL1|IER5L,Protein tyrosine phosphatases non-receptor type|SNAG transcriptional repressors|Zinc fingers C2H2-type,Basic helix-loop-helix proteins,,0,False,False
Norman2019_GEARS_processed_mirror,B5_mean_effect,L0,PTPN12+UBASH3A,45.0,LYL1+IER5L,0.7957773804664612,0.6791340708732605,True,PTPN12|UBASH3A,LYL1|IER5L,Protein tyrosine phosphatases non-receptor type,Basic helix-loop-helix proteins,,0,False,False
Norman2019_GEARS_processed_mirror,B5_mean_effect,L0,PTPN12+ZBTB25,82.0,LYL1+IER5L,0.7957773804664612,0.6287652254104614,True,PTPN12|ZBTB25,LYL1|IER5L,BTB domain containing|Protein tyrosine phosphatases non-receptor type|Zinc fingers C2H2-type,Basic helix-loop-helix proteins,,0,False,False
Norman2019_GEARS_processed_mirror,B5_mean_effect,L0,PTPN12+ctrl,187.0,LYL1+IER5L,0.7957773804664612,0.409970760345459,True,PTPN12,LYL1|IER5L,Protein tyrosine phosphatases non-receptor type,Basic helix-loop-helix proteins,,0,False,False
Norman2019_GEARS_processed_mirror,B5_mean_effect,L0,PTPN13+ctrl,183.0,LYL1+IER5L,0.7957773804664612,0.4310722351074219,True,PTPN13,LYL1|IER5L,FERM domain containing|KIND domain containing|PDZ domain containing|Protein tyrosine phosphatases non-receptor type,Basic helix-loop-helix proteins,,0,False,False
Norman2019_GEARS_processed_mirror,B5_mean_effect,L0,PTPN9+ctrl,203.0,LYL1+IER5L,0.7957773804664612,0.3543633818626404,True,PTPN9,LYL1|IER5L,CRAL-TRIO lipid binding domain containing|Protein tyrosine phosphatases non-receptor type,Basic helix-loop-helix proteins,,0,False,False
Norman2019_GEARS_processed_mirror,B5_mean_effect,L0,RHOXF2BB+SET,85.0,LYL1+IER5L,0.7957773804664612,0.6271932125091553,True,RHOXF2BB|SET,LYL1|IER5L,INHAT complex|Nucleosome assembly protein superfamily|SET complex,Basic helix-loop-helix proteins,,0,False,False
Norman2019_GEARS_processed_mirror,B5_mean_effect,L0,RHOXF2BB+ZBTB25,18.0,LYL1+IER5L,0.7957773804664612,0.7264779806137085,True,RHOXF2BB|ZBTB25,LYL1|IER5L,BTB domain containing|Zinc fingers C2H2-type,Basic helix-loop-helix proteins,,0,False,False
Norman2019_GEARS_processed_mirror,B5_mean_effect,L0,RHOXF2BB+ctrl,50.0,LYL1+IER5L,0.7957773804664612,0.6741999387741089,True,RHOXF2BB,LYL1|IER5L,,Basic helix-loop-helix proteins,,0,False,False
Norman2019_GEARS_processed_mirror,B5_mean_effect,L0,RREB1+ctrl,126.0,LYL1+IER5L,0.7957773804664612,0.539178192615509,True,RREB1,LYL1|IER5L,Zinc fingers C2H2-type,Basic helix-loop-helix proteins,,0,False,False
Norman2019_GEARS_processed_mirror,B5_mean_effect,L0,RUNX1T1+ctrl,250.0,LYL1+IER5L,0.7957773804664612,0.1727133095264434,True,RUNX1T1,LYL1|IER5L,Zinc fingers MYND-type,Basic helix-loop-helix proteins,,0,False,False
Norman2019_GEARS_processed_mirror,B5_mean_effect,L0,S1PR2+ctrl,110.0,LYL1+IER5L,0.7957773804664612,0.5857666730880737,True,S1PR2,LYL1|IER5L,Sphingosine 1-phosphate receptors,Basic helix-loop-helix proteins,,0,False,False
Norman2019_GEARS_processed_mirror,B5_mean_effect,L0,SAMD1+PTPN12,13.0,LYL1+IER5L,0.7957773804664612,0.7346757650375366,True,SAMD1|PTPN12,LYL1|IER5L,Protein tyrosine phosphatases non-receptor type|Sterile alpha motif domain containing,Basic helix-loop-helix proteins,,0,False,False
Norman2019_GEARS_processed_mirror,B5_mean_effect,L0,SAMD1+TGFBR2,182.0,LYL1+IER5L,0.7957773804664612,0.432332307100296,True,SAMD1|TGFBR2,LYL1|IER5L,Sterile alpha motif domain containing|Type 2 receptor serine/threonine kinases,Basic helix-loop-helix proteins,,0,False,False
Norman2019_GEARS_processed_mirror,B5_mean_effect,L0,SAMD1+UBASH3B,8.0,LYL1+IER5L,0.7957773804664612,0.7560057640075684,True,SAMD1|UBASH3B,LYL1|IER5L,Protein phosphatases|Sterile alpha motif domain containing,Basic helix-loop-helix proteins,,0,False,False
Norman2019_GEARS_processed_mirror,B5_mean_effect,L0,SAMD1+ZBTB1,4.0,LYL1+IER5L,0.7957773804664612,0.7892076969146729,True,SAMD1|ZBTB1,LYL1|IER5L,BTB domain containing|Sterile alpha motif domain containing|Zinc fingers C2H2-type,Basic helix-loop-helix proteins,,0,False,False
Norman2019_GEARS_processed_mirror,B5_mean_effect,L0,SAMD1+ctrl,25.0,LYL1+IER5L,0.7957773804664612,0.7088388204574585,True,SAMD1,LYL1|IER5L,Sterile alpha motif domain containing,Basic helix-loop-helix proteins,,0,False,False
Norman2019_GEARS_processed_mirror,B5_mean_effect,L0,SET+CEBPE,208.0,LYL1+IER5L,0.7957773804664612,0.3378440737724304,True,SET|CEBPE,LYL1|IER5L,CCAAT/enhancer binding proteins|INHAT complex|Nucleosome assembly protein superfamily|SET complex,Basic helix-loop-helix proteins,,0,False,False
Norman2019_GEARS_processed_mirror,B5_mean_effect,L0,SET+KLF1,185.0,LYL1+IER5L,0.7957773804664612,0.4179174304008484,True,SET|KLF1,LYL1|IER5L,INHAT complex|KLF transcription factors|Nucleosome assembly protein superfamily|SET complex|Zinc fingers C2H2-type,Basic helix-loop-helix proteins,,0,False,False
Norman2019_GEARS_processed_mirror,B5_mean_effect,L0,SET+ctrl,204.0,LYL1+IER5L,0.7957773804664612,0.3541135787963867,True,SET,LYL1|IER5L,INHAT complex|Nucleosome assembly protein superfamily|SET complex,Basic helix-loop-helix proteins,,0,False,False
Norman2019_GEARS_processed_mirror,B5_mean_effect,L0,SGK1+S1PR2,10.0,LYL1+IER5L,0.7957773804664612,0.7482340335845947,True,SGK1|S1PR2,LYL1|IER5L,Serum/glucocorticoid regulated kinase family|Sphingosine 1-phosphate receptors,Basic helix-loop-helix proteins,,0,False,False
Norman2019_GEARS_processed_mirror,B5_mean_effect,L0,SGK1+TBX2,83.0,LYL1+IER5L,0.7957773804664612,0.6281075477600098,True,SGK1|TBX2,LYL1|IER5L,Serum/glucocorticoid regulated kinase family|T-box transcription factors,Basic helix-loop-helix proteins,,0,False,False
Norman2019_GEARS_processed_mirror,B5_mean_effect,L0,SGK1+TBX3,94.0,LYL1+IER5L,0.7957773804664612,0.6112920045852661,True,SGK1|TBX3,LYL1|IER5L,Serum/glucocorticoid regulated kinase family|T-box transcription factors,Basic helix-loop-helix proteins,,0,False,False
Norman2019_GEARS_processed_mirror,B5_mean_effect,L0,SGK1+ctrl,71.0,LYL1+IER5L,0.7957773804664612,0.6464238166809082,True,SGK1,LYL1|IER5L,Serum/glucocorticoid regulated kinase family,Basic helix-loop-helix proteins,,0,False,False
Norman2019_GEARS_processed_mirror,B5_mean_effect,L0,SLC4A1+ctrl,253.0,LYL1+IER5L,0.7957773804664612,0.1658471971750259,True,SLC4A1,LYL1|IER5L,Blood group antigens|CD molecules|Solute carrier family 4,Basic helix-loop-helix proteins,,0,False,False
Norman2019_GEARS_processed_mirror,B5_mean_effect,L0,SLC6A9+ctrl,172.0,LYL1+IER5L,0.7957773804664612,0.454132616519928,True,SLC6A9,LYL1|IER5L,Solute carrier family 6,Basic helix-loop-helix proteins,,0,False,False
Norman2019_GEARS_processed_mirror,B5_mean_effect,L0,SNAI1+DLX2,154.0,LYL1+IER5L,0.7957773804664612,0.4883068203926086,True,SNAI1|DLX2,LYL1|IER5L,Distal-less homeobox family|SNAG transcriptional repressors|Zinc fingers C2H2-type,Basic helix-loop-helix proteins,,0,False,False
Norman2019_GEARS_processed_mirror,B5_mean_effect,L0,SNAI1+UBASH3B,78.0,LYL1+IER5L,0.7957773804664612,0.6334933042526245,True,SNAI1|UBASH3B,LYL1|IER5L,Protein phosphatases|SNAG transcriptional repressors|Zinc fingers C2H2-type,Basic helix-loop-helix proteins,,0,False,False
Norman2019_GEARS_processed_mirror,B5_mean_effect,L0,SNAI1+ctrl,197.0,LYL1+IER5L,0.7957773804664612,0.3741055130958557,True,SNAI1,LYL1|IER5L,SNAG transcriptional repressors|Zinc fingers C2H2-type,Basic helix-loop-helix proteins,,0,False,False
Norman2019_GEARS_processed_mirror,B5_mean_effect,L0,SPI1+ctrl,33.0,LYL1+IER5L,0.7957773804664612,0.6998378038406372,True,SPI1,LYL1|IER5L,ETS transcription factor family,Basic helix-loop-helix proteins,,0,False,False
Norman2019_GEARS_processed_mirror,B5_mean_effect,L0,STIL+ctrl,209.0,LYL1+IER5L,0.7957773804664612,0.3365414440631866,True,STIL,LYL1|IER5L,,Basic helix-loop-helix proteins,,0,False,False
Norman2019_GEARS_processed_mirror,B5_mean_effect,L0,TBX2+ctrl,167.0,LYL1+IER5L,0.7957773804664612,0.467551052570343,True,TBX2,LYL1|IER5L,T-box transcription factors,Basic helix-loop-helix proteins,,0,False,False
Norman2019_GEARS_processed_mirror,B5_mean_effect,L0,TBX3+TBX2,184.0,LYL1+IER5L,0.7957773804664612,0.4202665686607361,True,TBX3|TBX2,LYL1|IER5L,T-box transcription factors,Basic helix-loop-helix proteins,,0,False,False
Norman2019_GEARS_processed_mirror,B5_mean_effect,L0,TBX3+ctrl,247.0,LYL1+IER5L,0.7957773804664612,0.1808365881443023,True,TBX3,LYL1|IER5L,T-box transcription factors,Basic helix-loop-helix proteins,,0,False,False
Norman2019_GEARS_processed_mirror,B5_mean_effect,L0,TGFBR2+C19orf26,57.0,LYL1+IER5L,0.7957773804664612,0.662362813949585,True,TGFBR2|C19orf26,LYL1|IER5L,Type 2 receptor serine/threonine kinases,Basic helix-loop-helix proteins,,0,False,False
Norman2019_GEARS_processed_mirror,B5_mean_effect,L0,TGFBR2+ETS2,259.0,LYL1+IER5L,0.7957773804664612,0.1321548819541931,True,TGFBR2|ETS2,LYL1|IER5L,ETS transcription factor family|Type 2 receptor serine/threonine kinases,Basic helix-loop-helix proteins,,0,False,False
Norman2019_GEARS_processed_mirror,B5_mean_effect,L0,TGFBR2+IGDCC3,55.0,LYL1+IER5L,0.7957773804664612,0.6637699007987976,True,TGFBR2|IGDCC3,LYL1|IER5L,Fibronectin type III domain containing|I-set domain containing|Type 2 receptor serine/threonine kinases,Basic helix-loop-helix proteins,,0,False,False
Norman2019_GEARS_processed_mirror,B5_mean_effect,L0,TGFBR2+PRTG,41.0,LYL1+IER5L,0.7957773804664612,0.6881281137466431,True,TGFBR2|PRTG,LYL1|IER5L,Fibronectin type III domain containing|I-set domain containing|Type 2 receptor serine/threonine kinases,Basic helix-loop-helix proteins,,0,False,False
Norman2019_GEARS_processed_mirror,B5_mean_effect,L0,TGFBR2+ctrl,263.0,LYL1+IER5L,0.7957773804664612,0.0830166339874267,True,TGFBR2,LYL1|IER5L,Type 2 receptor serine/threonine kinases,Basic helix-loop-helix proteins,,0,False,False
Norman2019_GEARS_processed_mirror,B5_mean_effect,L0,TMSB4X+BAK1,261.0,LYL1+IER5L,0.7957773804664612,0.1168770641088485,True,TMSB4X|BAK1,LYL1|IER5L,BCL2 family|Thymosin beta family,Basic helix-loop-helix proteins,,0,False,False
Norman2019_GEARS_processed_mirror,B5_mean_effect,L0,TMSB4X+ctrl,249.0,LYL1+IER5L,0.7957773804664612,0.1753629595041275,True,TMSB4X,LYL1|IER5L,Thymosin beta family,Basic helix-loop-helix proteins,,0,False,False
Norman2019_GEARS_processed_mirror,B5_mean_effect,L0,TP73+ctrl,3.0,LYL1+IER5L,0.7957773804664612,0.7892912030220032,True,TP73,LYL1|IER5L,,Basic helix-loop-helix proteins,,0,False,False
Norman2019_GEARS_processed_mirror,B5_mean_effect,L0,TSC22D1+ctrl,227.0,LYL1+IER5L,0.7957773804664612,0.2768984735012054,True,TSC22D1,LYL1|IER5L,TSC22 domain family,Basic helix-loop-helix proteins,,0,False,False
Norman2019_GEARS_processed_mirror,B5_mean_effect,L0,UBASH3A+ctrl,115.0,LYL1+IER5L,0.7957773804664612,0.5729497075080872,True,UBASH3A,LYL1|IER5L,,Basic helix-loop-helix proteins,,0,False,False
Norman2019_GEARS_processed_mirror,B5_mean_effect,L0,UBASH3B+CNN1,59.0,LYL1+IER5L,0.7957773804664612,0.6613186597824097,True,UBASH3B|CNN1,LYL1|IER5L,Calponin family|Protein phosphatases,Basic helix-loop-helix proteins,,0,False,False
Norman2019_GEARS_processed_mirror,B5_mean_effect,L0,UBASH3B+OSR2,236.0,LYL1+IER5L,0.7957773804664612,0.2212398201227188,True,UBASH3B|OSR2,LYL1|IER5L,Protein phosphatases|Zinc fingers C2H2-type,Basic helix-loop-helix proteins,,0,False,False
Norman2019_GEARS_processed_mirror,B5_mean_effect,L0,UBASH3B+PTPN12,84.0,LYL1+IER5L,0.7957773804664612,0.6280674934387207,True,UBASH3B|PTPN12,LYL1|IER5L,Protein phosphatases|Protein tyrosine phosphatases non-receptor type,Basic helix-loop-helix proteins,,0,False,False
Norman2019_GEARS_processed_mirror,B5_mean_effect,L0,UBASH3B+PTPN9,14.0,LYL1+IER5L,0.7957773804664612,0.7337186336517334,True,UBASH3B|PTPN9,LYL1|IER5L,CRAL-TRIO lipid binding domain containing|Protein phosphatases|Protein tyrosine phosphatases non-receptor type,Basic helix-loop-helix proteins,,0,False,False
Norman2019_GEARS_processed_mirror,B5_mean_effect,L0,UBASH3B+UBASH3A,116.0,LYL1+IER5L,0.7957773804664612,0.5726028084754944,True,UBASH3B|UBASH3A,LYL1|IER5L,Protein phosphatases,Basic helix-loop-helix proteins,,0,False,False
Norman2019_GEARS_processed_mirror,B5_mean_effect,L0,UBASH3B+ZBTB25,66.0,LYL1+IER5L,0.7957773804664612,0.6558055877685547,True,UBASH3B|ZBTB25,LYL1|IER5L,BTB domain containing|Protein phosphatases|Zinc fingers C2H2-type,Basic helix-loop-helix proteins,,0,False,False
Norman2019_GEARS_processed_mirror,B5_mean_effect,L0,UBASH3B+ctrl,168.0,LYL1+IER5L,0.7957773804664612,0.4640124440193176,True,UBASH3B,LYL1|IER5L,Protein phosphatases,Basic helix-loop-helix proteins,,0,False,False
Norman2019_GEARS_processed_mirror,B5_mean_effect,L0,ZBTB1+ctrl,111.0,LYL1+IER5L,0.7957773804664612,0.582120418548584,True,ZBTB1,LYL1|IER5L,BTB domain containing|Zinc fingers C2H2-type,Basic helix-loop-helix proteins,,0,False,False
Norman2019_GEARS_processed_mirror,B5_mean_effect,L0,ZBTB10+DLX2,169.0,LYL1+IER5L,0.7957773804664612,0.4638721942901611,True,ZBTB10|DLX2,LYL1|IER5L,BTB domain containing|Distal-less homeobox family|Zinc fingers C2H2-type,Basic helix-loop-helix proteins,,0,False,False
Norman2019_GEARS_processed_mirror,B5_mean_effect,L0,ZBTB10+ELMSAN1,91.0,LYL1+IER5L,0.7957773804664612,0.6166847348213196,True,ZBTB10|ELMSAN1,LYL1|IER5L,BTB domain containing|Zinc fingers C2H2-type,Basic helix-loop-helix proteins,,0,False,False
Norman2019_GEARS_processed_mirror,B5_mean_effect,L0,ZBTB10+PTPN12,70.0,LYL1+IER5L,0.7957773804664612,0.6485723257064819,True,ZBTB10|PTPN12,LYL1|IER5L,BTB domain containing|Protein tyrosine phosphatases non-receptor type|Zinc fingers C2H2-type,Basic helix-loop-helix proteins,,0,False,False
Norman2019_GEARS_processed_mirror,B5_mean_effect,L0,ZBTB10+SNAI1,133.0,LYL1+IER5L,0.7957773804664612,0.5212312936782837,True,ZBTB10|SNAI1,LYL1|IER5L,BTB domain containing|SNAG transcriptional repressors|Zinc fingers C2H2-type,Basic helix-loop-helix proteins,,0,False,False
Norman2019_GEARS_processed_mirror,B5_mean_effect,L0,ZBTB10+ctrl,120.0,LYL1+IER5L,0.7957773804664612,0.5543265342712402,True,ZBTB10,LYL1|IER5L,BTB domain containing|Zinc fingers C2H2-type,Basic helix-loop-helix proteins,,0,False,False
Norman2019_GEARS_processed_mirror,B5_mean_effect,L0,ZBTB25+ctrl,159.0,LYL1+IER5L,0.7957773804664612,0.4782686531543731,True,ZBTB25,LYL1|IER5L,BTB domain containing|Zinc fingers C2H2-type,Basic helix-loop-helix proteins,,0,False,False
Norman2019_GEARS_processed_mirror,B5_mean_effect,L0,ZC3HAV1+CEBPA,152.0,LYL1+IER5L,0.7957773804664612,0.4946746826171875,True,ZC3HAV1|CEBPA,LYL1|IER5L,CCAAT/enhancer binding proteins|Poly(ADP-ribose) polymerases|Zinc fingers CCCH-type,Basic helix-loop-helix proteins,,0,False,False
Norman2019_GEARS_processed_mirror,B5_mean_effect,L0,ZC3HAV1+CEBPE,264.0,LYL1+IER5L,0.7957773804664612,0.0784848406910896,True,ZC3HAV1|CEBPE,LYL1|IER5L,CCAAT/enhancer binding proteins|Poly(ADP-ribose) polymerases|Zinc fingers CCCH-type,Basic helix-loop-helix proteins,,0,False,False
Norman2019_GEARS_processed_mirror,B5_mean_effect,L0,ZC3HAV1+HOXC13,101.0,LYL1+IER5L,0.7957773804664612,0.6021747589111328,True,ZC3HAV1|HOXC13,LYL1|IER5L,HOXL subclass homeoboxes|Poly(ADP-ribose) polymerases|Zinc fingers CCCH-type,Basic helix-loop-helix proteins,,0,False,False
Norman2019_GEARS_processed_mirror,B5_mean_effect,L0,ZC3HAV1+ctrl,277.0,LYL1+IER5L,0.7957773804664612,-0.2350165843963623,True,ZC3HAV1,LYL1|IER5L,Poly(ADP-ribose) polymerases|Zinc fingers CCCH-type,Basic helix-loop-helix proteins,,0,False,False
Norman2019_GEARS_processed_mirror,B5_mean_effect,L0,ZNF318+FOXL2,21.0,LYL1+IER5L,0.7957773804664612,0.7149448394775391,True,ZNF318|FOXL2,LYL1|IER5L,Forkhead boxes|Zinc fingers C2H2-type|Zinc fingers matrin-type,Basic helix-loop-helix proteins,,0,False,False
Norman2019_GEARS_processed_mirror,B5_mean_effect,L0,ZNF318+ctrl,153.0,LYL1+IER5L,0.7957773804664612,0.4925194978713989,True,ZNF318,LYL1|IER5L,Zinc fingers C2H2-type|Zinc fingers matrin-type,Basic helix-loop-helix proteins,,0,False,False
Norman2019_GEARS_processed_mirror,B5_mean_effect,L0,ctrl+BAK1,273.0,LYL1+IER5L,0.7957773804664612,-0.1102863401174545,True,BAK1,LYL1|IER5L,BCL2 family,Basic helix-loop-helix proteins,,0,False,False
Norman2019_GEARS_processed_mirror,B5_mean_effect,L0,ctrl+C19orf26,220.0,LYL1+IER5L,0.7957773804664612,0.3011473715305328,True,C19orf26,LYL1|IER5L,,Basic helix-loop-helix proteins,,0,False,False
Norman2019_GEARS_processed_mirror,B5_mean_effect,L0,ctrl+CBFA2T3,232.0,LYL1+IER5L,0.7957773804664612,0.2533777356147766,True,CBFA2T3,LYL1|IER5L,A-kinase anchoring proteins|Zinc fingers MYND-type,Basic helix-loop-helix proteins,,0,False,False
Norman2019_GEARS_processed_mirror,B5_mean_effect,L0,ctrl+CDKN1A,96.0,LYL1+IER5L,0.7957773804664612,0.6082113981246948,True,CDKN1A,LYL1|IER5L,Cyclin dependent kinase inhibitor 1 family,Basic helix-loop-helix proteins,,0,False,False
Norman2019_GEARS_processed_mirror,B5_mean_effect,L0,ctrl+CDKN1B,87.0,LYL1+IER5L,0.7957773804664612,0.6227777004241943,True,CDKN1B,LYL1|IER5L,Cyclin dependent kinase inhibitor 1 family,Basic helix-loop-helix proteins,,0,False,False
Norman2019_GEARS_processed_mirror,B5_mean_effect,L0,ctrl+CEBPA,128.0,LYL1+IER5L,0.7957773804664612,0.5307934880256653,True,CEBPA,LYL1|IER5L,CCAAT/enhancer binding proteins,Basic helix-loop-helix proteins,,0,False,False
Norman2019_GEARS_processed_mirror,B5_mean_effect,L0,ctrl+CEBPB,181.0,LYL1+IER5L,0.7957773804664612,0.4379099607467651,True,CEBPB,LYL1|IER5L,CCAAT/enhancer binding proteins,Basic helix-loop-helix proteins,,0,False,False
Norman2019_GEARS_processed_mirror,B5_mean_effect,L0,ctrl+CEBPE,156.0,LYL1+IER5L,0.7957773804664612,0.4867005944252014,True,CEBPE,LYL1|IER5L,CCAAT/enhancer binding proteins,Basic helix-loop-helix proteins,,0,False,False
Norman2019_GEARS_processed_mirror,B5_mean_effect,L0,ctrl+CLDN6,32.0,LYL1+IER5L,0.7957773804664612,0.701236367225647,True,CLDN6,LYL1|IER5L,Claudins,Basic helix-loop-helix proteins,,0,False,False
Norman2019_GEARS_processed_mirror,B5_mean_effect,L0,ctrl+CNN1,151.0,LYL1+IER5L,0.7957773804664612,0.4957236647605896,True,CNN1,LYL1|IER5L,Calponin family,Basic helix-loop-helix proteins,,0,False,False
Norman2019_GEARS_processed_mirror,B5_mean_effect,L0,ctrl+COL2A1,233.0,LYL1+IER5L,0.7957773804664612,0.2391880452632904,True,COL2A1,LYL1|IER5L,Fibrillar collagens,Basic helix-loop-helix proteins,,0,False,False
Norman2019_GEARS_processed_mirror,B5_mean_effect,L0,ctrl+DLX2,223.0,LYL1+IER5L,0.7957773804664612,0.2938657999038696,True,DLX2,LYL1|IER5L,Distal-less homeobox family,Basic helix-loop-helix proteins,,0,False,False
Norman2019_GEARS_processed_mirror,B5_mean_effect,L0,ctrl+ELMSAN1,269.0,LYL1+IER5L,0.7957773804664612,-0.0813654661178588,True,ELMSAN1,LYL1|IER5L,,Basic helix-loop-helix proteins,,0,False,False
Norman2019_GEARS_processed_mirror,B5_mean_effect,L0,ctrl+ETS2,256.0,LYL1+IER5L,0.7957773804664612,0.1518424451351165,True,ETS2,LYL1|IER5L,ETS transcription factor family,Basic helix-loop-helix proteins,,0,False,False
Norman2019_GEARS_processed_mirror,B5_mean_effect,L0,ctrl+FEV,163.0,LYL1+IER5L,0.7957773804664612,0.4745490550994873,True,FEV,LYL1|IER5L,ETS transcription factor family,Basic helix-loop-helix proteins,,0,False,False
Norman2019_GEARS_processed_mirror,B5_mean_effect,L0,ctrl+FOXA1,104.0,LYL1+IER5L,0.7957773804664612,0.5985212922096252,True,FOXA1,LYL1|IER5L,Forkhead boxes,Basic helix-loop-helix proteins,,0,False,False
Norman2019_GEARS_processed_mirror,B5_mean_effect,L0,ctrl+FOXF1,217.0,LYL1+IER5L,0.7957773804664612,0.3196350038051605,True,FOXF1,LYL1|IER5L,Forkhead boxes,Basic helix-loop-helix proteins,,0,False,False
Norman2019_GEARS_processed_mirror,B5_mean_effect,L0,ctrl+FOXL2,161.0,LYL1+IER5L,0.7957773804664612,0.4764589667320251,True,FOXL2,LYL1|IER5L,Forkhead boxes,Basic helix-loop-helix proteins,,0,False,False
Norman2019_GEARS_processed_mirror,B5_mean_effect,L0,ctrl+HOXB9,72.0,LYL1+IER5L,0.7957773804664612,0.6438103914260864,True,HOXB9,LYL1|IER5L,HOXL subclass homeoboxes,Basic helix-loop-helix proteins,,0,False,False
Norman2019_GEARS_processed_mirror,B5_mean_effect,L0,ctrl+HOXC13,46.0,LYL1+IER5L,0.7957773804664612,0.6787116527557373,True,HOXC13,LYL1|IER5L,HOXL subclass homeoboxes,Basic helix-loop-helix proteins,,0,False,False
Norman2019_GEARS_processed_mirror,B5_mean_effect,L0,ctrl+IER5L,26.0,LYL1+IER5L,0.7957773804664612,0.7082774043083191,True,IER5L,LYL1|IER5L,,Basic helix-loop-helix proteins,,0,False,False
Norman2019_GEARS_processed_mirror,B5_mean_effect,L0,ctrl+IGDCC3,64.0,LYL1+IER5L,0.7957773804664612,0.6559337377548218,True,IGDCC3,LYL1|IER5L,Fibronectin type III domain containing|I-set domain containing,Basic helix-loop-helix proteins,,0,False,False
Norman2019_GEARS_processed_mirror,B5_mean_effect,L0,ctrl+IKZF3,30.0,LYL1+IER5L,0.7957773804664612,0.7060895562171936,True,IKZF3,LYL1|IER5L,Zinc fingers C2H2-type,Basic helix-loop-helix proteins,,0,False,False
Norman2019_GEARS_processed_mirror,B5_mean_effect,L0,ctrl+ISL2,258.0,LYL1+IER5L,0.7957773804664612,0.1340711861848831,True,ISL2,LYL1|IER5L,LIM class homeoboxes,Basic helix-loop-helix proteins,,0,False,False
Norman2019_GEARS_processed_mirror,B5_mean_effect,L0,ctrl+KIF2C,230.0,LYL1+IER5L,0.7957773804664612,0.2568351030349731,True,KIF2C,LYL1|IER5L,Kinesins|Small nucleolar RNA protein coding host genes,Basic helix-loop-helix proteins,,0,False,False
Norman2019_GEARS_processed_mirror,B5_mean_effect,L0,ctrl+KLF1,246.0,LYL1+IER5L,0.7957773804664612,0.1960138529539108,True,KLF1,LYL1|IER5L,KLF transcription factors|Zinc fingers C2H2-type,Basic helix-loop-helix proteins,,0,False,False
Norman2019_GEARS_processed_mirror,B5_mean_effect,L0,ctrl+MAP2K6,282.0,LYL1+IER5L,0.7957773804664612,-0.3821234405040741,True,MAP2K6,LYL1|IER5L,Mitogen-activated protein kinase kinases,Basic helix-loop-helix proteins,,0,False,False
Norman2019_GEARS_processed_mirror,B5_mean_effect,L0,ctrl+MAP7D1,266.0,LYL1+IER5L,0.7957773804664612,-0.0188004039227962,True,MAP7D1,LYL1|IER5L,Microtubule associated protein 7 family,Basic helix-loop-helix proteins,,0,False,False
Norman2019_GEARS_processed_mirror,B5_mean_effect,L0,ctrl+MAPK1,251.0,LYL1+IER5L,0.7957773804664612,0.1669759154319763,True,MAPK1,LYL1|IER5L,Mitogen-activated protein kinase 3 and 1 (ERK1/2) family,Basic helix-loop-helix proteins,,0,False,False
Norman2019_GEARS_processed_mirror,B5_mean_effect,L0,ctrl+MEIS1,178.0,LYL1+IER5L,0.7957773804664612,0.4453945457935333,True,MEIS1,LYL1|IER5L,TALE class homeoboxes and pseudogenes,Basic helix-loop-helix proteins,,0,False,False
Norman2019_GEARS_processed_mirror,B5_mean_effect,L0,ctrl+OSR2,252.0,LYL1+IER5L,0.7957773804664612,0.1664575934410095,True,OSR2,LYL1|IER5L,Zinc fingers C2H2-type,Basic helix-loop-helix proteins,,0,False,False
Norman2019_GEARS_processed_mirror,B5_mean_effect,L0,ctrl+PRTG,58.0,LYL1+IER5L,0.7957773804664612,0.6615797281265259,True,PRTG,LYL1|IER5L,Fibronectin type III domain containing|I-set domain containing,Basic helix-loop-helix proteins,,0,False,False
Norman2019_GEARS_processed_mirror,B5_mean_effect,L0,ctrl+PTPN12,146.0,LYL1+IER5L,0.7957773804664612,0.5026950836181641,True,PTPN12,LYL1|IER5L,Protein tyrosine phosphatases non-receptor type,Basic helix-loop-helix proteins,,0,False,False
Norman2019_GEARS_processed_mirror,B5_mean_effect,L0,ctrl+PTPN9,177.0,LYL1+IER5L,0.7957773804664612,0.446296364068985,True,PTPN9,LYL1|IER5L,CRAL-TRIO lipid binding domain containing|Protein tyrosine phosphatases non-receptor type,Basic helix-loop-helix proteins,,0,False,False
Norman2019_GEARS_processed_mirror,B5_mean_effect,L0,ctrl+RUNX1T1,265.0,LYL1+IER5L,0.7957773804664612,0.0099021727219223,True,RUNX1T1,LYL1|IER5L,Zinc fingers MYND-type,Basic helix-loop-helix proteins,,0,False,False
Norman2019_GEARS_processed_mirror,B5_mean_effect,L0,ctrl+SAMD1,15.0,LYL1+IER5L,0.7957773804664612,0.730833113193512,True,SAMD1,LYL1|IER5L,Sterile alpha motif domain containing,Basic helix-loop-helix proteins,,0,False,False
Norman2019_GEARS_processed_mirror,B5_mean_effect,L0,ctrl+SET,192.0,LYL1+IER5L,0.7957773804664612,0.3860538899898529,True,SET,LYL1|IER5L,INHAT complex|Nucleosome assembly protein superfamily|SET complex,Basic helix-loop-helix proteins,,0,False,False
Norman2019_GEARS_processed_mirror,B5_mean_effect,L0,ctrl+SLC38A2,272.0,LYL1+IER5L,0.7957773804664612,-0.0982732847332954,True,SLC38A2,LYL1|IER5L,Solute carrier family 38,Basic helix-loop-helix proteins,,0,False,False
Norman2019_GEARS_processed_mirror,B5_mean_effect,L0,ctrl+SNAI1,194.0,LYL1+IER5L,0.7957773804664612,0.3792358040809631,True,SNAI1,LYL1|IER5L,SNAG transcriptional repressors|Zinc fingers C2H2-type,Basic helix-loop-helix proteins,,0,False,False
Norman2019_GEARS_processed_mirror,B5_mean_effect,L0,ctrl+SPI1,62.0,LYL1+IER5L,0.7957773804664612,0.6582906246185303,True,SPI1,LYL1|IER5L,ETS transcription factor family,Basic helix-loop-helix proteins,,0,False,False
Norman2019_GEARS_processed_mirror,B5_mean_effect,L0,ctrl+STIL,158.0,LYL1+IER5L,0.7957773804664612,0.4832475483417511,True,STIL,LYL1|IER5L,,Basic helix-loop-helix proteins,,0,False,False
Norman2019_GEARS_processed_mirror,B5_mean_effect,L0,ctrl+TBX2,162.0,LYL1+IER5L,0.7957773804664612,0.474990576505661,True,TBX2,LYL1|IER5L,T-box transcription factors,Basic helix-loop-helix proteins,,0,False,False
Norman2019_GEARS_processed_mirror,B5_mean_effect,L0,ctrl+TBX3,234.0,LYL1+IER5L,0.7957773804664612,0.2348850518465042,True,TBX3,LYL1|IER5L,T-box transcription factors,Basic helix-loop-helix proteins,,0,False,False
Norman2019_GEARS_processed_mirror,B5_mean_effect,L0,ctrl+TGFBR2,221.0,LYL1+IER5L,0.7957773804664612,0.3002997040748596,True,TGFBR2,LYL1|IER5L,Type 2 receptor serine/threonine kinases,Basic helix-loop-helix proteins,,0,False,False
Norman2019_GEARS_processed_mirror,B5_mean_effect,L0,ctrl+UBASH3A,245.0,LYL1+IER5L,0.7957773804664612,0.1964630782604217,True,UBASH3A,LYL1|IER5L,,Basic helix-loop-helix proteins,,0,False,False
Norman2019_GEARS_processed_mirror,B5_mean_effect,L0,ctrl+UBASH3B,117.0,LYL1+IER5L,0.7957773804664612,0.5725159645080566,True,UBASH3B,LYL1|IER5L,Protein phosphatases,Basic helix-loop-helix proteins,,0,False,False
Norman2019_GEARS_processed_mirror,B5_mean_effect,L0,ctrl+ZBTB1,92.0,LYL1+IER5L,0.7957773804664612,0.6131385564804077,True,ZBTB1,LYL1|IER5L,BTB domain containing|Zinc fingers C2H2-type,Basic helix-loop-helix proteins,,0,False,False
Norman2019_GEARS_processed_mirror,B5_mean_effect,L0,ctrl+ZBTB25,170.0,LYL1+IER5L,0.7957773804664612,0.4636567831039428,True,ZBTB25,LYL1|IER5L,BTB domain containing|Zinc fingers C2H2-type,Basic helix-loop-helix proteins,,0,False,False
Norman2019_GEARS_processed_mirror,B1_global_perturbed_mean,L1,AHR+KLF1,47.0,PRDM1+CBFA2T3,0.8203526735305786,0.2798627018928528,True,AHR|KLF1,PRDM1|CBFA2T3,Basic helix-loop-helix proteins|KLF transcription factors|PAS domain containing|Zinc fingers C2H2-type,A-kinase anchoring proteins|PR/SET domain family|Putative lysine methyltransferases|Zinc fingers C2H2-type|Zinc fingers MYND-type,Zinc fingers C2H2-type,1,True,False
Norman2019_GEARS_processed_mirror,B1_global_perturbed_mean,L1,BAK1+ctrl,54.0,PRDM1+CBFA2T3,0.8203526735305786,-0.0677114576101303,True,BAK1,PRDM1|CBFA2T3,BCL2 family,A-kinase anchoring proteins|PR/SET domain family|Putative lysine methyltransferases|Zinc fingers C2H2-type|Zinc fingers MYND-type,,0,False,False
Norman2019_GEARS_processed_mirror,B1_global_perturbed_mean,L1,BCL2L11+BAK1,53.0,PRDM1+CBFA2T3,0.8203526735305786,-0.0659321919083595,True,BCL2L11|BAK1,PRDM1|CBFA2T3,BCL2 family|BCL2 homology region 3 (BH3) only,A-kinase anchoring proteins|PR/SET domain family|Putative lysine methyltransferases|Zinc fingers C2H2-type|Zinc fingers MYND-type,,0,False,False
Norman2019_GEARS_processed_mirror,B1_global_perturbed_mean,L1,BCL2L11+TGFBR2,50.0,PRDM1+CBFA2T3,0.8203526735305786,0.2609823942184448,True,BCL2L11|TGFBR2,PRDM1|CBFA2T3,BCL2 homology region 3 (BH3) only|Type 2 receptor serine/threonine kinases,A-kinase anchoring proteins|PR/SET domain family|Putative lysine methyltransferases|Zinc fingers C2H2-type|Zinc fingers MYND-type,,0,False,False
Norman2019_GEARS_processed_mirror,B1_global_perturbed_mean,L1,BPGM+ctrl,39.0,PRDM1+CBFA2T3,0.8203526735305786,0.4815900921821594,True,BPGM,PRDM1|CBFA2T3,Bisphosphoglycerate phosphatases|Phosphoglycerate mutases,A-kinase anchoring proteins|PR/SET domain family|Putative lysine methyltransferases|Zinc fingers C2H2-type|Zinc fingers MYND-type,,0,False,False
Norman2019_GEARS_processed_mirror,B1_global_perturbed_mean,L1,C19orf26+ctrl,41.0,PRDM1+CBFA2T3,0.8203526735305786,0.4654072523117065,True,C19orf26,PRDM1|CBFA2T3,,A-kinase anchoring proteins|PR/SET domain family|Putative lysine methyltransferases|Zinc fingers C2H2-type|Zinc fingers MYND-type,,0,False,False
Norman2019_GEARS_processed_mirror,B1_global_perturbed_mean,L1,CBL+TGFBR2,32.0,PRDM1+CBFA2T3,0.8203526735305786,0.5601283311843872,True,CBL|TGFBR2,PRDM1|CBFA2T3,Ring finger proteins|Type 2 receptor serine/threonine kinases,A-kinase anchoring proteins|PR/SET domain family|Putative lysine methyltransferases|Zinc fingers C2H2-type|Zinc fingers MYND-type,,0,False,False
Norman2019_GEARS_processed_mirror,B1_global_perturbed_mean,L1,CBL+UBASH3A,16.0,PRDM1+CBFA2T3,0.8203526735305786,0.6711779236793518,True,CBL|UBASH3A,PRDM1|CBFA2T3,Ring finger proteins,A-kinase anchoring proteins|PR/SET domain family|Putative lysine methyltransferases|Zinc fingers C2H2-type|Zinc fingers MYND-type,,0,False,False
Norman2019_GEARS_processed_mirror,B1_global_perturbed_mean,L1,CBL+UBASH3B,17.0,PRDM1+CBFA2T3,0.8203526735305786,0.666843056678772,True,CBL|UBASH3B,PRDM1|CBFA2T3,Protein phosphatases|Ring finger proteins,A-kinase anchoring proteins|PR/SET domain family|Putative lysine methyltransferases|Zinc fingers C2H2-type|Zinc fingers MYND-type,,0,False,False
Norman2019_GEARS_processed_mirror,B1_global_perturbed_mean,L1,CBL+ctrl,36.0,PRDM1+CBFA2T3,0.8203526735305786,0.5128276348114014,True,CBL,PRDM1|CBFA2T3,Ring finger proteins,A-kinase anchoring proteins|PR/SET domain family|Putative lysine methyltransferases|Zinc fingers C2H2-type|Zinc fingers MYND-type,,0,False,False
Norman2019_GEARS_processed_mirror,B1_global_perturbed_mean,L1,CDKN1C+CDKN1B,11.0,PRDM1+CBFA2T3,0.8203526735305786,0.7154043912887573,True,CDKN1C|CDKN1B,PRDM1|CBFA2T3,Cyclin dependent kinase inhibitor 1 family,A-kinase anchoring proteins|PR/SET domain family|Putative lysine methyltransferases|Zinc fingers C2H2-type|Zinc fingers MYND-type,,0,False,False
Norman2019_GEARS_processed_mirror,B1_global_perturbed_mean,L1,CEBPA+ctrl,29.0,PRDM1+CBFA2T3,0.8203526735305786,0.5707264542579651,True,CEBPA,PRDM1|CBFA2T3,CCAAT/enhancer binding proteins,A-kinase anchoring proteins|PR/SET domain family|Putative lysine methyltransferases|Zinc fingers C2H2-type|Zinc fingers MYND-type,,0,False,False
Norman2019_GEARS_processed_mirror,B1_global_perturbed_mean,L1,CEBPB+CEBPA,31.0,PRDM1+CBFA2T3,0.8203526735305786,0.5602291822433472,True,CEBPB|CEBPA,PRDM1|CBFA2T3,CCAAT/enhancer binding proteins,A-kinase anchoring proteins|PR/SET domain family|Putative lysine methyltransferases|Zinc fingers C2H2-type|Zinc fingers MYND-type,,0,False,False
Norman2019_GEARS_processed_mirror,B1_global_perturbed_mean,L1,CEBPE+SPI1,24.0,PRDM1+CBFA2T3,0.8203526735305786,0.6221732497215271,True,CEBPE|SPI1,PRDM1|CBFA2T3,CCAAT/enhancer binding proteins|ETS transcription factor family,A-kinase anchoring proteins|PR/SET domain family|Putative lysine methyltransferases|Zinc fingers C2H2-type|Zinc fingers MYND-type,,0,False,False
Norman2019_GEARS_processed_mirror,B1_global_perturbed_mean,L1,COL2A1+ctrl,51.0,PRDM1+CBFA2T3,0.8203526735305786,0.2417816072702407,True,COL2A1,PRDM1|CBFA2T3,Fibrillar collagens,A-kinase anchoring proteins|PR/SET domain family|Putative lysine methyltransferases|Zinc fingers C2H2-type|Zinc fingers MYND-type,,0,False,False
Norman2019_GEARS_processed_mirror,B1_global_perturbed_mean,L1,DUSP9+KLF1,34.0,PRDM1+CBFA2T3,0.8203526735305786,0.5554218888282776,True,DUSP9|KLF1,PRDM1|CBFA2T3,KLF transcription factors|MAP kinase phosphatases|Zinc fingers C2H2-type,A-kinase anchoring proteins|PR/SET domain family|Putative lysine methyltransferases|Zinc fingers C2H2-type|Zinc fingers MYND-type,Zinc fingers C2H2-type,1,True,False
Norman2019_GEARS_processed_mirror,B1_global_perturbed_mean,L1,ELMSAN1+ctrl,56.0,PRDM1+CBFA2T3,0.8203526735305786,-0.0899112820625305,True,ELMSAN1,PRDM1|CBFA2T3,,A-kinase anchoring proteins|PR/SET domain family|Putative lysine methyltransferases|Zinc fingers C2H2-type|Zinc fingers MYND-type,,0,False,False
Norman2019_GEARS_processed_mirror,B1_global_perturbed_mean,L1,ETS2+CEBPE,44.0,PRDM1+CBFA2T3,0.8203526735305786,0.3834206461906433,True,ETS2|CEBPE,PRDM1|CBFA2T3,CCAAT/enhancer binding proteins|ETS transcription factor family,A-kinase anchoring proteins|PR/SET domain family|Putative lysine methyltransferases|Zinc fingers C2H2-type|Zinc fingers MYND-type,,0,False,False
Norman2019_GEARS_processed_mirror,B1_global_perturbed_mean,L1,ETS2+IKZF3,6.0,PRDM1+CBFA2T3,0.8203526735305786,0.7512530088424683,True,ETS2|IKZF3,PRDM1|CBFA2T3,ETS transcription factor family|Zinc fingers C2H2-type,A-kinase anchoring proteins|PR/SET domain family|Putative lysine methyltransferases|Zinc fingers C2H2-type|Zinc fingers MYND-type,Zinc fingers C2H2-type,1,True,False
Norman2019_GEARS_processed_mirror,B1_global_perturbed_mean,L1,FOSB+IKZF3,10.0,PRDM1+CBFA2T3,0.8203526735305786,0.7169033288955688,True,FOSB|IKZF3,PRDM1|CBFA2T3,Fos transcription factor family|Zinc fingers C2H2-type,A-kinase anchoring proteins|PR/SET domain family|Putative lysine methyltransferases|Zinc fingers C2H2-type|Zinc fingers MYND-type,Zinc fingers C2H2-type,1,True,False
Norman2019_GEARS_processed_mirror,B1_global_perturbed_mean,L1,FOSB+OSR2,45.0,PRDM1+CBFA2T3,0.8203526735305786,0.3586970567703247,True,FOSB|OSR2,PRDM1|CBFA2T3,Fos transcription factor family|Zinc fingers C2H2-type,A-kinase anchoring proteins|PR/SET domain family|Putative lysine methyltransferases|Zinc fingers C2H2-type|Zinc fingers MYND-type,Zinc fingers C2H2-type,1,True,False
Norman2019_GEARS_processed_mirror,B1_global_perturbed_mean,L1,FOXA1+ctrl,25.0,PRDM1+CBFA2T3,0.8203526735305786,0.6202545166015625,True,FOXA1,PRDM1|CBFA2T3,Forkhead boxes,A-kinase anchoring proteins|PR/SET domain family|Putative lysine methyltransferases|Zinc fingers C2H2-type|Zinc fingers MYND-type,,0,False,False
Norman2019_GEARS_processed_mirror,B1_global_perturbed_mean,L1,FOXF1+ctrl,30.0,PRDM1+CBFA2T3,0.8203526735305786,0.57037752866745,True,FOXF1,PRDM1|CBFA2T3,Forkhead boxes,A-kinase anchoring proteins|PR/SET domain family|Putative lysine methyltransferases|Zinc fingers C2H2-type|Zinc fingers MYND-type,,0,False,False
Norman2019_GEARS_processed_mirror,B1_global_perturbed_mean,L1,IER5L+ctrl,7.0,PRDM1+CBFA2T3,0.8203526735305786,0.7380696535110474,True,IER5L,PRDM1|CBFA2T3,,A-kinase anchoring proteins|PR/SET domain family|Putative lysine methyltransferases|Zinc fingers C2H2-type|Zinc fingers MYND-type,,0,False,False
Norman2019_GEARS_processed_mirror,B1_global_perturbed_mean,L1,IGDCC3+PRTG,12.0,PRDM1+CBFA2T3,0.8203526735305786,0.7068454623222351,True,IGDCC3|PRTG,PRDM1|CBFA2T3,Fibronectin type III domain containing|I-set domain containing,A-kinase anchoring proteins|PR/SET domain family|Putative lysine methyltransferases|Zinc fingers C2H2-type|Zinc fingers MYND-type,,0,False,False
Norman2019_GEARS_processed_mirror,B1_global_perturbed_mean,L1,IKZF3+ctrl,8.0,PRDM1+CBFA2T3,0.8203526735305786,0.7218836545944214,True,IKZF3,PRDM1|CBFA2T3,Zinc fingers C2H2-type,A-kinase anchoring proteins|PR/SET domain family|Putative lysine methyltransferases|Zinc fingers C2H2-type|Zinc fingers MYND-type,Zinc fingers C2H2-type,1,True,False
Norman2019_GEARS_processed_mirror,B1_global_perturbed_mean,L1,LHX1+ELMSAN1,40.0,PRDM1+CBFA2T3,0.8203526735305786,0.4704039096832275,True,LHX1|ELMSAN1,PRDM1|CBFA2T3,LIM class homeoboxes,A-kinase anchoring proteins|PR/SET domain family|Putative lysine methyltransferases|Zinc fingers C2H2-type|Zinc fingers MYND-type,,0,False,False
Norman2019_GEARS_processed_mirror,B1_global_perturbed_mean,L1,LYL1+CEBPB,20.0,PRDM1+CBFA2T3,0.8203526735305786,0.6410260200500488,True,LYL1|CEBPB,PRDM1|CBFA2T3,Basic helix-loop-helix proteins|CCAAT/enhancer binding proteins,A-kinase anchoring proteins|PR/SET domain family|Putative lysine methyltransferases|Zinc fingers C2H2-type|Zinc fingers MYND-type,,0,False,False
Norman2019_GEARS_processed_mirror,B1_global_perturbed_mean,L1,LYL1+IER5L,2.0,PRDM1+CBFA2T3,0.8203526735305786,0.7983845472335815,True,LYL1|IER5L,PRDM1|CBFA2T3,Basic helix-loop-helix proteins,A-kinase anchoring proteins|PR/SET domain family|Putative lysine methyltransferases|Zinc fingers C2H2-type|Zinc fingers MYND-type,,0,False,False
Norman2019_GEARS_processed_mirror,B1_global_perturbed_mean,L1,MAP2K3+MAP2K6,57.0,PRDM1+CBFA2T3,0.8203526735305786,-0.3450852632522583,True,MAP2K3|MAP2K6,PRDM1|CBFA2T3,Mitogen-activated protein kinase kinases,A-kinase anchoring proteins|PR/SET domain family|Putative lysine methyltransferases|Zinc fingers C2H2-type|Zinc fingers MYND-type,,0,False,False
Norman2019_GEARS_processed_mirror,B1_global_perturbed_mean,L1,MAP2K6+IKZF3,19.0,PRDM1+CBFA2T3,0.8203526735305786,0.644254207611084,True,MAP2K6|IKZF3,PRDM1|CBFA2T3,Mitogen-activated protein kinase kinases|Zinc fingers C2H2-type,A-kinase anchoring proteins|PR/SET domain family|Putative lysine methyltransferases|Zinc fingers C2H2-type|Zinc fingers MYND-type,Zinc fingers C2H2-type,1,True,False
Norman2019_GEARS_processed_mirror,B1_global_perturbed_mean,L1,MAP2K6+SPI1,38.0,PRDM1+CBFA2T3,0.8203526735305786,0.5078864097595215,True,MAP2K6|SPI1,PRDM1|CBFA2T3,ETS transcription factor family|Mitogen-activated protein kinase kinases,A-kinase anchoring proteins|PR/SET domain family|Putative lysine methyltransferases|Zinc fingers C2H2-type|Zinc fingers MYND-type,,0,False,False
Norman2019_GEARS_processed_mirror,B1_global_perturbed_mean,L1,MAP4K5+ctrl,35.0,PRDM1+CBFA2T3,0.8203526735305786,0.5484408140182495,True,MAP4K5,PRDM1|CBFA2T3,MAP4K family (GCK-I subfamily),A-kinase anchoring proteins|PR/SET domain family|Putative lysine methyltransferases|Zinc fingers C2H2-type|Zinc fingers MYND-type,,0,False,False
Norman2019_GEARS_processed_mirror,B1_global_perturbed_mean,L1,MAPK1+PRTG,37.0,PRDM1+CBFA2T3,0.8203526735305786,0.509082019329071,True,MAPK1|PRTG,PRDM1|CBFA2T3,Fibronectin type III domain containing|I-set domain containing|Mitogen-activated protein kinase 3 and 1 (ERK1/2) family,A-kinase anchoring proteins|PR/SET domain family|Putative lysine methyltransferases|Zinc fingers C2H2-type|Zinc fingers MYND-type,,0,False,False
Norman2019_GEARS_processed_mirror,B1_global_perturbed_mean,L1,MAPK1+TGFBR2,49.0,PRDM1+CBFA2T3,0.8203526735305786,0.2678501009941101,True,MAPK1|TGFBR2,PRDM1|CBFA2T3,Mitogen-activated protein kinase 3 and 1 (ERK1/2) family|Type 2 receptor serine/threonine kinases,A-kinase anchoring proteins|PR/SET domain family|Putative lysine methyltransferases|Zinc fingers C2H2-type|Zinc fingers MYND-type,,0,False,False
Norman2019_GEARS_processed_mirror,B1_global_perturbed_mean,L1,MIDN+ctrl,13.0,PRDM1+CBFA2T3,0.8203526735305786,0.698552668094635,True,MIDN,PRDM1|CBFA2T3,,A-kinase anchoring proteins|PR/SET domain family|Putative lysine methyltransferases|Zinc fingers C2H2-type|Zinc fingers MYND-type,,0,False,False
Norman2019_GEARS_processed_mirror,B1_global_perturbed_mean,L1,POU3F2+CBFA2T3,4.0,PRDM1+CBFA2T3,0.8203526735305786,0.7679414749145508,True,POU3F2|CBFA2T3,PRDM1|CBFA2T3,A-kinase anchoring proteins|POU class homeoboxes and pseudogenes|Zinc fingers MYND-type,A-kinase anchoring proteins|PR/SET domain family|Putative lysine methyltransferases|Zinc fingers C2H2-type|Zinc fingers MYND-type,A-kinase anchoring proteins|Zinc fingers MYND-type,2,True,False
Norman2019_GEARS_processed_mirror,B1_global_perturbed_mean,L1,PRDM1+CBFA2T3,1.0,PRDM1+CBFA2T3,0.8203526735305786,0.8203526735305786,False,PRDM1|CBFA2T3,PRDM1|CBFA2T3,A-kinase anchoring proteins|PR/SET domain family|Putative lysine methyltransferases|Zinc fingers C2H2-type|Zinc fingers MYND-type,A-kinase anchoring proteins|PR/SET domain family|Putative lysine methyltransferases|Zinc fingers C2H2-type|Zinc fingers MYND-type,A-kinase anchoring proteins|PR/SET domain family|Putative lysine methyltransferases|Zinc fingers C2H2-type|Zinc fingers MYND-type,5,True,True
Norman2019_GEARS_processed_mirror,B1_global_perturbed_mean,L1,PRDM1+ctrl,15.0,PRDM1+CBFA2T3,0.8203526735305786,0.6832705736160278,True,PRDM1,PRDM1|CBFA2T3,PR/SET domain family|Putative lysine methyltransferases|Zinc fingers C2H2-type,A-kinase anchoring proteins|PR/SET domain family|Putative lysine methyltransferases|Zinc fingers C2H2-type|Zinc fingers MYND-type,PR/SET domain family|Putative lysine methyltransferases|Zinc fingers C2H2-type,3,True,False
Norman2019_GEARS_processed_mirror,B1_global_perturbed_mean,L1,PRTG+ctrl,18.0,PRDM1+CBFA2T3,0.8203526735305786,0.6508596539497375,True,PRTG,PRDM1|CBFA2T3,Fibronectin type III domain containing|I-set domain containing,A-kinase anchoring proteins|PR/SET domain family|Putative lysine methyltransferases|Zinc fingers C2H2-type|Zinc fingers MYND-type,,0,False,False
Norman2019_GEARS_processed_mirror,B1_global_perturbed_mean,L1,PTPN12+SNAI1,23.0,PRDM1+CBFA2T3,0.8203526735305786,0.6283888816833496,True,PTPN12|SNAI1,PRDM1|CBFA2T3,Protein tyrosine phosphatases non-receptor type|SNAG transcriptional repressors|Zinc fingers C2H2-type,A-kinase anchoring proteins|PR/SET domain family|Putative lysine methyltransferases|Zinc fingers C2H2-type|Zinc fingers MYND-type,Zinc fingers C2H2-type,1,True,False
Norman2019_GEARS_processed_mirror,B1_global_perturbed_mean,L1,S1PR2+ctrl,33.0,PRDM1+CBFA2T3,0.8203526735305786,0.5559326410293579,True,S1PR2,PRDM1|CBFA2T3,Sphingosine 1-phosphate receptors,A-kinase anchoring proteins|PR/SET domain family|Putative lysine methyltransferases|Zinc fingers C2H2-type|Zinc fingers MYND-type,,0,False,False
Norman2019_GEARS_processed_mirror,B1_global_perturbed_mean,L1,SGK1+ctrl,9.0,PRDM1+CBFA2T3,0.8203526735305786,0.7183866500854492,True,SGK1,PRDM1|CBFA2T3,Serum/glucocorticoid regulated kinase family,A-kinase anchoring proteins|PR/SET domain family|Putative lysine methyltransferases|Zinc fingers C2H2-type|Zinc fingers MYND-type,,0,False,False
Norman2019_GEARS_processed_mirror,B1_global_perturbed_mean,L1,SNAI1+DLX2,28.0,PRDM1+CBFA2T3,0.8203526735305786,0.5922352075576782,True,SNAI1|DLX2,PRDM1|CBFA2T3,Distal-less homeobox family|SNAG transcriptional repressors|Zinc fingers C2H2-type,A-kinase anchoring proteins|PR/SET domain family|Putative lysine methyltransferases|Zinc fingers C2H2-type|Zinc fingers MYND-type,Zinc fingers C2H2-type,1,True,False
Norman2019_GEARS_processed_mirror,B1_global_perturbed_mean,L1,SPI1+ctrl,5.0,PRDM1+CBFA2T3,0.8203526735305786,0.7621529698371887,True,SPI1,PRDM1|CBFA2T3,ETS transcription factor family,A-kinase anchoring proteins|PR/SET domain family|Putative lysine methyltransferases|Zinc fingers C2H2-type|Zinc fingers MYND-type,,0,False,False
Norman2019_GEARS_processed_mirror,B1_global_perturbed_mean,L1,STIL+ctrl,21.0,PRDM1+CBFA2T3,0.8203526735305786,0.6325273513793945,True,STIL,PRDM1|CBFA2T3,,A-kinase anchoring proteins|PR/SET domain family|Putative lysine methyltransferases|Zinc fingers C2H2-type|Zinc fingers MYND-type,,0,False,False
Norman2019_GEARS_processed_mirror,B1_global_perturbed_mean,L1,TBX3+TBX2,42.0,PRDM1+CBFA2T3,0.8203526735305786,0.4076519608497619,True,TBX3|TBX2,PRDM1|CBFA2T3,T-box transcription factors,A-kinase anchoring proteins|PR/SET domain family|Putative lysine methyltransferases|Zinc fingers C2H2-type|Zinc fingers MYND-type,,0,False,False
Norman2019_GEARS_processed_mirror,B1_global_perturbed_mean,L1,TP73+ctrl,3.0,PRDM1+CBFA2T3,0.8203526735305786,0.7877432107925415,True,TP73,PRDM1|CBFA2T3,,A-kinase anchoring proteins|PR/SET domain family|Putative lysine methyltransferases|Zinc fingers C2H2-type|Zinc fingers MYND-type,,0,False,False
Norman2019_GEARS_processed_mirror,B1_global_perturbed_mean,L1,UBASH3B+PTPN12,27.0,PRDM1+CBFA2T3,0.8203526735305786,0.6056088209152222,True,UBASH3B|PTPN12,PRDM1|CBFA2T3,Protein phosphatases|Protein tyrosine phosphatases non-receptor type,A-kinase anchoring proteins|PR/SET domain family|Putative lysine methyltransferases|Zinc fingers C2H2-type|Zinc fingers MYND-type,,0,False,False
Norman2019_GEARS_processed_mirror,B1_global_perturbed_mean,L1,UBASH3B+PTPN9,14.0,PRDM1+CBFA2T3,0.8203526735305786,0.683344304561615,True,UBASH3B|PTPN9,PRDM1|CBFA2T3,CRAL-TRIO lipid binding domain containing|Protein phosphatases|Protein tyrosine phosphatases non-receptor type,A-kinase anchoring proteins|PR/SET domain family|Putative lysine methyltransferases|Zinc fingers C2H2-type|Zinc fingers MYND-type,,0,False,False
Norman2019_GEARS_processed_mirror,B1_global_perturbed_mean,L1,ctrl+ELMSAN1,55.0,PRDM1+CBFA2T3,0.8203526735305786,-0.0753770023584365,True,ELMSAN1,PRDM1|CBFA2T3,,A-kinase anchoring proteins|PR/SET domain family|Putative lysine methyltransferases|Zinc fingers C2H2-type|Zinc fingers MYND-type,,0,False,False
Norman2019_GEARS_processed_mirror,B1_global_perturbed_mean,L1,ctrl+FOXL2,22.0,PRDM1+CBFA2T3,0.8203526735305786,0.6297204494476318,True,FOXL2,PRDM1|CBFA2T3,Forkhead boxes,A-kinase anchoring proteins|PR/SET domain family|Putative lysine methyltransferases|Zinc fingers C2H2-type|Zinc fingers MYND-type,,0,False,False
Norman2019_GEARS_processed_mirror,B1_global_perturbed_mean,L1,ctrl+ISL2,46.0,PRDM1+CBFA2T3,0.8203526735305786,0.281672328710556,True,ISL2,PRDM1|CBFA2T3,LIM class homeoboxes,A-kinase anchoring proteins|PR/SET domain family|Putative lysine methyltransferases|Zinc fingers C2H2-type|Zinc fingers MYND-type,,0,False,False
Norman2019_GEARS_processed_mirror,B1_global_perturbed_mean,L1,ctrl+PRTG,26.0,PRDM1+CBFA2T3,0.8203526735305786,0.6115213632583618,True,PRTG,PRDM1|CBFA2T3,Fibronectin type III domain containing|I-set domain containing,A-kinase anchoring proteins|PR/SET domain family|Putative lysine methyltransferases|Zinc fingers C2H2-type|Zinc fingers MYND-type,,0,False,False
Norman2019_GEARS_processed_mirror,B1_global_perturbed_mean,L1,ctrl+RUNX1T1,52.0,PRDM1+CBFA2T3,0.8203526735305786,0.2354421317577362,True,RUNX1T1,PRDM1|CBFA2T3,Zinc fingers MYND-type,A-kinase anchoring proteins|PR/SET domain family|Putative lysine methyltransferases|Zinc fingers C2H2-type|Zinc fingers MYND-type,Zinc fingers MYND-type,1,True,False
Norman2019_GEARS_processed_mirror,B1_global_perturbed_mean,L1,ctrl+TBX2,43.0,PRDM1+CBFA2T3,0.8203526735305786,0.4036008715629577,True,TBX2,PRDM1|CBFA2T3,T-box transcription factors,A-kinase anchoring proteins|PR/SET domain family|Putative lysine methyltransferases|Zinc fingers C2H2-type|Zinc fingers MYND-type,,0,False,False
Norman2019_GEARS_processed_mirror,B1_global_perturbed_mean,L1,ctrl+TBX3,48.0,PRDM1+CBFA2T3,0.8203526735305786,0.2711613178253174,True,TBX3,PRDM1|CBFA2T3,T-box transcription factors,A-kinase anchoring proteins|PR/SET domain family|Putative lysine methyltransferases|Zinc fingers C2H2-type|Zinc fingers MYND-type,,0,False,False
Norman2019_GEARS_processed_mirror,B2_context_matched_perturbed_mean,L1,AHR+KLF1,47.0,PRDM1+CBFA2T3,0.8203526735305786,0.2798627018928528,True,AHR|KLF1,PRDM1|CBFA2T3,Basic helix-loop-helix proteins|KLF transcription factors|PAS domain containing|Zinc fingers C2H2-type,A-kinase anchoring proteins|PR/SET domain family|Putative lysine methyltransferases|Zinc fingers C2H2-type|Zinc fingers MYND-type,Zinc fingers C2H2-type,1,True,False
Norman2019_GEARS_processed_mirror,B2_context_matched_perturbed_mean,L1,BAK1+ctrl,54.0,PRDM1+CBFA2T3,0.8203526735305786,-0.0677114576101303,True,BAK1,PRDM1|CBFA2T3,BCL2 family,A-kinase anchoring proteins|PR/SET domain family|Putative lysine methyltransferases|Zinc fingers C2H2-type|Zinc fingers MYND-type,,0,False,False
Norman2019_GEARS_processed_mirror,B2_context_matched_perturbed_mean,L1,BCL2L11+BAK1,53.0,PRDM1+CBFA2T3,0.8203526735305786,-0.0659321919083595,True,BCL2L11|BAK1,PRDM1|CBFA2T3,BCL2 family|BCL2 homology region 3 (BH3) only,A-kinase anchoring proteins|PR/SET domain family|Putative lysine methyltransferases|Zinc fingers C2H2-type|Zinc fingers MYND-type,,0,False,False
Norman2019_GEARS_processed_mirror,B2_context_matched_perturbed_mean,L1,BCL2L11+TGFBR2,50.0,PRDM1+CBFA2T3,0.8203526735305786,0.2609823942184448,True,BCL2L11|TGFBR2,PRDM1|CBFA2T3,BCL2 homology region 3 (BH3) only|Type 2 receptor serine/threonine kinases,A-kinase anchoring proteins|PR/SET domain family|Putative lysine methyltransferases|Zinc fingers C2H2-type|Zinc fingers MYND-type,,0,False,False
Norman2019_GEARS_processed_mirror,B2_context_matched_perturbed_mean,L1,BPGM+ctrl,39.0,PRDM1+CBFA2T3,0.8203526735305786,0.4815900921821594,True,BPGM,PRDM1|CBFA2T3,Bisphosphoglycerate phosphatases|Phosphoglycerate mutases,A-kinase anchoring proteins|PR/SET domain family|Putative lysine methyltransferases|Zinc fingers C2H2-type|Zinc fingers MYND-type,,0,False,False
Norman2019_GEARS_processed_mirror,B2_context_matched_perturbed_mean,L1,C19orf26+ctrl,41.0,PRDM1+CBFA2T3,0.8203526735305786,0.4654072523117065,True,C19orf26,PRDM1|CBFA2T3,,A-kinase anchoring proteins|PR/SET domain family|Putative lysine methyltransferases|Zinc fingers C2H2-type|Zinc fingers MYND-type,,0,False,False
Norman2019_GEARS_processed_mirror,B2_context_matched_perturbed_mean,L1,CBL+TGFBR2,32.0,PRDM1+CBFA2T3,0.8203526735305786,0.5601283311843872,True,CBL|TGFBR2,PRDM1|CBFA2T3,Ring finger proteins|Type 2 receptor serine/threonine kinases,A-kinase anchoring proteins|PR/SET domain family|Putative lysine methyltransferases|Zinc fingers C2H2-type|Zinc fingers MYND-type,,0,False,False
Norman2019_GEARS_processed_mirror,B2_context_matched_perturbed_mean,L1,CBL+UBASH3A,16.0,PRDM1+CBFA2T3,0.8203526735305786,0.6711779236793518,True,CBL|UBASH3A,PRDM1|CBFA2T3,Ring finger proteins,A-kinase anchoring proteins|PR/SET domain family|Putative lysine methyltransferases|Zinc fingers C2H2-type|Zinc fingers MYND-type,,0,False,False
Norman2019_GEARS_processed_mirror,B2_context_matched_perturbed_mean,L1,CBL+UBASH3B,17.0,PRDM1+CBFA2T3,0.8203526735305786,0.666843056678772,True,CBL|UBASH3B,PRDM1|CBFA2T3,Protein phosphatases|Ring finger proteins,A-kinase anchoring proteins|PR/SET domain family|Putative lysine methyltransferases|Zinc fingers C2H2-type|Zinc fingers MYND-type,,0,False,False
Norman2019_GEARS_processed_mirror,B2_context_matched_perturbed_mean,L1,CBL+ctrl,36.0,PRDM1+CBFA2T3,0.8203526735305786,0.5128276348114014,True,CBL,PRDM1|CBFA2T3,Ring finger proteins,A-kinase anchoring proteins|PR/SET domain family|Putative lysine methyltransferases|Zinc fingers C2H2-type|Zinc fingers MYND-type,,0,False,False
Norman2019_GEARS_processed_mirror,B2_context_matched_perturbed_mean,L1,CDKN1C+CDKN1B,11.0,PRDM1+CBFA2T3,0.8203526735305786,0.7154043912887573,True,CDKN1C|CDKN1B,PRDM1|CBFA2T3,Cyclin dependent kinase inhibitor 1 family,A-kinase anchoring proteins|PR/SET domain family|Putative lysine methyltransferases|Zinc fingers C2H2-type|Zinc fingers MYND-type,,0,False,False
Norman2019_GEARS_processed_mirror,B2_context_matched_perturbed_mean,L1,CEBPA+ctrl,29.0,PRDM1+CBFA2T3,0.8203526735305786,0.5707264542579651,True,CEBPA,PRDM1|CBFA2T3,CCAAT/enhancer binding proteins,A-kinase anchoring proteins|PR/SET domain family|Putative lysine methyltransferases|Zinc fingers C2H2-type|Zinc fingers MYND-type,,0,False,False
Norman2019_GEARS_processed_mirror,B2_context_matched_perturbed_mean,L1,CEBPB+CEBPA,31.0,PRDM1+CBFA2T3,0.8203526735305786,0.5602291822433472,True,CEBPB|CEBPA,PRDM1|CBFA2T3,CCAAT/enhancer binding proteins,A-kinase anchoring proteins|PR/SET domain family|Putative lysine methyltransferases|Zinc fingers C2H2-type|Zinc fingers MYND-type,,0,False,False
Norman2019_GEARS_processed_mirror,B2_context_matched_perturbed_mean,L1,CEBPE+SPI1,24.0,PRDM1+CBFA2T3,0.8203526735305786,0.6221732497215271,True,CEBPE|SPI1,PRDM1|CBFA2T3,CCAAT/enhancer binding proteins|ETS transcription factor family,A-kinase anchoring proteins|PR/SET domain family|Putative lysine methyltransferases|Zinc fingers C2H2-type|Zinc fingers MYND-type,,0,False,False
Norman2019_GEARS_processed_mirror,B2_context_matched_perturbed_mean,L1,COL2A1+ctrl,51.0,PRDM1+CBFA2T3,0.8203526735305786,0.2417816072702407,True,COL2A1,PRDM1|CBFA2T3,Fibrillar collagens,A-kinase anchoring proteins|PR/SET domain family|Putative lysine methyltransferases|Zinc fingers C2H2-type|Zinc fingers MYND-type,,0,False,False
Norman2019_GEARS_processed_mirror,B2_context_matched_perturbed_mean,L1,DUSP9+KLF1,34.0,PRDM1+CBFA2T3,0.8203526735305786,0.5554218888282776,True,DUSP9|KLF1,PRDM1|CBFA2T3,KLF transcription factors|MAP kinase phosphatases|Zinc fingers C2H2-type,A-kinase anchoring proteins|PR/SET domain family|Putative lysine methyltransferases|Zinc fingers C2H2-type|Zinc fingers MYND-type,Zinc fingers C2H2-type,1,True,False
Norman2019_GEARS_processed_mirror,B2_context_matched_perturbed_mean,L1,ELMSAN1+ctrl,56.0,PRDM1+CBFA2T3,0.8203526735305786,-0.0899112820625305,True,ELMSAN1,PRDM1|CBFA2T3,,A-kinase anchoring proteins|PR/SET domain family|Putative lysine methyltransferases|Zinc fingers C2H2-type|Zinc fingers MYND-type,,0,False,False
Norman2019_GEARS_processed_mirror,B2_context_matched_perturbed_mean,L1,ETS2+CEBPE,44.0,PRDM1+CBFA2T3,0.8203526735305786,0.3834206461906433,True,ETS2|CEBPE,PRDM1|CBFA2T3,CCAAT/enhancer binding proteins|ETS transcription factor family,A-kinase anchoring proteins|PR/SET domain family|Putative lysine methyltransferases|Zinc fingers C2H2-type|Zinc fingers MYND-type,,0,False,False
Norman2019_GEARS_processed_mirror,B2_context_matched_perturbed_mean,L1,ETS2+IKZF3,6.0,PRDM1+CBFA2T3,0.8203526735305786,0.7512530088424683,True,ETS2|IKZF3,PRDM1|CBFA2T3,ETS transcription factor family|Zinc fingers C2H2-type,A-kinase anchoring proteins|PR/SET domain family|Putative lysine methyltransferases|Zinc fingers C2H2-type|Zinc fingers MYND-type,Zinc fingers C2H2-type,1,True,False
Norman2019_GEARS_processed_mirror,B2_context_matched_perturbed_mean,L1,FOSB+IKZF3,10.0,PRDM1+CBFA2T3,0.8203526735305786,0.7169033288955688,True,FOSB|IKZF3,PRDM1|CBFA2T3,Fos transcription factor family|Zinc fingers C2H2-type,A-kinase anchoring proteins|PR/SET domain family|Putative lysine methyltransferases|Zinc fingers C2H2-type|Zinc fingers MYND-type,Zinc fingers C2H2-type,1,True,False
Norman2019_GEARS_processed_mirror,B2_context_matched_perturbed_mean,L1,FOSB+OSR2,45.0,PRDM1+CBFA2T3,0.8203526735305786,0.3586970567703247,True,FOSB|OSR2,PRDM1|CBFA2T3,Fos transcription factor family|Zinc fingers C2H2-type,A-kinase anchoring proteins|PR/SET domain family|Putative lysine methyltransferases|Zinc fingers C2H2-type|Zinc fingers MYND-type,Zinc fingers C2H2-type,1,True,False
Norman2019_GEARS_processed_mirror,B2_context_matched_perturbed_mean,L1,FOXA1+ctrl,25.0,PRDM1+CBFA2T3,0.8203526735305786,0.6202545166015625,True,FOXA1,PRDM1|CBFA2T3,Forkhead boxes,A-kinase anchoring proteins|PR/SET domain family|Putative lysine methyltransferases|Zinc fingers C2H2-type|Zinc fingers MYND-type,,0,False,False
Norman2019_GEARS_processed_mirror,B2_context_matched_perturbed_mean,L1,FOXF1+ctrl,30.0,PRDM1+CBFA2T3,0.8203526735305786,0.57037752866745,True,FOXF1,PRDM1|CBFA2T3,Forkhead boxes,A-kinase anchoring proteins|PR/SET domain family|Putative lysine methyltransferases|Zinc fingers C2H2-type|Zinc fingers MYND-type,,0,False,False
Norman2019_GEARS_processed_mirror,B2_context_matched_perturbed_mean,L1,IER5L+ctrl,7.0,PRDM1+CBFA2T3,0.8203526735305786,0.7380696535110474,True,IER5L,PRDM1|CBFA2T3,,A-kinase anchoring proteins|PR/SET domain family|Putative lysine methyltransferases|Zinc fingers C2H2-type|Zinc fingers MYND-type,,0,False,False
Norman2019_GEARS_processed_mirror,B2_context_matched_perturbed_mean,L1,IGDCC3+PRTG,12.0,PRDM1+CBFA2T3,0.8203526735305786,0.7068454623222351,True,IGDCC3|PRTG,PRDM1|CBFA2T3,Fibronectin type III domain containing|I-set domain containing,A-kinase anchoring proteins|PR/SET domain family|Putative lysine methyltransferases|Zinc fingers C2H2-type|Zinc fingers MYND-type,,0,False,False
Norman2019_GEARS_processed_mirror,B2_context_matched_perturbed_mean,L1,IKZF3+ctrl,8.0,PRDM1+CBFA2T3,0.8203526735305786,0.7218836545944214,True,IKZF3,PRDM1|CBFA2T3,Zinc fingers C2H2-type,A-kinase anchoring proteins|PR/SET domain family|Putative lysine methyltransferases|Zinc fingers C2H2-type|Zinc fingers MYND-type,Zinc fingers C2H2-type,1,True,False
Norman2019_GEARS_processed_mirror,B2_context_matched_perturbed_mean,L1,LHX1+ELMSAN1,40.0,PRDM1+CBFA2T3,0.8203526735305786,0.4704039096832275,True,LHX1|ELMSAN1,PRDM1|CBFA2T3,LIM class homeoboxes,A-kinase anchoring proteins|PR/SET domain family|Putative lysine methyltransferases|Zinc fingers C2H2-type|Zinc fingers MYND-type,,0,False,False
Norman2019_GEARS_processed_mirror,B2_context_matched_perturbed_mean,L1,LYL1+CEBPB,20.0,PRDM1+CBFA2T3,0.8203526735305786,0.6410260200500488,True,LYL1|CEBPB,PRDM1|CBFA2T3,Basic helix-loop-helix proteins|CCAAT/enhancer binding proteins,A-kinase anchoring proteins|PR/SET domain family|Putative lysine methyltransferases|Zinc fingers C2H2-type|Zinc fingers MYND-type,,0,False,False
Norman2019_GEARS_processed_mirror,B2_context_matched_perturbed_mean,L1,LYL1+IER5L,2.0,PRDM1+CBFA2T3,0.8203526735305786,0.7983845472335815,True,LYL1|IER5L,PRDM1|CBFA2T3,Basic helix-loop-helix proteins,A-kinase anchoring proteins|PR/SET domain family|Putative lysine methyltransferases|Zinc fingers C2H2-type|Zinc fingers MYND-type,,0,False,False
Norman2019_GEARS_processed_mirror,B2_context_matched_perturbed_mean,L1,MAP2K3+MAP2K6,57.0,PRDM1+CBFA2T3,0.8203526735305786,-0.3450852632522583,True,MAP2K3|MAP2K6,PRDM1|CBFA2T3,Mitogen-activated protein kinase kinases,A-kinase anchoring proteins|PR/SET domain family|Putative lysine methyltransferases|Zinc fingers C2H2-type|Zinc fingers MYND-type,,0,False,False
Norman2019_GEARS_processed_mirror,B2_context_matched_perturbed_mean,L1,MAP2K6+IKZF3,19.0,PRDM1+CBFA2T3,0.8203526735305786,0.644254207611084,True,MAP2K6|IKZF3,PRDM1|CBFA2T3,Mitogen-activated protein kinase kinases|Zinc fingers C2H2-type,A-kinase anchoring proteins|PR/SET domain family|Putative lysine methyltransferases|Zinc fingers C2H2-type|Zinc fingers MYND-type,Zinc fingers C2H2-type,1,True,False
Norman2019_GEARS_processed_mirror,B2_context_matched_perturbed_mean,L1,MAP2K6+SPI1,38.0,PRDM1+CBFA2T3,0.8203526735305786,0.5078864097595215,True,MAP2K6|SPI1,PRDM1|CBFA2T3,ETS transcription factor family|Mitogen-activated protein kinase kinases,A-kinase anchoring proteins|PR/SET domain family|Putative lysine methyltransferases|Zinc fingers C2H2-type|Zinc fingers MYND-type,,0,False,False
Norman2019_GEARS_processed_mirror,B2_context_matched_perturbed_mean,L1,MAP4K5+ctrl,35.0,PRDM1+CBFA2T3,0.8203526735305786,0.5484408140182495,True,MAP4K5,PRDM1|CBFA2T3,MAP4K family (GCK-I subfamily),A-kinase anchoring proteins|PR/SET domain family|Putative lysine methyltransferases|Zinc fingers C2H2-type|Zinc fingers MYND-type,,0,False,False
Norman2019_GEARS_processed_mirror,B2_context_matched_perturbed_mean,L1,MAPK1+PRTG,37.0,PRDM1+CBFA2T3,0.8203526735305786,0.509082019329071,True,MAPK1|PRTG,PRDM1|CBFA2T3,Fibronectin type III domain containing|I-set domain containing|Mitogen-activated protein kinase 3 and 1 (ERK1/2) family,A-kinase anchoring proteins|PR/SET domain family|Putative lysine methyltransferases|Zinc fingers C2H2-type|Zinc fingers MYND-type,,0,False,False
Norman2019_GEARS_processed_mirror,B2_context_matched_perturbed_mean,L1,MAPK1+TGFBR2,49.0,PRDM1+CBFA2T3,0.8203526735305786,0.2678501009941101,True,MAPK1|TGFBR2,PRDM1|CBFA2T3,Mitogen-activated protein kinase 3 and 1 (ERK1/2) family|Type 2 receptor serine/threonine kinases,A-kinase anchoring proteins|PR/SET domain family|Putative lysine methyltransferases|Zinc fingers C2H2-type|Zinc fingers MYND-type,,0,False,False
Norman2019_GEARS_processed_mirror,B2_context_matched_perturbed_mean,L1,MIDN+ctrl,13.0,PRDM1+CBFA2T3,0.8203526735305786,0.698552668094635,True,MIDN,PRDM1|CBFA2T3,,A-kinase anchoring proteins|PR/SET domain family|Putative lysine methyltransferases|Zinc fingers C2H2-type|Zinc fingers MYND-type,,0,False,False
Norman2019_GEARS_processed_mirror,B2_context_matched_perturbed_mean,L1,POU3F2+CBFA2T3,4.0,PRDM1+CBFA2T3,0.8203526735305786,0.7679414749145508,True,POU3F2|CBFA2T3,PRDM1|CBFA2T3,A-kinase anchoring proteins|POU class homeoboxes and pseudogenes|Zinc fingers MYND-type,A-kinase anchoring proteins|PR/SET domain family|Putative lysine methyltransferases|Zinc fingers C2H2-type|Zinc fingers MYND-type,A-kinase anchoring proteins|Zinc fingers MYND-type,2,True,False
Norman2019_GEARS_processed_mirror,B2_context_matched_perturbed_mean,L1,PRDM1+CBFA2T3,1.0,PRDM1+CBFA2T3,0.8203526735305786,0.8203526735305786,False,PRDM1|CBFA2T3,PRDM1|CBFA2T3,A-kinase anchoring proteins|PR/SET domain family|Putative lysine methyltransferases|Zinc fingers C2H2-type|Zinc fingers MYND-type,A-kinase anchoring proteins|PR/SET domain family|Putative lysine methyltransferases|Zinc fingers C2H2-type|Zinc fingers MYND-type,A-kinase anchoring proteins|PR/SET domain family|Putative lysine methyltransferases|Zinc fingers C2H2-type|Zinc fingers MYND-type,5,True,True
Norman2019_GEARS_processed_mirror,B2_context_matched_perturbed_mean,L1,PRDM1+ctrl,15.0,PRDM1+CBFA2T3,0.8203526735305786,0.6832705736160278,True,PRDM1,PRDM1|CBFA2T3,PR/SET domain family|Putative lysine methyltransferases|Zinc fingers C2H2-type,A-kinase anchoring proteins|PR/SET domain family|Putative lysine methyltransferases|Zinc fingers C2H2-type|Zinc fingers MYND-type,PR/SET domain family|Putative lysine methyltransferases|Zinc fingers C2H2-type,3,True,False
Norman2019_GEARS_processed_mirror,B2_context_matched_perturbed_mean,L1,PRTG+ctrl,18.0,PRDM1+CBFA2T3,0.8203526735305786,0.6508596539497375,True,PRTG,PRDM1|CBFA2T3,Fibronectin type III domain containing|I-set domain containing,A-kinase anchoring proteins|PR/SET domain family|Putative lysine methyltransferases|Zinc fingers C2H2-type|Zinc fingers MYND-type,,0,False,False
Norman2019_GEARS_processed_mirror,B2_context_matched_perturbed_mean,L1,PTPN12+SNAI1,23.0,PRDM1+CBFA2T3,0.8203526735305786,0.6283888816833496,True,PTPN12|SNAI1,PRDM1|CBFA2T3,Protein tyrosine phosphatases non-receptor type|SNAG transcriptional repressors|Zinc fingers C2H2-type,A-kinase anchoring proteins|PR/SET domain family|Putative lysine methyltransferases|Zinc fingers C2H2-type|Zinc fingers MYND-type,Zinc fingers C2H2-type,1,True,False
Norman2019_GEARS_processed_mirror,B2_context_matched_perturbed_mean,L1,S1PR2+ctrl,33.0,PRDM1+CBFA2T3,0.8203526735305786,0.5559326410293579,True,S1PR2,PRDM1|CBFA2T3,Sphingosine 1-phosphate receptors,A-kinase anchoring proteins|PR/SET domain family|Putative lysine methyltransferases|Zinc fingers C2H2-type|Zinc fingers MYND-type,,0,False,False
Norman2019_GEARS_processed_mirror,B2_context_matched_perturbed_mean,L1,SGK1+ctrl,9.0,PRDM1+CBFA2T3,0.8203526735305786,0.7183866500854492,True,SGK1,PRDM1|CBFA2T3,Serum/glucocorticoid regulated kinase family,A-kinase anchoring proteins|PR/SET domain family|Putative lysine methyltransferases|Zinc fingers C2H2-type|Zinc fingers MYND-type,,0,False,False
Norman2019_GEARS_processed_mirror,B2_context_matched_perturbed_mean,L1,SNAI1+DLX2,28.0,PRDM1+CBFA2T3,0.8203526735305786,0.5922352075576782,True,SNAI1|DLX2,PRDM1|CBFA2T3,Distal-less homeobox family|SNAG transcriptional repressors|Zinc fingers C2H2-type,A-kinase anchoring proteins|PR/SET domain family|Putative lysine methyltransferases|Zinc fingers C2H2-type|Zinc fingers MYND-type,Zinc fingers C2H2-type,1,True,False
Norman2019_GEARS_processed_mirror,B2_context_matched_perturbed_mean,L1,SPI1+ctrl,5.0,PRDM1+CBFA2T3,0.8203526735305786,0.7621529698371887,True,SPI1,PRDM1|CBFA2T3,ETS transcription factor family,A-kinase anchoring proteins|PR/SET domain family|Putative lysine methyltransferases|Zinc fingers C2H2-type|Zinc fingers MYND-type,,0,False,False
Norman2019_GEARS_processed_mirror,B2_context_matched_perturbed_mean,L1,STIL+ctrl,21.0,PRDM1+CBFA2T3,0.8203526735305786,0.6325273513793945,True,STIL,PRDM1|CBFA2T3,,A-kinase anchoring proteins|PR/SET domain family|Putative lysine methyltransferases|Zinc fingers C2H2-type|Zinc fingers MYND-type,,0,False,False
Norman2019_GEARS_processed_mirror,B2_context_matched_perturbed_mean,L1,TBX3+TBX2,42.0,PRDM1+CBFA2T3,0.8203526735305786,0.4076519608497619,True,TBX3|TBX2,PRDM1|CBFA2T3,T-box transcription factors,A-kinase anchoring proteins|PR/SET domain family|Putative lysine methyltransferases|Zinc fingers C2H2-type|Zinc fingers MYND-type,,0,False,False
Norman2019_GEARS_processed_mirror,B2_context_matched_perturbed_mean,L1,TP73+ctrl,3.0,PRDM1+CBFA2T3,0.8203526735305786,0.7877432107925415,True,TP73,PRDM1|CBFA2T3,,A-kinase anchoring proteins|PR/SET domain family|Putative lysine methyltransferases|Zinc fingers C2H2-type|Zinc fingers MYND-type,,0,False,False
Norman2019_GEARS_processed_mirror,B2_context_matched_perturbed_mean,L1,UBASH3B+PTPN12,27.0,PRDM1+CBFA2T3,0.8203526735305786,0.6056088209152222,True,UBASH3B|PTPN12,PRDM1|CBFA2T3,Protein phosphatases|Protein tyrosine phosphatases non-receptor type,A-kinase anchoring proteins|PR/SET domain family|Putative lysine methyltransferases|Zinc fingers C2H2-type|Zinc fingers MYND-type,,0,False,False
Norman2019_GEARS_processed_mirror,B2_context_matched_perturbed_mean,L1,UBASH3B+PTPN9,14.0,PRDM1+CBFA2T3,0.8203526735305786,0.683344304561615,True,UBASH3B|PTPN9,PRDM1|CBFA2T3,CRAL-TRIO lipid binding domain containing|Protein phosphatases|Protein tyrosine phosphatases non-receptor type,A-kinase anchoring proteins|PR/SET domain family|Putative lysine methyltransferases|Zinc fingers C2H2-type|Zinc fingers MYND-type,,0,False,False
Norman2019_GEARS_processed_mirror,B2_context_matched_perturbed_mean,L1,ctrl+ELMSAN1,55.0,PRDM1+CBFA2T3,0.8203526735305786,-0.0753770023584365,True,ELMSAN1,PRDM1|CBFA2T3,,A-kinase anchoring proteins|PR/SET domain family|Putative lysine methyltransferases|Zinc fingers C2H2-type|Zinc fingers MYND-type,,0,False,False
Norman2019_GEARS_processed_mirror,B2_context_matched_perturbed_mean,L1,ctrl+FOXL2,22.0,PRDM1+CBFA2T3,0.8203526735305786,0.6297204494476318,True,FOXL2,PRDM1|CBFA2T3,Forkhead boxes,A-kinase anchoring proteins|PR/SET domain family|Putative lysine methyltransferases|Zinc fingers C2H2-type|Zinc fingers MYND-type,,0,False,False
Norman2019_GEARS_processed_mirror,B2_context_matched_perturbed_mean,L1,ctrl+ISL2,46.0,PRDM1+CBFA2T3,0.8203526735305786,0.281672328710556,True,ISL2,PRDM1|CBFA2T3,LIM class homeoboxes,A-kinase anchoring proteins|PR/SET domain family|Putative lysine methyltransferases|Zinc fingers C2H2-type|Zinc fingers MYND-type,,0,False,False
Norman2019_GEARS_processed_mirror,B2_context_matched_perturbed_mean,L1,ctrl+PRTG,26.0,PRDM1+CBFA2T3,0.8203526735305786,0.6115213632583618,True,PRTG,PRDM1|CBFA2T3,Fibronectin type III domain containing|I-set domain containing,A-kinase anchoring proteins|PR/SET domain family|Putative lysine methyltransferases|Zinc fingers C2H2-type|Zinc fingers MYND-type,,0,False,False
Norman2019_GEARS_processed_mirror,B2_context_matched_perturbed_mean,L1,ctrl+RUNX1T1,52.0,PRDM1+CBFA2T3,0.8203526735305786,0.2354421317577362,True,RUNX1T1,PRDM1|CBFA2T3,Zinc fingers MYND-type,A-kinase anchoring proteins|PR/SET domain family|Putative lysine methyltransferases|Zinc fingers C2H2-type|Zinc fingers MYND-type,Zinc fingers MYND-type,1,True,False
Norman2019_GEARS_processed_mirror,B2_context_matched_perturbed_mean,L1,ctrl+TBX2,43.0,PRDM1+CBFA2T3,0.8203526735305786,0.4036008715629577,True,TBX2,PRDM1|CBFA2T3,T-box transcription factors,A-kinase anchoring proteins|PR/SET domain family|Putative lysine methyltransferases|Zinc fingers C2H2-type|Zinc fingers MYND-type,,0,False,False
Norman2019_GEARS_processed_mirror,B2_context_matched_perturbed_mean,L1,ctrl+TBX3,48.0,PRDM1+CBFA2T3,0.8203526735305786,0.2711613178253174,True,TBX3,PRDM1|CBFA2T3,T-box transcription factors,A-kinase anchoring proteins|PR/SET domain family|Putative lysine methyltransferases|Zinc fingers C2H2-type|Zinc fingers MYND-type,,0,False,False
Norman2019_GEARS_processed_mirror,B3_additive_seen_component,L1,AHR+KLF1,1.0,AHR+KLF1,0.9072771072387696,0.9072771072387696,False,AHR|KLF1,AHR|KLF1,Basic helix-loop-helix proteins|KLF transcription factors|PAS domain containing|Zinc fingers C2H2-type,Basic helix-loop-helix proteins|KLF transcription factors|PAS domain containing|Zinc fingers C2H2-type,Basic helix-loop-helix proteins|KLF transcription factors|PAS domain containing|Zinc fingers C2H2-type,4,True,True
Norman2019_GEARS_processed_mirror,B3_additive_seen_component,L1,BAK1+ctrl,1.0,BAK1+ctrl,0.7755186557769775,0.7755186557769775,False,BAK1,BAK1,BCL2 family,BCL2 family,BCL2 family,1,True,True
Norman2019_GEARS_processed_mirror,B3_additive_seen_component,L1,BCL2L11+BAK1,3.0,BAK1+ctrl,0.6484781503677368,0.4893544316291809,True,BCL2L11|BAK1,BAK1,BCL2 family|BCL2 homology region 3 (BH3) only,BCL2 family,BCL2 family,1,True,False
Norman2019_GEARS_processed_mirror,B3_additive_seen_component,L1,BCL2L11+TGFBR2,1.0,BCL2L11+TGFBR2,0.7835096716880798,0.7835096716880798,False,BCL2L11|TGFBR2,BCL2L11|TGFBR2,BCL2 homology region 3 (BH3) only|Type 2 receptor serine/threonine kinases,BCL2 homology region 3 (BH3) only|Type 2 receptor serine/threonine kinases,BCL2 homology region 3 (BH3) only|Type 2 receptor serine/threonine kinases,2,True,True
Norman2019_GEARS_processed_mirror,B3_additive_seen_component,L1,BPGM+ctrl,39.0,PRDM1+CBFA2T3,0.8203526735305786,0.4815900921821594,True,BPGM,PRDM1|CBFA2T3,Bisphosphoglycerate phosphatases|Phosphoglycerate mutases,A-kinase anchoring proteins|PR/SET domain family|Putative lysine methyltransferases|Zinc fingers C2H2-type|Zinc fingers MYND-type,,0,False,False
Norman2019_GEARS_processed_mirror,B3_additive_seen_component,L1,C19orf26+ctrl,1.0,C19orf26+ctrl,0.892096757888794,0.892096757888794,False,C19orf26,C19orf26,,,,0,False,True
Norman2019_GEARS_processed_mirror,B3_additive_seen_component,L1,CBL+TGFBR2,2.0,BCL2L11+TGFBR2,0.6780651211738586,0.5917359590530396,True,CBL|TGFBR2,BCL2L11|TGFBR2,Ring finger proteins|Type 2 receptor serine/threonine kinases,BCL2 homology region 3 (BH3) only|Type 2 receptor serine/threonine kinases,Type 2 receptor serine/threonine kinases,1,True,False
Norman2019_GEARS_processed_mirror,B3_additive_seen_component,L1,CBL+UBASH3A,13.0,CDKN1C+CDKN1B,0.6324633359909058,0.495131105184555,True,CBL|UBASH3A,CDKN1C|CDKN1B,Ring finger proteins,Cyclin dependent kinase inhibitor 1 family,,0,False,False
Norman2019_GEARS_processed_mirror,B3_additive_seen_component,L1,CBL+UBASH3B,3.0,UBASH3B+PTPN9,0.9041696190834044,0.8819698691368103,True,CBL|UBASH3B,UBASH3B|PTPN9,Protein phosphatases|Ring finger proteins,CRAL-TRIO lipid binding domain containing|Protein phosphatases|Protein tyrosine phosphatases non-receptor type,Protein phosphatases,1,True,False
Norman2019_GEARS_processed_mirror,B3_additive_seen_component,L1,CBL+ctrl,36.0,PRDM1+CBFA2T3,0.8203526735305786,0.5128276348114014,True,CBL,PRDM1|CBFA2T3,Ring finger proteins,A-kinase anchoring proteins|PR/SET domain family|Putative lysine methyltransferases|Zinc fingers C2H2-type|Zinc fingers MYND-type,,0,False,False
Norman2019_GEARS_processed_mirror,B3_additive_seen_component,L1,CDKN1C+CDKN1B,1.0,CDKN1C+CDKN1B,0.9404028058052064,0.9404028058052064,False,CDKN1C|CDKN1B,CDKN1C|CDKN1B,Cyclin dependent kinase inhibitor 1 family,Cyclin dependent kinase inhibitor 1 family,Cyclin dependent kinase inhibitor 1 family,1,True,True
Norman2019_GEARS_processed_mirror,B3_additive_seen_component,L1,CEBPA+ctrl,1.0,CEBPA+ctrl,0.9922826886177064,0.9922826886177064,False,CEBPA,CEBPA,CCAAT/enhancer binding proteins,CCAAT/enhancer binding proteins,CCAAT/enhancer binding proteins,1,True,True
Norman2019_GEARS_processed_mirror,B3_additive_seen_component,L1,CEBPB+CEBPA,2.0,CEBPA+ctrl,0.9754399061203004,0.961233377456665,True,CEBPB|CEBPA,CEBPA,CCAAT/enhancer binding proteins,CCAAT/enhancer binding proteins,CCAAT/enhancer binding proteins,1,True,False
Norman2019_GEARS_processed_mirror,B3_additive_seen_component,L1,CEBPE+SPI1,1.0,CEBPE+SPI1,0.9458473324775696,0.9458473324775696,False,CEBPE|SPI1,CEBPE|SPI1,CCAAT/enhancer binding proteins|ETS transcription factor family,CCAAT/enhancer binding proteins|ETS transcription factor family,CCAAT/enhancer binding proteins|ETS transcription factor family,2,True,True
Norman2019_GEARS_processed_mirror,B3_additive_seen_component,L1,COL2A1+ctrl,1.0,COL2A1+ctrl,0.9643863439559937,0.9643863439559937,False,COL2A1,COL2A1,Fibrillar collagens,Fibrillar collagens,Fibrillar collagens,1,True,True
Norman2019_GEARS_processed_mirror,B3_additive_seen_component,L1,DUSP9+KLF1,2.0,AHR+KLF1,0.8930109143257141,0.6712750196456909,True,DUSP9|KLF1,AHR|KLF1,KLF transcription factors|MAP kinase phosphatases|Zinc fingers C2H2-type,Basic helix-loop-helix proteins|KLF transcription factors|PAS domain containing|Zinc fingers C2H2-type,KLF transcription factors|Zinc fingers C2H2-type,2,True,False
Norman2019_GEARS_processed_mirror,B3_additive_seen_component,L1,ELMSAN1+ctrl,56.0,PRDM1+CBFA2T3,0.8203526735305786,-0.0899112820625305,True,ELMSAN1,PRDM1|CBFA2T3,,A-kinase anchoring proteins|PR/SET domain family|Putative lysine methyltransferases|Zinc fingers C2H2-type|Zinc fingers MYND-type,,0,False,False
Norman2019_GEARS_processed_mirror,B3_additive_seen_component,L1,ETS2+CEBPE,1.0,ETS2+CEBPE,0.9648578763008118,0.9648578763008118,False,ETS2|CEBPE,ETS2|CEBPE,CCAAT/enhancer binding proteins|ETS transcription factor family,CCAAT/enhancer binding proteins|ETS transcription factor family,CCAAT/enhancer binding proteins|ETS transcription factor family,2,True,True
Norman2019_GEARS_processed_mirror,B3_additive_seen_component,L1,ETS2+IKZF3,1.0,ETS2+IKZF3,0.9456427693367004,0.9456427693367004,False,ETS2|IKZF3,ETS2|IKZF3,ETS transcription factor family|Zinc fingers C2H2-type,ETS transcription factor family|Zinc fingers C2H2-type,ETS transcription factor family|Zinc fingers C2H2-type,2,True,True
Norman2019_GEARS_processed_mirror,B3_additive_seen_component,L1,FOSB+IKZF3,4.0,IKZF3+ctrl,0.9853705763816832,0.8973460793495178,True,FOSB|IKZF3,IKZF3,Fos transcription factor family|Zinc fingers C2H2-type,Zinc fingers C2H2-type,Zinc fingers C2H2-type,1,True,False
Norman2019_GEARS_processed_mirror,B3_additive_seen_component,L1,FOSB+OSR2,1.0,FOSB+OSR2,0.8399298787117004,0.8399298787117004,False,FOSB|OSR2,FOSB|OSR2,Fos transcription factor family|Zinc fingers C2H2-type,Fos transcription factor family|Zinc fingers C2H2-type,Fos transcription factor family|Zinc fingers C2H2-type,2,True,True
Norman2019_GEARS_processed_mirror,B3_additive_seen_component,L1,FOXA1+ctrl,1.0,FOXA1+ctrl,0.9083954095840454,0.9083954095840454,False,FOXA1,FOXA1,Forkhead boxes,Forkhead boxes,Forkhead boxes,1,True,True
Norman2019_GEARS_processed_mirror,B3_additive_seen_component,L1,FOXF1+ctrl,1.0,FOXF1+ctrl,0.8326599597930908,0.8326599597930908,False,FOXF1,FOXF1,Forkhead boxes,Forkhead boxes,Forkhead boxes,1,True,True
Norman2019_GEARS_processed_mirror,B3_additive_seen_component,L1,IER5L+ctrl,2.0,LYL1+IER5L,0.864996612071991,0.8549458384513855,True,IER5L,LYL1|IER5L,,Basic helix-loop-helix proteins,,0,False,False
Norman2019_GEARS_processed_mirror,B3_additive_seen_component,L1,IGDCC3+PRTG,1.0,IGDCC3+PRTG,0.9076522588729858,0.9076522588729858,False,IGDCC3|PRTG,IGDCC3|PRTG,Fibronectin type III domain containing|I-set domain containing,Fibronectin type III domain containing|I-set domain containing,Fibronectin type III domain containing|I-set domain containing,2,True,True
Norman2019_GEARS_processed_mirror,B3_additive_seen_component,L1,IKZF3+ctrl,1.0,IKZF3+ctrl,0.9853705763816832,0.9853705763816832,False,IKZF3,IKZF3,Zinc fingers C2H2-type,Zinc fingers C2H2-type,Zinc fingers C2H2-type,1,True,True
Norman2019_GEARS_processed_mirror,B3_additive_seen_component,L1,LHX1+ELMSAN1,1.0,LHX1+ELMSAN1,0.8149676322937012,0.8149676322937012,False,LHX1|ELMSAN1,LHX1|ELMSAN1,LIM class homeoboxes,LIM class homeoboxes,LIM class homeoboxes,1,True,True
Norman2019_GEARS_processed_mirror,B3_additive_seen_component,L1,LYL1+CEBPB,1.0,LYL1+CEBPB,0.8499258756637573,0.8499258756637573,False,LYL1|CEBPB,LYL1|CEBPB,Basic helix-loop-helix proteins|CCAAT/enhancer binding proteins,Basic helix-loop-helix proteins|CCAAT/enhancer binding proteins,Basic helix-loop-helix proteins|CCAAT/enhancer binding proteins,2,True,True
Norman2019_GEARS_processed_mirror,B3_additive_seen_component,L1,LYL1+IER5L,1.0,LYL1+IER5L,0.9269107580184937,0.9269107580184937,False,LYL1|IER5L,LYL1|IER5L,Basic helix-loop-helix proteins,Basic helix-loop-helix proteins,Basic helix-loop-helix proteins,1,True,True
Norman2019_GEARS_processed_mirror,B3_additive_seen_component,L1,MAP2K3+MAP2K6,1.0,MAP2K3+MAP2K6,0.9261884689331056,0.9261884689331056,False,MAP2K3|MAP2K6,MAP2K3|MAP2K6,Mitogen-activated protein kinase kinases,Mitogen-activated protein kinase kinases,Mitogen-activated protein kinase kinases,1,True,True
Norman2019_GEARS_processed_mirror,B3_additive_seen_component,L1,MAP2K6+IKZF3,2.0,IKZF3+ctrl,0.96310955286026,0.9571239352226256,True,MAP2K6|IKZF3,IKZF3,Mitogen-activated protein kinase kinases|Zinc fingers C2H2-type,Zinc fingers C2H2-type,Zinc fingers C2H2-type,1,True,False
Norman2019_GEARS_processed_mirror,B3_additive_seen_component,L1,MAP2K6+SPI1,2.0,SPI1+ctrl,0.9234017133712769,0.8626028895378113,True,MAP2K6|SPI1,SPI1,ETS transcription factor family|Mitogen-activated protein kinase kinases,ETS transcription factor family,ETS transcription factor family,1,True,False
Norman2019_GEARS_processed_mirror,B3_additive_seen_component,L1,MAP4K5+ctrl,35.0,PRDM1+CBFA2T3,0.8203526735305786,0.5484408140182495,True,MAP4K5,PRDM1|CBFA2T3,MAP4K family (GCK-I subfamily),A-kinase anchoring proteins|PR/SET domain family|Putative lysine methyltransferases|Zinc fingers C2H2-type|Zinc fingers MYND-type,,0,False,False
Norman2019_GEARS_processed_mirror,B3_additive_seen_component,L1,MAPK1+PRTG,7.0,MAPK1+TGFBR2,0.9478291869163512,0.4564045071601867,True,MAPK1|PRTG,MAPK1|TGFBR2,Fibronectin type III domain containing|I-set domain containing|Mitogen-activated protein kinase 3 and 1 (ERK1/2) family,Mitogen-activated protein kinase 3 and 1 (ERK1/2) family|Type 2 receptor serine/threonine kinases,Mitogen-activated protein kinase 3 and 1 (ERK1/2) family,1,True,False
Norman2019_GEARS_processed_mirror,B3_additive_seen_component,L1,MAPK1+TGFBR2,1.0,MAPK1+TGFBR2,0.9244557619094848,0.9244557619094848,False,MAPK1|TGFBR2,MAPK1|TGFBR2,Mitogen-activated protein kinase 3 and 1 (ERK1/2) family|Type 2 receptor serine/threonine kinases,Mitogen-activated protein kinase 3 and 1 (ERK1/2) family|Type 2 receptor serine/threonine kinases,Mitogen-activated protein kinase 3 and 1 (ERK1/2) family|Type 2 receptor serine/threonine kinases,2,True,True
Norman2019_GEARS_processed_mirror,B3_additive_seen_component,L1,MIDN+ctrl,13.0,PRDM1+CBFA2T3,0.8203526735305786,0.698552668094635,True,MIDN,PRDM1|CBFA2T3,,A-kinase anchoring proteins|PR/SET domain family|Putative lysine methyltransferases|Zinc fingers C2H2-type|Zinc fingers MYND-type,,0,False,False
Norman2019_GEARS_processed_mirror,B3_additive_seen_component,L1,POU3F2+CBFA2T3,1.0,POU3F2+CBFA2T3,0.865279495716095,0.865279495716095,False,POU3F2|CBFA2T3,POU3F2|CBFA2T3,A-kinase anchoring proteins|POU class homeoboxes and pseudogenes|Zinc fingers MYND-type,A-kinase anchoring proteins|POU class homeoboxes and pseudogenes|Zinc fingers MYND-type,A-kinase anchoring proteins|POU class homeoboxes and pseudogenes|Zinc fingers MYND-type,3,True,True
Norman2019_GEARS_processed_mirror,B3_additive_seen_component,L1,PRDM1+CBFA2T3,23.0,ctrl+RUNX1T1,0.6575621366500854,0.1796892881393432,True,PRDM1|CBFA2T3,RUNX1T1,A-kinase anchoring proteins|PR/SET domain family|Putative lysine methyltransferases|Zinc fingers C2H2-type|Zinc fingers MYND-type,Zinc fingers MYND-type,Zinc fingers MYND-type,1,True,False
Norman2019_GEARS_processed_mirror,B3_additive_seen_component,L1,PRDM1+ctrl,15.0,PRDM1+CBFA2T3,0.8203526735305786,0.6832705736160278,True,PRDM1,PRDM1|CBFA2T3,PR/SET domain family|Putative lysine methyltransferases|Zinc fingers C2H2-type,A-kinase anchoring proteins|PR/SET domain family|Putative lysine methyltransferases|Zinc fingers C2H2-type|Zinc fingers MYND-type,PR/SET domain family|Putative lysine methyltransferases|Zinc fingers C2H2-type,3,True,False
Norman2019_GEARS_processed_mirror,B3_additive_seen_component,L1,PRTG+ctrl,18.0,PRDM1+CBFA2T3,0.8203526735305786,0.6508596539497375,True,PRTG,PRDM1|CBFA2T3,Fibronectin type III domain containing|I-set domain containing,A-kinase anchoring proteins|PR/SET domain family|Putative lysine methyltransferases|Zinc fingers C2H2-type|Zinc fingers MYND-type,,0,False,False
Norman2019_GEARS_processed_mirror,B3_additive_seen_component,L1,PTPN12+SNAI1,1.0,PTPN12+SNAI1,0.847475528717041,0.847475528717041,False,PTPN12|SNAI1,PTPN12|SNAI1,Protein tyrosine phosphatases non-receptor type|SNAG transcriptional repressors|Zinc fingers C2H2-type,Protein tyrosine phosphatases non-receptor type|SNAG transcriptional repressors|Zinc fingers C2H2-type,Protein tyrosine phosphatases non-receptor type|SNAG transcriptional repressors|Zinc fingers C2H2-type,3,True,True
Norman2019_GEARS_processed_mirror,B3_additive_seen_component,L1,S1PR2+ctrl,33.0,PRDM1+CBFA2T3,0.8203526735305786,0.5559326410293579,True,S1PR2,PRDM1|CBFA2T3,Sphingosine 1-phosphate receptors,A-kinase anchoring proteins|PR/SET domain family|Putative lysine methyltransferases|Zinc fingers C2H2-type|Zinc fingers MYND-type,,0,False,False
Norman2019_GEARS_processed_mirror,B3_additive_seen_component,L1,SGK1+ctrl,9.0,PRDM1+CBFA2T3,0.8203526735305786,0.7183866500854492,True,SGK1,PRDM1|CBFA2T3,Serum/glucocorticoid regulated kinase family,A-kinase anchoring proteins|PR/SET domain family|Putative lysine methyltransferases|Zinc fingers C2H2-type|Zinc fingers MYND-type,,0,False,False
Norman2019_GEARS_processed_mirror,B3_additive_seen_component,L1,SNAI1+DLX2,1.0,SNAI1+DLX2,0.8727768659591675,0.8727768659591675,False,SNAI1|DLX2,SNAI1|DLX2,Distal-less homeobox family|SNAG transcriptional repressors|Zinc fingers C2H2-type,Distal-less homeobox family|SNAG transcriptional repressors|Zinc fingers C2H2-type,Distal-less homeobox family|SNAG transcriptional repressors|Zinc fingers C2H2-type,3,True,True
Norman2019_GEARS_processed_mirror,B3_additive_seen_component,L1,SPI1+ctrl,1.0,SPI1+ctrl,0.9728485941886902,0.9728485941886902,False,SPI1,SPI1,ETS transcription factor family,ETS transcription factor family,ETS transcription factor family,1,True,True
Norman2019_GEARS_processed_mirror,B3_additive_seen_component,L1,STIL+ctrl,1.0,STIL+ctrl,0.692785382270813,0.692785382270813,False,STIL,STIL,,,,0,False,True
Norman2019_GEARS_processed_mirror,B3_additive_seen_component,L1,TBX3+TBX2,1.0,TBX3+TBX2,0.97361958026886,0.97361958026886,False,TBX3|TBX2,TBX3|TBX2,T-box transcription factors,T-box transcription factors,T-box transcription factors,1,True,True
Norman2019_GEARS_processed_mirror,B3_additive_seen_component,L1,TP73+ctrl,3.0,PRDM1+CBFA2T3,0.8203526735305786,0.7877432107925415,True,TP73,PRDM1|CBFA2T3,,A-kinase anchoring proteins|PR/SET domain family|Putative lysine methyltransferases|Zinc fingers C2H2-type|Zinc fingers MYND-type,,0,False,False
Norman2019_GEARS_processed_mirror,B3_additive_seen_component,L1,UBASH3B+PTPN12,1.0,UBASH3B+PTPN12,0.9363194704055786,0.9363194704055786,False,UBASH3B|PTPN12,UBASH3B|PTPN12,Protein phosphatases|Protein tyrosine phosphatases non-receptor type,Protein phosphatases|Protein tyrosine phosphatases non-receptor type,Protein phosphatases|Protein tyrosine phosphatases non-receptor type,2,True,True
Norman2019_GEARS_processed_mirror,B3_additive_seen_component,L1,UBASH3B+PTPN9,1.0,UBASH3B+PTPN9,0.9307864904403688,0.9307864904403688,False,UBASH3B|PTPN9,UBASH3B|PTPN9,CRAL-TRIO lipid binding domain containing|Protein phosphatases|Protein tyrosine phosphatases non-receptor type,CRAL-TRIO lipid binding domain containing|Protein phosphatases|Protein tyrosine phosphatases non-receptor type,CRAL-TRIO lipid binding domain containing|Protein phosphatases|Protein tyrosine phosphatases non-receptor type,3,True,True
Norman2019_GEARS_processed_mirror,B3_additive_seen_component,L1,ctrl+ELMSAN1,55.0,PRDM1+CBFA2T3,0.8203526735305786,-0.0753770023584365,True,ELMSAN1,PRDM1|CBFA2T3,,A-kinase anchoring proteins|PR/SET domain family|Putative lysine methyltransferases|Zinc fingers C2H2-type|Zinc fingers MYND-type,,0,False,False
Norman2019_GEARS_processed_mirror,B3_additive_seen_component,L1,ctrl+FOXL2,1.0,ctrl+FOXL2,0.9298030734062196,0.9298030734062196,False,FOXL2,FOXL2,Forkhead boxes,Forkhead boxes,Forkhead boxes,1,True,True
Norman2019_GEARS_processed_mirror,B3_additive_seen_component,L1,ctrl+ISL2,1.0,ctrl+ISL2,0.719932496547699,0.719932496547699,False,ISL2,ISL2,LIM class homeoboxes,LIM class homeoboxes,LIM class homeoboxes,1,True,True
Norman2019_GEARS_processed_mirror,B3_additive_seen_component,L1,ctrl+PRTG,26.0,PRDM1+CBFA2T3,0.8203526735305786,0.6115213632583618,True,PRTG,PRDM1|CBFA2T3,Fibronectin type III domain containing|I-set domain containing,A-kinase anchoring proteins|PR/SET domain family|Putative lysine methyltransferases|Zinc fingers C2H2-type|Zinc fingers MYND-type,,0,False,False
Norman2019_GEARS_processed_mirror,B3_additive_seen_component,L1,ctrl+RUNX1T1,1.0,ctrl+RUNX1T1,0.6836044192314148,0.6836044192314148,False,RUNX1T1,RUNX1T1,Zinc fingers MYND-type,Zinc fingers MYND-type,Zinc fingers MYND-type,1,True,True
Norman2019_GEARS_processed_mirror,B3_additive_seen_component,L1,ctrl+TBX2,1.0,ctrl+TBX2,0.9611204862594604,0.9611204862594604,False,TBX2,TBX2,T-box transcription factors,T-box transcription factors,T-box transcription factors,1,True,True
Norman2019_GEARS_processed_mirror,B3_additive_seen_component,L1,ctrl+TBX3,1.0,ctrl+TBX3,0.9727250337600708,0.9727250337600708,False,TBX3,TBX3,T-box transcription factors,T-box transcription factors,T-box transcription factors,1,True,True
Norman2019_GEARS_processed_mirror,B4_pca_ridge,L1,AHR+KLF1,1.0,AHR+KLF1,0.821577494385682,0.821577494385682,False,AHR|KLF1,AHR|KLF1,Basic helix-loop-helix proteins|KLF transcription factors|PAS domain containing|Zinc fingers C2H2-type,Basic helix-loop-helix proteins|KLF transcription factors|PAS domain containing|Zinc fingers C2H2-type,Basic helix-loop-helix proteins|KLF transcription factors|PAS domain containing|Zinc fingers C2H2-type,4,True,True
Norman2019_GEARS_processed_mirror,B4_pca_ridge,L1,BAK1+ctrl,56.0,PRDM1+CBFA2T3,0.8290905457016156,-0.0384451067906089,True,BAK1,PRDM1|CBFA2T3,BCL2 family,A-kinase anchoring proteins|PR/SET domain family|Putative lysine methyltransferases|Zinc fingers C2H2-type|Zinc fingers MYND-type,,0,False,False
Norman2019_GEARS_processed_mirror,B4_pca_ridge,L1,BCL2L11+BAK1,55.0,PRDM1+CBFA2T3,0.8280954606035948,-0.0298297643157569,True,BCL2L11|BAK1,PRDM1|CBFA2T3,BCL2 family|BCL2 homology region 3 (BH3) only,A-kinase anchoring proteins|PR/SET domain family|Putative lysine methyltransferases|Zinc fingers C2H2-type|Zinc fingers MYND-type,,0,False,False
Norman2019_GEARS_processed_mirror,B4_pca_ridge,L1,BCL2L11+TGFBR2,22.0,PRTG+ctrl,0.9205879377731302,0.6781043850410449,True,BCL2L11|TGFBR2,PRTG,BCL2 homology region 3 (BH3) only|Type 2 receptor serine/threonine kinases,Fibronectin type III domain containing|I-set domain containing,,0,False,False
Norman2019_GEARS_processed_mirror,B4_pca_ridge,L1,BPGM+ctrl,30.0,PRDM1+CBFA2T3,0.8500555674209788,0.6241943517042181,True,BPGM,PRDM1|CBFA2T3,Bisphosphoglycerate phosphatases|Phosphoglycerate mutases,A-kinase anchoring proteins|PR/SET domain family|Putative lysine methyltransferases|Zinc fingers C2H2-type|Zinc fingers MYND-type,,0,False,False
Norman2019_GEARS_processed_mirror,B4_pca_ridge,L1,C19orf26+ctrl,34.0,PRDM1+CBFA2T3,0.836784230247648,0.5716426237900948,True,C19orf26,PRDM1|CBFA2T3,,A-kinase anchoring proteins|PR/SET domain family|Putative lysine methyltransferases|Zinc fingers C2H2-type|Zinc fingers MYND-type,,0,False,False
Norman2019_GEARS_processed_mirror,B4_pca_ridge,L1,CBL+TGFBR2,4.0,PRTG+ctrl,0.9236382916435254,0.8787831168467303,True,CBL|TGFBR2,PRTG,Ring finger proteins|Type 2 receptor serine/threonine kinases,Fibronectin type III domain containing|I-set domain containing,,0,False,False
Norman2019_GEARS_processed_mirror,B4_pca_ridge,L1,CBL+UBASH3A,4.0,CBL+UBASH3B,0.917542585117214,0.8666265439412503,True,CBL|UBASH3A,CBL|UBASH3B,Ring finger proteins,Protein phosphatases|Ring finger proteins,Ring finger proteins,1,True,False
Norman2019_GEARS_processed_mirror,B4_pca_ridge,L1,CBL+UBASH3B,2.0,UBASH3B+PTPN9,0.8887142938089446,0.8804324543206493,True,CBL|UBASH3B,UBASH3B|PTPN9,Protein phosphatases|Ring finger proteins,CRAL-TRIO lipid binding domain containing|Protein phosphatases|Protein tyrosine phosphatases non-receptor type,Protein phosphatases,1,True,False
Norman2019_GEARS_processed_mirror,B4_pca_ridge,L1,CBL+ctrl,21.0,PRDM1+CBFA2T3,0.8464539898731436,0.6863853133939452,True,CBL,PRDM1|CBFA2T3,Ring finger proteins,A-kinase anchoring proteins|PR/SET domain family|Putative lysine methyltransferases|Zinc fingers C2H2-type|Zinc fingers MYND-type,,0,False,False
Norman2019_GEARS_processed_mirror,B4_pca_ridge,L1,CDKN1C+CDKN1B,1.0,CDKN1C+CDKN1B,0.9094567610397816,0.9094567610397816,False,CDKN1C|CDKN1B,CDKN1C|CDKN1B,Cyclin dependent kinase inhibitor 1 family,Cyclin dependent kinase inhibitor 1 family,Cyclin dependent kinase inhibitor 1 family,1,True,True
Norman2019_GEARS_processed_mirror,B4_pca_ridge,L1,CEBPA+ctrl,1.0,CEBPA+ctrl,0.9388033889050398,0.9388033889050398,False,CEBPA,CEBPA,CCAAT/enhancer binding proteins,CCAAT/enhancer binding proteins,CCAAT/enhancer binding proteins,1,True,True
Norman2019_GEARS_processed_mirror,B4_pca_ridge,L1,CEBPB+CEBPA,2.0,CEBPA+ctrl,0.913670871146535,0.9097681020413512,True,CEBPB|CEBPA,CEBPA,CCAAT/enhancer binding proteins,CCAAT/enhancer binding proteins,CCAAT/enhancer binding proteins,1,True,False
Norman2019_GEARS_processed_mirror,B4_pca_ridge,L1,CEBPE+SPI1,1.0,CEBPE+SPI1,0.9376098930559243,0.9376098930559243,False,CEBPE|SPI1,CEBPE|SPI1,CCAAT/enhancer binding proteins|ETS transcription factor family,CCAAT/enhancer binding proteins|ETS transcription factor family,CCAAT/enhancer binding proteins|ETS transcription factor family,2,True,True
Norman2019_GEARS_processed_mirror,B4_pca_ridge,L1,COL2A1+ctrl,51.0,PRDM1+CBFA2T3,0.8406102481409108,0.2107135305345691,True,COL2A1,PRDM1|CBFA2T3,Fibrillar collagens,A-kinase anchoring proteins|PR/SET domain family|Putative lysine methyltransferases|Zinc fingers C2H2-type|Zinc fingers MYND-type,,0,False,False
Norman2019_GEARS_processed_mirror,B4_pca_ridge,L1,DUSP9+KLF1,1.0,DUSP9+KLF1,0.7586710778765196,0.7586710778765196,False,DUSP9|KLF1,DUSP9|KLF1,KLF transcription factors|MAP kinase phosphatases|Zinc fingers C2H2-type,KLF transcription factors|MAP kinase phosphatases|Zinc fingers C2H2-type,KLF transcription factors|MAP kinase phosphatases|Zinc fingers C2H2-type,3,True,True
Norman2019_GEARS_processed_mirror,B4_pca_ridge,L1,ELMSAN1+ctrl,44.0,MAP2K6+IKZF3,0.8035056528648465,0.2763237814852093,True,ELMSAN1,MAP2K6|IKZF3,,Mitogen-activated protein kinase kinases|Zinc fingers C2H2-type,,0,False,False
Norman2019_GEARS_processed_mirror,B4_pca_ridge,L1,ETS2+CEBPE,1.0,ETS2+CEBPE,0.955656444001958,0.955656444001958,False,ETS2|CEBPE,ETS2|CEBPE,CCAAT/enhancer binding proteins|ETS transcription factor family,CCAAT/enhancer binding proteins|ETS transcription factor family,CCAAT/enhancer binding proteins|ETS transcription factor family,2,True,True
Norman2019_GEARS_processed_mirror,B4_pca_ridge,L1,ETS2+IKZF3,10.0,MAPK1+TGFBR2,0.8705204319165563,0.3161627926646385,True,ETS2|IKZF3,MAPK1|TGFBR2,ETS transcription factor family|Zinc fingers C2H2-type,Mitogen-activated protein kinase 3 and 1 (ERK1/2) family|Type 2 receptor serine/threonine kinases,,0,False,False
Norman2019_GEARS_processed_mirror,B4_pca_ridge,L1,FOSB+IKZF3,2.0,ETS2+IKZF3,0.7786428055804093,0.7510649360763444,True,FOSB|IKZF3,ETS2|IKZF3,Fos transcription factor family|Zinc fingers C2H2-type,ETS transcription factor family|Zinc fingers C2H2-type,Zinc fingers C2H2-type,1,True,False
Norman2019_GEARS_processed_mirror,B4_pca_ridge,L1,FOSB+OSR2,1.0,FOSB+OSR2,0.8246745557954581,0.8246745557954581,False,FOSB|OSR2,FOSB|OSR2,Fos transcription factor family|Zinc fingers C2H2-type,Fos transcription factor family|Zinc fingers C2H2-type,Fos transcription factor family|Zinc fingers C2H2-type,2,True,True
Norman2019_GEARS_processed_mirror,B4_pca_ridge,L1,FOXA1+ctrl,1.0,FOXA1+ctrl,0.8446291677198964,0.8446291677198964,False,FOXA1,FOXA1,Forkhead boxes,Forkhead boxes,Forkhead boxes,1,True,True
Norman2019_GEARS_processed_mirror,B4_pca_ridge,L1,FOXF1+ctrl,6.0,POU3F2+CBFA2T3,0.8123868035685162,0.7687003106409862,True,FOXF1,POU3F2|CBFA2T3,Forkhead boxes,A-kinase anchoring proteins|POU class homeoboxes and pseudogenes|Zinc fingers MYND-type,,0,False,False
Norman2019_GEARS_processed_mirror,B4_pca_ridge,L1,IER5L+ctrl,5.0,PRDM1+CBFA2T3,0.8406102481409106,0.775405280821582,True,IER5L,PRDM1|CBFA2T3,,A-kinase anchoring proteins|PR/SET domain family|Putative lysine methyltransferases|Zinc fingers C2H2-type|Zinc fingers MYND-type,,0,False,False
Norman2019_GEARS_processed_mirror,B4_pca_ridge,L1,IGDCC3+PRTG,1.0,IGDCC3+PRTG,0.9207272406474444,0.9207272406474444,False,IGDCC3|PRTG,IGDCC3|PRTG,Fibronectin type III domain containing|I-set domain containing,Fibronectin type III domain containing|I-set domain containing,Fibronectin type III domain containing|I-set domain containing,2,True,True
Norman2019_GEARS_processed_mirror,B4_pca_ridge,L1,IKZF3+ctrl,3.0,ETS2+IKZF3,0.8129870868041271,0.7450239418918856,True,IKZF3,ETS2|IKZF3,Zinc fingers C2H2-type,ETS transcription factor family|Zinc fingers C2H2-type,Zinc fingers C2H2-type,1,True,False
Norman2019_GEARS_processed_mirror,B4_pca_ridge,L1,LHX1+ELMSAN1,34.0,MAP2K6+IKZF3,0.8022162867131066,0.451163759685633,True,LHX1|ELMSAN1,MAP2K6|IKZF3,LIM class homeoboxes,Mitogen-activated protein kinase kinases|Zinc fingers C2H2-type,,0,False,False
Norman2019_GEARS_processed_mirror,B4_pca_ridge,L1,LYL1+CEBPB,6.0,CEBPE+SPI1,0.8625748938328373,0.7585750012060943,True,LYL1|CEBPB,CEBPE|SPI1,Basic helix-loop-helix proteins|CCAAT/enhancer binding proteins,CCAAT/enhancer binding proteins|ETS transcription factor family,CCAAT/enhancer binding proteins,1,True,False
Norman2019_GEARS_processed_mirror,B4_pca_ridge,L1,LYL1+IER5L,2.0,PRDM1+CBFA2T3,0.8393189908663883,0.8192819997483789,True,LYL1|IER5L,PRDM1|CBFA2T3,Basic helix-loop-helix proteins,A-kinase anchoring proteins|PR/SET domain family|Putative lysine methyltransferases|Zinc fingers C2H2-type|Zinc fingers MYND-type,,0,False,False
Norman2019_GEARS_processed_mirror,B4_pca_ridge,L1,MAP2K3+MAP2K6,3.0,ELMSAN1+ctrl,0.6604962377496445,0.6238629698908249,True,MAP2K3|MAP2K6,ELMSAN1,Mitogen-activated protein kinase kinases,,,0,False,False
Norman2019_GEARS_processed_mirror,B4_pca_ridge,L1,MAP2K6+IKZF3,1.0,MAP2K6+IKZF3,0.787056548228507,0.787056548228507,False,MAP2K6|IKZF3,MAP2K6|IKZF3,Mitogen-activated protein kinase kinases|Zinc fingers C2H2-type,Mitogen-activated protein kinase kinases|Zinc fingers C2H2-type,Mitogen-activated protein kinase kinases|Zinc fingers C2H2-type,2,True,True
Norman2019_GEARS_processed_mirror,B4_pca_ridge,L1,MAP2K6+SPI1,41.0,IKZF3+ctrl,0.8379270873516111,0.4074015283504772,True,MAP2K6|SPI1,IKZF3,ETS transcription factor family|Mitogen-activated protein kinase kinases,Zinc fingers C2H2-type,,0,False,False
Norman2019_GEARS_processed_mirror,B4_pca_ridge,L1,MAP4K5+ctrl,28.0,PRDM1+CBFA2T3,0.8416207137260119,0.604872842922366,True,MAP4K5,PRDM1|CBFA2T3,MAP4K family (GCK-I subfamily),A-kinase anchoring proteins|PR/SET domain family|Putative lysine methyltransferases|Zinc fingers C2H2-type|Zinc fingers MYND-type,,0,False,False
Norman2019_GEARS_processed_mirror,B4_pca_ridge,L1,MAPK1+PRTG,3.0,MAPK1+TGFBR2,0.8421393503945205,0.6596063328214492,True,MAPK1|PRTG,MAPK1|TGFBR2,Fibronectin type III domain containing|I-set domain containing|Mitogen-activated protein kinase 3 and 1 (ERK1/2) family,Mitogen-activated protein kinase 3 and 1 (ERK1/2) family|Type 2 receptor serine/threonine kinases,Mitogen-activated protein kinase 3 and 1 (ERK1/2) family,1,True,False
Norman2019_GEARS_processed_mirror,B4_pca_ridge,L1,MAPK1+TGFBR2,1.0,MAPK1+TGFBR2,0.7719046684846678,0.7719046684846678,False,MAPK1|TGFBR2,MAPK1|TGFBR2,Mitogen-activated protein kinase 3 and 1 (ERK1/2) family|Type 2 receptor serine/threonine kinases,Mitogen-activated protein kinase 3 and 1 (ERK1/2) family|Type 2 receptor serine/threonine kinases,Mitogen-activated protein kinase 3 and 1 (ERK1/2) family|Type 2 receptor serine/threonine kinases,2,True,True
Norman2019_GEARS_processed_mirror,B4_pca_ridge,L1,MIDN+ctrl,15.0,PRDM1+CBFA2T3,0.8416207137260119,0.7079290188816428,True,MIDN,PRDM1|CBFA2T3,,A-kinase anchoring proteins|PR/SET domain family|Putative lysine methyltransferases|Zinc fingers C2H2-type|Zinc fingers MYND-type,,0,False,False
Norman2019_GEARS_processed_mirror,B4_pca_ridge,L1,POU3F2+CBFA2T3,2.0,PRDM1+CBFA2T3,0.8465407242460039,0.8284922849255757,True,POU3F2|CBFA2T3,PRDM1|CBFA2T3,A-kinase anchoring proteins|POU class homeoboxes and pseudogenes|Zinc fingers MYND-type,A-kinase anchoring proteins|PR/SET domain family|Putative lysine methyltransferases|Zinc fingers C2H2-type|Zinc fingers MYND-type,A-kinase anchoring proteins|Zinc fingers MYND-type,2,True,False
Norman2019_GEARS_processed_mirror,B4_pca_ridge,L1,PRDM1+CBFA2T3,1.0,PRDM1+CBFA2T3,0.846913349524065,0.846913349524065,False,PRDM1|CBFA2T3,PRDM1|CBFA2T3,A-kinase anchoring proteins|PR/SET domain family|Putative lysine methyltransferases|Zinc fingers C2H2-type|Zinc fingers MYND-type,A-kinase anchoring proteins|PR/SET domain family|Putative lysine methyltransferases|Zinc fingers C2H2-type|Zinc fingers MYND-type,A-kinase anchoring proteins|PR/SET domain family|Putative lysine methyltransferases|Zinc fingers C2H2-type|Zinc fingers MYND-type,5,True,True
Norman2019_GEARS_processed_mirror,B4_pca_ridge,L1,PRDM1+ctrl,17.0,PRDM1+CBFA2T3,0.8416207137260119,0.6933033237716242,True,PRDM1,PRDM1|CBFA2T3,PR/SET domain family|Putative lysine methyltransferases|Zinc fingers C2H2-type,A-kinase anchoring proteins|PR/SET domain family|Putative lysine methyltransferases|Zinc fingers C2H2-type|Zinc fingers MYND-type,PR/SET domain family|Putative lysine methyltransferases|Zinc fingers C2H2-type,3,True,False
Norman2019_GEARS_processed_mirror,B4_pca_ridge,L1,PRTG+ctrl,12.0,LYL1+IER5L,0.8258765669823827,0.6894365142866052,True,PRTG,LYL1|IER5L,Fibronectin type III domain containing|I-set domain containing,Basic helix-loop-helix proteins,,0,False,False
Norman2019_GEARS_processed_mirror,B4_pca_ridge,L1,PTPN12+SNAI1,5.0,UBASH3B+PTPN12,0.7722290953924364,0.7421314574053539,True,PTPN12|SNAI1,UBASH3B|PTPN12,Protein tyrosine phosphatases non-receptor type|SNAG transcriptional repressors|Zinc fingers C2H2-type,Protein phosphatases|Protein tyrosine phosphatases non-receptor type,Protein tyrosine phosphatases non-receptor type,1,True,False
Norman2019_GEARS_processed_mirror,B4_pca_ridge,L1,S1PR2+ctrl,31.0,PRDM1+CBFA2T3,0.8359074263839821,0.5770268058835685,True,S1PR2,PRDM1|CBFA2T3,Sphingosine 1-phosphate receptors,A-kinase anchoring proteins|PR/SET domain family|Putative lysine methyltransferases|Zinc fingers C2H2-type|Zinc fingers MYND-type,,0,False,False
Norman2019_GEARS_processed_mirror,B4_pca_ridge,L1,SGK1+ctrl,4.0,PRDM1+CBFA2T3,0.8089076979186165,0.7871634215278526,True,SGK1,PRDM1|CBFA2T3,Serum/glucocorticoid regulated kinase family,A-kinase anchoring proteins|PR/SET domain family|Putative lysine methyltransferases|Zinc fingers C2H2-type|Zinc fingers MYND-type,,0,False,False
Norman2019_GEARS_processed_mirror,B4_pca_ridge,L1,SNAI1+DLX2,2.0,PTPN12+SNAI1,0.7560667152838236,0.7382248788566481,True,SNAI1|DLX2,PTPN12|SNAI1,Distal-less homeobox family|SNAG transcriptional repressors|Zinc fingers C2H2-type,Protein tyrosine phosphatases non-receptor type|SNAG transcriptional repressors|Zinc fingers C2H2-type,SNAG transcriptional repressors|Zinc fingers C2H2-type,2,True,False
Norman2019_GEARS_processed_mirror,B4_pca_ridge,L1,SPI1+ctrl,8.0,PRDM1+CBFA2T3,0.8406102481409106,0.7429190474166818,True,SPI1,PRDM1|CBFA2T3,ETS transcription factor family,A-kinase anchoring proteins|PR/SET domain family|Putative lysine methyltransferases|Zinc fingers C2H2-type|Zinc fingers MYND-type,,0,False,False
Norman2019_GEARS_processed_mirror,B4_pca_ridge,L1,STIL+ctrl,18.0,PRDM1+CBFA2T3,0.8362021980604027,0.6736514620861106,True,STIL,PRDM1|CBFA2T3,,A-kinase anchoring proteins|PR/SET domain family|Putative lysine methyltransferases|Zinc fingers C2H2-type|Zinc fingers MYND-type,,0,False,False
Norman2019_GEARS_processed_mirror,B4_pca_ridge,L1,TBX3+TBX2,34.0,PRDM1+CBFA2T3,0.8090830269652356,0.5318369831321192,True,TBX3|TBX2,PRDM1|CBFA2T3,T-box transcription factors,A-kinase anchoring proteins|PR/SET domain family|Putative lysine methyltransferases|Zinc fingers C2H2-type|Zinc fingers MYND-type,,0,False,False
Norman2019_GEARS_processed_mirror,B4_pca_ridge,L1,TP73+ctrl,3.0,PRDM1+CBFA2T3,0.8416207137260119,0.8097422995491608,True,TP73,PRDM1|CBFA2T3,,A-kinase anchoring proteins|PR/SET domain family|Putative lysine methyltransferases|Zinc fingers C2H2-type|Zinc fingers MYND-type,,0,False,False
Norman2019_GEARS_processed_mirror,B4_pca_ridge,L1,UBASH3B+PTPN12,1.0,UBASH3B+PTPN12,0.9407713868385086,0.9407713868385086,False,UBASH3B|PTPN12,UBASH3B|PTPN12,Protein phosphatases|Protein tyrosine phosphatases non-receptor type,Protein phosphatases|Protein tyrosine phosphatases non-receptor type,Protein phosphatases|Protein tyrosine phosphatases non-receptor type,2,True,True
Norman2019_GEARS_processed_mirror,B4_pca_ridge,L1,UBASH3B+PTPN9,1.0,UBASH3B+PTPN9,0.896019151571237,0.896019151571237,False,UBASH3B|PTPN9,UBASH3B|PTPN9,CRAL-TRIO lipid binding domain containing|Protein phosphatases|Protein tyrosine phosphatases non-receptor type,CRAL-TRIO lipid binding domain containing|Protein phosphatases|Protein tyrosine phosphatases non-receptor type,CRAL-TRIO lipid binding domain containing|Protein phosphatases|Protein tyrosine phosphatases non-receptor type,3,True,True
Norman2019_GEARS_processed_mirror,B4_pca_ridge,L1,ctrl+ELMSAN1,43.0,MAP2K6+IKZF3,0.8035056528648465,0.2912989990176297,True,ELMSAN1,MAP2K6|IKZF3,,Mitogen-activated protein kinase kinases|Zinc fingers C2H2-type,,0,False,False
Norman2019_GEARS_processed_mirror,B4_pca_ridge,L1,ctrl+FOXL2,1.0,ctrl+FOXL2,0.8887839920413549,0.8887839920413549,False,FOXL2,FOXL2,Forkhead boxes,Forkhead boxes,Forkhead boxes,1,True,True
Norman2019_GEARS_processed_mirror,B4_pca_ridge,L1,ctrl+ISL2,44.0,PRDM1+CBFA2T3,0.8528300618689151,0.3175618280315631,True,ISL2,PRDM1|CBFA2T3,LIM class homeoboxes,A-kinase anchoring proteins|PR/SET domain family|Putative lysine methyltransferases|Zinc fingers C2H2-type|Zinc fingers MYND-type,,0,False,False
Norman2019_GEARS_processed_mirror,B4_pca_ridge,L1,ctrl+PRTG,23.0,LYL1+IER5L,0.8258765669823827,0.6411628271431689,True,PRTG,LYL1|IER5L,Fibronectin type III domain containing|I-set domain containing,Basic helix-loop-helix proteins,,0,False,False
Norman2019_GEARS_processed_mirror,B4_pca_ridge,L1,ctrl+RUNX1T1,48.0,PRDM1+CBFA2T3,0.8035780021532808,0.2828363782528678,True,RUNX1T1,PRDM1|CBFA2T3,Zinc fingers MYND-type,A-kinase anchoring proteins|PR/SET domain family|Putative lysine methyltransferases|Zinc fingers C2H2-type|Zinc fingers MYND-type,Zinc fingers MYND-type,1,True,False
Norman2019_GEARS_processed_mirror,B4_pca_ridge,L1,ctrl+TBX2,40.0,PRDM1+CBFA2T3,0.8304103053601871,0.4729181424628326,True,TBX2,PRDM1|CBFA2T3,T-box transcription factors,A-kinase anchoring proteins|PR/SET domain family|Putative lysine methyltransferases|Zinc fingers C2H2-type|Zinc fingers MYND-type,,0,False,False
Norman2019_GEARS_processed_mirror,B4_pca_ridge,L1,ctrl+TBX3,44.0,PRDM1+CBFA2T3,0.8304103053601872,0.3472158117216007,True,TBX3,PRDM1|CBFA2T3,T-box transcription factors,A-kinase anchoring proteins|PR/SET domain family|Putative lysine methyltransferases|Zinc fingers C2H2-type|Zinc fingers MYND-type,,0,False,False
Norman2019_GEARS_processed_mirror,B5_mean_effect,L1,AHR+KLF1,47.0,PRDM1+CBFA2T3,0.8203526735305786,0.2798627018928528,True,AHR|KLF1,PRDM1|CBFA2T3,Basic helix-loop-helix proteins|KLF transcription factors|PAS domain containing|Zinc fingers C2H2-type,A-kinase anchoring proteins|PR/SET domain family|Putative lysine methyltransferases|Zinc fingers C2H2-type|Zinc fingers MYND-type,Zinc fingers C2H2-type,1,True,False
Norman2019_GEARS_processed_mirror,B5_mean_effect,L1,BAK1+ctrl,54.0,PRDM1+CBFA2T3,0.8203526735305786,-0.0677114576101303,True,BAK1,PRDM1|CBFA2T3,BCL2 family,A-kinase anchoring proteins|PR/SET domain family|Putative lysine methyltransferases|Zinc fingers C2H2-type|Zinc fingers MYND-type,,0,False,False
Norman2019_GEARS_processed_mirror,B5_mean_effect,L1,BCL2L11+BAK1,53.0,PRDM1+CBFA2T3,0.8203526735305786,-0.0659321919083595,True,BCL2L11|BAK1,PRDM1|CBFA2T3,BCL2 family|BCL2 homology region 3 (BH3) only,A-kinase anchoring proteins|PR/SET domain family|Putative lysine methyltransferases|Zinc fingers C2H2-type|Zinc fingers MYND-type,,0,False,False
Norman2019_GEARS_processed_mirror,B5_mean_effect,L1,BCL2L11+TGFBR2,50.0,PRDM1+CBFA2T3,0.8203526735305786,0.2609823942184448,True,BCL2L11|TGFBR2,PRDM1|CBFA2T3,BCL2 homology region 3 (BH3) only|Type 2 receptor serine/threonine kinases,A-kinase anchoring proteins|PR/SET domain family|Putative lysine methyltransferases|Zinc fingers C2H2-type|Zinc fingers MYND-type,,0,False,False
Norman2019_GEARS_processed_mirror,B5_mean_effect,L1,BPGM+ctrl,39.0,PRDM1+CBFA2T3,0.8203526735305786,0.4815900921821594,True,BPGM,PRDM1|CBFA2T3,Bisphosphoglycerate phosphatases|Phosphoglycerate mutases,A-kinase anchoring proteins|PR/SET domain family|Putative lysine methyltransferases|Zinc fingers C2H2-type|Zinc fingers MYND-type,,0,False,False
Norman2019_GEARS_processed_mirror,B5_mean_effect,L1,C19orf26+ctrl,41.0,PRDM1+CBFA2T3,0.8203526735305786,0.4654072523117065,True,C19orf26,PRDM1|CBFA2T3,,A-kinase anchoring proteins|PR/SET domain family|Putative lysine methyltransferases|Zinc fingers C2H2-type|Zinc fingers MYND-type,,0,False,False
Norman2019_GEARS_processed_mirror,B5_mean_effect,L1,CBL+TGFBR2,32.0,PRDM1+CBFA2T3,0.8203526735305786,0.5601283311843872,True,CBL|TGFBR2,PRDM1|CBFA2T3,Ring finger proteins|Type 2 receptor serine/threonine kinases,A-kinase anchoring proteins|PR/SET domain family|Putative lysine methyltransferases|Zinc fingers C2H2-type|Zinc fingers MYND-type,,0,False,False
Norman2019_GEARS_processed_mirror,B5_mean_effect,L1,CBL+UBASH3A,16.0,PRDM1+CBFA2T3,0.8203526735305786,0.6711779236793518,True,CBL|UBASH3A,PRDM1|CBFA2T3,Ring finger proteins,A-kinase anchoring proteins|PR/SET domain family|Putative lysine methyltransferases|Zinc fingers C2H2-type|Zinc fingers MYND-type,,0,False,False
Norman2019_GEARS_processed_mirror,B5_mean_effect,L1,CBL+UBASH3B,17.0,PRDM1+CBFA2T3,0.8203526735305786,0.666843056678772,True,CBL|UBASH3B,PRDM1|CBFA2T3,Protein phosphatases|Ring finger proteins,A-kinase anchoring proteins|PR/SET domain family|Putative lysine methyltransferases|Zinc fingers C2H2-type|Zinc fingers MYND-type,,0,False,False
Norman2019_GEARS_processed_mirror,B5_mean_effect,L1,CBL+ctrl,36.0,PRDM1+CBFA2T3,0.8203526735305786,0.5128276348114014,True,CBL,PRDM1|CBFA2T3,Ring finger proteins,A-kinase anchoring proteins|PR/SET domain family|Putative lysine methyltransferases|Zinc fingers C2H2-type|Zinc fingers MYND-type,,0,False,False
Norman2019_GEARS_processed_mirror,B5_mean_effect,L1,CDKN1C+CDKN1B,11.0,PRDM1+CBFA2T3,0.8203526735305786,0.7154043912887573,True,CDKN1C|CDKN1B,PRDM1|CBFA2T3,Cyclin dependent kinase inhibitor 1 family,A-kinase anchoring proteins|PR/SET domain family|Putative lysine methyltransferases|Zinc fingers C2H2-type|Zinc fingers MYND-type,,0,False,False
Norman2019_GEARS_processed_mirror,B5_mean_effect,L1,CEBPA+ctrl,29.0,PRDM1+CBFA2T3,0.8203526735305786,0.5707264542579651,True,CEBPA,PRDM1|CBFA2T3,CCAAT/enhancer binding proteins,A-kinase anchoring proteins|PR/SET domain family|Putative lysine methyltransferases|Zinc fingers C2H2-type|Zinc fingers MYND-type,,0,False,False
Norman2019_GEARS_processed_mirror,B5_mean_effect,L1,CEBPB+CEBPA,31.0,PRDM1+CBFA2T3,0.8203526735305786,0.5602291822433472,True,CEBPB|CEBPA,PRDM1|CBFA2T3,CCAAT/enhancer binding proteins,A-kinase anchoring proteins|PR/SET domain family|Putative lysine methyltransferases|Zinc fingers C2H2-type|Zinc fingers MYND-type,,0,False,False
Norman2019_GEARS_processed_mirror,B5_mean_effect,L1,CEBPE+SPI1,24.0,PRDM1+CBFA2T3,0.8203526735305786,0.6221732497215271,True,CEBPE|SPI1,PRDM1|CBFA2T3,CCAAT/enhancer binding proteins|ETS transcription factor family,A-kinase anchoring proteins|PR/SET domain family|Putative lysine methyltransferases|Zinc fingers C2H2-type|Zinc fingers MYND-type,,0,False,False
Norman2019_GEARS_processed_mirror,B5_mean_effect,L1,COL2A1+ctrl,51.0,PRDM1+CBFA2T3,0.8203526735305786,0.2417816072702407,True,COL2A1,PRDM1|CBFA2T3,Fibrillar collagens,A-kinase anchoring proteins|PR/SET domain family|Putative lysine methyltransferases|Zinc fingers C2H2-type|Zinc fingers MYND-type,,0,False,False
Norman2019_GEARS_processed_mirror,B5_mean_effect,L1,DUSP9+KLF1,34.0,PRDM1+CBFA2T3,0.8203526735305786,0.5554218888282776,True,DUSP9|KLF1,PRDM1|CBFA2T3,KLF transcription factors|MAP kinase phosphatases|Zinc fingers C2H2-type,A-kinase anchoring proteins|PR/SET domain family|Putative lysine methyltransferases|Zinc fingers C2H2-type|Zinc fingers MYND-type,Zinc fingers C2H2-type,1,True,False
Norman2019_GEARS_processed_mirror,B5_mean_effect,L1,ELMSAN1+ctrl,56.0,PRDM1+CBFA2T3,0.8203526735305786,-0.0899112820625305,True,ELMSAN1,PRDM1|CBFA2T3,,A-kinase anchoring proteins|PR/SET domain family|Putative lysine methyltransferases|Zinc fingers C2H2-type|Zinc fingers MYND-type,,0,False,False
Norman2019_GEARS_processed_mirror,B5_mean_effect,L1,ETS2+CEBPE,44.0,PRDM1+CBFA2T3,0.8203526735305786,0.3834206461906433,True,ETS2|CEBPE,PRDM1|CBFA2T3,CCAAT/enhancer binding proteins|ETS transcription factor family,A-kinase anchoring proteins|PR/SET domain family|Putative lysine methyltransferases|Zinc fingers C2H2-type|Zinc fingers MYND-type,,0,False,False
Norman2019_GEARS_processed_mirror,B5_mean_effect,L1,ETS2+IKZF3,6.0,PRDM1+CBFA2T3,0.8203526735305786,0.7512530088424683,True,ETS2|IKZF3,PRDM1|CBFA2T3,ETS transcription factor family|Zinc fingers C2H2-type,A-kinase anchoring proteins|PR/SET domain family|Putative lysine methyltransferases|Zinc fingers C2H2-type|Zinc fingers MYND-type,Zinc fingers C2H2-type,1,True,False
Norman2019_GEARS_processed_mirror,B5_mean_effect,L1,FOSB+IKZF3,10.0,PRDM1+CBFA2T3,0.8203526735305786,0.7169033288955688,True,FOSB|IKZF3,PRDM1|CBFA2T3,Fos transcription factor family|Zinc fingers C2H2-type,A-kinase anchoring proteins|PR/SET domain family|Putative lysine methyltransferases|Zinc fingers C2H2-type|Zinc fingers MYND-type,Zinc fingers C2H2-type,1,True,False
Norman2019_GEARS_processed_mirror,B5_mean_effect,L1,FOSB+OSR2,45.0,PRDM1+CBFA2T3,0.8203526735305786,0.3586970567703247,True,FOSB|OSR2,PRDM1|CBFA2T3,Fos transcription factor family|Zinc fingers C2H2-type,A-kinase anchoring proteins|PR/SET domain family|Putative lysine methyltransferases|Zinc fingers C2H2-type|Zinc fingers MYND-type,Zinc fingers C2H2-type,1,True,False
Norman2019_GEARS_processed_mirror,B5_mean_effect,L1,FOXA1+ctrl,25.0,PRDM1+CBFA2T3,0.8203526735305786,0.6202545166015625,True,FOXA1,PRDM1|CBFA2T3,Forkhead boxes,A-kinase anchoring proteins|PR/SET domain family|Putative lysine methyltransferases|Zinc fingers C2H2-type|Zinc fingers MYND-type,,0,False,False
Norman2019_GEARS_processed_mirror,B5_mean_effect,L1,FOXF1+ctrl,30.0,PRDM1+CBFA2T3,0.8203526735305786,0.57037752866745,True,FOXF1,PRDM1|CBFA2T3,Forkhead boxes,A-kinase anchoring proteins|PR/SET domain family|Putative lysine methyltransferases|Zinc fingers C2H2-type|Zinc fingers MYND-type,,0,False,False
Norman2019_GEARS_processed_mirror,B5_mean_effect,L1,IER5L+ctrl,7.0,PRDM1+CBFA2T3,0.8203526735305786,0.7380696535110474,True,IER5L,PRDM1|CBFA2T3,,A-kinase anchoring proteins|PR/SET domain family|Putative lysine methyltransferases|Zinc fingers C2H2-type|Zinc fingers MYND-type,,0,False,False
Norman2019_GEARS_processed_mirror,B5_mean_effect,L1,IGDCC3+PRTG,12.0,PRDM1+CBFA2T3,0.8203526735305786,0.7068454623222351,True,IGDCC3|PRTG,PRDM1|CBFA2T3,Fibronectin type III domain containing|I-set domain containing,A-kinase anchoring proteins|PR/SET domain family|Putative lysine methyltransferases|Zinc fingers C2H2-type|Zinc fingers MYND-type,,0,False,False
Norman2019_GEARS_processed_mirror,B5_mean_effect,L1,IKZF3+ctrl,8.0,PRDM1+CBFA2T3,0.8203526735305786,0.7218836545944214,True,IKZF3,PRDM1|CBFA2T3,Zinc fingers C2H2-type,A-kinase anchoring proteins|PR/SET domain family|Putative lysine methyltransferases|Zinc fingers C2H2-type|Zinc fingers MYND-type,Zinc fingers C2H2-type,1,True,False
Norman2019_GEARS_processed_mirror,B5_mean_effect,L1,LHX1+ELMSAN1,40.0,PRDM1+CBFA2T3,0.8203526735305786,0.4704039096832275,True,LHX1|ELMSAN1,PRDM1|CBFA2T3,LIM class homeoboxes,A-kinase anchoring proteins|PR/SET domain family|Putative lysine methyltransferases|Zinc fingers C2H2-type|Zinc fingers MYND-type,,0,False,False
Norman2019_GEARS_processed_mirror,B5_mean_effect,L1,LYL1+CEBPB,20.0,PRDM1+CBFA2T3,0.8203526735305786,0.6410260200500488,True,LYL1|CEBPB,PRDM1|CBFA2T3,Basic helix-loop-helix proteins|CCAAT/enhancer binding proteins,A-kinase anchoring proteins|PR/SET domain family|Putative lysine methyltransferases|Zinc fingers C2H2-type|Zinc fingers MYND-type,,0,False,False
Norman2019_GEARS_processed_mirror,B5_mean_effect,L1,LYL1+IER5L,2.0,PRDM1+CBFA2T3,0.8203526735305786,0.7983845472335815,True,LYL1|IER5L,PRDM1|CBFA2T3,Basic helix-loop-helix proteins,A-kinase anchoring proteins|PR/SET domain family|Putative lysine methyltransferases|Zinc fingers C2H2-type|Zinc fingers MYND-type,,0,False,False
Norman2019_GEARS_processed_mirror,B5_mean_effect,L1,MAP2K3+MAP2K6,57.0,PRDM1+CBFA2T3,0.8203526735305786,-0.3450852632522583,True,MAP2K3|MAP2K6,PRDM1|CBFA2T3,Mitogen-activated protein kinase kinases,A-kinase anchoring proteins|PR/SET domain family|Putative lysine methyltransferases|Zinc fingers C2H2-type|Zinc fingers MYND-type,,0,False,False
Norman2019_GEARS_processed_mirror,B5_mean_effect,L1,MAP2K6+IKZF3,19.0,PRDM1+CBFA2T3,0.8203526735305786,0.644254207611084,True,MAP2K6|IKZF3,PRDM1|CBFA2T3,Mitogen-activated protein kinase kinases|Zinc fingers C2H2-type,A-kinase anchoring proteins|PR/SET domain family|Putative lysine methyltransferases|Zinc fingers C2H2-type|Zinc fingers MYND-type,Zinc fingers C2H2-type,1,True,False
Norman2019_GEARS_processed_mirror,B5_mean_effect,L1,MAP2K6+SPI1,38.0,PRDM1+CBFA2T3,0.8203526735305786,0.5078864097595215,True,MAP2K6|SPI1,PRDM1|CBFA2T3,ETS transcription factor family|Mitogen-activated protein kinase kinases,A-kinase anchoring proteins|PR/SET domain family|Putative lysine methyltransferases|Zinc fingers C2H2-type|Zinc fingers MYND-type,,0,False,False
Norman2019_GEARS_processed_mirror,B5_mean_effect,L1,MAP4K5+ctrl,35.0,PRDM1+CBFA2T3,0.8203526735305786,0.5484408140182495,True,MAP4K5,PRDM1|CBFA2T3,MAP4K family (GCK-I subfamily),A-kinase anchoring proteins|PR/SET domain family|Putative lysine methyltransferases|Zinc fingers C2H2-type|Zinc fingers MYND-type,,0,False,False
Norman2019_GEARS_processed_mirror,B5_mean_effect,L1,MAPK1+PRTG,37.0,PRDM1+CBFA2T3,0.8203526735305786,0.509082019329071,True,MAPK1|PRTG,PRDM1|CBFA2T3,Fibronectin type III domain containing|I-set domain containing|Mitogen-activated protein kinase 3 and 1 (ERK1/2) family,A-kinase anchoring proteins|PR/SET domain family|Putative lysine methyltransferases|Zinc fingers C2H2-type|Zinc fingers MYND-type,,0,False,False
Norman2019_GEARS_processed_mirror,B5_mean_effect,L1,MAPK1+TGFBR2,49.0,PRDM1+CBFA2T3,0.8203526735305786,0.2678501009941101,True,MAPK1|TGFBR2,PRDM1|CBFA2T3,Mitogen-activated protein kinase 3 and 1 (ERK1/2) family|Type 2 receptor serine/threonine kinases,A-kinase anchoring proteins|PR/SET domain family|Putative lysine methyltransferases|Zinc fingers C2H2-type|Zinc fingers MYND-type,,0,False,False
Norman2019_GEARS_processed_mirror,B5_mean_effect,L1,MIDN+ctrl,13.0,PRDM1+CBFA2T3,0.8203526735305786,0.698552668094635,True,MIDN,PRDM1|CBFA2T3,,A-kinase anchoring proteins|PR/SET domain family|Putative lysine methyltransferases|Zinc fingers C2H2-type|Zinc fingers MYND-type,,0,False,False
Norman2019_GEARS_processed_mirror,B5_mean_effect,L1,POU3F2+CBFA2T3,4.0,PRDM1+CBFA2T3,0.8203526735305786,0.7679414749145508,True,POU3F2|CBFA2T3,PRDM1|CBFA2T3,A-kinase anchoring proteins|POU class homeoboxes and pseudogenes|Zinc fingers MYND-type,A-kinase anchoring proteins|PR/SET domain family|Putative lysine methyltransferases|Zinc fingers C2H2-type|Zinc fingers MYND-type,A-kinase anchoring proteins|Zinc fingers MYND-type,2,True,False
Norman2019_GEARS_processed_mirror,B5_mean_effect,L1,PRDM1+CBFA2T3,1.0,PRDM1+CBFA2T3,0.8203526735305786,0.8203526735305786,False,PRDM1|CBFA2T3,PRDM1|CBFA2T3,A-kinase anchoring proteins|PR/SET domain family|Putative lysine methyltransferases|Zinc fingers C2H2-type|Zinc fingers MYND-type,A-kinase anchoring proteins|PR/SET domain family|Putative lysine methyltransferases|Zinc fingers C2H2-type|Zinc fingers MYND-type,A-kinase anchoring proteins|PR/SET domain family|Putative lysine methyltransferases|Zinc fingers C2H2-type|Zinc fingers MYND-type,5,True,True
Norman2019_GEARS_processed_mirror,B5_mean_effect,L1,PRDM1+ctrl,15.0,PRDM1+CBFA2T3,0.8203526735305786,0.6832705736160278,True,PRDM1,PRDM1|CBFA2T3,PR/SET domain family|Putative lysine methyltransferases|Zinc fingers C2H2-type,A-kinase anchoring proteins|PR/SET domain family|Putative lysine methyltransferases|Zinc fingers C2H2-type|Zinc fingers MYND-type,PR/SET domain family|Putative lysine methyltransferases|Zinc fingers C2H2-type,3,True,False
Norman2019_GEARS_processed_mirror,B5_mean_effect,L1,PRTG+ctrl,18.0,PRDM1+CBFA2T3,0.8203526735305786,0.6508596539497375,True,PRTG,PRDM1|CBFA2T3,Fibronectin type III domain containing|I-set domain containing,A-kinase anchoring proteins|PR/SET domain family|Putative lysine methyltransferases|Zinc fingers C2H2-type|Zinc fingers MYND-type,,0,False,False
Norman2019_GEARS_processed_mirror,B5_mean_effect,L1,PTPN12+SNAI1,23.0,PRDM1+CBFA2T3,0.8203526735305786,0.6283888816833496,True,PTPN12|SNAI1,PRDM1|CBFA2T3,Protein tyrosine phosphatases non-receptor type|SNAG transcriptional repressors|Zinc fingers C2H2-type,A-kinase anchoring proteins|PR/SET domain family|Putative lysine methyltransferases|Zinc fingers C2H2-type|Zinc fingers MYND-type,Zinc fingers C2H2-type,1,True,False
Norman2019_GEARS_processed_mirror,B5_mean_effect,L1,S1PR2+ctrl,33.0,PRDM1+CBFA2T3,0.8203526735305786,0.5559326410293579,True,S1PR2,PRDM1|CBFA2T3,Sphingosine 1-phosphate receptors,A-kinase anchoring proteins|PR/SET domain family|Putative lysine methyltransferases|Zinc fingers C2H2-type|Zinc fingers MYND-type,,0,False,False
Norman2019_GEARS_processed_mirror,B5_mean_effect,L1,SGK1+ctrl,9.0,PRDM1+CBFA2T3,0.8203526735305786,0.7183866500854492,True,SGK1,PRDM1|CBFA2T3,Serum/glucocorticoid regulated kinase family,A-kinase anchoring proteins|PR/SET domain family|Putative lysine methyltransferases|Zinc fingers C2H2-type|Zinc fingers MYND-type,,0,False,False
Norman2019_GEARS_processed_mirror,B5_mean_effect,L1,SNAI1+DLX2,28.0,PRDM1+CBFA2T3,0.8203526735305786,0.5922352075576782,True,SNAI1|DLX2,PRDM1|CBFA2T3,Distal-less homeobox family|SNAG transcriptional repressors|Zinc fingers C2H2-type,A-kinase anchoring proteins|PR/SET domain family|Putative lysine methyltransferases|Zinc fingers C2H2-type|Zinc fingers MYND-type,Zinc fingers C2H2-type,1,True,False
Norman2019_GEARS_processed_mirror,B5_mean_effect,L1,SPI1+ctrl,5.0,PRDM1+CBFA2T3,0.8203526735305786,0.7621529698371887,True,SPI1,PRDM1|CBFA2T3,ETS transcription factor family,A-kinase anchoring proteins|PR/SET domain family|Putative lysine methyltransferases|Zinc fingers C2H2-type|Zinc fingers MYND-type,,0,False,False
Norman2019_GEARS_processed_mirror,B5_mean_effect,L1,STIL+ctrl,21.0,PRDM1+CBFA2T3,0.8203526735305786,0.6325273513793945,True,STIL,PRDM1|CBFA2T3,,A-kinase anchoring proteins|PR/SET domain family|Putative lysine methyltransferases|Zinc fingers C2H2-type|Zinc fingers MYND-type,,0,False,False
Norman2019_GEARS_processed_mirror,B5_mean_effect,L1,TBX3+TBX2,42.0,PRDM1+CBFA2T3,0.8203526735305786,0.4076519608497619,True,TBX3|TBX2,PRDM1|CBFA2T3,T-box transcription factors,A-kinase anchoring proteins|PR/SET domain family|Putative lysine methyltransferases|Zinc fingers C2H2-type|Zinc fingers MYND-type,,0,False,False
Norman2019_GEARS_processed_mirror,B5_mean_effect,L1,TP73+ctrl,3.0,PRDM1+CBFA2T3,0.8203526735305786,0.7877432107925415,True,TP73,PRDM1|CBFA2T3,,A-kinase anchoring proteins|PR/SET domain family|Putative lysine methyltransferases|Zinc fingers C2H2-type|Zinc fingers MYND-type,,0,False,False
Norman2019_GEARS_processed_mirror,B5_mean_effect,L1,UBASH3B+PTPN12,27.0,PRDM1+CBFA2T3,0.8203526735305786,0.6056088209152222,True,UBASH3B|PTPN12,PRDM1|CBFA2T3,Protein phosphatases|Protein tyrosine phosphatases non-receptor type,A-kinase anchoring proteins|PR/SET domain family|Putative lysine methyltransferases|Zinc fingers C2H2-type|Zinc fingers MYND-type,,0,False,False
Norman2019_GEARS_processed_mirror,B5_mean_effect,L1,UBASH3B+PTPN9,14.0,PRDM1+CBFA2T3,0.8203526735305786,0.683344304561615,True,UBASH3B|PTPN9,PRDM1|CBFA2T3,CRAL-TRIO lipid binding domain containing|Protein phosphatases|Protein tyrosine phosphatases non-receptor type,A-kinase anchoring proteins|PR/SET domain family|Putative lysine methyltransferases|Zinc fingers C2H2-type|Zinc fingers MYND-type,,0,False,False
Norman2019_GEARS_processed_mirror,B5_mean_effect,L1,ctrl+ELMSAN1,55.0,PRDM1+CBFA2T3,0.8203526735305786,-0.0753770023584365,True,ELMSAN1,PRDM1|CBFA2T3,,A-kinase anchoring proteins|PR/SET domain family|Putative lysine methyltransferases|Zinc fingers C2H2-type|Zinc fingers MYND-type,,0,False,False
Norman2019_GEARS_processed_mirror,B5_mean_effect,L1,ctrl+FOXL2,22.0,PRDM1+CBFA2T3,0.8203526735305786,0.6297204494476318,True,FOXL2,PRDM1|CBFA2T3,Forkhead boxes,A-kinase anchoring proteins|PR/SET domain family|Putative lysine methyltransferases|Zinc fingers C2H2-type|Zinc fingers MYND-type,,0,False,False
Norman2019_GEARS_processed_mirror,B5_mean_effect,L1,ctrl+ISL2,46.0,PRDM1+CBFA2T3,0.8203526735305786,0.281672328710556,True,ISL2,PRDM1|CBFA2T3,LIM class homeoboxes,A-kinase anchoring proteins|PR/SET domain family|Putative lysine methyltransferases|Zinc fingers C2H2-type|Zinc fingers MYND-type,,0,False,False
Norman2019_GEARS_processed_mirror,B5_mean_effect,L1,ctrl+PRTG,26.0,PRDM1+CBFA2T3,0.8203526735305786,0.6115213632583618,True,PRTG,PRDM1|CBFA2T3,Fibronectin type III domain containing|I-set domain containing,A-kinase anchoring proteins|PR/SET domain family|Putative lysine methyltransferases|Zinc fingers C2H2-type|Zinc fingers MYND-type,,0,False,False
Norman2019_GEARS_processed_mirror,B5_mean_effect,L1,ctrl+RUNX1T1,52.0,PRDM1+CBFA2T3,0.8203526735305786,0.2354421317577362,True,RUNX1T1,PRDM1|CBFA2T3,Zinc fingers MYND-type,A-kinase anchoring proteins|PR/SET domain family|Putative lysine methyltransferases|Zinc fingers C2H2-type|Zinc fingers MYND-type,Zinc fingers MYND-type,1,True,False
Norman2019_GEARS_processed_mirror,B5_mean_effect,L1,ctrl+TBX2,43.0,PRDM1+CBFA2T3,0.8203526735305786,0.4036008715629577,True,TBX2,PRDM1|CBFA2T3,T-box transcription factors,A-kinase anchoring proteins|PR/SET domain family|Putative lysine methyltransferases|Zinc fingers C2H2-type|Zinc fingers MYND-type,,0,False,False
Norman2019_GEARS_processed_mirror,B5_mean_effect,L1,ctrl+TBX3,48.0,PRDM1+CBFA2T3,0.8203526735305786,0.2711613178253174,True,TBX3,PRDM1|CBFA2T3,T-box transcription factors,A-kinase anchoring proteins|PR/SET domain family|Putative lysine methyltransferases|Zinc fingers C2H2-type|Zinc fingers MYND-type,,0,False,False
Norman2019_GEARS_processed_mirror,B1_global_perturbed_mean,L2,BCL2L11+ctrl,28.0,RHOXF2BB+ctrl,0.7839229702949524,0.2574393153190613,True,BCL2L11,RHOXF2BB,BCL2 homology region 3 (BH3) only,,,0,False,False
Norman2019_GEARS_processed_mirror,B1_global_perturbed_mean,L2,BCORL1+ctrl,25.0,RHOXF2BB+ctrl,0.7839229702949524,0.3079768419265747,True,BCORL1,RHOXF2BB,Ankyrin repeat domain containing,,,0,False,False
Norman2019_GEARS_processed_mirror,B1_global_perturbed_mean,L2,C19orf26+ctrl,14.0,RHOXF2BB+ctrl,0.7839229702949524,0.5919169187545776,True,C19orf26,RHOXF2BB,,,,0,False,False
Norman2019_GEARS_processed_mirror,B1_global_perturbed_mean,L2,CEBPB+ctrl,23.0,RHOXF2BB+ctrl,0.7839229702949524,0.3946757018566131,True,CEBPB,RHOXF2BB,CCAAT/enhancer binding proteins,,,0,False,False
Norman2019_GEARS_processed_mirror,B1_global_perturbed_mean,L2,CEBPE+CEBPB,20.0,RHOXF2BB+ctrl,0.7839229702949524,0.4017025530338287,True,CEBPE|CEBPB,RHOXF2BB,CCAAT/enhancer binding proteins,,,0,False,False
Norman2019_GEARS_processed_mirror,B1_global_perturbed_mean,L2,CEBPE+ctrl,27.0,RHOXF2BB+ctrl,0.7839229702949524,0.2875158786773681,True,CEBPE,RHOXF2BB,CCAAT/enhancer binding proteins,,,0,False,False
Norman2019_GEARS_processed_mirror,B1_global_perturbed_mean,L2,CITED1+ctrl,7.0,RHOXF2BB+ctrl,0.7839229702949524,0.6589224338531494,True,CITED1,RHOXF2BB,CBP/p300-interacting transactivator with ED-rich tail family,,,0,False,False
Norman2019_GEARS_processed_mirror,B1_global_perturbed_mean,L2,CKS1B+ctrl,9.0,RHOXF2BB+ctrl,0.7839229702949524,0.6334018707275391,True,CKS1B,RHOXF2BB,MicroRNA protein coding host genes,,,0,False,False
Norman2019_GEARS_processed_mirror,B1_global_perturbed_mean,L2,FOXO4+ctrl,8.0,RHOXF2BB+ctrl,0.7839229702949524,0.6514522433280945,True,FOXO4,RHOXF2BB,Forkhead boxes,,,0,False,False
Norman2019_GEARS_processed_mirror,B1_global_perturbed_mean,L2,HOXA13+ctrl,3.0,RHOXF2BB+ctrl,0.7839229702949524,0.7295387387275696,True,HOXA13,RHOXF2BB,HOXL subclass homeoboxes,,,0,False,False
Norman2019_GEARS_processed_mirror,B1_global_perturbed_mean,L2,HOXB9+ctrl,15.0,RHOXF2BB+ctrl,0.7839229702949524,0.5775298476219177,True,HOXB9,RHOXF2BB,HOXL subclass homeoboxes,,,0,False,False
Norman2019_GEARS_processed_mirror,B1_global_perturbed_mean,L2,HOXC13+ctrl,5.0,RHOXF2BB+ctrl,0.7839229702949524,0.7222194671630859,True,HOXC13,RHOXF2BB,HOXL subclass homeoboxes,,,0,False,False
Norman2019_GEARS_processed_mirror,B1_global_perturbed_mean,L2,KIAA1804+ctrl,13.0,RHOXF2BB+ctrl,0.7839229702949524,0.5928459167480469,True,KIAA1804,RHOXF2BB,,,,0,False,False
Norman2019_GEARS_processed_mirror,B1_global_perturbed_mean,L2,KIF2C+ctrl,26.0,RHOXF2BB+ctrl,0.7839229702949524,0.2905364632606506,True,KIF2C,RHOXF2BB,Kinesins|Small nucleolar RNA protein coding host genes,,,0,False,False
Norman2019_GEARS_processed_mirror,B1_global_perturbed_mean,L2,MAP2K3+ctrl,33.0,RHOXF2BB+ctrl,0.7839229702949524,-0.3222595751285553,True,MAP2K3,RHOXF2BB,Mitogen-activated protein kinase kinases,,,0,False,False
Norman2019_GEARS_processed_mirror,B1_global_perturbed_mean,L2,MAP7D1+ctrl,29.0,RHOXF2BB+ctrl,0.7839229702949524,0.0045882682316005,True,MAP7D1,RHOXF2BB,Microtubule associated protein 7 family,,,0,False,False
Norman2019_GEARS_processed_mirror,B1_global_perturbed_mean,L2,PLK4+ctrl,16.0,RHOXF2BB+ctrl,0.7839229702949524,0.5328464508056641,True,PLK4,RHOXF2BB,Polo like kinase family,,,0,False,False
Norman2019_GEARS_processed_mirror,B1_global_perturbed_mean,L2,RHOXF2BB+ctrl,1.0,RHOXF2BB+ctrl,0.7839229702949524,0.7839229702949524,False,RHOXF2BB,RHOXF2BB,,,,0,False,True
Norman2019_GEARS_processed_mirror,B1_global_perturbed_mean,L2,SGK1+TBX2,6.0,RHOXF2BB+ctrl,0.7839229702949524,0.7060365676879883,True,SGK1|TBX2,RHOXF2BB,Serum/glucocorticoid regulated kinase family|T-box transcription factors,,,0,False,False
Norman2019_GEARS_processed_mirror,B1_global_perturbed_mean,L2,SGK1+ctrl,2.0,RHOXF2BB+ctrl,0.7839229702949524,0.7771896719932556,True,SGK1,RHOXF2BB,Serum/glucocorticoid regulated kinase family,,,0,False,False
Norman2019_GEARS_processed_mirror,B1_global_perturbed_mean,L2,SLC6A9+ctrl,17.0,RHOXF2BB+ctrl,0.7839229702949524,0.5253403186798096,True,SLC6A9,RHOXF2BB,Solute carrier family 6,,,0,False,False
Norman2019_GEARS_processed_mirror,B1_global_perturbed_mean,L2,TBX2+ctrl,19.0,RHOXF2BB+ctrl,0.7839229702949524,0.4105157852172851,True,TBX2,RHOXF2BB,T-box transcription factors,,,0,False,False
Norman2019_GEARS_processed_mirror,B1_global_perturbed_mean,L2,ZC3HAV1+CEBPE,31.0,RHOXF2BB+ctrl,0.7839229702949524,-0.0296360533684492,True,ZC3HAV1|CEBPE,RHOXF2BB,CCAAT/enhancer binding proteins|Poly(ADP-ribose) polymerases|Zinc fingers CCCH-type,,,0,False,False
Norman2019_GEARS_processed_mirror,B1_global_perturbed_mean,L2,ZC3HAV1+HOXC13,10.0,RHOXF2BB+ctrl,0.7839229702949524,0.6239345073699951,True,ZC3HAV1|HOXC13,RHOXF2BB,HOXL subclass homeoboxes|Poly(ADP-ribose) polymerases|Zinc fingers CCCH-type,,,0,False,False
Norman2019_GEARS_processed_mirror,B1_global_perturbed_mean,L2,ZC3HAV1+ctrl,32.0,RHOXF2BB+ctrl,0.7839229702949524,-0.2218920588493347,True,ZC3HAV1,RHOXF2BB,Poly(ADP-ribose) polymerases|Zinc fingers CCCH-type,,,0,False,False
Norman2019_GEARS_processed_mirror,B1_global_perturbed_mean,L2,ctrl+C19orf26,11.0,RHOXF2BB+ctrl,0.7839229702949524,0.6021907329559326,True,C19orf26,RHOXF2BB,,,,0,False,False
Norman2019_GEARS_processed_mirror,B1_global_perturbed_mean,L2,ctrl+CEBPB,22.0,RHOXF2BB+ctrl,0.7839229702949524,0.3963216245174408,True,CEBPB,RHOXF2BB,CCAAT/enhancer binding proteins,,,0,False,False
Norman2019_GEARS_processed_mirror,B1_global_perturbed_mean,L2,ctrl+CEBPE,24.0,RHOXF2BB+ctrl,0.7839229702949524,0.3404780030250549,True,CEBPE,RHOXF2BB,CCAAT/enhancer binding proteins,,,0,False,False
Norman2019_GEARS_processed_mirror,B1_global_perturbed_mean,L2,ctrl+HOXB9,12.0,RHOXF2BB+ctrl,0.7839229702949524,0.5945066213607788,True,HOXB9,RHOXF2BB,HOXL subclass homeoboxes,,,0,False,False
Norman2019_GEARS_processed_mirror,B1_global_perturbed_mean,L2,ctrl+HOXC13,4.0,RHOXF2BB+ctrl,0.7839229702949524,0.7231888771057129,True,HOXC13,RHOXF2BB,HOXL subclass homeoboxes,,,0,False,False
Norman2019_GEARS_processed_mirror,B1_global_perturbed_mean,L2,ctrl+KIF2C,21.0,RHOXF2BB+ctrl,0.7839229702949524,0.3964848518371582,True,KIF2C,RHOXF2BB,Kinesins|Small nucleolar RNA protein coding host genes,,,0,False,False
Norman2019_GEARS_processed_mirror,B1_global_perturbed_mean,L2,ctrl+MAP7D1,30.0,RHOXF2BB+ctrl,0.7839229702949524,-0.0026630850043147,True,MAP7D1,RHOXF2BB,Microtubule associated protein 7 family,,,0,False,False
Norman2019_GEARS_processed_mirror,B1_global_perturbed_mean,L2,ctrl+TBX2,18.0,RHOXF2BB+ctrl,0.7839229702949524,0.4215313196182251,True,TBX2,RHOXF2BB,T-box transcription factors,,,0,False,False
Norman2019_GEARS_processed_mirror,B2_context_matched_perturbed_mean,L2,BCL2L11+ctrl,28.0,RHOXF2BB+ctrl,0.7839229702949524,0.2574393153190613,True,BCL2L11,RHOXF2BB,BCL2 homology region 3 (BH3) only,,,0,False,False
Norman2019_GEARS_processed_mirror,B2_context_matched_perturbed_mean,L2,BCORL1+ctrl,25.0,RHOXF2BB+ctrl,0.7839229702949524,0.3079768419265747,True,BCORL1,RHOXF2BB,Ankyrin repeat domain containing,,,0,False,False
Norman2019_GEARS_processed_mirror,B2_context_matched_perturbed_mean,L2,C19orf26+ctrl,14.0,RHOXF2BB+ctrl,0.7839229702949524,0.5919169187545776,True,C19orf26,RHOXF2BB,,,,0,False,False
Norman2019_GEARS_processed_mirror,B2_context_matched_perturbed_mean,L2,CEBPB+ctrl,23.0,RHOXF2BB+ctrl,0.7839229702949524,0.3946757018566131,True,CEBPB,RHOXF2BB,CCAAT/enhancer binding proteins,,,0,False,False
Norman2019_GEARS_processed_mirror,B2_context_matched_perturbed_mean,L2,CEBPE+CEBPB,20.0,RHOXF2BB+ctrl,0.7839229702949524,0.4017025530338287,True,CEBPE|CEBPB,RHOXF2BB,CCAAT/enhancer binding proteins,,,0,False,False
Norman2019_GEARS_processed_mirror,B2_context_matched_perturbed_mean,L2,CEBPE+ctrl,27.0,RHOXF2BB+ctrl,0.7839229702949524,0.2875158786773681,True,CEBPE,RHOXF2BB,CCAAT/enhancer binding proteins,,,0,False,False
Norman2019_GEARS_processed_mirror,B2_context_matched_perturbed_mean,L2,CITED1+ctrl,7.0,RHOXF2BB+ctrl,0.7839229702949524,0.6589224338531494,True,CITED1,RHOXF2BB,CBP/p300-interacting transactivator with ED-rich tail family,,,0,False,False
Norman2019_GEARS_processed_mirror,B2_context_matched_perturbed_mean,L2,CKS1B+ctrl,9.0,RHOXF2BB+ctrl,0.7839229702949524,0.6334018707275391,True,CKS1B,RHOXF2BB,MicroRNA protein coding host genes,,,0,False,False
Norman2019_GEARS_processed_mirror,B2_context_matched_perturbed_mean,L2,FOXO4+ctrl,8.0,RHOXF2BB+ctrl,0.7839229702949524,0.6514522433280945,True,FOXO4,RHOXF2BB,Forkhead boxes,,,0,False,False
Norman2019_GEARS_processed_mirror,B2_context_matched_perturbed_mean,L2,HOXA13+ctrl,3.0,RHOXF2BB+ctrl,0.7839229702949524,0.7295387387275696,True,HOXA13,RHOXF2BB,HOXL subclass homeoboxes,,,0,False,False
Norman2019_GEARS_processed_mirror,B2_context_matched_perturbed_mean,L2,HOXB9+ctrl,15.0,RHOXF2BB+ctrl,0.7839229702949524,0.5775298476219177,True,HOXB9,RHOXF2BB,HOXL subclass homeoboxes,,,0,False,False
Norman2019_GEARS_processed_mirror,B2_context_matched_perturbed_mean,L2,HOXC13+ctrl,5.0,RHOXF2BB+ctrl,0.7839229702949524,0.7222194671630859,True,HOXC13,RHOXF2BB,HOXL subclass homeoboxes,,,0,False,False
Norman2019_GEARS_processed_mirror,B2_context_matched_perturbed_mean,L2,KIAA1804+ctrl,13.0,RHOXF2BB+ctrl,0.7839229702949524,0.5928459167480469,True,KIAA1804,RHOXF2BB,,,,0,False,False
Norman2019_GEARS_processed_mirror,B2_context_matched_perturbed_mean,L2,KIF2C+ctrl,26.0,RHOXF2BB+ctrl,0.7839229702949524,0.2905364632606506,True,KIF2C,RHOXF2BB,Kinesins|Small nucleolar RNA protein coding host genes,,,0,False,False
Norman2019_GEARS_processed_mirror,B2_context_matched_perturbed_mean,L2,MAP2K3+ctrl,33.0,RHOXF2BB+ctrl,0.7839229702949524,-0.3222595751285553,True,MAP2K3,RHOXF2BB,Mitogen-activated protein kinase kinases,,,0,False,False
Norman2019_GEARS_processed_mirror,B2_context_matched_perturbed_mean,L2,MAP7D1+ctrl,29.0,RHOXF2BB+ctrl,0.7839229702949524,0.0045882682316005,True,MAP7D1,RHOXF2BB,Microtubule associated protein 7 family,,,0,False,False
Norman2019_GEARS_processed_mirror,B2_context_matched_perturbed_mean,L2,PLK4+ctrl,16.0,RHOXF2BB+ctrl,0.7839229702949524,0.5328464508056641,True,PLK4,RHOXF2BB,Polo like kinase family,,,0,False,False
Norman2019_GEARS_processed_mirror,B2_context_matched_perturbed_mean,L2,RHOXF2BB+ctrl,1.0,RHOXF2BB+ctrl,0.7839229702949524,0.7839229702949524,False,RHOXF2BB,RHOXF2BB,,,,0,False,True
Norman2019_GEARS_processed_mirror,B2_context_matched_perturbed_mean,L2,SGK1+TBX2,6.0,RHOXF2BB+ctrl,0.7839229702949524,0.7060365676879883,True,SGK1|TBX2,RHOXF2BB,Serum/glucocorticoid regulated kinase family|T-box transcription factors,,,0,False,False
Norman2019_GEARS_processed_mirror,B2_context_matched_perturbed_mean,L2,SGK1+ctrl,2.0,RHOXF2BB+ctrl,0.7839229702949524,0.7771896719932556,True,SGK1,RHOXF2BB,Serum/glucocorticoid regulated kinase family,,,0,False,False
Norman2019_GEARS_processed_mirror,B2_context_matched_perturbed_mean,L2,SLC6A9+ctrl,17.0,RHOXF2BB+ctrl,0.7839229702949524,0.5253403186798096,True,SLC6A9,RHOXF2BB,Solute carrier family 6,,,0,False,False
Norman2019_GEARS_processed_mirror,B2_context_matched_perturbed_mean,L2,TBX2+ctrl,19.0,RHOXF2BB+ctrl,0.7839229702949524,0.4105157852172851,True,TBX2,RHOXF2BB,T-box transcription factors,,,0,False,False
Norman2019_GEARS_processed_mirror,B2_context_matched_perturbed_mean,L2,ZC3HAV1+CEBPE,31.0,RHOXF2BB+ctrl,0.7839229702949524,-0.0296360533684492,True,ZC3HAV1|CEBPE,RHOXF2BB,CCAAT/enhancer binding proteins|Poly(ADP-ribose) polymerases|Zinc fingers CCCH-type,,,0,False,False
Norman2019_GEARS_processed_mirror,B2_context_matched_perturbed_mean,L2,ZC3HAV1+HOXC13,10.0,RHOXF2BB+ctrl,0.7839229702949524,0.6239345073699951,True,ZC3HAV1|HOXC13,RHOXF2BB,HOXL subclass homeoboxes|Poly(ADP-ribose) polymerases|Zinc fingers CCCH-type,,,0,False,False
Norman2019_GEARS_processed_mirror,B2_context_matched_perturbed_mean,L2,ZC3HAV1+ctrl,32.0,RHOXF2BB+ctrl,0.7839229702949524,-0.2218920588493347,True,ZC3HAV1,RHOXF2BB,Poly(ADP-ribose) polymerases|Zinc fingers CCCH-type,,,0,False,False
Norman2019_GEARS_processed_mirror,B2_context_matched_perturbed_mean,L2,ctrl+C19orf26,11.0,RHOXF2BB+ctrl,0.7839229702949524,0.6021907329559326,True,C19orf26,RHOXF2BB,,,,0,False,False
Norman2019_GEARS_processed_mirror,B2_context_matched_perturbed_mean,L2,ctrl+CEBPB,22.0,RHOXF2BB+ctrl,0.7839229702949524,0.3963216245174408,True,CEBPB,RHOXF2BB,CCAAT/enhancer binding proteins,,,0,False,False
Norman2019_GEARS_processed_mirror,B2_context_matched_perturbed_mean,L2,ctrl+CEBPE,24.0,RHOXF2BB+ctrl,0.7839229702949524,0.3404780030250549,True,CEBPE,RHOXF2BB,CCAAT/enhancer binding proteins,,,0,False,False
Norman2019_GEARS_processed_mirror,B2_context_matched_perturbed_mean,L2,ctrl+HOXB9,12.0,RHOXF2BB+ctrl,0.7839229702949524,0.5945066213607788,True,HOXB9,RHOXF2BB,HOXL subclass homeoboxes,,,0,False,False
Norman2019_GEARS_processed_mirror,B2_context_matched_perturbed_mean,L2,ctrl+HOXC13,4.0,RHOXF2BB+ctrl,0.7839229702949524,0.7231888771057129,True,HOXC13,RHOXF2BB,HOXL subclass homeoboxes,,,0,False,False
Norman2019_GEARS_processed_mirror,B2_context_matched_perturbed_mean,L2,ctrl+KIF2C,21.0,RHOXF2BB+ctrl,0.7839229702949524,0.3964848518371582,True,KIF2C,RHOXF2BB,Kinesins|Small nucleolar RNA protein coding host genes,,,0,False,False
Norman2019_GEARS_processed_mirror,B2_context_matched_perturbed_mean,L2,ctrl+MAP7D1,30.0,RHOXF2BB+ctrl,0.7839229702949524,-0.0026630850043147,True,MAP7D1,RHOXF2BB,Microtubule associated protein 7 family,,,0,False,False
Norman2019_GEARS_processed_mirror,B2_context_matched_perturbed_mean,L2,ctrl+TBX2,18.0,RHOXF2BB+ctrl,0.7839229702949524,0.4215313196182251,True,TBX2,RHOXF2BB,T-box transcription factors,,,0,False,False
Norman2019_GEARS_processed_mirror,B3_additive_seen_component,L2,BCL2L11+ctrl,28.0,RHOXF2BB+ctrl,0.7839229702949524,0.2574393153190613,True,BCL2L11,RHOXF2BB,BCL2 homology region 3 (BH3) only,,,0,False,False
Norman2019_GEARS_processed_mirror,B3_additive_seen_component,L2,BCORL1+ctrl,25.0,RHOXF2BB+ctrl,0.7839229702949524,0.3079768419265747,True,BCORL1,RHOXF2BB,Ankyrin repeat domain containing,,,0,False,False
Norman2019_GEARS_processed_mirror,B3_additive_seen_component,L2,C19orf26+ctrl,14.0,RHOXF2BB+ctrl,0.7839229702949524,0.5919169187545776,True,C19orf26,RHOXF2BB,,,,0,False,False
Norman2019_GEARS_processed_mirror,B3_additive_seen_component,L2,CEBPB+ctrl,23.0,RHOXF2BB+ctrl,0.7839229702949524,0.3946757018566131,True,CEBPB,RHOXF2BB,CCAAT/enhancer binding proteins,,,0,False,False
Norman2019_GEARS_processed_mirror,B3_additive_seen_component,L2,CEBPE+CEBPB,20.0,RHOXF2BB+ctrl,0.7839229702949524,0.4017025530338287,True,CEBPE|CEBPB,RHOXF2BB,CCAAT/enhancer binding proteins,,,0,False,False
Norman2019_GEARS_processed_mirror,B3_additive_seen_component,L2,CEBPE+ctrl,27.0,RHOXF2BB+ctrl,0.7839229702949524,0.2875158786773681,True,CEBPE,RHOXF2BB,CCAAT/enhancer binding proteins,,,0,False,False
Norman2019_GEARS_processed_mirror,B3_additive_seen_component,L2,CITED1+ctrl,7.0,RHOXF2BB+ctrl,0.7839229702949524,0.6589224338531494,True,CITED1,RHOXF2BB,CBP/p300-interacting transactivator with ED-rich tail family,,,0,False,False
Norman2019_GEARS_processed_mirror,B3_additive_seen_component,L2,CKS1B+ctrl,9.0,RHOXF2BB+ctrl,0.7839229702949524,0.6334018707275391,True,CKS1B,RHOXF2BB,MicroRNA protein coding host genes,,,0,False,False
Norman2019_GEARS_processed_mirror,B3_additive_seen_component,L2,FOXO4+ctrl,8.0,RHOXF2BB+ctrl,0.7839229702949524,0.6514522433280945,True,FOXO4,RHOXF2BB,Forkhead boxes,,,0,False,False
Norman2019_GEARS_processed_mirror,B3_additive_seen_component,L2,HOXA13+ctrl,3.0,RHOXF2BB+ctrl,0.7839229702949524,0.7295387387275696,True,HOXA13,RHOXF2BB,HOXL subclass homeoboxes,,,0,False,False
Norman2019_GEARS_processed_mirror,B3_additive_seen_component,L2,HOXB9+ctrl,15.0,RHOXF2BB+ctrl,0.7839229702949524,0.5775298476219177,True,HOXB9,RHOXF2BB,HOXL subclass homeoboxes,,,0,False,False
Norman2019_GEARS_processed_mirror,B3_additive_seen_component,L2,HOXC13+ctrl,5.0,RHOXF2BB+ctrl,0.7839229702949524,0.7222194671630859,True,HOXC13,RHOXF2BB,HOXL subclass homeoboxes,,,0,False,False
Norman2019_GEARS_processed_mirror,B3_additive_seen_component,L2,KIAA1804+ctrl,13.0,RHOXF2BB+ctrl,0.7839229702949524,0.5928459167480469,True,KIAA1804,RHOXF2BB,,,,0,False,False
Norman2019_GEARS_processed_mirror,B3_additive_seen_component,L2,KIF2C+ctrl,26.0,RHOXF2BB+ctrl,0.7839229702949524,0.2905364632606506,True,KIF2C,RHOXF2BB,Kinesins|Small nucleolar RNA protein coding host genes,,,0,False,False
Norman2019_GEARS_processed_mirror,B3_additive_seen_component,L2,MAP2K3+ctrl,33.0,RHOXF2BB+ctrl,0.7839229702949524,-0.3222595751285553,True,MAP2K3,RHOXF2BB,Mitogen-activated protein kinase kinases,,,0,False,False
Norman2019_GEARS_processed_mirror,B3_additive_seen_component,L2,MAP7D1+ctrl,29.0,RHOXF2BB+ctrl,0.7839229702949524,0.0045882682316005,True,MAP7D1,RHOXF2BB,Microtubule associated protein 7 family,,,0,False,False
Norman2019_GEARS_processed_mirror,B3_additive_seen_component,L2,PLK4+ctrl,16.0,RHOXF2BB+ctrl,0.7839229702949524,0.5328464508056641,True,PLK4,RHOXF2BB,Polo like kinase family,,,0,False,False
Norman2019_GEARS_processed_mirror,B3_additive_seen_component,L2,RHOXF2BB+ctrl,1.0,RHOXF2BB+ctrl,0.7839229702949524,0.7839229702949524,False,RHOXF2BB,RHOXF2BB,,,,0,False,True
Norman2019_GEARS_processed_mirror,B3_additive_seen_component,L2,SGK1+TBX2,6.0,RHOXF2BB+ctrl,0.7839229702949524,0.7060365676879883,True,SGK1|TBX2,RHOXF2BB,Serum/glucocorticoid regulated kinase family|T-box transcription factors,,,0,False,False
Norman2019_GEARS_processed_mirror,B3_additive_seen_component,L2,SGK1+ctrl,2.0,RHOXF2BB+ctrl,0.7839229702949524,0.7771896719932556,True,SGK1,RHOXF2BB,Serum/glucocorticoid regulated kinase family,,,0,False,False
Norman2019_GEARS_processed_mirror,B3_additive_seen_component,L2,SLC6A9+ctrl,17.0,RHOXF2BB+ctrl,0.7839229702949524,0.5253403186798096,True,SLC6A9,RHOXF2BB,Solute carrier family 6,,,0,False,False
Norman2019_GEARS_processed_mirror,B3_additive_seen_component,L2,TBX2+ctrl,19.0,RHOXF2BB+ctrl,0.7839229702949524,0.4105157852172851,True,TBX2,RHOXF2BB,T-box transcription factors,,,0,False,False
Norman2019_GEARS_processed_mirror,B3_additive_seen_component,L2,ZC3HAV1+CEBPE,31.0,RHOXF2BB+ctrl,0.7839229702949524,-0.0296360533684492,True,ZC3HAV1|CEBPE,RHOXF2BB,CCAAT/enhancer binding proteins|Poly(ADP-ribose) polymerases|Zinc fingers CCCH-type,,,0,False,False
Norman2019_GEARS_processed_mirror,B3_additive_seen_component,L2,ZC3HAV1+HOXC13,10.0,RHOXF2BB+ctrl,0.7839229702949524,0.6239345073699951,True,ZC3HAV1|HOXC13,RHOXF2BB,HOXL subclass homeoboxes|Poly(ADP-ribose) polymerases|Zinc fingers CCCH-type,,,0,False,False
Norman2019_GEARS_processed_mirror,B3_additive_seen_component,L2,ZC3HAV1+ctrl,32.0,RHOXF2BB+ctrl,0.7839229702949524,-0.2218920588493347,True,ZC3HAV1,RHOXF2BB,Poly(ADP-ribose) polymerases|Zinc fingers CCCH-type,,,0,False,False
Norman2019_GEARS_processed_mirror,B3_additive_seen_component,L2,ctrl+C19orf26,11.0,RHOXF2BB+ctrl,0.7839229702949524,0.6021907329559326,True,C19orf26,RHOXF2BB,,,,0,False,False
Norman2019_GEARS_processed_mirror,B3_additive_seen_component,L2,ctrl+CEBPB,22.0,RHOXF2BB+ctrl,0.7839229702949524,0.3963216245174408,True,CEBPB,RHOXF2BB,CCAAT/enhancer binding proteins,,,0,False,False
Norman2019_GEARS_processed_mirror,B3_additive_seen_component,L2,ctrl+CEBPE,24.0,RHOXF2BB+ctrl,0.7839229702949524,0.3404780030250549,True,CEBPE,RHOXF2BB,CCAAT/enhancer binding proteins,,,0,False,False
Norman2019_GEARS_processed_mirror,B3_additive_seen_component,L2,ctrl+HOXB9,12.0,RHOXF2BB+ctrl,0.7839229702949524,0.5945066213607788,True,HOXB9,RHOXF2BB,HOXL subclass homeoboxes,,,0,False,False
Norman2019_GEARS_processed_mirror,B3_additive_seen_component,L2,ctrl+HOXC13,4.0,RHOXF2BB+ctrl,0.7839229702949524,0.7231888771057129,True,HOXC13,RHOXF2BB,HOXL subclass homeoboxes,,,0,False,False
Norman2019_GEARS_processed_mirror,B3_additive_seen_component,L2,ctrl+KIF2C,21.0,RHOXF2BB+ctrl,0.7839229702949524,0.3964848518371582,True,KIF2C,RHOXF2BB,Kinesins|Small nucleolar RNA protein coding host genes,,,0,False,False
Norman2019_GEARS_processed_mirror,B3_additive_seen_component,L2,ctrl+MAP7D1,30.0,RHOXF2BB+ctrl,0.7839229702949524,-0.0026630850043147,True,MAP7D1,RHOXF2BB,Microtubule associated protein 7 family,,,0,False,False
Norman2019_GEARS_processed_mirror,B3_additive_seen_component,L2,ctrl+TBX2,18.0,RHOXF2BB+ctrl,0.7839229702949524,0.4215313196182251,True,TBX2,RHOXF2BB,T-box transcription factors,,,0,False,False
Norman2019_GEARS_processed_mirror,B4_pca_ridge,L2,BCL2L11+ctrl,28.0,HOXA13+ctrl,0.8010097599368491,0.1846604178302291,True,BCL2L11,HOXA13,BCL2 homology region 3 (BH3) only,HOXL subclass homeoboxes,,0,False,False
Norman2019_GEARS_processed_mirror,B4_pca_ridge,L2,BCORL1+ctrl,26.0,HOXA13+ctrl,0.8010097599368492,0.3477229143247505,True,BCORL1,HOXA13,Ankyrin repeat domain containing,HOXL subclass homeoboxes,,0,False,False
Norman2019_GEARS_processed_mirror,B4_pca_ridge,L2,C19orf26+ctrl,19.0,HOXA13+ctrl,0.8010097599368493,0.5158982697668392,True,C19orf26,HOXA13,,HOXL subclass homeoboxes,,0,False,False
Norman2019_GEARS_processed_mirror,B4_pca_ridge,L2,CEBPB+ctrl,18.0,HOXA13+ctrl,0.8010097599368492,0.5243700367659458,True,CEBPB,HOXA13,CCAAT/enhancer binding proteins,HOXL subclass homeoboxes,,0,False,False
Norman2019_GEARS_processed_mirror,B4_pca_ridge,L2,CEBPE+CEBPB,16.0,HOXA13+ctrl,0.8010097599368491,0.5363942003566526,True,CEBPE|CEBPB,HOXA13,CCAAT/enhancer binding proteins,HOXL subclass homeoboxes,,0,False,False
Norman2019_GEARS_processed_mirror,B4_pca_ridge,L2,CEBPE+ctrl,22.0,HOXA13+ctrl,0.8010097599368491,0.4277300236175693,True,CEBPE,HOXA13,CCAAT/enhancer binding proteins,HOXL subclass homeoboxes,,0,False,False
Norman2019_GEARS_processed_mirror,B4_pca_ridge,L2,CITED1+ctrl,6.0,HOXA13+ctrl,0.8010097599368491,0.7486085330574667,True,CITED1,HOXA13,CBP/p300-interacting transactivator with ED-rich tail family,HOXL subclass homeoboxes,,0,False,False
Norman2019_GEARS_processed_mirror,B4_pca_ridge,L2,CKS1B+ctrl,12.0,HOXA13+ctrl,0.8010097599368493,0.6170278426571565,True,CKS1B,HOXA13,MicroRNA protein coding host genes,HOXL subclass homeoboxes,,0,False,False
Norman2019_GEARS_processed_mirror,B4_pca_ridge,L2,FOXO4+ctrl,7.0,HOXA13+ctrl,0.8010097599368491,0.7127824553863091,True,FOXO4,HOXA13,Forkhead boxes,HOXL subclass homeoboxes,,0,False,False
Norman2019_GEARS_processed_mirror,B4_pca_ridge,L2,HOXA13+ctrl,1.0,HOXA13+ctrl,0.8010097599368491,0.8010097599368491,False,HOXA13,HOXA13,HOXL subclass homeoboxes,HOXL subclass homeoboxes,HOXL subclass homeoboxes,1,True,True
Norman2019_GEARS_processed_mirror,B4_pca_ridge,L2,HOXB9+ctrl,10.0,HOXA13+ctrl,0.8010097599368491,0.6733373480028004,True,HOXB9,HOXA13,HOXL subclass homeoboxes,HOXL subclass homeoboxes,HOXL subclass homeoboxes,1,True,False
Norman2019_GEARS_processed_mirror,B4_pca_ridge,L2,HOXC13+ctrl,3.0,HOXA13+ctrl,0.8010097599368491,0.7803956949972078,True,HOXC13,HOXA13,HOXL subclass homeoboxes,HOXL subclass homeoboxes,HOXL subclass homeoboxes,1,True,False
Norman2019_GEARS_processed_mirror,B4_pca_ridge,L2,KIAA1804+ctrl,13.0,HOXA13+ctrl,0.8010097599368491,0.5877704738134668,True,KIAA1804,HOXA13,,HOXL subclass homeoboxes,,0,False,False
Norman2019_GEARS_processed_mirror,B4_pca_ridge,L2,KIF2C+ctrl,27.0,HOXA13+ctrl,0.8010097599368491,0.318020307645708,True,KIF2C,HOXA13,Kinesins|Small nucleolar RNA protein coding host genes,HOXL subclass homeoboxes,,0,False,False
Norman2019_GEARS_processed_mirror,B4_pca_ridge,L2,MAP2K3+ctrl,33.0,HOXA13+ctrl,0.8010097599368491,-0.4069743745058373,True,MAP2K3,HOXA13,Mitogen-activated protein kinase kinases,HOXL subclass homeoboxes,,0,False,False
Norman2019_GEARS_processed_mirror,B4_pca_ridge,L2,MAP7D1+ctrl,30.0,HOXA13+ctrl,0.8010097599368491,0.0005460511784445,True,MAP7D1,HOXA13,Microtubule associated protein 7 family,HOXL subclass homeoboxes,,0,False,False
Norman2019_GEARS_processed_mirror,B4_pca_ridge,L2,PLK4+ctrl,14.0,HOXA13+ctrl,0.8010097599368491,0.5564528055650451,True,PLK4,HOXA13,Polo like kinase family,HOXL subclass homeoboxes,,0,False,False
Norman2019_GEARS_processed_mirror,B4_pca_ridge,L2,RHOXF2BB+ctrl,5.0,HOXA13+ctrl,0.8010097599368491,0.7589051943296843,True,RHOXF2BB,HOXA13,,HOXL subclass homeoboxes,,0,False,False
Norman2019_GEARS_processed_mirror,B4_pca_ridge,L2,SGK1+TBX2,8.0,HOXA13+ctrl,0.8010097599368491,0.6930487361488533,True,SGK1|TBX2,HOXA13,Serum/glucocorticoid regulated kinase family|T-box transcription factors,HOXL subclass homeoboxes,,0,False,False
Norman2019_GEARS_processed_mirror,B4_pca_ridge,L2,SGK1+ctrl,4.0,HOXA13+ctrl,0.8010097599368491,0.7661115141328239,True,SGK1,HOXA13,Serum/glucocorticoid regulated kinase family,HOXL subclass homeoboxes,,0,False,False
Norman2019_GEARS_processed_mirror,B4_pca_ridge,L2,SLC6A9+ctrl,20.0,HOXA13+ctrl,0.8010097599368491,0.4908300864897483,True,SLC6A9,HOXA13,Solute carrier family 6,HOXL subclass homeoboxes,,0,False,False
Norman2019_GEARS_processed_mirror,B4_pca_ridge,L2,TBX2+ctrl,24.0,HOXA13+ctrl,0.8010097599368491,0.4187911343594189,True,TBX2,HOXA13,T-box transcription factors,HOXL subclass homeoboxes,,0,False,False
Norman2019_GEARS_processed_mirror,B4_pca_ridge,L2,ZC3HAV1+CEBPE,29.0,HOXA13+ctrl,0.8010097599368491,0.0743154095390519,True,ZC3HAV1|CEBPE,HOXA13,CCAAT/enhancer binding proteins|Poly(ADP-ribose) polymerases|Zinc fingers CCCH-type,HOXL subclass homeoboxes,,0,False,False
Norman2019_GEARS_processed_mirror,B4_pca_ridge,L2,ZC3HAV1+HOXC13,11.0,HOXA13+ctrl,0.8010097599368491,0.6451315906264325,True,ZC3HAV1|HOXC13,HOXA13,HOXL subclass homeoboxes|Poly(ADP-ribose) polymerases|Zinc fingers CCCH-type,HOXL subclass homeoboxes,HOXL subclass homeoboxes,1,True,False
Norman2019_GEARS_processed_mirror,B4_pca_ridge,L2,ZC3HAV1+ctrl,32.0,HOXA13+ctrl,0.8010097599368491,-0.2209789892482627,True,ZC3HAV1,HOXA13,Poly(ADP-ribose) polymerases|Zinc fingers CCCH-type,HOXL subclass homeoboxes,,0,False,False
Norman2019_GEARS_processed_mirror,B4_pca_ridge,L2,ctrl+C19orf26,15.0,HOXA13+ctrl,0.8010097599368493,0.5403244818921239,True,C19orf26,HOXA13,,HOXL subclass homeoboxes,,0,False,False
Norman2019_GEARS_processed_mirror,B4_pca_ridge,L2,ctrl+CEBPB,17.0,HOXA13+ctrl,0.8010097599368492,0.5325722146608872,True,CEBPB,HOXA13,CCAAT/enhancer binding proteins,HOXL subclass homeoboxes,,0,False,False
Norman2019_GEARS_processed_mirror,B4_pca_ridge,L2,ctrl+CEBPE,21.0,HOXA13+ctrl,0.8010097599368491,0.4836014946725346,True,CEBPE,HOXA13,CCAAT/enhancer binding proteins,HOXL subclass homeoboxes,,0,False,False
Norman2019_GEARS_processed_mirror,B4_pca_ridge,L2,ctrl+HOXB9,9.0,HOXA13+ctrl,0.8010097599368491,0.6909247056942076,True,HOXB9,HOXA13,HOXL subclass homeoboxes,HOXL subclass homeoboxes,HOXL subclass homeoboxes,1,True,False
Norman2019_GEARS_processed_mirror,B4_pca_ridge,L2,ctrl+HOXC13,2.0,HOXA13+ctrl,0.8010097599368491,0.7805610983451503,True,HOXC13,HOXA13,HOXL subclass homeoboxes,HOXL subclass homeoboxes,HOXL subclass homeoboxes,1,True,False
Norman2019_GEARS_processed_mirror,B4_pca_ridge,L2,ctrl+KIF2C,25.0,HOXA13+ctrl,0.8010097599368491,0.3880809051621763,True,KIF2C,HOXA13,Kinesins|Small nucleolar RNA protein coding host genes,HOXL subclass homeoboxes,,0,False,False
Norman2019_GEARS_processed_mirror,B4_pca_ridge,L2,ctrl+MAP7D1,31.0,HOXA13+ctrl,0.8010097599368491,-0.042219505315536,True,MAP7D1,HOXA13,Microtubule associated protein 7 family,HOXL subclass homeoboxes,,0,False,False
Norman2019_GEARS_processed_mirror,B4_pca_ridge,L2,ctrl+TBX2,23.0,HOXA13+ctrl,0.8010097599368491,0.4235526478697495,True,TBX2,HOXA13,T-box transcription factors,HOXL subclass homeoboxes,,0,False,False
Norman2019_GEARS_processed_mirror,B5_mean_effect,L2,BCL2L11+ctrl,28.0,RHOXF2BB+ctrl,0.7839229702949524,0.2574393153190613,True,BCL2L11,RHOXF2BB,BCL2 homology region 3 (BH3) only,,,0,False,False
Norman2019_GEARS_processed_mirror,B5_mean_effect,L2,BCORL1+ctrl,25.0,RHOXF2BB+ctrl,0.7839229702949524,0.3079768419265747,True,BCORL1,RHOXF2BB,Ankyrin repeat domain containing,,,0,False,False
Norman2019_GEARS_processed_mirror,B5_mean_effect,L2,C19orf26+ctrl,14.0,RHOXF2BB+ctrl,0.7839229702949524,0.5919169187545776,True,C19orf26,RHOXF2BB,,,,0,False,False
Norman2019_GEARS_processed_mirror,B5_mean_effect,L2,CEBPB+ctrl,23.0,RHOXF2BB+ctrl,0.7839229702949524,0.3946757018566131,True,CEBPB,RHOXF2BB,CCAAT/enhancer binding proteins,,,0,False,False
Norman2019_GEARS_processed_mirror,B5_mean_effect,L2,CEBPE+CEBPB,20.0,RHOXF2BB+ctrl,0.7839229702949524,0.4017025530338287,True,CEBPE|CEBPB,RHOXF2BB,CCAAT/enhancer binding proteins,,,0,False,False
Norman2019_GEARS_processed_mirror,B5_mean_effect,L2,CEBPE+ctrl,27.0,RHOXF2BB+ctrl,0.7839229702949524,0.2875158786773681,True,CEBPE,RHOXF2BB,CCAAT/enhancer binding proteins,,,0,False,False
Norman2019_GEARS_processed_mirror,B5_mean_effect,L2,CITED1+ctrl,7.0,RHOXF2BB+ctrl,0.7839229702949524,0.6589224338531494,True,CITED1,RHOXF2BB,CBP/p300-interacting transactivator with ED-rich tail family,,,0,False,False
Norman2019_GEARS_processed_mirror,B5_mean_effect,L2,CKS1B+ctrl,9.0,RHOXF2BB+ctrl,0.7839229702949524,0.6334018707275391,True,CKS1B,RHOXF2BB,MicroRNA protein coding host genes,,,0,False,False
Norman2019_GEARS_processed_mirror,B5_mean_effect,L2,FOXO4+ctrl,8.0,RHOXF2BB+ctrl,0.7839229702949524,0.6514522433280945,True,FOXO4,RHOXF2BB,Forkhead boxes,,,0,False,False
Norman2019_GEARS_processed_mirror,B5_mean_effect,L2,HOXA13+ctrl,3.0,RHOXF2BB+ctrl,0.7839229702949524,0.7295387387275696,True,HOXA13,RHOXF2BB,HOXL subclass homeoboxes,,,0,False,False
Norman2019_GEARS_processed_mirror,B5_mean_effect,L2,HOXB9+ctrl,15.0,RHOXF2BB+ctrl,0.7839229702949524,0.5775298476219177,True,HOXB9,RHOXF2BB,HOXL subclass homeoboxes,,,0,False,False
Norman2019_GEARS_processed_mirror,B5_mean_effect,L2,HOXC13+ctrl,5.0,RHOXF2BB+ctrl,0.7839229702949524,0.7222194671630859,True,HOXC13,RHOXF2BB,HOXL subclass homeoboxes,,,0,False,False
Norman2019_GEARS_processed_mirror,B5_mean_effect,L2,KIAA1804+ctrl,13.0,RHOXF2BB+ctrl,0.7839229702949524,0.5928459167480469,True,KIAA1804,RHOXF2BB,,,,0,False,False
Norman2019_GEARS_processed_mirror,B5_mean_effect,L2,KIF2C+ctrl,26.0,RHOXF2BB+ctrl,0.7839229702949524,0.2905364632606506,True,KIF2C,RHOXF2BB,Kinesins|Small nucleolar RNA protein coding host genes,,,0,False,False
Norman2019_GEARS_processed_mirror,B5_mean_effect,L2,MAP2K3+ctrl,33.0,RHOXF2BB+ctrl,0.7839229702949524,-0.3222595751285553,True,MAP2K3,RHOXF2BB,Mitogen-activated protein kinase kinases,,,0,False,False
Norman2019_GEARS_processed_mirror,B5_mean_effect,L2,MAP7D1+ctrl,29.0,RHOXF2BB+ctrl,0.7839229702949524,0.0045882682316005,True,MAP7D1,RHOXF2BB,Microtubule associated protein 7 family,,,0,False,False
Norman2019_GEARS_processed_mirror,B5_mean_effect,L2,PLK4+ctrl,16.0,RHOXF2BB+ctrl,0.7839229702949524,0.5328464508056641,True,PLK4,RHOXF2BB,Polo like kinase family,,,0,False,False
Norman2019_GEARS_processed_mirror,B5_mean_effect,L2,RHOXF2BB+ctrl,1.0,RHOXF2BB+ctrl,0.7839229702949524,0.7839229702949524,False,RHOXF2BB,RHOXF2BB,,,,0,False,True
Norman2019_GEARS_processed_mirror,B5_mean_effect,L2,SGK1+TBX2,6.0,RHOXF2BB+ctrl,0.7839229702949524,0.7060365676879883,True,SGK1|TBX2,RHOXF2BB,Serum/glucocorticoid regulated kinase family|T-box transcription factors,,,0,False,False
Norman2019_GEARS_processed_mirror,B5_mean_effect,L2,SGK1+ctrl,2.0,RHOXF2BB+ctrl,0.7839229702949524,0.7771896719932556,True,SGK1,RHOXF2BB,Serum/glucocorticoid regulated kinase family,,,0,False,False
Norman2019_GEARS_processed_mirror,B5_mean_effect,L2,SLC6A9+ctrl,17.0,RHOXF2BB+ctrl,0.7839229702949524,0.5253403186798096,True,SLC6A9,RHOXF2BB,Solute carrier family 6,,,0,False,False
Norman2019_GEARS_processed_mirror,B5_mean_effect,L2,TBX2+ctrl,19.0,RHOXF2BB+ctrl,0.7839229702949524,0.4105157852172851,True,TBX2,RHOXF2BB,T-box transcription factors,,,0,False,False
Norman2019_GEARS_processed_mirror,B5_mean_effect,L2,ZC3HAV1+CEBPE,31.0,RHOXF2BB+ctrl,0.7839229702949524,-0.0296360533684492,True,ZC3HAV1|CEBPE,RHOXF2BB,CCAAT/enhancer binding proteins|Poly(ADP-ribose) polymerases|Zinc fingers CCCH-type,,,0,False,False
Norman2019_GEARS_processed_mirror,B5_mean_effect,L2,ZC3HAV1+HOXC13,10.0,RHOXF2BB+ctrl,0.7839229702949524,0.6239345073699951,True,ZC3HAV1|HOXC13,RHOXF2BB,HOXL subclass homeoboxes|Poly(ADP-ribose) polymerases|Zinc fingers CCCH-type,,,0,False,False
Norman2019_GEARS_processed_mirror,B5_mean_effect,L2,ZC3HAV1+ctrl,32.0,RHOXF2BB+ctrl,0.7839229702949524,-0.2218920588493347,True,ZC3HAV1,RHOXF2BB,Poly(ADP-ribose) polymerases|Zinc fingers CCCH-type,,,0,False,False
Norman2019_GEARS_processed_mirror,B5_mean_effect,L2,ctrl+C19orf26,11.0,RHOXF2BB+ctrl,0.7839229702949524,0.6021907329559326,True,C19orf26,RHOXF2BB,,,,0,False,False
Norman2019_GEARS_processed_mirror,B5_mean_effect,L2,ctrl+CEBPB,22.0,RHOXF2BB+ctrl,0.7839229702949524,0.3963216245174408,True,CEBPB,RHOXF2BB,CCAAT/enhancer binding proteins,,,0,False,False
Norman2019_GEARS_processed_mirror,B5_mean_effect,L2,ctrl+CEBPE,24.0,RHOXF2BB+ctrl,0.7839229702949524,0.3404780030250549,True,CEBPE,RHOXF2BB,CCAAT/enhancer binding proteins,,,0,False,False
Norman2019_GEARS_processed_mirror,B5_mean_effect,L2,ctrl+HOXB9,12.0,RHOXF2BB+ctrl,0.7839229702949524,0.5945066213607788,True,HOXB9,RHOXF2BB,HOXL subclass homeoboxes,,,0,False,False
Norman2019_GEARS_processed_mirror,B5_mean_effect,L2,ctrl+HOXC13,4.0,RHOXF2BB+ctrl,0.7839229702949524,0.7231888771057129,True,HOXC13,RHOXF2BB,HOXL subclass homeoboxes,,,0,False,False
Norman2019_GEARS_processed_mirror,B5_mean_effect,L2,ctrl+KIF2C,21.0,RHOXF2BB+ctrl,0.7839229702949524,0.3964848518371582,True,KIF2C,RHOXF2BB,Kinesins|Small nucleolar RNA protein coding host genes,,,0,False,False
Norman2019_GEARS_processed_mirror,B5_mean_effect,L2,ctrl+MAP7D1,30.0,RHOXF2BB+ctrl,0.7839229702949524,-0.0026630850043147,True,MAP7D1,RHOXF2BB,Microtubule associated protein 7 family,,,0,False,False
Norman2019_GEARS_processed_mirror,B5_mean_effect,L2,ctrl+TBX2,18.0,RHOXF2BB+ctrl,0.7839229702949524,0.4215313196182251,True,TBX2,RHOXF2BB,T-box transcription factors,,,0,False,False
Norman2019_GEARS_processed_mirror,FP1_perturbation_blind_mean_effect,L1,AHR+KLF1,47.0,PRDM1+CBFA2T3,0.8203526735305786,0.2798627018928528,True,AHR|KLF1,PRDM1|CBFA2T3,Basic helix-loop-helix proteins|KLF transcription factors|PAS domain containing|Zinc fingers C2H2-type,A-kinase anchoring proteins|PR/SET domain family|Putative lysine methyltransferases|Zinc fingers C2H2-type|Zinc fingers MYND-type,Zinc fingers C2H2-type,1,True,False
Norman2019_GEARS_processed_mirror,FP1_perturbation_blind_mean_effect,L1,BAK1+ctrl,54.0,PRDM1+CBFA2T3,0.8203526735305786,-0.0677114576101303,True,BAK1,PRDM1|CBFA2T3,BCL2 family,A-kinase anchoring proteins|PR/SET domain family|Putative lysine methyltransferases|Zinc fingers C2H2-type|Zinc fingers MYND-type,,0,False,False
Norman2019_GEARS_processed_mirror,FP1_perturbation_blind_mean_effect,L1,BCL2L11+BAK1,53.0,PRDM1+CBFA2T3,0.8203526735305786,-0.0659321919083595,True,BCL2L11|BAK1,PRDM1|CBFA2T3,BCL2 family|BCL2 homology region 3 (BH3) only,A-kinase anchoring proteins|PR/SET domain family|Putative lysine methyltransferases|Zinc fingers C2H2-type|Zinc fingers MYND-type,,0,False,False
Norman2019_GEARS_processed_mirror,FP1_perturbation_blind_mean_effect,L1,BCL2L11+TGFBR2,50.0,PRDM1+CBFA2T3,0.8203526735305786,0.2609823942184448,True,BCL2L11|TGFBR2,PRDM1|CBFA2T3,BCL2 homology region 3 (BH3) only|Type 2 receptor serine/threonine kinases,A-kinase anchoring proteins|PR/SET domain family|Putative lysine methyltransferases|Zinc fingers C2H2-type|Zinc fingers MYND-type,,0,False,False
Norman2019_GEARS_processed_mirror,FP1_perturbation_blind_mean_effect,L1,BPGM+ctrl,39.0,PRDM1+CBFA2T3,0.8203526735305786,0.4815900921821594,True,BPGM,PRDM1|CBFA2T3,Bisphosphoglycerate phosphatases|Phosphoglycerate mutases,A-kinase anchoring proteins|PR/SET domain family|Putative lysine methyltransferases|Zinc fingers C2H2-type|Zinc fingers MYND-type,,0,False,False
Norman2019_GEARS_processed_mirror,FP1_perturbation_blind_mean_effect,L1,C19orf26+ctrl,41.0,PRDM1+CBFA2T3,0.8203526735305786,0.4654072523117065,True,C19orf26,PRDM1|CBFA2T3,,A-kinase anchoring proteins|PR/SET domain family|Putative lysine methyltransferases|Zinc fingers C2H2-type|Zinc fingers MYND-type,,0,False,False
Norman2019_GEARS_processed_mirror,FP1_perturbation_blind_mean_effect,L1,CBL+TGFBR2,32.0,PRDM1+CBFA2T3,0.8203526735305786,0.5601283311843872,True,CBL|TGFBR2,PRDM1|CBFA2T3,Ring finger proteins|Type 2 receptor serine/threonine kinases,A-kinase anchoring proteins|PR/SET domain family|Putative lysine methyltransferases|Zinc fingers C2H2-type|Zinc fingers MYND-type,,0,False,False
Norman2019_GEARS_processed_mirror,FP1_perturbation_blind_mean_effect,L1,CBL+UBASH3A,16.0,PRDM1+CBFA2T3,0.8203526735305786,0.6711779236793518,True,CBL|UBASH3A,PRDM1|CBFA2T3,Ring finger proteins,A-kinase anchoring proteins|PR/SET domain family|Putative lysine methyltransferases|Zinc fingers C2H2-type|Zinc fingers MYND-type,,0,False,False
Norman2019_GEARS_processed_mirror,FP1_perturbation_blind_mean_effect,L1,CBL+UBASH3B,17.0,PRDM1+CBFA2T3,0.8203526735305786,0.666843056678772,True,CBL|UBASH3B,PRDM1|CBFA2T3,Protein phosphatases|Ring finger proteins,A-kinase anchoring proteins|PR/SET domain family|Putative lysine methyltransferases|Zinc fingers C2H2-type|Zinc fingers MYND-type,,0,False,False
Norman2019_GEARS_processed_mirror,FP1_perturbation_blind_mean_effect,L1,CBL+ctrl,36.0,PRDM1+CBFA2T3,0.8203526735305786,0.5128276348114014,True,CBL,PRDM1|CBFA2T3,Ring finger proteins,A-kinase anchoring proteins|PR/SET domain family|Putative lysine methyltransferases|Zinc fingers C2H2-type|Zinc fingers MYND-type,,0,False,False
Norman2019_GEARS_processed_mirror,FP1_perturbation_blind_mean_effect,L1,CDKN1C+CDKN1B,11.0,PRDM1+CBFA2T3,0.8203526735305786,0.7154043912887573,True,CDKN1C|CDKN1B,PRDM1|CBFA2T3,Cyclin dependent kinase inhibitor 1 family,A-kinase anchoring proteins|PR/SET domain family|Putative lysine methyltransferases|Zinc fingers C2H2-type|Zinc fingers MYND-type,,0,False,False
Norman2019_GEARS_processed_mirror,FP1_perturbation_blind_mean_effect,L1,CEBPA+ctrl,29.0,PRDM1+CBFA2T3,0.8203526735305786,0.5707264542579651,True,CEBPA,PRDM1|CBFA2T3,CCAAT/enhancer binding proteins,A-kinase anchoring proteins|PR/SET domain family|Putative lysine methyltransferases|Zinc fingers C2H2-type|Zinc fingers MYND-type,,0,False,False
Norman2019_GEARS_processed_mirror,FP1_perturbation_blind_mean_effect,L1,CEBPB+CEBPA,31.0,PRDM1+CBFA2T3,0.8203526735305786,0.5602291822433472,True,CEBPB|CEBPA,PRDM1|CBFA2T3,CCAAT/enhancer binding proteins,A-kinase anchoring proteins|PR/SET domain family|Putative lysine methyltransferases|Zinc fingers C2H2-type|Zinc fingers MYND-type,,0,False,False
Norman2019_GEARS_processed_mirror,FP1_perturbation_blind_mean_effect,L1,CEBPE+SPI1,24.0,PRDM1+CBFA2T3,0.8203526735305786,0.6221732497215271,True,CEBPE|SPI1,PRDM1|CBFA2T3,CCAAT/enhancer binding proteins|ETS transcription factor family,A-kinase anchoring proteins|PR/SET domain family|Putative lysine methyltransferases|Zinc fingers C2H2-type|Zinc fingers MYND-type,,0,False,False
Norman2019_GEARS_processed_mirror,FP1_perturbation_blind_mean_effect,L1,COL2A1+ctrl,51.0,PRDM1+CBFA2T3,0.8203526735305786,0.2417816072702407,True,COL2A1,PRDM1|CBFA2T3,Fibrillar collagens,A-kinase anchoring proteins|PR/SET domain family|Putative lysine methyltransferases|Zinc fingers C2H2-type|Zinc fingers MYND-type,,0,False,False
Norman2019_GEARS_processed_mirror,FP1_perturbation_blind_mean_effect,L1,DUSP9+KLF1,34.0,PRDM1+CBFA2T3,0.8203526735305786,0.5554218888282776,True,DUSP9|KLF1,PRDM1|CBFA2T3,KLF transcription factors|MAP kinase phosphatases|Zinc fingers C2H2-type,A-kinase anchoring proteins|PR/SET domain family|Putative lysine methyltransferases|Zinc fingers C2H2-type|Zinc fingers MYND-type,Zinc fingers C2H2-type,1,True,False
Norman2019_GEARS_processed_mirror,FP1_perturbation_blind_mean_effect,L1,ELMSAN1+ctrl,56.0,PRDM1+CBFA2T3,0.8203526735305786,-0.0899112820625305,True,ELMSAN1,PRDM1|CBFA2T3,,A-kinase anchoring proteins|PR/SET domain family|Putative lysine methyltransferases|Zinc fingers C2H2-type|Zinc fingers MYND-type,,0,False,False
Norman2019_GEARS_processed_mirror,FP1_perturbation_blind_mean_effect,L1,ETS2+CEBPE,44.0,PRDM1+CBFA2T3,0.8203526735305786,0.3834206461906433,True,ETS2|CEBPE,PRDM1|CBFA2T3,CCAAT/enhancer binding proteins|ETS transcription factor family,A-kinase anchoring proteins|PR/SET domain family|Putative lysine methyltransferases|Zinc fingers C2H2-type|Zinc fingers MYND-type,,0,False,False
Norman2019_GEARS_processed_mirror,FP1_perturbation_blind_mean_effect,L1,ETS2+IKZF3,6.0,PRDM1+CBFA2T3,0.8203526735305786,0.7512530088424683,True,ETS2|IKZF3,PRDM1|CBFA2T3,ETS transcription factor family|Zinc fingers C2H2-type,A-kinase anchoring proteins|PR/SET domain family|Putative lysine methyltransferases|Zinc fingers C2H2-type|Zinc fingers MYND-type,Zinc fingers C2H2-type,1,True,False
Norman2019_GEARS_processed_mirror,FP1_perturbation_blind_mean_effect,L1,FOSB+IKZF3,10.0,PRDM1+CBFA2T3,0.8203526735305786,0.7169033288955688,True,FOSB|IKZF3,PRDM1|CBFA2T3,Fos transcription factor family|Zinc fingers C2H2-type,A-kinase anchoring proteins|PR/SET domain family|Putative lysine methyltransferases|Zinc fingers C2H2-type|Zinc fingers MYND-type,Zinc fingers C2H2-type,1,True,False
Norman2019_GEARS_processed_mirror,FP1_perturbation_blind_mean_effect,L1,FOSB+OSR2,45.0,PRDM1+CBFA2T3,0.8203526735305786,0.3586970567703247,True,FOSB|OSR2,PRDM1|CBFA2T3,Fos transcription factor family|Zinc fingers C2H2-type,A-kinase anchoring proteins|PR/SET domain family|Putative lysine methyltransferases|Zinc fingers C2H2-type|Zinc fingers MYND-type,Zinc fingers C2H2-type,1,True,False
Norman2019_GEARS_processed_mirror,FP1_perturbation_blind_mean_effect,L1,FOXA1+ctrl,25.0,PRDM1+CBFA2T3,0.8203526735305786,0.6202545166015625,True,FOXA1,PRDM1|CBFA2T3,Forkhead boxes,A-kinase anchoring proteins|PR/SET domain family|Putative lysine methyltransferases|Zinc fingers C2H2-type|Zinc fingers MYND-type,,0,False,False
Norman2019_GEARS_processed_mirror,FP1_perturbation_blind_mean_effect,L1,FOXF1+ctrl,30.0,PRDM1+CBFA2T3,0.8203526735305786,0.57037752866745,True,FOXF1,PRDM1|CBFA2T3,Forkhead boxes,A-kinase anchoring proteins|PR/SET domain family|Putative lysine methyltransferases|Zinc fingers C2H2-type|Zinc fingers MYND-type,,0,False,False
Norman2019_GEARS_processed_mirror,FP1_perturbation_blind_mean_effect,L1,IER5L+ctrl,7.0,PRDM1+CBFA2T3,0.8203526735305786,0.7380696535110474,True,IER5L,PRDM1|CBFA2T3,,A-kinase anchoring proteins|PR/SET domain family|Putative lysine methyltransferases|Zinc fingers C2H2-type|Zinc fingers MYND-type,,0,False,False
Norman2019_GEARS_processed_mirror,FP1_perturbation_blind_mean_effect,L1,IGDCC3+PRTG,12.0,PRDM1+CBFA2T3,0.8203526735305786,0.7068454623222351,True,IGDCC3|PRTG,PRDM1|CBFA2T3,Fibronectin type III domain containing|I-set domain containing,A-kinase anchoring proteins|PR/SET domain family|Putative lysine methyltransferases|Zinc fingers C2H2-type|Zinc fingers MYND-type,,0,False,False
Norman2019_GEARS_processed_mirror,FP1_perturbation_blind_mean_effect,L1,IKZF3+ctrl,8.0,PRDM1+CBFA2T3,0.8203526735305786,0.7218836545944214,True,IKZF3,PRDM1|CBFA2T3,Zinc fingers C2H2-type,A-kinase anchoring proteins|PR/SET domain family|Putative lysine methyltransferases|Zinc fingers C2H2-type|Zinc fingers MYND-type,Zinc fingers C2H2-type,1,True,False
Norman2019_GEARS_processed_mirror,FP1_perturbation_blind_mean_effect,L1,LHX1+ELMSAN1,40.0,PRDM1+CBFA2T3,0.8203526735305786,0.4704039096832275,True,LHX1|ELMSAN1,PRDM1|CBFA2T3,LIM class homeoboxes,A-kinase anchoring proteins|PR/SET domain family|Putative lysine methyltransferases|Zinc fingers C2H2-type|Zinc fingers MYND-type,,0,False,False
Norman2019_GEARS_processed_mirror,FP1_perturbation_blind_mean_effect,L1,LYL1+CEBPB,20.0,PRDM1+CBFA2T3,0.8203526735305786,0.6410260200500488,True,LYL1|CEBPB,PRDM1|CBFA2T3,Basic helix-loop-helix proteins|CCAAT/enhancer binding proteins,A-kinase anchoring proteins|PR/SET domain family|Putative lysine methyltransferases|Zinc fingers C2H2-type|Zinc fingers MYND-type,,0,False,False
Norman2019_GEARS_processed_mirror,FP1_perturbation_blind_mean_effect,L1,LYL1+IER5L,2.0,PRDM1+CBFA2T3,0.8203526735305786,0.7983845472335815,True,LYL1|IER5L,PRDM1|CBFA2T3,Basic helix-loop-helix proteins,A-kinase anchoring proteins|PR/SET domain family|Putative lysine methyltransferases|Zinc fingers C2H2-type|Zinc fingers MYND-type,,0,False,False
Norman2019_GEARS_processed_mirror,FP1_perturbation_blind_mean_effect,L1,MAP2K3+MAP2K6,57.0,PRDM1+CBFA2T3,0.8203526735305786,-0.3450852632522583,True,MAP2K3|MAP2K6,PRDM1|CBFA2T3,Mitogen-activated protein kinase kinases,A-kinase anchoring proteins|PR/SET domain family|Putative lysine methyltransferases|Zinc fingers C2H2-type|Zinc fingers MYND-type,,0,False,False
Norman2019_GEARS_processed_mirror,FP1_perturbation_blind_mean_effect,L1,MAP2K6+IKZF3,19.0,PRDM1+CBFA2T3,0.8203526735305786,0.644254207611084,True,MAP2K6|IKZF3,PRDM1|CBFA2T3,Mitogen-activated protein kinase kinases|Zinc fingers C2H2-type,A-kinase anchoring proteins|PR/SET domain family|Putative lysine methyltransferases|Zinc fingers C2H2-type|Zinc fingers MYND-type,Zinc fingers C2H2-type,1,True,False
Norman2019_GEARS_processed_mirror,FP1_perturbation_blind_mean_effect,L1,MAP2K6+SPI1,38.0,PRDM1+CBFA2T3,0.8203526735305786,0.5078864097595215,True,MAP2K6|SPI1,PRDM1|CBFA2T3,ETS transcription factor family|Mitogen-activated protein kinase kinases,A-kinase anchoring proteins|PR/SET domain family|Putative lysine methyltransferases|Zinc fingers C2H2-type|Zinc fingers MYND-type,,0,False,False
Norman2019_GEARS_processed_mirror,FP1_perturbation_blind_mean_effect,L1,MAP4K5+ctrl,35.0,PRDM1+CBFA2T3,0.8203526735305786,0.5484408140182495,True,MAP4K5,PRDM1|CBFA2T3,MAP4K family (GCK-I subfamily),A-kinase anchoring proteins|PR/SET domain family|Putative lysine methyltransferases|Zinc fingers C2H2-type|Zinc fingers MYND-type,,0,False,False
Norman2019_GEARS_processed_mirror,FP1_perturbation_blind_mean_effect,L1,MAPK1+PRTG,37.0,PRDM1+CBFA2T3,0.8203526735305786,0.509082019329071,True,MAPK1|PRTG,PRDM1|CBFA2T3,Fibronectin type III domain containing|I-set domain containing|Mitogen-activated protein kinase 3 and 1 (ERK1/2) family,A-kinase anchoring proteins|PR/SET domain family|Putative lysine methyltransferases|Zinc fingers C2H2-type|Zinc fingers MYND-type,,0,False,False
Norman2019_GEARS_processed_mirror,FP1_perturbation_blind_mean_effect,L1,MAPK1+TGFBR2,49.0,PRDM1+CBFA2T3,0.8203526735305786,0.2678501009941101,True,MAPK1|TGFBR2,PRDM1|CBFA2T3,Mitogen-activated protein kinase 3 and 1 (ERK1/2) family|Type 2 receptor serine/threonine kinases,A-kinase anchoring proteins|PR/SET domain family|Putative lysine methyltransferases|Zinc fingers C2H2-type|Zinc fingers MYND-type,,0,False,False
Norman2019_GEARS_processed_mirror,FP1_perturbation_blind_mean_effect,L1,MIDN+ctrl,13.0,PRDM1+CBFA2T3,0.8203526735305786,0.698552668094635,True,MIDN,PRDM1|CBFA2T3,,A-kinase anchoring proteins|PR/SET domain family|Putative lysine methyltransferases|Zinc fingers C2H2-type|Zinc fingers MYND-type,,0,False,False
Norman2019_GEARS_processed_mirror,FP1_perturbation_blind_mean_effect,L1,POU3F2+CBFA2T3,4.0,PRDM1+CBFA2T3,0.8203526735305786,0.7679414749145508,True,POU3F2|CBFA2T3,PRDM1|CBFA2T3,A-kinase anchoring proteins|POU class homeoboxes and pseudogenes|Zinc fingers MYND-type,A-kinase anchoring proteins|PR/SET domain family|Putative lysine methyltransferases|Zinc fingers C2H2-type|Zinc fingers MYND-type,A-kinase anchoring proteins|Zinc fingers MYND-type,2,True,False
Norman2019_GEARS_processed_mirror,FP1_perturbation_blind_mean_effect,L1,PRDM1+CBFA2T3,1.0,PRDM1+CBFA2T3,0.8203526735305786,0.8203526735305786,False,PRDM1|CBFA2T3,PRDM1|CBFA2T3,A-kinase anchoring proteins|PR/SET domain family|Putative lysine methyltransferases|Zinc fingers C2H2-type|Zinc fingers MYND-type,A-kinase anchoring proteins|PR/SET domain family|Putative lysine methyltransferases|Zinc fingers C2H2-type|Zinc fingers MYND-type,A-kinase anchoring proteins|PR/SET domain family|Putative lysine methyltransferases|Zinc fingers C2H2-type|Zinc fingers MYND-type,5,True,True
Norman2019_GEARS_processed_mirror,FP1_perturbation_blind_mean_effect,L1,PRDM1+ctrl,15.0,PRDM1+CBFA2T3,0.8203526735305786,0.6832705736160278,True,PRDM1,PRDM1|CBFA2T3,PR/SET domain family|Putative lysine methyltransferases|Zinc fingers C2H2-type,A-kinase anchoring proteins|PR/SET domain family|Putative lysine methyltransferases|Zinc fingers C2H2-type|Zinc fingers MYND-type,PR/SET domain family|Putative lysine methyltransferases|Zinc fingers C2H2-type,3,True,False
Norman2019_GEARS_processed_mirror,FP1_perturbation_blind_mean_effect,L1,PRTG+ctrl,18.0,PRDM1+CBFA2T3,0.8203526735305786,0.6508596539497375,True,PRTG,PRDM1|CBFA2T3,Fibronectin type III domain containing|I-set domain containing,A-kinase anchoring proteins|PR/SET domain family|Putative lysine methyltransferases|Zinc fingers C2H2-type|Zinc fingers MYND-type,,0,False,False
Norman2019_GEARS_processed_mirror,FP1_perturbation_blind_mean_effect,L1,PTPN12+SNAI1,23.0,PRDM1+CBFA2T3,0.8203526735305786,0.6283888816833496,True,PTPN12|SNAI1,PRDM1|CBFA2T3,Protein tyrosine phosphatases non-receptor type|SNAG transcriptional repressors|Zinc fingers C2H2-type,A-kinase anchoring proteins|PR/SET domain family|Putative lysine methyltransferases|Zinc fingers C2H2-type|Zinc fingers MYND-type,Zinc fingers C2H2-type,1,True,False
Norman2019_GEARS_processed_mirror,FP1_perturbation_blind_mean_effect,L1,S1PR2+ctrl,33.0,PRDM1+CBFA2T3,0.8203526735305786,0.5559326410293579,True,S1PR2,PRDM1|CBFA2T3,Sphingosine 1-phosphate receptors,A-kinase anchoring proteins|PR/SET domain family|Putative lysine methyltransferases|Zinc fingers C2H2-type|Zinc fingers MYND-type,,0,False,False
Norman2019_GEARS_processed_mirror,FP1_perturbation_blind_mean_effect,L1,SGK1+ctrl,9.0,PRDM1+CBFA2T3,0.8203526735305786,0.7183866500854492,True,SGK1,PRDM1|CBFA2T3,Serum/glucocorticoid regulated kinase family,A-kinase anchoring proteins|PR/SET domain family|Putative lysine methyltransferases|Zinc fingers C2H2-type|Zinc fingers MYND-type,,0,False,False
Norman2019_GEARS_processed_mirror,FP1_perturbation_blind_mean_effect,L1,SNAI1+DLX2,28.0,PRDM1+CBFA2T3,0.8203526735305786,0.5922352075576782,True,SNAI1|DLX2,PRDM1|CBFA2T3,Distal-less homeobox family|SNAG transcriptional repressors|Zinc fingers C2H2-type,A-kinase anchoring proteins|PR/SET domain family|Putative lysine methyltransferases|Zinc fingers C2H2-type|Zinc fingers MYND-type,Zinc fingers C2H2-type,1,True,False
Norman2019_GEARS_processed_mirror,FP1_perturbation_blind_mean_effect,L1,SPI1+ctrl,5.0,PRDM1+CBFA2T3,0.8203526735305786,0.7621529698371887,True,SPI1,PRDM1|CBFA2T3,ETS transcription factor family,A-kinase anchoring proteins|PR/SET domain family|Putative lysine methyltransferases|Zinc fingers C2H2-type|Zinc fingers MYND-type,,0,False,False
Norman2019_GEARS_processed_mirror,FP1_perturbation_blind_mean_effect,L1,STIL+ctrl,21.0,PRDM1+CBFA2T3,0.8203526735305786,0.6325273513793945,True,STIL,PRDM1|CBFA2T3,,A-kinase anchoring proteins|PR/SET domain family|Putative lysine methyltransferases|Zinc fingers C2H2-type|Zinc fingers MYND-type,,0,False,False
Norman2019_GEARS_processed_mirror,FP1_perturbation_blind_mean_effect,L1,TBX3+TBX2,42.0,PRDM1+CBFA2T3,0.8203526735305786,0.4076519608497619,True,TBX3|TBX2,PRDM1|CBFA2T3,T-box transcription factors,A-kinase anchoring proteins|PR/SET domain family|Putative lysine methyltransferases|Zinc fingers C2H2-type|Zinc fingers MYND-type,,0,False,False
Norman2019_GEARS_processed_mirror,FP1_perturbation_blind_mean_effect,L1,TP73+ctrl,3.0,PRDM1+CBFA2T3,0.8203526735305786,0.7877432107925415,True,TP73,PRDM1|CBFA2T3,,A-kinase anchoring proteins|PR/SET domain family|Putative lysine methyltransferases|Zinc fingers C2H2-type|Zinc fingers MYND-type,,0,False,False
Norman2019_GEARS_processed_mirror,FP1_perturbation_blind_mean_effect,L1,UBASH3B+PTPN12,27.0,PRDM1+CBFA2T3,0.8203526735305786,0.6056088209152222,True,UBASH3B|PTPN12,PRDM1|CBFA2T3,Protein phosphatases|Protein tyrosine phosphatases non-receptor type,A-kinase anchoring proteins|PR/SET domain family|Putative lysine methyltransferases|Zinc fingers C2H2-type|Zinc fingers MYND-type,,0,False,False
Norman2019_GEARS_processed_mirror,FP1_perturbation_blind_mean_effect,L1,UBASH3B+PTPN9,14.0,PRDM1+CBFA2T3,0.8203526735305786,0.683344304561615,True,UBASH3B|PTPN9,PRDM1|CBFA2T3,CRAL-TRIO lipid binding domain containing|Protein phosphatases|Protein tyrosine phosphatases non-receptor type,A-kinase anchoring proteins|PR/SET domain family|Putative lysine methyltransferases|Zinc fingers C2H2-type|Zinc fingers MYND-type,,0,False,False
Norman2019_GEARS_processed_mirror,FP1_perturbation_blind_mean_effect,L1,ctrl+ELMSAN1,55.0,PRDM1+CBFA2T3,0.8203526735305786,-0.0753770023584365,True,ELMSAN1,PRDM1|CBFA2T3,,A-kinase anchoring proteins|PR/SET domain family|Putative lysine methyltransferases|Zinc fingers C2H2-type|Zinc fingers MYND-type,,0,False,False
Norman2019_GEARS_processed_mirror,FP1_perturbation_blind_mean_effect,L1,ctrl+FOXL2,22.0,PRDM1+CBFA2T3,0.8203526735305786,0.6297204494476318,True,FOXL2,PRDM1|CBFA2T3,Forkhead boxes,A-kinase anchoring proteins|PR/SET domain family|Putative lysine methyltransferases|Zinc fingers C2H2-type|Zinc fingers MYND-type,,0,False,False
Norman2019_GEARS_processed_mirror,FP1_perturbation_blind_mean_effect,L1,ctrl+ISL2,46.0,PRDM1+CBFA2T3,0.8203526735305786,0.281672328710556,True,ISL2,PRDM1|CBFA2T3,LIM class homeoboxes,A-kinase anchoring proteins|PR/SET domain family|Putative lysine methyltransferases|Zinc fingers C2H2-type|Zinc fingers MYND-type,,0,False,False
Norman2019_GEARS_processed_mirror,FP1_perturbation_blind_mean_effect,L1,ctrl+PRTG,26.0,PRDM1+CBFA2T3,0.8203526735305786,0.6115213632583618,True,PRTG,PRDM1|CBFA2T3,Fibronectin type III domain containing|I-set domain containing,A-kinase anchoring proteins|PR/SET domain family|Putative lysine methyltransferases|Zinc fingers C2H2-type|Zinc fingers MYND-type,,0,False,False
Norman2019_GEARS_processed_mirror,FP1_perturbation_blind_mean_effect,L1,ctrl+RUNX1T1,52.0,PRDM1+CBFA2T3,0.8203526735305786,0.2354421317577362,True,RUNX1T1,PRDM1|CBFA2T3,Zinc fingers MYND-type,A-kinase anchoring proteins|PR/SET domain family|Putative lysine methyltransferases|Zinc fingers C2H2-type|Zinc fingers MYND-type,Zinc fingers MYND-type,1,True,False
Norman2019_GEARS_processed_mirror,FP1_perturbation_blind_mean_effect,L1,ctrl+TBX2,43.0,PRDM1+CBFA2T3,0.8203526735305786,0.4036008715629577,True,TBX2,PRDM1|CBFA2T3,T-box transcription factors,A-kinase anchoring proteins|PR/SET domain family|Putative lysine methyltransferases|Zinc fingers C2H2-type|Zinc fingers MYND-type,,0,False,False
Norman2019_GEARS_processed_mirror,FP1_perturbation_blind_mean_effect,L1,ctrl+TBX3,48.0,PRDM1+CBFA2T3,0.8203526735305786,0.2711613178253174,True,TBX3,PRDM1|CBFA2T3,T-box transcription factors,A-kinase anchoring proteins|PR/SET domain family|Putative lysine methyltransferases|Zinc fingers C2H2-type|Zinc fingers MYND-type,,0,False,False
Norman2019_GEARS_processed_mirror,FP2_cell_state_blind_additive,L1,AHR+KLF1,1.0,AHR+KLF1,0.9072771072387696,0.9072771072387696,False,AHR|KLF1,AHR|KLF1,Basic helix-loop-helix proteins|KLF transcription factors|PAS domain containing|Zinc fingers C2H2-type,Basic helix-loop-helix proteins|KLF transcription factors|PAS domain containing|Zinc fingers C2H2-type,Basic helix-loop-helix proteins|KLF transcription factors|PAS domain containing|Zinc fingers C2H2-type,4,True,True
Norman2019_GEARS_processed_mirror,FP2_cell_state_blind_additive,L1,BAK1+ctrl,1.0,BAK1+ctrl,0.7755186557769775,0.7755186557769775,False,BAK1,BAK1,BCL2 family,BCL2 family,BCL2 family,1,True,True
Norman2019_GEARS_processed_mirror,FP2_cell_state_blind_additive,L1,BCL2L11+BAK1,3.0,BAK1+ctrl,0.6484781503677368,0.4893544316291809,True,BCL2L11|BAK1,BAK1,BCL2 family|BCL2 homology region 3 (BH3) only,BCL2 family,BCL2 family,1,True,False
Norman2019_GEARS_processed_mirror,FP2_cell_state_blind_additive,L1,BCL2L11+TGFBR2,1.0,BCL2L11+TGFBR2,0.7835096716880798,0.7835096716880798,False,BCL2L11|TGFBR2,BCL2L11|TGFBR2,BCL2 homology region 3 (BH3) only|Type 2 receptor serine/threonine kinases,BCL2 homology region 3 (BH3) only|Type 2 receptor serine/threonine kinases,BCL2 homology region 3 (BH3) only|Type 2 receptor serine/threonine kinases,2,True,True
Norman2019_GEARS_processed_mirror,FP2_cell_state_blind_additive,L1,BPGM+ctrl,39.0,PRDM1+CBFA2T3,0.8203526735305786,0.4815900921821594,True,BPGM,PRDM1|CBFA2T3,Bisphosphoglycerate phosphatases|Phosphoglycerate mutases,A-kinase anchoring proteins|PR/SET domain family|Putative lysine methyltransferases|Zinc fingers C2H2-type|Zinc fingers MYND-type,,0,False,False
Norman2019_GEARS_processed_mirror,FP2_cell_state_blind_additive,L1,C19orf26+ctrl,1.0,C19orf26+ctrl,0.892096757888794,0.892096757888794,False,C19orf26,C19orf26,,,,0,False,True
Norman2019_GEARS_processed_mirror,FP2_cell_state_blind_additive,L1,CBL+TGFBR2,2.0,BCL2L11+TGFBR2,0.6780651211738586,0.5917359590530396,True,CBL|TGFBR2,BCL2L11|TGFBR2,Ring finger proteins|Type 2 receptor serine/threonine kinases,BCL2 homology region 3 (BH3) only|Type 2 receptor serine/threonine kinases,Type 2 receptor serine/threonine kinases,1,True,False
Norman2019_GEARS_processed_mirror,FP2_cell_state_blind_additive,L1,CBL+UBASH3A,13.0,CDKN1C+CDKN1B,0.6324633359909058,0.495131105184555,True,CBL|UBASH3A,CDKN1C|CDKN1B,Ring finger proteins,Cyclin dependent kinase inhibitor 1 family,,0,False,False
Norman2019_GEARS_processed_mirror,FP2_cell_state_blind_additive,L1,CBL+UBASH3B,3.0,UBASH3B+PTPN9,0.9041696190834044,0.8819698691368103,True,CBL|UBASH3B,UBASH3B|PTPN9,Protein phosphatases|Ring finger proteins,CRAL-TRIO lipid binding domain containing|Protein phosphatases|Protein tyrosine phosphatases non-receptor type,Protein phosphatases,1,True,False
Norman2019_GEARS_processed_mirror,FP2_cell_state_blind_additive,L1,CBL+ctrl,36.0,PRDM1+CBFA2T3,0.8203526735305786,0.5128276348114014,True,CBL,PRDM1|CBFA2T3,Ring finger proteins,A-kinase anchoring proteins|PR/SET domain family|Putative lysine methyltransferases|Zinc fingers C2H2-type|Zinc fingers MYND-type,,0,False,False
Norman2019_GEARS_processed_mirror,FP2_cell_state_blind_additive,L1,CDKN1C+CDKN1B,1.0,CDKN1C+CDKN1B,0.9404028058052064,0.9404028058052064,False,CDKN1C|CDKN1B,CDKN1C|CDKN1B,Cyclin dependent kinase inhibitor 1 family,Cyclin dependent kinase inhibitor 1 family,Cyclin dependent kinase inhibitor 1 family,1,True,True
Norman2019_GEARS_processed_mirror,FP2_cell_state_blind_additive,L1,CEBPA+ctrl,1.0,CEBPA+ctrl,0.9922826886177064,0.9922826886177064,False,CEBPA,CEBPA,CCAAT/enhancer binding proteins,CCAAT/enhancer binding proteins,CCAAT/enhancer binding proteins,1,True,True
Norman2019_GEARS_processed_mirror,FP2_cell_state_blind_additive,L1,CEBPB+CEBPA,2.0,CEBPA+ctrl,0.9754399061203004,0.961233377456665,True,CEBPB|CEBPA,CEBPA,CCAAT/enhancer binding proteins,CCAAT/enhancer binding proteins,CCAAT/enhancer binding proteins,1,True,False
Norman2019_GEARS_processed_mirror,FP2_cell_state_blind_additive,L1,CEBPE+SPI1,1.0,CEBPE+SPI1,0.9458473324775696,0.9458473324775696,False,CEBPE|SPI1,CEBPE|SPI1,CCAAT/enhancer binding proteins|ETS transcription factor family,CCAAT/enhancer binding proteins|ETS transcription factor family,CCAAT/enhancer binding proteins|ETS transcription factor family,2,True,True
Norman2019_GEARS_processed_mirror,FP2_cell_state_blind_additive,L1,COL2A1+ctrl,1.0,COL2A1+ctrl,0.9643863439559937,0.9643863439559937,False,COL2A1,COL2A1,Fibrillar collagens,Fibrillar collagens,Fibrillar collagens,1,True,True
Norman2019_GEARS_processed_mirror,FP2_cell_state_blind_additive,L1,DUSP9+KLF1,2.0,AHR+KLF1,0.8930109143257141,0.6712750196456909,True,DUSP9|KLF1,AHR|KLF1,KLF transcription factors|MAP kinase phosphatases|Zinc fingers C2H2-type,Basic helix-loop-helix proteins|KLF transcription factors|PAS domain containing|Zinc fingers C2H2-type,KLF transcription factors|Zinc fingers C2H2-type,2,True,False
Norman2019_GEARS_processed_mirror,FP2_cell_state_blind_additive,L1,ELMSAN1+ctrl,56.0,PRDM1+CBFA2T3,0.8203526735305786,-0.0899112820625305,True,ELMSAN1,PRDM1|CBFA2T3,,A-kinase anchoring proteins|PR/SET domain family|Putative lysine methyltransferases|Zinc fingers C2H2-type|Zinc fingers MYND-type,,0,False,False
Norman2019_GEARS_processed_mirror,FP2_cell_state_blind_additive,L1,ETS2+CEBPE,1.0,ETS2+CEBPE,0.9648578763008118,0.9648578763008118,False,ETS2|CEBPE,ETS2|CEBPE,CCAAT/enhancer binding proteins|ETS transcription factor family,CCAAT/enhancer binding proteins|ETS transcription factor family,CCAAT/enhancer binding proteins|ETS transcription factor family,2,True,True
Norman2019_GEARS_processed_mirror,FP2_cell_state_blind_additive,L1,ETS2+IKZF3,1.0,ETS2+IKZF3,0.9456427693367004,0.9456427693367004,False,ETS2|IKZF3,ETS2|IKZF3,ETS transcription factor family|Zinc fingers C2H2-type,ETS transcription factor family|Zinc fingers C2H2-type,ETS transcription factor family|Zinc fingers C2H2-type,2,True,True
Norman2019_GEARS_processed_mirror,FP2_cell_state_blind_additive,L1,FOSB+IKZF3,4.0,IKZF3+ctrl,0.9853705763816832,0.8973460793495178,True,FOSB|IKZF3,IKZF3,Fos transcription factor family|Zinc fingers C2H2-type,Zinc fingers C2H2-type,Zinc fingers C2H2-type,1,True,False
Norman2019_GEARS_processed_mirror,FP2_cell_state_blind_additive,L1,FOSB+OSR2,1.0,FOSB+OSR2,0.8399298787117004,0.8399298787117004,False,FOSB|OSR2,FOSB|OSR2,Fos transcription factor family|Zinc fingers C2H2-type,Fos transcription factor family|Zinc fingers C2H2-type,Fos transcription factor family|Zinc fingers C2H2-type,2,True,True
Norman2019_GEARS_processed_mirror,FP2_cell_state_blind_additive,L1,FOXA1+ctrl,1.0,FOXA1+ctrl,0.9083954095840454,0.9083954095840454,False,FOXA1,FOXA1,Forkhead boxes,Forkhead boxes,Forkhead boxes,1,True,True
Norman2019_GEARS_processed_mirror,FP2_cell_state_blind_additive,L1,FOXF1+ctrl,1.0,FOXF1+ctrl,0.8326599597930908,0.8326599597930908,False,FOXF1,FOXF1,Forkhead boxes,Forkhead boxes,Forkhead boxes,1,True,True
Norman2019_GEARS_processed_mirror,FP2_cell_state_blind_additive,L1,IER5L+ctrl,2.0,LYL1+IER5L,0.864996612071991,0.8549458384513855,True,IER5L,LYL1|IER5L,,Basic helix-loop-helix proteins,,0,False,False
Norman2019_GEARS_processed_mirror,FP2_cell_state_blind_additive,L1,IGDCC3+PRTG,1.0,IGDCC3+PRTG,0.9076522588729858,0.9076522588729858,False,IGDCC3|PRTG,IGDCC3|PRTG,Fibronectin type III domain containing|I-set domain containing,Fibronectin type III domain containing|I-set domain containing,Fibronectin type III domain containing|I-set domain containing,2,True,True
Norman2019_GEARS_processed_mirror,FP2_cell_state_blind_additive,L1,IKZF3+ctrl,1.0,IKZF3+ctrl,0.9853705763816832,0.9853705763816832,False,IKZF3,IKZF3,Zinc fingers C2H2-type,Zinc fingers C2H2-type,Zinc fingers C2H2-type,1,True,True
Norman2019_GEARS_processed_mirror,FP2_cell_state_blind_additive,L1,LHX1+ELMSAN1,1.0,LHX1+ELMSAN1,0.8149676322937012,0.8149676322937012,False,LHX1|ELMSAN1,LHX1|ELMSAN1,LIM class homeoboxes,LIM class homeoboxes,LIM class homeoboxes,1,True,True
Norman2019_GEARS_processed_mirror,FP2_cell_state_blind_additive,L1,LYL1+CEBPB,1.0,LYL1+CEBPB,0.8499258756637573,0.8499258756637573,False,LYL1|CEBPB,LYL1|CEBPB,Basic helix-loop-helix proteins|CCAAT/enhancer binding proteins,Basic helix-loop-helix proteins|CCAAT/enhancer binding proteins,Basic helix-loop-helix proteins|CCAAT/enhancer binding proteins,2,True,True
Norman2019_GEARS_processed_mirror,FP2_cell_state_blind_additive,L1,LYL1+IER5L,1.0,LYL1+IER5L,0.9269107580184937,0.9269107580184937,False,LYL1|IER5L,LYL1|IER5L,Basic helix-loop-helix proteins,Basic helix-loop-helix proteins,Basic helix-loop-helix proteins,1,True,True
Norman2019_GEARS_processed_mirror,FP2_cell_state_blind_additive,L1,MAP2K3+MAP2K6,1.0,MAP2K3+MAP2K6,0.9261884689331056,0.9261884689331056,False,MAP2K3|MAP2K6,MAP2K3|MAP2K6,Mitogen-activated protein kinase kinases,Mitogen-activated protein kinase kinases,Mitogen-activated protein kinase kinases,1,True,True
Norman2019_GEARS_processed_mirror,FP2_cell_state_blind_additive,L1,MAP2K6+IKZF3,2.0,IKZF3+ctrl,0.96310955286026,0.9571239352226256,True,MAP2K6|IKZF3,IKZF3,Mitogen-activated protein kinase kinases|Zinc fingers C2H2-type,Zinc fingers C2H2-type,Zinc fingers C2H2-type,1,True,False
Norman2019_GEARS_processed_mirror,FP2_cell_state_blind_additive,L1,MAP2K6+SPI1,2.0,SPI1+ctrl,0.9234017133712769,0.8626028895378113,True,MAP2K6|SPI1,SPI1,ETS transcription factor family|Mitogen-activated protein kinase kinases,ETS transcription factor family,ETS transcription factor family,1,True,False
Norman2019_GEARS_processed_mirror,FP2_cell_state_blind_additive,L1,MAP4K5+ctrl,35.0,PRDM1+CBFA2T3,0.8203526735305786,0.5484408140182495,True,MAP4K5,PRDM1|CBFA2T3,MAP4K family (GCK-I subfamily),A-kinase anchoring proteins|PR/SET domain family|Putative lysine methyltransferases|Zinc fingers C2H2-type|Zinc fingers MYND-type,,0,False,False
Norman2019_GEARS_processed_mirror,FP2_cell_state_blind_additive,L1,MAPK1+PRTG,7.0,MAPK1+TGFBR2,0.9478291869163512,0.4564045071601867,True,MAPK1|PRTG,MAPK1|TGFBR2,Fibronectin type III domain containing|I-set domain containing|Mitogen-activated protein kinase 3 and 1 (ERK1/2) family,Mitogen-activated protein kinase 3 and 1 (ERK1/2) family|Type 2 receptor serine/threonine kinases,Mitogen-activated protein kinase 3 and 1 (ERK1/2) family,1,True,False
Norman2019_GEARS_processed_mirror,FP2_cell_state_blind_additive,L1,MAPK1+TGFBR2,1.0,MAPK1+TGFBR2,0.9244557619094848,0.9244557619094848,False,MAPK1|TGFBR2,MAPK1|TGFBR2,Mitogen-activated protein kinase 3 and 1 (ERK1/2) family|Type 2 receptor serine/threonine kinases,Mitogen-activated protein kinase 3 and 1 (ERK1/2) family|Type 2 receptor serine/threonine kinases,Mitogen-activated protein kinase 3 and 1 (ERK1/2) family|Type 2 receptor serine/threonine kinases,2,True,True
Norman2019_GEARS_processed_mirror,FP2_cell_state_blind_additive,L1,MIDN+ctrl,13.0,PRDM1+CBFA2T3,0.8203526735305786,0.698552668094635,True,MIDN,PRDM1|CBFA2T3,,A-kinase anchoring proteins|PR/SET domain family|Putative lysine methyltransferases|Zinc fingers C2H2-type|Zinc fingers MYND-type,,0,False,False
Norman2019_GEARS_processed_mirror,FP2_cell_state_blind_additive,L1,POU3F2+CBFA2T3,1.0,POU3F2+CBFA2T3,0.865279495716095,0.865279495716095,False,POU3F2|CBFA2T3,POU3F2|CBFA2T3,A-kinase anchoring proteins|POU class homeoboxes and pseudogenes|Zinc fingers MYND-type,A-kinase anchoring proteins|POU class homeoboxes and pseudogenes|Zinc fingers MYND-type,A-kinase anchoring proteins|POU class homeoboxes and pseudogenes|Zinc fingers MYND-type,3,True,True
Norman2019_GEARS_processed_mirror,FP2_cell_state_blind_additive,L1,PRDM1+CBFA2T3,23.0,ctrl+RUNX1T1,0.6575621366500854,0.1796892881393432,True,PRDM1|CBFA2T3,RUNX1T1,A-kinase anchoring proteins|PR/SET domain family|Putative lysine methyltransferases|Zinc fingers C2H2-type|Zinc fingers MYND-type,Zinc fingers MYND-type,Zinc fingers MYND-type,1,True,False
Norman2019_GEARS_processed_mirror,FP2_cell_state_blind_additive,L1,PRDM1+ctrl,15.0,PRDM1+CBFA2T3,0.8203526735305786,0.6832705736160278,True,PRDM1,PRDM1|CBFA2T3,PR/SET domain family|Putative lysine methyltransferases|Zinc fingers C2H2-type,A-kinase anchoring proteins|PR/SET domain family|Putative lysine methyltransferases|Zinc fingers C2H2-type|Zinc fingers MYND-type,PR/SET domain family|Putative lysine methyltransferases|Zinc fingers C2H2-type,3,True,False
Norman2019_GEARS_processed_mirror,FP2_cell_state_blind_additive,L1,PRTG+ctrl,18.0,PRDM1+CBFA2T3,0.8203526735305786,0.6508596539497375,True,PRTG,PRDM1|CBFA2T3,Fibronectin type III domain containing|I-set domain containing,A-kinase anchoring proteins|PR/SET domain family|Putative lysine methyltransferases|Zinc fingers C2H2-type|Zinc fingers MYND-type,,0,False,False
Norman2019_GEARS_processed_mirror,FP2_cell_state_blind_additive,L1,PTPN12+SNAI1,1.0,PTPN12+SNAI1,0.847475528717041,0.847475528717041,False,PTPN12|SNAI1,PTPN12|SNAI1,Protein tyrosine phosphatases non-receptor type|SNAG transcriptional repressors|Zinc fingers C2H2-type,Protein tyrosine phosphatases non-receptor type|SNAG transcriptional repressors|Zinc fingers C2H2-type,Protein tyrosine phosphatases non-receptor type|SNAG transcriptional repressors|Zinc fingers C2H2-type,3,True,True
Norman2019_GEARS_processed_mirror,FP2_cell_state_blind_additive,L1,S1PR2+ctrl,33.0,PRDM1+CBFA2T3,0.8203526735305786,0.5559326410293579,True,S1PR2,PRDM1|CBFA2T3,Sphingosine 1-phosphate receptors,A-kinase anchoring proteins|PR/SET domain family|Putative lysine methyltransferases|Zinc fingers C2H2-type|Zinc fingers MYND-type,,0,False,False
Norman2019_GEARS_processed_mirror,FP2_cell_state_blind_additive,L1,SGK1+ctrl,9.0,PRDM1+CBFA2T3,0.8203526735305786,0.7183866500854492,True,SGK1,PRDM1|CBFA2T3,Serum/glucocorticoid regulated kinase family,A-kinase anchoring proteins|PR/SET domain family|Putative lysine methyltransferases|Zinc fingers C2H2-type|Zinc fingers MYND-type,,0,False,False
Norman2019_GEARS_processed_mirror,FP2_cell_state_blind_additive,L1,SNAI1+DLX2,1.0,SNAI1+DLX2,0.8727768659591675,0.8727768659591675,False,SNAI1|DLX2,SNAI1|DLX2,Distal-less homeobox family|SNAG transcriptional repressors|Zinc fingers C2H2-type,Distal-less homeobox family|SNAG transcriptional repressors|Zinc fingers C2H2-type,Distal-less homeobox family|SNAG transcriptional repressors|Zinc fingers C2H2-type,3,True,True
Norman2019_GEARS_processed_mirror,FP2_cell_state_blind_additive,L1,SPI1+ctrl,1.0,SPI1+ctrl,0.9728485941886902,0.9728485941886902,False,SPI1,SPI1,ETS transcription factor family,ETS transcription factor family,ETS transcription factor family,1,True,True
Norman2019_GEARS_processed_mirror,FP2_cell_state_blind_additive,L1,STIL+ctrl,1.0,STIL+ctrl,0.692785382270813,0.692785382270813,False,STIL,STIL,,,,0,False,True
Norman2019_GEARS_processed_mirror,FP2_cell_state_blind_additive,L1,TBX3+TBX2,1.0,TBX3+TBX2,0.97361958026886,0.97361958026886,False,TBX3|TBX2,TBX3|TBX2,T-box transcription factors,T-box transcription factors,T-box transcription factors,1,True,True
Norman2019_GEARS_processed_mirror,FP2_cell_state_blind_additive,L1,TP73+ctrl,3.0,PRDM1+CBFA2T3,0.8203526735305786,0.7877432107925415,True,TP73,PRDM1|CBFA2T3,,A-kinase anchoring proteins|PR/SET domain family|Putative lysine methyltransferases|Zinc fingers C2H2-type|Zinc fingers MYND-type,,0,False,False
Norman2019_GEARS_processed_mirror,FP2_cell_state_blind_additive,L1,UBASH3B+PTPN12,1.0,UBASH3B+PTPN12,0.9363194704055786,0.9363194704055786,False,UBASH3B|PTPN12,UBASH3B|PTPN12,Protein phosphatases|Protein tyrosine phosphatases non-receptor type,Protein phosphatases|Protein tyrosine phosphatases non-receptor type,Protein phosphatases|Protein tyrosine phosphatases non-receptor type,2,True,True
Norman2019_GEARS_processed_mirror,FP2_cell_state_blind_additive,L1,UBASH3B+PTPN9,1.0,UBASH3B+PTPN9,0.9307864904403688,0.9307864904403688,False,UBASH3B|PTPN9,UBASH3B|PTPN9,CRAL-TRIO lipid binding domain containing|Protein phosphatases|Protein tyrosine phosphatases non-receptor type,CRAL-TRIO lipid binding domain containing|Protein phosphatases|Protein tyrosine phosphatases non-receptor type,CRAL-TRIO lipid binding domain containing|Protein phosphatases|Protein tyrosine phosphatases non-receptor type,3,True,True
Norman2019_GEARS_processed_mirror,FP2_cell_state_blind_additive,L1,ctrl+ELMSAN1,55.0,PRDM1+CBFA2T3,0.8203526735305786,-0.0753770023584365,True,ELMSAN1,PRDM1|CBFA2T3,,A-kinase anchoring proteins|PR/SET domain family|Putative lysine methyltransferases|Zinc fingers C2H2-type|Zinc fingers MYND-type,,0,False,False
Norman2019_GEARS_processed_mirror,FP2_cell_state_blind_additive,L1,ctrl+FOXL2,1.0,ctrl+FOXL2,0.9298030734062196,0.9298030734062196,False,FOXL2,FOXL2,Forkhead boxes,Forkhead boxes,Forkhead boxes,1,True,True
Norman2019_GEARS_processed_mirror,FP2_cell_state_blind_additive,L1,ctrl+ISL2,1.0,ctrl+ISL2,0.719932496547699,0.719932496547699,False,ISL2,ISL2,LIM class homeoboxes,LIM class homeoboxes,LIM class homeoboxes,1,True,True
Norman2019_GEARS_processed_mirror,FP2_cell_state_blind_additive,L1,ctrl+PRTG,26.0,PRDM1+CBFA2T3,0.8203526735305786,0.6115213632583618,True,PRTG,PRDM1|CBFA2T3,Fibronectin type III domain containing|I-set domain containing,A-kinase anchoring proteins|PR/SET domain family|Putative lysine methyltransferases|Zinc fingers C2H2-type|Zinc fingers MYND-type,,0,False,False
Norman2019_GEARS_processed_mirror,FP2_cell_state_blind_additive,L1,ctrl+RUNX1T1,1.0,ctrl+RUNX1T1,0.6836044192314148,0.6836044192314148,False,RUNX1T1,RUNX1T1,Zinc fingers MYND-type,Zinc fingers MYND-type,Zinc fingers MYND-type,1,True,True
Norman2019_GEARS_processed_mirror,FP2_cell_state_blind_additive,L1,ctrl+TBX2,1.0,ctrl+TBX2,0.9611204862594604,0.9611204862594604,False,TBX2,TBX2,T-box transcription factors,T-box transcription factors,T-box transcription factors,1,True,True
Norman2019_GEARS_processed_mirror,FP2_cell_state_blind_additive,L1,ctrl+TBX3,1.0,ctrl+TBX3,0.9727250337600708,0.9727250337600708,False,TBX3,TBX3,T-box transcription factors,T-box transcription factors,T-box transcription factors,1,True,True
Norman2019_GEARS_processed_mirror,FP3_label_shuffled_mean_effect,L1,AHR+KLF1,8.0,BCL2L11+BAK1,0.3526381850242615,0.1425732970237732,True,AHR|KLF1,BCL2L11|BAK1,Basic helix-loop-helix proteins|KLF transcription factors|PAS domain containing|Zinc fingers C2H2-type,BCL2 family|BCL2 homology region 3 (BH3) only,,0,False,False
Norman2019_GEARS_processed_mirror,FP3_label_shuffled_mean_effect,L1,BAK1+ctrl,4.0,MAP2K3+MAP2K6,0.3631297051906585,0.1830760091543197,True,BAK1,MAP2K3|MAP2K6,BCL2 family,Mitogen-activated protein kinase kinases,,0,False,False
Norman2019_GEARS_processed_mirror,FP3_label_shuffled_mean_effect,L1,BCL2L11+BAK1,46.0,CBL+UBASH3B,0.948863923549652,0.14046710729599,True,BCL2L11|BAK1,CBL|UBASH3B,BCL2 family|BCL2 homology region 3 (BH3) only,Protein phosphatases|Ring finger proteins,,0,False,False
Norman2019_GEARS_processed_mirror,FP3_label_shuffled_mean_effect,L1,BCL2L11+TGFBR2,49.0,PTPN12+SNAI1,0.3855006694793701,0.0529357008635997,True,BCL2L11|TGFBR2,PTPN12|SNAI1,BCL2 homology region 3 (BH3) only|Type 2 receptor serine/threonine kinases,Protein tyrosine phosphatases non-receptor type|SNAG transcriptional repressors|Zinc fingers C2H2-type,,0,False,False
Norman2019_GEARS_processed_mirror,FP3_label_shuffled_mean_effect,L1,BPGM+ctrl,1.0,BPGM+ctrl,0.8993502855300903,0.8993502855300903,False,BPGM,BPGM,Bisphosphoglycerate phosphatases|Phosphoglycerate mutases,Bisphosphoglycerate phosphatases|Phosphoglycerate mutases,Bisphosphoglycerate phosphatases|Phosphoglycerate mutases,2,True,True
Norman2019_GEARS_processed_mirror,FP3_label_shuffled_mean_effect,L1,C19orf26+ctrl,44.0,MIDN+ctrl,0.7075880765914917,0.2770721912384033,True,C19orf26,MIDN,,,,0,False,False
Norman2019_GEARS_processed_mirror,FP3_label_shuffled_mean_effect,L1,CBL+TGFBR2,8.0,CDKN1C+CDKN1B,0.8595436811447144,0.6565713882446289,True,CBL|TGFBR2,CDKN1C|CDKN1B,Ring finger proteins|Type 2 receptor serine/threonine kinases,Cyclin dependent kinase inhibitor 1 family,,0,False,False
Norman2019_GEARS_processed_mirror,FP3_label_shuffled_mean_effect,L1,CBL+UBASH3A,5.0,PRDM1+CBFA2T3,0.7520335912704468,0.7369031310081482,True,CBL|UBASH3A,PRDM1|CBFA2T3,Ring finger proteins,A-kinase anchoring proteins|PR/SET domain family|Putative lysine methyltransferases|Zinc fingers C2H2-type|Zinc fingers MYND-type,,0,False,False
Norman2019_GEARS_processed_mirror,FP3_label_shuffled_mean_effect,L1,CBL+UBASH3B,15.0,ETS2+IKZF3,0.6164791584014893,0.4100792407989502,True,CBL|UBASH3B,ETS2|IKZF3,Protein phosphatases|Ring finger proteins,ETS transcription factor family|Zinc fingers C2H2-type,,0,False,False
Norman2019_GEARS_processed_mirror,FP3_label_shuffled_mean_effect,L1,CBL+ctrl,48.0,ctrl+FOXL2,0.8669455051422119,0.1295064240694046,True,CBL,FOXL2,Ring finger proteins,Forkhead boxes,,0,False,False
Norman2019_GEARS_processed_mirror,FP3_label_shuffled_mean_effect,L1,CDKN1C+CDKN1B,26.0,ETS2+IKZF3,0.5662249326705933,0.3133915066719055,True,CDKN1C|CDKN1B,ETS2|IKZF3,Cyclin dependent kinase inhibitor 1 family,ETS transcription factor family|Zinc fingers C2H2-type,,0,False,False
Norman2019_GEARS_processed_mirror,FP3_label_shuffled_mean_effect,L1,CEBPA+ctrl,46.0,IER5L+ctrl,0.6062449216842651,0.1150205433368682,True,CEBPA,IER5L,CCAAT/enhancer binding proteins,,,0,False,False
Norman2019_GEARS_processed_mirror,FP3_label_shuffled_mean_effect,L1,CEBPB+CEBPA,22.0,FOXF1+ctrl,0.8124039173126221,0.4488045573234558,True,CEBPB|CEBPA,FOXF1,CCAAT/enhancer binding proteins,Forkhead boxes,,0,False,False
Norman2019_GEARS_processed_mirror,FP3_label_shuffled_mean_effect,L1,CEBPE+SPI1,43.0,CDKN1C+CDKN1B,0.8667364716529846,0.2005799710750579,True,CEBPE|SPI1,CDKN1C|CDKN1B,CCAAT/enhancer binding proteins|ETS transcription factor family,Cyclin dependent kinase inhibitor 1 family,,0,False,False
Norman2019_GEARS_processed_mirror,FP3_label_shuffled_mean_effect,L1,COL2A1+ctrl,45.0,ETS2+IKZF3,0.5112443566322327,0.0383900478482246,True,COL2A1,ETS2|IKZF3,Fibrillar collagens,ETS transcription factor family|Zinc fingers C2H2-type,,0,False,False
Norman2019_GEARS_processed_mirror,FP3_label_shuffled_mean_effect,L1,DUSP9+KLF1,37.0,SGK1+ctrl,0.7329833507537842,0.3005759119987488,True,DUSP9|KLF1,SGK1,KLF transcription factors|MAP kinase phosphatases|Zinc fingers C2H2-type,Serum/glucocorticoid regulated kinase family,,0,False,False
Norman2019_GEARS_processed_mirror,FP3_label_shuffled_mean_effect,L1,ELMSAN1+ctrl,23.0,DUSP9+KLF1,0.6757055521011353,0.358351469039917,True,ELMSAN1,DUSP9|KLF1,,KLF transcription factors|MAP kinase phosphatases|Zinc fingers C2H2-type,,0,False,False
Norman2019_GEARS_processed_mirror,FP3_label_shuffled_mean_effect,L1,ETS2+CEBPE,50.0,STIL+ctrl,0.7204570770263672,0.1268920600414276,True,ETS2|CEBPE,STIL,CCAAT/enhancer binding proteins|ETS transcription factor family,,,0,False,False
Norman2019_GEARS_processed_mirror,FP3_label_shuffled_mean_effect,L1,ETS2+IKZF3,19.0,CDKN1C+CDKN1B,0.9111592173576356,0.5851147174835205,True,ETS2|IKZF3,CDKN1C|CDKN1B,ETS transcription factor family|Zinc fingers C2H2-type,Cyclin dependent kinase inhibitor 1 family,,0,False,False
Norman2019_GEARS_processed_mirror,FP3_label_shuffled_mean_effect,L1,FOSB+IKZF3,39.0,ctrl+FOXL2,0.4707140326499939,0.1532267928123474,True,FOSB|IKZF3,FOXL2,Fos transcription factor family|Zinc fingers C2H2-type,Forkhead boxes,,0,False,False
Norman2019_GEARS_processed_mirror,FP3_label_shuffled_mean_effect,L1,FOSB+OSR2,3.0,MAPK1+TGFBR2,0.931520700454712,0.5838470458984375,True,FOSB|OSR2,MAPK1|TGFBR2,Fos transcription factor family|Zinc fingers C2H2-type,Mitogen-activated protein kinase 3 and 1 (ERK1/2) family|Type 2 receptor serine/threonine kinases,,0,False,False
Norman2019_GEARS_processed_mirror,FP3_label_shuffled_mean_effect,L1,FOXA1+ctrl,27.0,CBL+UBASH3B,0.948863923549652,0.447147935628891,True,FOXA1,CBL|UBASH3B,Forkhead boxes,Protein phosphatases|Ring finger proteins,,0,False,False
Norman2019_GEARS_processed_mirror,FP3_label_shuffled_mean_effect,L1,FOXF1+ctrl,14.0,CEBPE+SPI1,0.8629834651947021,0.4496428668498993,True,FOXF1,CEBPE|SPI1,Forkhead boxes,CCAAT/enhancer binding proteins|ETS transcription factor family,,0,False,False
Norman2019_GEARS_processed_mirror,FP3_label_shuffled_mean_effect,L1,IER5L+ctrl,26.0,STIL+ctrl,0.5597306489944458,0.2468665689229965,True,IER5L,STIL,,,,0,False,False
Norman2019_GEARS_processed_mirror,FP3_label_shuffled_mean_effect,L1,IGDCC3+PRTG,32.0,ctrl+RUNX1T1,0.6567790508270264,0.0092981802299618,True,IGDCC3|PRTG,RUNX1T1,Fibronectin type III domain containing|I-set domain containing,Zinc fingers MYND-type,,0,False,False
Norman2019_GEARS_processed_mirror,FP3_label_shuffled_mean_effect,L1,IKZF3+ctrl,39.0,ctrl+FOXL2,0.9298030734062196,0.1889344751834869,True,IKZF3,FOXL2,Zinc fingers C2H2-type,Forkhead boxes,,0,False,False
Norman2019_GEARS_processed_mirror,FP3_label_shuffled_mean_effect,L1,LHX1+ELMSAN1,33.0,AHR+KLF1,0.8455570936203003,0.0461695417761802,True,LHX1|ELMSAN1,AHR|KLF1,LIM class homeoboxes,Basic helix-loop-helix proteins|KLF transcription factors|PAS domain containing|Zinc fingers C2H2-type,,0,False,False
Norman2019_GEARS_processed_mirror,FP3_label_shuffled_mean_effect,L1,LYL1+CEBPB,34.0,LYL1+IER5L,0.602571964263916,0.3596968054771423,True,LYL1|CEBPB,LYL1|IER5L,Basic helix-loop-helix proteins|CCAAT/enhancer binding proteins,Basic helix-loop-helix proteins,Basic helix-loop-helix proteins,1,True,False
Norman2019_GEARS_processed_mirror,FP3_label_shuffled_mean_effect,L1,LYL1+IER5L,15.0,CEBPE+SPI1,0.6345993280410767,0.3922705352306366,True,LYL1|IER5L,CEBPE|SPI1,Basic helix-loop-helix proteins,CCAAT/enhancer binding proteins|ETS transcription factor family,,0,False,False
Norman2019_GEARS_processed_mirror,FP3_label_shuffled_mean_effect,L1,MAP2K3+MAP2K6,57.0,FOXA1+ctrl,0.8681721687316895,-0.38544362783432,True,MAP2K3|MAP2K6,FOXA1,Mitogen-activated protein kinase kinases,Forkhead boxes,,0,False,False
Norman2019_GEARS_processed_mirror,FP3_label_shuffled_mean_effect,L1,MAP2K6+IKZF3,37.0,CEBPE+SPI1,0.6345993280410767,0.2580951750278473,True,MAP2K6|IKZF3,CEBPE|SPI1,Mitogen-activated protein kinase kinases|Zinc fingers C2H2-type,CCAAT/enhancer binding proteins|ETS transcription factor family,,0,False,False
Norman2019_GEARS_processed_mirror,FP3_label_shuffled_mean_effect,L1,MAP2K6+SPI1,38.0,AHR+KLF1,0.8455570936203003,-0.0118258483707904,True,MAP2K6|SPI1,AHR|KLF1,ETS transcription factor family|Mitogen-activated protein kinase kinases,Basic helix-loop-helix proteins|KLF transcription factors|PAS domain containing|Zinc fingers C2H2-type,,0,False,False
Norman2019_GEARS_processed_mirror,FP3_label_shuffled_mean_effect,L1,MAP4K5+ctrl,12.0,BCL2L11+TGFBR2,0.7543504238128662,0.545799970626831,True,MAP4K5,BCL2L11|TGFBR2,MAP4K family (GCK-I subfamily),BCL2 homology region 3 (BH3) only|Type 2 receptor serine/threonine kinases,,0,False,False
Norman2019_GEARS_processed_mirror,FP3_label_shuffled_mean_effect,L1,MAPK1+PRTG,24.0,CEBPE+SPI1,0.9044684767723083,0.1999465823173523,True,MAPK1|PRTG,CEBPE|SPI1,Fibronectin type III domain containing|I-set domain containing|Mitogen-activated protein kinase 3 and 1 (ERK1/2) family,CCAAT/enhancer binding proteins|ETS transcription factor family,,0,False,False
Norman2019_GEARS_processed_mirror,FP3_label_shuffled_mean_effect,L1,MAPK1+TGFBR2,55.0,CBL+UBASH3B,0.8748364448547363,-0.2037517428398132,True,MAPK1|TGFBR2,CBL|UBASH3B,Mitogen-activated protein kinase 3 and 1 (ERK1/2) family|Type 2 receptor serine/threonine kinases,Protein phosphatases|Ring finger proteins,,0,False,False
Norman2019_GEARS_processed_mirror,FP3_label_shuffled_mean_effect,L1,MIDN+ctrl,2.0,ctrl+ISL2,0.719932496547699,0.5314614176750183,True,MIDN,ISL2,,LIM class homeoboxes,,0,False,False
Norman2019_GEARS_processed_mirror,FP3_label_shuffled_mean_effect,L1,POU3F2+CBFA2T3,32.0,IGDCC3+PRTG,0.899518609046936,0.3477929532527923,True,POU3F2|CBFA2T3,IGDCC3|PRTG,A-kinase anchoring proteins|POU class homeoboxes and pseudogenes|Zinc fingers MYND-type,Fibronectin type III domain containing|I-set domain containing,,0,False,False
Norman2019_GEARS_processed_mirror,FP3_label_shuffled_mean_effect,L1,PRDM1+CBFA2T3,7.0,SNAI1+DLX2,0.7446845769882202,0.6416586637496948,True,PRDM1|CBFA2T3,SNAI1|DLX2,A-kinase anchoring proteins|PR/SET domain family|Putative lysine methyltransferases|Zinc fingers C2H2-type|Zinc fingers MYND-type,Distal-less homeobox family|SNAG transcriptional repressors|Zinc fingers C2H2-type,Zinc fingers C2H2-type,1,True,False
Norman2019_GEARS_processed_mirror,FP3_label_shuffled_mean_effect,L1,PRDM1+ctrl,35.0,MAP2K3+MAP2K6,0.8739972114562988,-0.2593482732772827,True,PRDM1,MAP2K3|MAP2K6,PR/SET domain family|Putative lysine methyltransferases|Zinc fingers C2H2-type,Mitogen-activated protein kinase kinases,,0,False,False
Norman2019_GEARS_processed_mirror,FP3_label_shuffled_mean_effect,L1,PRTG+ctrl,41.0,CEBPA+ctrl,0.9433441162109376,0.015782019123435,True,PRTG,CEBPA,Fibronectin type III domain containing|I-set domain containing,CCAAT/enhancer binding proteins,,0,False,False
Norman2019_GEARS_processed_mirror,FP3_label_shuffled_mean_effect,L1,PTPN12+SNAI1,29.0,UBASH3B+PTPN9,0.6156210899353027,0.3884077072143554,True,PTPN12|SNAI1,UBASH3B|PTPN9,Protein tyrosine phosphatases non-receptor type|SNAG transcriptional repressors|Zinc fingers C2H2-type,CRAL-TRIO lipid binding domain containing|Protein phosphatases|Protein tyrosine phosphatases non-receptor type,Protein tyrosine phosphatases non-receptor type,1,True,False
Norman2019_GEARS_processed_mirror,FP3_label_shuffled_mean_effect,L1,S1PR2+ctrl,32.0,FOSB+OSR2,0.628638744354248,0.0357913300395011,True,S1PR2,FOSB|OSR2,Sphingosine 1-phosphate receptors,Fos transcription factor family|Zinc fingers C2H2-type,,0,False,False
Norman2019_GEARS_processed_mirror,FP3_label_shuffled_mean_effect,L1,SGK1+ctrl,16.0,CDKN1C+CDKN1B,0.877924919128418,0.6547893285751343,True,SGK1,CDKN1C|CDKN1B,Serum/glucocorticoid regulated kinase family,Cyclin dependent kinase inhibitor 1 family,,0,False,False
Norman2019_GEARS_processed_mirror,FP3_label_shuffled_mean_effect,L1,SNAI1+DLX2,6.0,ctrl+FOXL2,0.8460053205490112,0.6712754964828491,True,SNAI1|DLX2,FOXL2,Distal-less homeobox family|SNAG transcriptional repressors|Zinc fingers C2H2-type,Forkhead boxes,,0,False,False
Norman2019_GEARS_processed_mirror,FP3_label_shuffled_mean_effect,L1,SPI1+ctrl,49.0,MAP2K3+MAP2K6,0.7772017121315002,-0.250319242477417,True,SPI1,MAP2K3|MAP2K6,ETS transcription factor family,Mitogen-activated protein kinase kinases,,0,False,False
Norman2019_GEARS_processed_mirror,FP3_label_shuffled_mean_effect,L1,STIL+ctrl,19.0,MAP2K3+MAP2K6,0.8304111361503601,-0.2050088942050933,True,STIL,MAP2K3|MAP2K6,,Mitogen-activated protein kinase kinases,,0,False,False
Norman2019_GEARS_processed_mirror,FP3_label_shuffled_mean_effect,L1,TBX3+TBX2,53.0,AHR+KLF1,0.69675612449646,-0.0542542785406112,True,TBX3|TBX2,AHR|KLF1,T-box transcription factors,Basic helix-loop-helix proteins|KLF transcription factors|PAS domain containing|Zinc fingers C2H2-type,,0,False,False
Norman2019_GEARS_processed_mirror,FP3_label_shuffled_mean_effect,L1,TP73+ctrl,6.0,CDKN1C+CDKN1B,0.6330583095550537,0.5409798622131348,True,TP73,CDKN1C|CDKN1B,,Cyclin dependent kinase inhibitor 1 family,,0,False,False
Norman2019_GEARS_processed_mirror,FP3_label_shuffled_mean_effect,L1,UBASH3B+PTPN12,55.0,FOSB+OSR2,0.628638744354248,-0.1673188209533691,True,UBASH3B|PTPN12,FOSB|OSR2,Protein phosphatases|Protein tyrosine phosphatases non-receptor type,Fos transcription factor family|Zinc fingers C2H2-type,,0,False,False
Norman2019_GEARS_processed_mirror,FP3_label_shuffled_mean_effect,L1,UBASH3B+PTPN9,40.0,SNAI1+DLX2,0.7919623851776123,0.0506685636937618,True,UBASH3B|PTPN9,SNAI1|DLX2,CRAL-TRIO lipid binding domain containing|Protein phosphatases|Protein tyrosine phosphatases non-receptor type,Distal-less homeobox family|SNAG transcriptional repressors|Zinc fingers C2H2-type,,0,False,False
Norman2019_GEARS_processed_mirror,FP3_label_shuffled_mean_effect,L1,ctrl+ELMSAN1,57.0,FOSB+OSR2,0.9012561440467834,-0.3304402232170105,True,ELMSAN1,FOSB|OSR2,,Fos transcription factor family|Zinc fingers C2H2-type,,0,False,False
Norman2019_GEARS_processed_mirror,FP3_label_shuffled_mean_effect,L1,ctrl+FOXL2,27.0,MAPK1+TGFBR2,0.2954123020172119,0.1014414280652999,True,FOXL2,MAPK1|TGFBR2,Forkhead boxes,Mitogen-activated protein kinase 3 and 1 (ERK1/2) family|Type 2 receptor serine/threonine kinases,,0,False,False
Norman2019_GEARS_processed_mirror,FP3_label_shuffled_mean_effect,L1,ctrl+ISL2,17.0,ctrl+FOXL2,0.8104647994041443,0.488981693983078,True,ISL2,FOXL2,LIM class homeoboxes,Forkhead boxes,,0,False,False
Norman2019_GEARS_processed_mirror,FP3_label_shuffled_mean_effect,L1,ctrl+PRTG,47.0,FOSB+OSR2,0.8399298787117004,-0.1975452601909637,True,PRTG,FOSB|OSR2,Fibronectin type III domain containing|I-set domain containing,Fos transcription factor family|Zinc fingers C2H2-type,,0,False,False
Norman2019_GEARS_processed_mirror,FP3_label_shuffled_mean_effect,L1,ctrl+RUNX1T1,49.0,LYL1+IER5L,0.6485620141029358,0.0206688866019248,True,RUNX1T1,LYL1|IER5L,Zinc fingers MYND-type,Basic helix-loop-helix proteins,,0,False,False
Norman2019_GEARS_processed_mirror,FP3_label_shuffled_mean_effect,L1,ctrl+TBX2,46.0,FOXF1+ctrl,0.8124039173126221,0.2443434298038482,True,TBX2,FOXF1,T-box transcription factors,Forkhead boxes,,0,False,False
Norman2019_GEARS_processed_mirror,FP3_label_shuffled_mean_effect,L1,ctrl+TBX3,48.0,MAPK1+TGFBR2,0.2954123020172119,0.0238013695925474,True,TBX3,MAPK1|TGFBR2,T-box transcription factors,Mitogen-activated protein kinase 3 and 1 (ERK1/2) family|Type 2 receptor serine/threonine kinases,,0,False,False
Norman2019_GEARS_processed_mirror,FP1_perturbation_blind_mean_effect,L2,BCL2L11+ctrl,28.0,RHOXF2BB+ctrl,0.7839229702949524,0.2574393153190613,True,BCL2L11,RHOXF2BB,BCL2 homology region 3 (BH3) only,,,0,False,False
Norman2019_GEARS_processed_mirror,FP1_perturbation_blind_mean_effect,L2,BCORL1+ctrl,25.0,RHOXF2BB+ctrl,0.7839229702949524,0.3079768419265747,True,BCORL1,RHOXF2BB,Ankyrin repeat domain containing,,,0,False,False
Norman2019_GEARS_processed_mirror,FP1_perturbation_blind_mean_effect,L2,C19orf26+ctrl,14.0,RHOXF2BB+ctrl,0.7839229702949524,0.5919169187545776,True,C19orf26,RHOXF2BB,,,,0,False,False
Norman2019_GEARS_processed_mirror,FP1_perturbation_blind_mean_effect,L2,CEBPB+ctrl,23.0,RHOXF2BB+ctrl,0.7839229702949524,0.3946757018566131,True,CEBPB,RHOXF2BB,CCAAT/enhancer binding proteins,,,0,False,False
Norman2019_GEARS_processed_mirror,FP1_perturbation_blind_mean_effect,L2,CEBPE+CEBPB,20.0,RHOXF2BB+ctrl,0.7839229702949524,0.4017025530338287,True,CEBPE|CEBPB,RHOXF2BB,CCAAT/enhancer binding proteins,,,0,False,False
Norman2019_GEARS_processed_mirror,FP1_perturbation_blind_mean_effect,L2,CEBPE+ctrl,27.0,RHOXF2BB+ctrl,0.7839229702949524,0.2875158786773681,True,CEBPE,RHOXF2BB,CCAAT/enhancer binding proteins,,,0,False,False
Norman2019_GEARS_processed_mirror,FP1_perturbation_blind_mean_effect,L2,CITED1+ctrl,7.0,RHOXF2BB+ctrl,0.7839229702949524,0.6589224338531494,True,CITED1,RHOXF2BB,CBP/p300-interacting transactivator with ED-rich tail family,,,0,False,False
Norman2019_GEARS_processed_mirror,FP1_perturbation_blind_mean_effect,L2,CKS1B+ctrl,9.0,RHOXF2BB+ctrl,0.7839229702949524,0.6334018707275391,True,CKS1B,RHOXF2BB,MicroRNA protein coding host genes,,,0,False,False
Norman2019_GEARS_processed_mirror,FP1_perturbation_blind_mean_effect,L2,FOXO4+ctrl,8.0,RHOXF2BB+ctrl,0.7839229702949524,0.6514522433280945,True,FOXO4,RHOXF2BB,Forkhead boxes,,,0,False,False
Norman2019_GEARS_processed_mirror,FP1_perturbation_blind_mean_effect,L2,HOXA13+ctrl,3.0,RHOXF2BB+ctrl,0.7839229702949524,0.7295387387275696,True,HOXA13,RHOXF2BB,HOXL subclass homeoboxes,,,0,False,False
Norman2019_GEARS_processed_mirror,FP1_perturbation_blind_mean_effect,L2,HOXB9+ctrl,15.0,RHOXF2BB+ctrl,0.7839229702949524,0.5775298476219177,True,HOXB9,RHOXF2BB,HOXL subclass homeoboxes,,,0,False,False
Norman2019_GEARS_processed_mirror,FP1_perturbation_blind_mean_effect,L2,HOXC13+ctrl,5.0,RHOXF2BB+ctrl,0.7839229702949524,0.7222194671630859,True,HOXC13,RHOXF2BB,HOXL subclass homeoboxes,,,0,False,False
Norman2019_GEARS_processed_mirror,FP1_perturbation_blind_mean_effect,L2,KIAA1804+ctrl,13.0,RHOXF2BB+ctrl,0.7839229702949524,0.5928459167480469,True,KIAA1804,RHOXF2BB,,,,0,False,False
Norman2019_GEARS_processed_mirror,FP1_perturbation_blind_mean_effect,L2,KIF2C+ctrl,26.0,RHOXF2BB+ctrl,0.7839229702949524,0.2905364632606506,True,KIF2C,RHOXF2BB,Kinesins|Small nucleolar RNA protein coding host genes,,,0,False,False
Norman2019_GEARS_processed_mirror,FP1_perturbation_blind_mean_effect,L2,MAP2K3+ctrl,33.0,RHOXF2BB+ctrl,0.7839229702949524,-0.3222595751285553,True,MAP2K3,RHOXF2BB,Mitogen-activated protein kinase kinases,,,0,False,False
Norman2019_GEARS_processed_mirror,FP1_perturbation_blind_mean_effect,L2,MAP7D1+ctrl,29.0,RHOXF2BB+ctrl,0.7839229702949524,0.0045882682316005,True,MAP7D1,RHOXF2BB,Microtubule associated protein 7 family,,,0,False,False
Norman2019_GEARS_processed_mirror,FP1_perturbation_blind_mean_effect,L2,PLK4+ctrl,16.0,RHOXF2BB+ctrl,0.7839229702949524,0.5328464508056641,True,PLK4,RHOXF2BB,Polo like kinase family,,,0,False,False
Norman2019_GEARS_processed_mirror,FP1_perturbation_blind_mean_effect,L2,RHOXF2BB+ctrl,1.0,RHOXF2BB+ctrl,0.7839229702949524,0.7839229702949524,False,RHOXF2BB,RHOXF2BB,,,,0,False,True
Norman2019_GEARS_processed_mirror,FP1_perturbation_blind_mean_effect,L2,SGK1+TBX2,6.0,RHOXF2BB+ctrl,0.7839229702949524,0.7060365676879883,True,SGK1|TBX2,RHOXF2BB,Serum/glucocorticoid regulated kinase family|T-box transcription factors,,,0,False,False
Norman2019_GEARS_processed_mirror,FP1_perturbation_blind_mean_effect,L2,SGK1+ctrl,2.0,RHOXF2BB+ctrl,0.7839229702949524,0.7771896719932556,True,SGK1,RHOXF2BB,Serum/glucocorticoid regulated kinase family,,,0,False,False
Norman2019_GEARS_processed_mirror,FP1_perturbation_blind_mean_effect,L2,SLC6A9+ctrl,17.0,RHOXF2BB+ctrl,0.7839229702949524,0.5253403186798096,True,SLC6A9,RHOXF2BB,Solute carrier family 6,,,0,False,False
Norman2019_GEARS_processed_mirror,FP1_perturbation_blind_mean_effect,L2,TBX2+ctrl,19.0,RHOXF2BB+ctrl,0.7839229702949524,0.4105157852172851,True,TBX2,RHOXF2BB,T-box transcription factors,,,0,False,False
Norman2019_GEARS_processed_mirror,FP1_perturbation_blind_mean_effect,L2,ZC3HAV1+CEBPE,31.0,RHOXF2BB+ctrl,0.7839229702949524,-0.0296360533684492,True,ZC3HAV1|CEBPE,RHOXF2BB,CCAAT/enhancer binding proteins|Poly(ADP-ribose) polymerases|Zinc fingers CCCH-type,,,0,False,False
Norman2019_GEARS_processed_mirror,FP1_perturbation_blind_mean_effect,L2,ZC3HAV1+HOXC13,10.0,RHOXF2BB+ctrl,0.7839229702949524,0.6239345073699951,True,ZC3HAV1|HOXC13,RHOXF2BB,HOXL subclass homeoboxes|Poly(ADP-ribose) polymerases|Zinc fingers CCCH-type,,,0,False,False
Norman2019_GEARS_processed_mirror,FP1_perturbation_blind_mean_effect,L2,ZC3HAV1+ctrl,32.0,RHOXF2BB+ctrl,0.7839229702949524,-0.2218920588493347,True,ZC3HAV1,RHOXF2BB,Poly(ADP-ribose) polymerases|Zinc fingers CCCH-type,,,0,False,False
Norman2019_GEARS_processed_mirror,FP1_perturbation_blind_mean_effect,L2,ctrl+C19orf26,11.0,RHOXF2BB+ctrl,0.7839229702949524,0.6021907329559326,True,C19orf26,RHOXF2BB,,,,0,False,False
Norman2019_GEARS_processed_mirror,FP1_perturbation_blind_mean_effect,L2,ctrl+CEBPB,22.0,RHOXF2BB+ctrl,0.7839229702949524,0.3963216245174408,True,CEBPB,RHOXF2BB,CCAAT/enhancer binding proteins,,,0,False,False
Norman2019_GEARS_processed_mirror,FP1_perturbation_blind_mean_effect,L2,ctrl+CEBPE,24.0,RHOXF2BB+ctrl,0.7839229702949524,0.3404780030250549,True,CEBPE,RHOXF2BB,CCAAT/enhancer binding proteins,,,0,False,False
Norman2019_GEARS_processed_mirror,FP1_perturbation_blind_mean_effect,L2,ctrl+HOXB9,12.0,RHOXF2BB+ctrl,0.7839229702949524,0.5945066213607788,True,HOXB9,RHOXF2BB,HOXL subclass homeoboxes,,,0,False,False
Norman2019_GEARS_processed_mirror,FP1_perturbation_blind_mean_effect,L2,ctrl+HOXC13,4.0,RHOXF2BB+ctrl,0.7839229702949524,0.7231888771057129,True,HOXC13,RHOXF2BB,HOXL subclass homeoboxes,,,0,False,False
Norman2019_GEARS_processed_mirror,FP1_perturbation_blind_mean_effect,L2,ctrl+KIF2C,21.0,RHOXF2BB+ctrl,0.7839229702949524,0.3964848518371582,True,KIF2C,RHOXF2BB,Kinesins|Small nucleolar RNA protein coding host genes,,,0,False,False
Norman2019_GEARS_processed_mirror,FP1_perturbation_blind_mean_effect,L2,ctrl+MAP7D1,30.0,RHOXF2BB+ctrl,0.7839229702949524,-0.0026630850043147,True,MAP7D1,RHOXF2BB,Microtubule associated protein 7 family,,,0,False,False
Norman2019_GEARS_processed_mirror,FP1_perturbation_blind_mean_effect,L2,ctrl+TBX2,18.0,RHOXF2BB+ctrl,0.7839229702949524,0.4215313196182251,True,TBX2,RHOXF2BB,T-box transcription factors,,,0,False,False
Norman2019_GEARS_processed_mirror,FP2_cell_state_blind_additive,L2,BCL2L11+ctrl,28.0,RHOXF2BB+ctrl,0.7839229702949524,0.2574393153190613,True,BCL2L11,RHOXF2BB,BCL2 homology region 3 (BH3) only,,,0,False,False
Norman2019_GEARS_processed_mirror,FP2_cell_state_blind_additive,L2,BCORL1+ctrl,25.0,RHOXF2BB+ctrl,0.7839229702949524,0.3079768419265747,True,BCORL1,RHOXF2BB,Ankyrin repeat domain containing,,,0,False,False
Norman2019_GEARS_processed_mirror,FP2_cell_state_blind_additive,L2,C19orf26+ctrl,14.0,RHOXF2BB+ctrl,0.7839229702949524,0.5919169187545776,True,C19orf26,RHOXF2BB,,,,0,False,False
Norman2019_GEARS_processed_mirror,FP2_cell_state_blind_additive,L2,CEBPB+ctrl,23.0,RHOXF2BB+ctrl,0.7839229702949524,0.3946757018566131,True,CEBPB,RHOXF2BB,CCAAT/enhancer binding proteins,,,0,False,False
Norman2019_GEARS_processed_mirror,FP2_cell_state_blind_additive,L2,CEBPE+CEBPB,20.0,RHOXF2BB+ctrl,0.7839229702949524,0.4017025530338287,True,CEBPE|CEBPB,RHOXF2BB,CCAAT/enhancer binding proteins,,,0,False,False
Norman2019_GEARS_processed_mirror,FP2_cell_state_blind_additive,L2,CEBPE+ctrl,27.0,RHOXF2BB+ctrl,0.7839229702949524,0.2875158786773681,True,CEBPE,RHOXF2BB,CCAAT/enhancer binding proteins,,,0,False,False
Norman2019_GEARS_processed_mirror,FP2_cell_state_blind_additive,L2,CITED1+ctrl,7.0,RHOXF2BB+ctrl,0.7839229702949524,0.6589224338531494,True,CITED1,RHOXF2BB,CBP/p300-interacting transactivator with ED-rich tail family,,,0,False,False
Norman2019_GEARS_processed_mirror,FP2_cell_state_blind_additive,L2,CKS1B+ctrl,9.0,RHOXF2BB+ctrl,0.7839229702949524,0.6334018707275391,True,CKS1B,RHOXF2BB,MicroRNA protein coding host genes,,,0,False,False
Norman2019_GEARS_processed_mirror,FP2_cell_state_blind_additive,L2,FOXO4+ctrl,8.0,RHOXF2BB+ctrl,0.7839229702949524,0.6514522433280945,True,FOXO4,RHOXF2BB,Forkhead boxes,,,0,False,False
Norman2019_GEARS_processed_mirror,FP2_cell_state_blind_additive,L2,HOXA13+ctrl,3.0,RHOXF2BB+ctrl,0.7839229702949524,0.7295387387275696,True,HOXA13,RHOXF2BB,HOXL subclass homeoboxes,,,0,False,False
Norman2019_GEARS_processed_mirror,FP2_cell_state_blind_additive,L2,HOXB9+ctrl,15.0,RHOXF2BB+ctrl,0.7839229702949524,0.5775298476219177,True,HOXB9,RHOXF2BB,HOXL subclass homeoboxes,,,0,False,False
Norman2019_GEARS_processed_mirror,FP2_cell_state_blind_additive,L2,HOXC13+ctrl,5.0,RHOXF2BB+ctrl,0.7839229702949524,0.7222194671630859,True,HOXC13,RHOXF2BB,HOXL subclass homeoboxes,,,0,False,False
Norman2019_GEARS_processed_mirror,FP2_cell_state_blind_additive,L2,KIAA1804+ctrl,13.0,RHOXF2BB+ctrl,0.7839229702949524,0.5928459167480469,True,KIAA1804,RHOXF2BB,,,,0,False,False
Norman2019_GEARS_processed_mirror,FP2_cell_state_blind_additive,L2,KIF2C+ctrl,26.0,RHOXF2BB+ctrl,0.7839229702949524,0.2905364632606506,True,KIF2C,RHOXF2BB,Kinesins|Small nucleolar RNA protein coding host genes,,,0,False,False
Norman2019_GEARS_processed_mirror,FP2_cell_state_blind_additive,L2,MAP2K3+ctrl,33.0,RHOXF2BB+ctrl,0.7839229702949524,-0.3222595751285553,True,MAP2K3,RHOXF2BB,Mitogen-activated protein kinase kinases,,,0,False,False
Norman2019_GEARS_processed_mirror,FP2_cell_state_blind_additive,L2,MAP7D1+ctrl,29.0,RHOXF2BB+ctrl,0.7839229702949524,0.0045882682316005,True,MAP7D1,RHOXF2BB,Microtubule associated protein 7 family,,,0,False,False
Norman2019_GEARS_processed_mirror,FP2_cell_state_blind_additive,L2,PLK4+ctrl,16.0,RHOXF2BB+ctrl,0.7839229702949524,0.5328464508056641,True,PLK4,RHOXF2BB,Polo like kinase family,,,0,False,False
Norman2019_GEARS_processed_mirror,FP2_cell_state_blind_additive,L2,RHOXF2BB+ctrl,1.0,RHOXF2BB+ctrl,0.7839229702949524,0.7839229702949524,False,RHOXF2BB,RHOXF2BB,,,,0,False,True
Norman2019_GEARS_processed_mirror,FP2_cell_state_blind_additive,L2,SGK1+TBX2,6.0,RHOXF2BB+ctrl,0.7839229702949524,0.7060365676879883,True,SGK1|TBX2,RHOXF2BB,Serum/glucocorticoid regulated kinase family|T-box transcription factors,,,0,False,False
Norman2019_GEARS_processed_mirror,FP2_cell_state_blind_additive,L2,SGK1+ctrl,2.0,RHOXF2BB+ctrl,0.7839229702949524,0.7771896719932556,True,SGK1,RHOXF2BB,Serum/glucocorticoid regulated kinase family,,,0,False,False
Norman2019_GEARS_processed_mirror,FP2_cell_state_blind_additive,L2,SLC6A9+ctrl,17.0,RHOXF2BB+ctrl,0.7839229702949524,0.5253403186798096,True,SLC6A9,RHOXF2BB,Solute carrier family 6,,,0,False,False
Norman2019_GEARS_processed_mirror,FP2_cell_state_blind_additive,L2,TBX2+ctrl,19.0,RHOXF2BB+ctrl,0.7839229702949524,0.4105157852172851,True,TBX2,RHOXF2BB,T-box transcription factors,,,0,False,False
Norman2019_GEARS_processed_mirror,FP2_cell_state_blind_additive,L2,ZC3HAV1+CEBPE,31.0,RHOXF2BB+ctrl,0.7839229702949524,-0.0296360533684492,True,ZC3HAV1|CEBPE,RHOXF2BB,CCAAT/enhancer binding proteins|Poly(ADP-ribose) polymerases|Zinc fingers CCCH-type,,,0,False,False
Norman2019_GEARS_processed_mirror,FP2_cell_state_blind_additive,L2,ZC3HAV1+HOXC13,10.0,RHOXF2BB+ctrl,0.7839229702949524,0.6239345073699951,True,ZC3HAV1|HOXC13,RHOXF2BB,HOXL subclass homeoboxes|Poly(ADP-ribose) polymerases|Zinc fingers CCCH-type,,,0,False,False
Norman2019_GEARS_processed_mirror,FP2_cell_state_blind_additive,L2,ZC3HAV1+ctrl,32.0,RHOXF2BB+ctrl,0.7839229702949524,-0.2218920588493347,True,ZC3HAV1,RHOXF2BB,Poly(ADP-ribose) polymerases|Zinc fingers CCCH-type,,,0,False,False
Norman2019_GEARS_processed_mirror,FP2_cell_state_blind_additive,L2,ctrl+C19orf26,11.0,RHOXF2BB+ctrl,0.7839229702949524,0.6021907329559326,True,C19orf26,RHOXF2BB,,,,0,False,False
Norman2019_GEARS_processed_mirror,FP2_cell_state_blind_additive,L2,ctrl+CEBPB,22.0,RHOXF2BB+ctrl,0.7839229702949524,0.3963216245174408,True,CEBPB,RHOXF2BB,CCAAT/enhancer binding proteins,,,0,False,False
Norman2019_GEARS_processed_mirror,FP2_cell_state_blind_additive,L2,ctrl+CEBPE,24.0,RHOXF2BB+ctrl,0.7839229702949524,0.3404780030250549,True,CEBPE,RHOXF2BB,CCAAT/enhancer binding proteins,,,0,False,False
Norman2019_GEARS_processed_mirror,FP2_cell_state_blind_additive,L2,ctrl+HOXB9,12.0,RHOXF2BB+ctrl,0.7839229702949524,0.5945066213607788,True,HOXB9,RHOXF2BB,HOXL subclass homeoboxes,,,0,False,False
Norman2019_GEARS_processed_mirror,FP2_cell_state_blind_additive,L2,ctrl+HOXC13,4.0,RHOXF2BB+ctrl,0.7839229702949524,0.7231888771057129,True,HOXC13,RHOXF2BB,HOXL subclass homeoboxes,,,0,False,False
Norman2019_GEARS_processed_mirror,FP2_cell_state_blind_additive,L2,ctrl+KIF2C,21.0,RHOXF2BB+ctrl,0.7839229702949524,0.3964848518371582,True,KIF2C,RHOXF2BB,Kinesins|Small nucleolar RNA protein coding host genes,,,0,False,False
Norman2019_GEARS_processed_mirror,FP2_cell_state_blind_additive,L2,ctrl+MAP7D1,30.0,RHOXF2BB+ctrl,0.7839229702949524,-0.0026630850043147,True,MAP7D1,RHOXF2BB,Microtubule associated protein 7 family,,,0,False,False
Norman2019_GEARS_processed_mirror,FP2_cell_state_blind_additive,L2,ctrl+TBX2,18.0,RHOXF2BB+ctrl,0.7839229702949524,0.4215313196182251,True,TBX2,RHOXF2BB,T-box transcription factors,,,0,False,False
Norman2019_GEARS_processed_mirror,FP3_label_shuffled_mean_effect,L2,BCL2L11+ctrl,28.0,HOXA13+ctrl,0.7212800979614258,0.1952551752328872,True,BCL2L11,HOXA13,BCL2 homology region 3 (BH3) only,HOXL subclass homeoboxes,,0,False,False
Norman2019_GEARS_processed_mirror,FP3_label_shuffled_mean_effect,L2,BCORL1+ctrl,18.0,HOXA13+ctrl,0.6551467180252075,0.2746053338050842,True,BCORL1,HOXA13,Ankyrin repeat domain containing,HOXL subclass homeoboxes,,0,False,False
Norman2019_GEARS_processed_mirror,FP3_label_shuffled_mean_effect,L2,C19orf26+ctrl,27.0,HOXA13+ctrl,0.665351390838623,0.1695253551006317,True,C19orf26,HOXA13,,HOXL subclass homeoboxes,,0,False,False
Norman2019_GEARS_processed_mirror,FP3_label_shuffled_mean_effect,L2,CEBPB+ctrl,24.0,CKS1B+ctrl,0.4747842252254486,0.1389170289039611,True,CEBPB,CKS1B,CCAAT/enhancer binding proteins,MicroRNA protein coding host genes,,0,False,False
Norman2019_GEARS_processed_mirror,FP3_label_shuffled_mean_effect,L2,CEBPE+CEBPB,26.0,SGK1+ctrl,0.781583845615387,0.0944689735770225,True,CEBPE|CEBPB,SGK1,CCAAT/enhancer binding proteins,Serum/glucocorticoid regulated kinase family,,0,False,False
Norman2019_GEARS_processed_mirror,FP3_label_shuffled_mean_effect,L2,CEBPE+ctrl,32.0,SGK1+TBX2,0.5260652303695679,-0.2064864337444305,True,CEBPE,SGK1|TBX2,CCAAT/enhancer binding proteins,Serum/glucocorticoid regulated kinase family|T-box transcription factors,,0,False,False
Norman2019_GEARS_processed_mirror,FP3_label_shuffled_mean_effect,L2,CITED1+ctrl,10.0,CEBPE+CEBPB,0.9457860589027404,0.4501741826534271,True,CITED1,CEBPE|CEBPB,CBP/p300-interacting transactivator with ED-rich tail family,CCAAT/enhancer binding proteins,,0,False,False
Norman2019_GEARS_processed_mirror,FP3_label_shuffled_mean_effect,L2,CKS1B+ctrl,1.0,CKS1B+ctrl,0.4747842252254486,0.4747842252254486,False,CKS1B,CKS1B,MicroRNA protein coding host genes,MicroRNA protein coding host genes,MicroRNA protein coding host genes,1,True,True
Norman2019_GEARS_processed_mirror,FP3_label_shuffled_mean_effect,L2,FOXO4+ctrl,20.0,HOXB9+ctrl,0.6725624799728394,0.283378392457962,True,FOXO4,HOXB9,Forkhead boxes,HOXL subclass homeoboxes,,0,False,False
Norman2019_GEARS_processed_mirror,FP3_label_shuffled_mean_effect,L2,HOXA13+ctrl,1.0,HOXA13+ctrl,0.6104464530944824,0.6104464530944824,False,HOXA13,HOXA13,HOXL subclass homeoboxes,HOXL subclass homeoboxes,HOXL subclass homeoboxes,1,True,True
Norman2019_GEARS_processed_mirror,FP3_label_shuffled_mean_effect,L2,HOXB9+ctrl,7.0,FOXO4+ctrl,0.5721240043640137,0.5101792216300964,True,HOXB9,FOXO4,HOXL subclass homeoboxes,Forkhead boxes,,0,False,False
Norman2019_GEARS_processed_mirror,FP3_label_shuffled_mean_effect,L2,HOXC13+ctrl,12.0,CEBPE+CEBPB,0.9267522096633912,0.3127442896366119,True,HOXC13,CEBPE|CEBPB,HOXL subclass homeoboxes,CCAAT/enhancer binding proteins,,0,False,False
Norman2019_GEARS_processed_mirror,FP3_label_shuffled_mean_effect,L2,KIAA1804+ctrl,6.0,CKS1B+ctrl,0.5352161526679993,0.3952580690383911,True,KIAA1804,CKS1B,,MicroRNA protein coding host genes,,0,False,False
Norman2019_GEARS_processed_mirror,FP3_label_shuffled_mean_effect,L2,KIF2C+ctrl,23.0,RHOXF2BB+ctrl,0.7285028696060181,0.2639719843864441,True,KIF2C,RHOXF2BB,Kinesins|Small nucleolar RNA protein coding host genes,,,0,False,False
Norman2019_GEARS_processed_mirror,FP3_label_shuffled_mean_effect,L2,MAP2K3+ctrl,33.0,HOXA13+ctrl,0.5669021606445312,-0.2700828313827514,True,MAP2K3,HOXA13,Mitogen-activated protein kinase kinases,HOXL subclass homeoboxes,,0,False,False
Norman2019_GEARS_processed_mirror,FP3_label_shuffled_mean_effect,L2,MAP7D1+ctrl,30.0,SGK1+ctrl,0.5853095054626465,-0.1394497752189636,True,MAP7D1,SGK1,Microtubule associated protein 7 family,Serum/glucocorticoid regulated kinase family,,0,False,False
Norman2019_GEARS_processed_mirror,FP3_label_shuffled_mean_effect,L2,PLK4+ctrl,10.0,CITED1+ctrl,0.3194924294948578,0.1775240302085876,True,PLK4,CITED1,Polo like kinase family,CBP/p300-interacting transactivator with ED-rich tail family,,0,False,False
Norman2019_GEARS_processed_mirror,FP3_label_shuffled_mean_effect,L2,RHOXF2BB+ctrl,4.0,SGK1+ctrl,0.6607352495193481,0.6155767440795898,True,RHOXF2BB,SGK1,,Serum/glucocorticoid regulated kinase family,,0,False,False
Norman2019_GEARS_processed_mirror,FP3_label_shuffled_mean_effect,L2,SGK1+TBX2,2.0,SGK1+ctrl,0.7488400936126709,0.7179161310195923,True,SGK1|TBX2,SGK1,Serum/glucocorticoid regulated kinase family|T-box transcription factors,Serum/glucocorticoid regulated kinase family,Serum/glucocorticoid regulated kinase family,1,True,False
Norman2019_GEARS_processed_mirror,FP3_label_shuffled_mean_effect,L2,SGK1+ctrl,3.0,CKS1B+ctrl,0.5923129916191101,0.5538396835327148,True,SGK1,CKS1B,Serum/glucocorticoid regulated kinase family,MicroRNA protein coding host genes,,0,False,False
Norman2019_GEARS_processed_mirror,FP3_label_shuffled_mean_effect,L2,SLC6A9+ctrl,11.0,RHOXF2BB+ctrl,0.4462683498859405,0.2923011779785156,True,SLC6A9,RHOXF2BB,Solute carrier family 6,,,0,False,False
Norman2019_GEARS_processed_mirror,FP3_label_shuffled_mean_effect,L2,TBX2+ctrl,15.0,SGK1+ctrl,0.6024260520935059,0.354776918888092,True,TBX2,SGK1,T-box transcription factors,Serum/glucocorticoid regulated kinase family,,0,False,False
Norman2019_GEARS_processed_mirror,FP3_label_shuffled_mean_effect,L2,ZC3HAV1+CEBPE,33.0,SGK1+ctrl,0.5558195114135742,-0.3361846804618835,True,ZC3HAV1|CEBPE,SGK1,CCAAT/enhancer binding proteins|Poly(ADP-ribose) polymerases|Zinc fingers CCCH-type,Serum/glucocorticoid regulated kinase family,,0,False,False
Norman2019_GEARS_processed_mirror,FP3_label_shuffled_mean_effect,L2,ZC3HAV1+HOXC13,9.0,HOXB9+ctrl,0.7607017755508423,0.5700944662094116,True,ZC3HAV1|HOXC13,HOXB9,HOXL subclass homeoboxes|Poly(ADP-ribose) polymerases|Zinc fingers CCCH-type,HOXL subclass homeoboxes,HOXL subclass homeoboxes,1,True,False
Norman2019_GEARS_processed_mirror,FP3_label_shuffled_mean_effect,L2,ZC3HAV1+ctrl,29.0,SGK1+ctrl,0.6378133893013,0.0068005453795194,True,ZC3HAV1,SGK1,Poly(ADP-ribose) polymerases|Zinc fingers CCCH-type,Serum/glucocorticoid regulated kinase family,,0,False,False
Norman2019_GEARS_processed_mirror,FP3_label_shuffled_mean_effect,L2,ctrl+C19orf26,26.0,CITED1+ctrl,0.4600630104541778,0.2086319029331207,True,C19orf26,CITED1,,CBP/p300-interacting transactivator with ED-rich tail family,,0,False,False
Norman2019_GEARS_processed_mirror,FP3_label_shuffled_mean_effect,L2,ctrl+CEBPB,30.0,MAP2K3+ctrl,0.3039899468421936,-0.1694842725992202,True,CEBPB,MAP2K3,CCAAT/enhancer binding proteins,Mitogen-activated protein kinase kinases,,0,False,False
Norman2019_GEARS_processed_mirror,FP3_label_shuffled_mean_effect,L2,ctrl+CEBPE,22.0,HOXA13+ctrl,0.7455538511276245,0.3852431178092956,True,CEBPE,HOXA13,CCAAT/enhancer binding proteins,HOXL subclass homeoboxes,,0,False,False
Norman2019_GEARS_processed_mirror,FP3_label_shuffled_mean_effect,L2,ctrl+HOXB9,16.0,SGK1+ctrl,0.6845329999923706,0.4102681875228882,True,HOXB9,SGK1,HOXL subclass homeoboxes,Serum/glucocorticoid regulated kinase family,,0,False,False
Norman2019_GEARS_processed_mirror,FP3_label_shuffled_mean_effect,L2,ctrl+HOXC13,2.0,HOXA13+ctrl,0.7331850528717041,0.7280182838439941,True,HOXC13,HOXA13,HOXL subclass homeoboxes,HOXL subclass homeoboxes,HOXL subclass homeoboxes,1,True,False
Norman2019_GEARS_processed_mirror,FP3_label_shuffled_mean_effect,L2,ctrl+KIF2C,20.0,SGK1+ctrl,0.6845329999923706,0.346631646156311,True,KIF2C,SGK1,Kinesins|Small nucleolar RNA protein coding host genes,Serum/glucocorticoid regulated kinase family,,0,False,False
Norman2019_GEARS_processed_mirror,FP3_label_shuffled_mean_effect,L2,ctrl+MAP7D1,5.0,MAP2K3+ctrl,0.3039899468421936,0.2025929987430572,True,MAP7D1,MAP2K3,Microtubule associated protein 7 family,Mitogen-activated protein kinase kinases,,0,False,False
Norman2019_GEARS_processed_mirror,FP3_label_shuffled_mean_effect,L2,ctrl+TBX2,14.0,C19orf26+ctrl,0.5524036884307861,0.1542045772075653,True,TBX2,C19orf26,T-box transcription factors,,,0,False,False
