dataset,model,split,perturbation,true_target_rank,top_match,top_match_similarity,true_target_similarity,is_confused
Norman2019_GEARS_processed_mirror,B0_no_change,L0,AHR+FEV,,UNINFORMATIVE_PREDICTION,,,
Norman2019_GEARS_processed_mirror,B0_no_change,L0,AHR+KLF1,,UNINFORMATIVE_PREDICTION,,,
Norman2019_GEARS_processed_mirror,B0_no_change,L0,AHR+ctrl,,UNINFORMATIVE_PREDICTION,,,
Norman2019_GEARS_processed_mirror,B0_no_change,L0,ARID1A+ctrl,,UNINFORMATIVE_PREDICTION,,,
Norman2019_GEARS_processed_mirror,B0_no_change,L0,ARRDC3+ctrl,,UNINFORMATIVE_PREDICTION,,,
Norman2019_GEARS_processed_mirror,B0_no_change,L0,ATL1+ctrl,,UNINFORMATIVE_PREDICTION,,,
Norman2019_GEARS_processed_mirror,B0_no_change,L0,BAK1+ctrl,,UNINFORMATIVE_PREDICTION,,,
Norman2019_GEARS_processed_mirror,B0_no_change,L0,BCL2L11+BAK1,,UNINFORMATIVE_PREDICTION,,,
Norman2019_GEARS_processed_mirror,B0_no_change,L0,BCL2L11+TGFBR2,,UNINFORMATIVE_PREDICTION,,,
Norman2019_GEARS_processed_mirror,B0_no_change,L0,BCL2L11+ctrl,,UNINFORMATIVE_PREDICTION,,,
Norman2019_GEARS_processed_mirror,B0_no_change,L0,BCORL1+ctrl,,UNINFORMATIVE_PREDICTION,,,
Norman2019_GEARS_processed_mirror,B0_no_change,L0,BPGM+SAMD1,,UNINFORMATIVE_PREDICTION,,,
Norman2019_GEARS_processed_mirror,B0_no_change,L0,BPGM+ZBTB1,,UNINFORMATIVE_PREDICTION,,,
Norman2019_GEARS_processed_mirror,B0_no_change,L0,BPGM+ctrl,,UNINFORMATIVE_PREDICTION,,,
Norman2019_GEARS_processed_mirror,B0_no_change,L0,C19orf26+ctrl,,UNINFORMATIVE_PREDICTION,,,
Norman2019_GEARS_processed_mirror,B0_no_change,L0,C3orf72+FOXL2,,UNINFORMATIVE_PREDICTION,,,
Norman2019_GEARS_processed_mirror,B0_no_change,L0,C3orf72+ctrl,,UNINFORMATIVE_PREDICTION,,,
Norman2019_GEARS_processed_mirror,B0_no_change,L0,CBFA2T3+ctrl,,UNINFORMATIVE_PREDICTION,,,
Norman2019_GEARS_processed_mirror,B0_no_change,L0,CBL+CNN1,,UNINFORMATIVE_PREDICTION,,,
Norman2019_GEARS_processed_mirror,B0_no_change,L0,CBL+PTPN12,,UNINFORMATIVE_PREDICTION,,,
Norman2019_GEARS_processed_mirror,B0_no_change,L0,CBL+PTPN9,,UNINFORMATIVE_PREDICTION,,,
Norman2019_GEARS_processed_mirror,B0_no_change,L0,CBL+TGFBR2,,UNINFORMATIVE_PREDICTION,,,
Norman2019_GEARS_processed_mirror,B0_no_change,L0,CBL+UBASH3A,,UNINFORMATIVE_PREDICTION,,,
Norman2019_GEARS_processed_mirror,B0_no_change,L0,CBL+UBASH3B,,UNINFORMATIVE_PREDICTION,,,
Norman2019_GEARS_processed_mirror,B0_no_change,L0,CBL+ctrl,,UNINFORMATIVE_PREDICTION,,,
Norman2019_GEARS_processed_mirror,B0_no_change,L0,CDKN1A+ctrl,,UNINFORMATIVE_PREDICTION,,,
Norman2019_GEARS_processed_mirror,B0_no_change,L0,CDKN1B+CDKN1A,,UNINFORMATIVE_PREDICTION,,,
Norman2019_GEARS_processed_mirror,B0_no_change,L0,CDKN1B+ctrl,,UNINFORMATIVE_PREDICTION,,,
Norman2019_GEARS_processed_mirror,B0_no_change,L0,CDKN1C+CDKN1A,,UNINFORMATIVE_PREDICTION,,,
Norman2019_GEARS_processed_mirror,B0_no_change,L0,CDKN1C+CDKN1B,,UNINFORMATIVE_PREDICTION,,,
Norman2019_GEARS_processed_mirror,B0_no_change,L0,CDKN1C+ctrl,,UNINFORMATIVE_PREDICTION,,,
Norman2019_GEARS_processed_mirror,B0_no_change,L0,CEBPA+ctrl,,UNINFORMATIVE_PREDICTION,,,
Norman2019_GEARS_processed_mirror,B0_no_change,L0,CEBPB+CEBPA,,UNINFORMATIVE_PREDICTION,,,
Norman2019_GEARS_processed_mirror,B0_no_change,L0,CEBPB+MAPK1,,UNINFORMATIVE_PREDICTION,,,
Norman2019_GEARS_processed_mirror,B0_no_change,L0,CEBPB+OSR2,,UNINFORMATIVE_PREDICTION,,,
Norman2019_GEARS_processed_mirror,B0_no_change,L0,CEBPB+PTPN12,,UNINFORMATIVE_PREDICTION,,,
Norman2019_GEARS_processed_mirror,B0_no_change,L0,CEBPB+ctrl,,UNINFORMATIVE_PREDICTION,,,
Norman2019_GEARS_processed_mirror,B0_no_change,L0,CEBPE+CEBPA,,UNINFORMATIVE_PREDICTION,,,
Norman2019_GEARS_processed_mirror,B0_no_change,L0,CEBPE+CEBPB,,UNINFORMATIVE_PREDICTION,,,
Norman2019_GEARS_processed_mirror,B0_no_change,L0,CEBPE+CNN1,,UNINFORMATIVE_PREDICTION,,,
Norman2019_GEARS_processed_mirror,B0_no_change,L0,CEBPE+KLF1,,UNINFORMATIVE_PREDICTION,,,
Norman2019_GEARS_processed_mirror,B0_no_change,L0,CEBPE+PTPN12,,UNINFORMATIVE_PREDICTION,,,
Norman2019_GEARS_processed_mirror,B0_no_change,L0,CEBPE+RUNX1T1,,UNINFORMATIVE_PREDICTION,,,
Norman2019_GEARS_processed_mirror,B0_no_change,L0,CEBPE+SPI1,,UNINFORMATIVE_PREDICTION,,,
Norman2019_GEARS_processed_mirror,B0_no_change,L0,CEBPE+ctrl,,UNINFORMATIVE_PREDICTION,,,
Norman2019_GEARS_processed_mirror,B0_no_change,L0,CELF2+ctrl,,UNINFORMATIVE_PREDICTION,,,
Norman2019_GEARS_processed_mirror,B0_no_change,L0,CITED1+ctrl,,UNINFORMATIVE_PREDICTION,,,
Norman2019_GEARS_processed_mirror,B0_no_change,L0,CKS1B+ctrl,,UNINFORMATIVE_PREDICTION,,,
Norman2019_GEARS_processed_mirror,B0_no_change,L0,CLDN6+ctrl,,UNINFORMATIVE_PREDICTION,,,
Norman2019_GEARS_processed_mirror,B0_no_change,L0,CNN1+MAPK1,,UNINFORMATIVE_PREDICTION,,,
Norman2019_GEARS_processed_mirror,B0_no_change,L0,CNN1+UBASH3A,,UNINFORMATIVE_PREDICTION,,,
Norman2019_GEARS_processed_mirror,B0_no_change,L0,CNN1+ctrl,,UNINFORMATIVE_PREDICTION,,,
Norman2019_GEARS_processed_mirror,B0_no_change,L0,CNNM4+ctrl,,UNINFORMATIVE_PREDICTION,,,
Norman2019_GEARS_processed_mirror,B0_no_change,L0,COL1A1+ctrl,,UNINFORMATIVE_PREDICTION,,,
Norman2019_GEARS_processed_mirror,B0_no_change,L0,COL2A1+ctrl,,UNINFORMATIVE_PREDICTION,,,
Norman2019_GEARS_processed_mirror,B0_no_change,L0,CSRNP1+ctrl,,UNINFORMATIVE_PREDICTION,,,
Norman2019_GEARS_processed_mirror,B0_no_change,L0,DLX2+ctrl,,UNINFORMATIVE_PREDICTION,,,
Norman2019_GEARS_processed_mirror,B0_no_change,L0,DUSP9+ETS2,,UNINFORMATIVE_PREDICTION,,,
Norman2019_GEARS_processed_mirror,B0_no_change,L0,DUSP9+IGDCC3,,UNINFORMATIVE_PREDICTION,,,
Norman2019_GEARS_processed_mirror,B0_no_change,L0,DUSP9+KLF1,,UNINFORMATIVE_PREDICTION,,,
Norman2019_GEARS_processed_mirror,B0_no_change,L0,DUSP9+MAPK1,,UNINFORMATIVE_PREDICTION,,,
Norman2019_GEARS_processed_mirror,B0_no_change,L0,DUSP9+PRTG,,UNINFORMATIVE_PREDICTION,,,
Norman2019_GEARS_processed_mirror,B0_no_change,L0,DUSP9+SNAI1,,UNINFORMATIVE_PREDICTION,,,
Norman2019_GEARS_processed_mirror,B0_no_change,L0,DUSP9+ctrl,,UNINFORMATIVE_PREDICTION,,,
Norman2019_GEARS_processed_mirror,B0_no_change,L0,EGR1+ctrl,,UNINFORMATIVE_PREDICTION,,,
Norman2019_GEARS_processed_mirror,B0_no_change,L0,ELMSAN1+ctrl,,UNINFORMATIVE_PREDICTION,,,
Norman2019_GEARS_processed_mirror,B0_no_change,L0,ETS2+CEBPE,,UNINFORMATIVE_PREDICTION,,,
Norman2019_GEARS_processed_mirror,B0_no_change,L0,ETS2+CNN1,,UNINFORMATIVE_PREDICTION,,,
Norman2019_GEARS_processed_mirror,B0_no_change,L0,ETS2+IGDCC3,,UNINFORMATIVE_PREDICTION,,,
Norman2019_GEARS_processed_mirror,B0_no_change,L0,ETS2+IKZF3,,UNINFORMATIVE_PREDICTION,,,
Norman2019_GEARS_processed_mirror,B0_no_change,L0,ETS2+MAP7D1,,UNINFORMATIVE_PREDICTION,,,
Norman2019_GEARS_processed_mirror,B0_no_change,L0,ETS2+MAPK1,,UNINFORMATIVE_PREDICTION,,,
Norman2019_GEARS_processed_mirror,B0_no_change,L0,ETS2+PRTG,,UNINFORMATIVE_PREDICTION,,,
Norman2019_GEARS_processed_mirror,B0_no_change,L0,ETS2+ctrl,,UNINFORMATIVE_PREDICTION,,,
Norman2019_GEARS_processed_mirror,B0_no_change,L0,FEV+CBFA2T3,,UNINFORMATIVE_PREDICTION,,,
Norman2019_GEARS_processed_mirror,B0_no_change,L0,FEV+ISL2,,UNINFORMATIVE_PREDICTION,,,
Norman2019_GEARS_processed_mirror,B0_no_change,L0,FEV+MAP7D1,,UNINFORMATIVE_PREDICTION,,,
Norman2019_GEARS_processed_mirror,B0_no_change,L0,FEV+ctrl,,UNINFORMATIVE_PREDICTION,,,
Norman2019_GEARS_processed_mirror,B0_no_change,L0,FOSB+CEBPB,,UNINFORMATIVE_PREDICTION,,,
Norman2019_GEARS_processed_mirror,B0_no_change,L0,FOSB+CEBPE,,UNINFORMATIVE_PREDICTION,,,
Norman2019_GEARS_processed_mirror,B0_no_change,L0,FOSB+IKZF3,,UNINFORMATIVE_PREDICTION,,,
Norman2019_GEARS_processed_mirror,B0_no_change,L0,FOSB+OSR2,,UNINFORMATIVE_PREDICTION,,,
Norman2019_GEARS_processed_mirror,B0_no_change,L0,FOSB+PTPN12,,UNINFORMATIVE_PREDICTION,,,
Norman2019_GEARS_processed_mirror,B0_no_change,L0,FOSB+UBASH3B,,UNINFORMATIVE_PREDICTION,,,
Norman2019_GEARS_processed_mirror,B0_no_change,L0,FOSB+ctrl,,UNINFORMATIVE_PREDICTION,,,
Norman2019_GEARS_processed_mirror,B0_no_change,L0,FOXA1+FOXF1,,UNINFORMATIVE_PREDICTION,,,
Norman2019_GEARS_processed_mirror,B0_no_change,L0,FOXA1+FOXL2,,UNINFORMATIVE_PREDICTION,,,
Norman2019_GEARS_processed_mirror,B0_no_change,L0,FOXA1+HOXB9,,UNINFORMATIVE_PREDICTION,,,
Norman2019_GEARS_processed_mirror,B0_no_change,L0,FOXA1+ctrl,,UNINFORMATIVE_PREDICTION,,,
Norman2019_GEARS_processed_mirror,B0_no_change,L0,FOXA3+FOXA1,,UNINFORMATIVE_PREDICTION,,,
Norman2019_GEARS_processed_mirror,B0_no_change,L0,FOXA3+FOXF1,,UNINFORMATIVE_PREDICTION,,,
Norman2019_GEARS_processed_mirror,B0_no_change,L0,FOXA3+FOXL2,,UNINFORMATIVE_PREDICTION,,,
Norman2019_GEARS_processed_mirror,B0_no_change,L0,FOXA3+HOXB9,,UNINFORMATIVE_PREDICTION,,,
Norman2019_GEARS_processed_mirror,B0_no_change,L0,FOXA3+ctrl,,UNINFORMATIVE_PREDICTION,,,
Norman2019_GEARS_processed_mirror,B0_no_change,L0,FOXF1+FOXL2,,UNINFORMATIVE_PREDICTION,,,
Norman2019_GEARS_processed_mirror,B0_no_change,L0,FOXF1+HOXB9,,UNINFORMATIVE_PREDICTION,,,
Norman2019_GEARS_processed_mirror,B0_no_change,L0,FOXF1+ctrl,,UNINFORMATIVE_PREDICTION,,,
Norman2019_GEARS_processed_mirror,B0_no_change,L0,FOXL2+HOXB9,,UNINFORMATIVE_PREDICTION,,,
Norman2019_GEARS_processed_mirror,B0_no_change,L0,FOXL2+MEIS1,,UNINFORMATIVE_PREDICTION,,,
Norman2019_GEARS_processed_mirror,B0_no_change,L0,FOXL2+ctrl,,UNINFORMATIVE_PREDICTION,,,
Norman2019_GEARS_processed_mirror,B0_no_change,L0,FOXO4+ctrl,,UNINFORMATIVE_PREDICTION,,,
Norman2019_GEARS_processed_mirror,B0_no_change,L0,GLB1L2+ctrl,,UNINFORMATIVE_PREDICTION,,,
Norman2019_GEARS_processed_mirror,B0_no_change,L0,HES7+ctrl,,UNINFORMATIVE_PREDICTION,,,
Norman2019_GEARS_processed_mirror,B0_no_change,L0,HK2+ctrl,,UNINFORMATIVE_PREDICTION,,,
Norman2019_GEARS_processed_mirror,B0_no_change,L0,HNF4A+ctrl,,UNINFORMATIVE_PREDICTION,,,
Norman2019_GEARS_processed_mirror,B0_no_change,L0,HOXA13+ctrl,,UNINFORMATIVE_PREDICTION,,,
Norman2019_GEARS_processed_mirror,B0_no_change,L0,HOXB9+ctrl,,UNINFORMATIVE_PREDICTION,,,
Norman2019_GEARS_processed_mirror,B0_no_change,L0,HOXC13+ctrl,,UNINFORMATIVE_PREDICTION,,,
Norman2019_GEARS_processed_mirror,B0_no_change,L0,IER5L+ctrl,,UNINFORMATIVE_PREDICTION,,,
Norman2019_GEARS_processed_mirror,B0_no_change,L0,IGDCC3+MAPK1,,UNINFORMATIVE_PREDICTION,,,
Norman2019_GEARS_processed_mirror,B0_no_change,L0,IGDCC3+PRTG,,UNINFORMATIVE_PREDICTION,,,
Norman2019_GEARS_processed_mirror,B0_no_change,L0,IGDCC3+ZBTB25,,UNINFORMATIVE_PREDICTION,,,
Norman2019_GEARS_processed_mirror,B0_no_change,L0,IGDCC3+ctrl,,UNINFORMATIVE_PREDICTION,,,
Norman2019_GEARS_processed_mirror,B0_no_change,L0,IKZF3+ctrl,,UNINFORMATIVE_PREDICTION,,,
Norman2019_GEARS_processed_mirror,B0_no_change,L0,IRF1+SET,,UNINFORMATIVE_PREDICTION,,,
Norman2019_GEARS_processed_mirror,B0_no_change,L0,IRF1+ctrl,,UNINFORMATIVE_PREDICTION,,,
Norman2019_GEARS_processed_mirror,B0_no_change,L0,ISL2+ctrl,,UNINFORMATIVE_PREDICTION,,,
Norman2019_GEARS_processed_mirror,B0_no_change,L0,JUN+CEBPA,,UNINFORMATIVE_PREDICTION,,,
Norman2019_GEARS_processed_mirror,B0_no_change,L0,JUN+CEBPB,,UNINFORMATIVE_PREDICTION,,,
Norman2019_GEARS_processed_mirror,B0_no_change,L0,JUN+ctrl,,UNINFORMATIVE_PREDICTION,,,
Norman2019_GEARS_processed_mirror,B0_no_change,L0,KIAA1804+ctrl,,UNINFORMATIVE_PREDICTION,,,
Norman2019_GEARS_processed_mirror,B0_no_change,L0,KIF18B+KIF2C,,UNINFORMATIVE_PREDICTION,,,
Norman2019_GEARS_processed_mirror,B0_no_change,L0,KIF18B+ctrl,,UNINFORMATIVE_PREDICTION,,,
Norman2019_GEARS_processed_mirror,B0_no_change,L0,KIF2C+ctrl,,UNINFORMATIVE_PREDICTION,,,
Norman2019_GEARS_processed_mirror,B0_no_change,L0,KLF1+BAK1,,UNINFORMATIVE_PREDICTION,,,
Norman2019_GEARS_processed_mirror,B0_no_change,L0,KLF1+CEBPA,,UNINFORMATIVE_PREDICTION,,,
Norman2019_GEARS_processed_mirror,B0_no_change,L0,KLF1+CLDN6,,UNINFORMATIVE_PREDICTION,,,
Norman2019_GEARS_processed_mirror,B0_no_change,L0,KLF1+COL2A1,,UNINFORMATIVE_PREDICTION,,,
Norman2019_GEARS_processed_mirror,B0_no_change,L0,KLF1+FOXA1,,UNINFORMATIVE_PREDICTION,,,
Norman2019_GEARS_processed_mirror,B0_no_change,L0,KLF1+MAP2K6,,UNINFORMATIVE_PREDICTION,,,
Norman2019_GEARS_processed_mirror,B0_no_change,L0,KLF1+TGFBR2,,UNINFORMATIVE_PREDICTION,,,
Norman2019_GEARS_processed_mirror,B0_no_change,L0,KLF1+ctrl,,UNINFORMATIVE_PREDICTION,,,
Norman2019_GEARS_processed_mirror,B0_no_change,L0,KMT2A+ctrl,,UNINFORMATIVE_PREDICTION,,,
Norman2019_GEARS_processed_mirror,B0_no_change,L0,LHX1+ELMSAN1,,UNINFORMATIVE_PREDICTION,,,
Norman2019_GEARS_processed_mirror,B0_no_change,L0,LHX1+ctrl,,UNINFORMATIVE_PREDICTION,,,
Norman2019_GEARS_processed_mirror,B0_no_change,L0,LYL1+CEBPB,,UNINFORMATIVE_PREDICTION,,,
Norman2019_GEARS_processed_mirror,B0_no_change,L0,LYL1+IER5L,,UNINFORMATIVE_PREDICTION,,,
Norman2019_GEARS_processed_mirror,B0_no_change,L0,LYL1+ctrl,,UNINFORMATIVE_PREDICTION,,,
Norman2019_GEARS_processed_mirror,B0_no_change,L0,MAML2+ctrl,,UNINFORMATIVE_PREDICTION,,,
Norman2019_GEARS_processed_mirror,B0_no_change,L0,MAP2K3+ELMSAN1,,UNINFORMATIVE_PREDICTION,,,
Norman2019_GEARS_processed_mirror,B0_no_change,L0,MAP2K3+IKZF3,,UNINFORMATIVE_PREDICTION,,,
Norman2019_GEARS_processed_mirror,B0_no_change,L0,MAP2K3+MAP2K6,,UNINFORMATIVE_PREDICTION,,,
Norman2019_GEARS_processed_mirror,B0_no_change,L0,MAP2K3+SLC38A2,,UNINFORMATIVE_PREDICTION,,,
Norman2019_GEARS_processed_mirror,B0_no_change,L0,MAP2K3+ctrl,,UNINFORMATIVE_PREDICTION,,,
Norman2019_GEARS_processed_mirror,B0_no_change,L0,MAP2K6+ELMSAN1,,UNINFORMATIVE_PREDICTION,,,
Norman2019_GEARS_processed_mirror,B0_no_change,L0,MAP2K6+IKZF3,,UNINFORMATIVE_PREDICTION,,,
Norman2019_GEARS_processed_mirror,B0_no_change,L0,MAP2K6+SPI1,,UNINFORMATIVE_PREDICTION,,,
Norman2019_GEARS_processed_mirror,B0_no_change,L0,MAP2K6+ctrl,,UNINFORMATIVE_PREDICTION,,,
Norman2019_GEARS_processed_mirror,B0_no_change,L0,MAP4K3+ctrl,,UNINFORMATIVE_PREDICTION,,,
Norman2019_GEARS_processed_mirror,B0_no_change,L0,MAP4K5+ctrl,,UNINFORMATIVE_PREDICTION,,,
Norman2019_GEARS_processed_mirror,B0_no_change,L0,MAP7D1+ctrl,,UNINFORMATIVE_PREDICTION,,,
Norman2019_GEARS_processed_mirror,B0_no_change,L0,MAPK1+IKZF3,,UNINFORMATIVE_PREDICTION,,,
Norman2019_GEARS_processed_mirror,B0_no_change,L0,MAPK1+PRTG,,UNINFORMATIVE_PREDICTION,,,
Norman2019_GEARS_processed_mirror,B0_no_change,L0,MAPK1+TGFBR2,,UNINFORMATIVE_PREDICTION,,,
Norman2019_GEARS_processed_mirror,B0_no_change,L0,MAPK1+ctrl,,UNINFORMATIVE_PREDICTION,,,
Norman2019_GEARS_processed_mirror,B0_no_change,L0,MEIS1+ctrl,,UNINFORMATIVE_PREDICTION,,,
Norman2019_GEARS_processed_mirror,B0_no_change,L0,MIDN+ctrl,,UNINFORMATIVE_PREDICTION,,,
Norman2019_GEARS_processed_mirror,B0_no_change,L0,NCL+ctrl,,UNINFORMATIVE_PREDICTION,,,
Norman2019_GEARS_processed_mirror,B0_no_change,L0,NIT1+ctrl,,UNINFORMATIVE_PREDICTION,,,
Norman2019_GEARS_processed_mirror,B0_no_change,L0,OSR2+ctrl,,UNINFORMATIVE_PREDICTION,,,
Norman2019_GEARS_processed_mirror,B0_no_change,L0,PLK4+STIL,,UNINFORMATIVE_PREDICTION,,,
Norman2019_GEARS_processed_mirror,B0_no_change,L0,PLK4+ctrl,,UNINFORMATIVE_PREDICTION,,,
Norman2019_GEARS_processed_mirror,B0_no_change,L0,POU3F2+CBFA2T3,,UNINFORMATIVE_PREDICTION,,,
Norman2019_GEARS_processed_mirror,B0_no_change,L0,POU3F2+FOXL2,,UNINFORMATIVE_PREDICTION,,,
Norman2019_GEARS_processed_mirror,B0_no_change,L0,POU3F2+ctrl,,UNINFORMATIVE_PREDICTION,,,
Norman2019_GEARS_processed_mirror,B0_no_change,L0,PRDM1+CBFA2T3,,UNINFORMATIVE_PREDICTION,,,
Norman2019_GEARS_processed_mirror,B0_no_change,L0,PRDM1+ctrl,,UNINFORMATIVE_PREDICTION,,,
Norman2019_GEARS_processed_mirror,B0_no_change,L0,PRTG+ctrl,,UNINFORMATIVE_PREDICTION,,,
Norman2019_GEARS_processed_mirror,B0_no_change,L0,PTPN1+ctrl,,UNINFORMATIVE_PREDICTION,,,
Norman2019_GEARS_processed_mirror,B0_no_change,L0,PTPN12+OSR2,,UNINFORMATIVE_PREDICTION,,,
Norman2019_GEARS_processed_mirror,B0_no_change,L0,PTPN12+PTPN9,,UNINFORMATIVE_PREDICTION,,,
Norman2019_GEARS_processed_mirror,B0_no_change,L0,PTPN12+SNAI1,,UNINFORMATIVE_PREDICTION,,,
Norman2019_GEARS_processed_mirror,B0_no_change,L0,PTPN12+UBASH3A,,UNINFORMATIVE_PREDICTION,,,
Norman2019_GEARS_processed_mirror,B0_no_change,L0,PTPN12+ZBTB25,,UNINFORMATIVE_PREDICTION,,,
Norman2019_GEARS_processed_mirror,B0_no_change,L0,PTPN12+ctrl,,UNINFORMATIVE_PREDICTION,,,
Norman2019_GEARS_processed_mirror,B0_no_change,L0,PTPN13+ctrl,,UNINFORMATIVE_PREDICTION,,,
Norman2019_GEARS_processed_mirror,B0_no_change,L0,PTPN9+ctrl,,UNINFORMATIVE_PREDICTION,,,
Norman2019_GEARS_processed_mirror,B0_no_change,L0,RHOXF2BB+SET,,UNINFORMATIVE_PREDICTION,,,
Norman2019_GEARS_processed_mirror,B0_no_change,L0,RHOXF2BB+ZBTB25,,UNINFORMATIVE_PREDICTION,,,
Norman2019_GEARS_processed_mirror,B0_no_change,L0,RHOXF2BB+ctrl,,UNINFORMATIVE_PREDICTION,,,
Norman2019_GEARS_processed_mirror,B0_no_change,L0,RREB1+ctrl,,UNINFORMATIVE_PREDICTION,,,
Norman2019_GEARS_processed_mirror,B0_no_change,L0,RUNX1T1+ctrl,,UNINFORMATIVE_PREDICTION,,,
Norman2019_GEARS_processed_mirror,B0_no_change,L0,S1PR2+ctrl,,UNINFORMATIVE_PREDICTION,,,
Norman2019_GEARS_processed_mirror,B0_no_change,L0,SAMD1+PTPN12,,UNINFORMATIVE_PREDICTION,,,
Norman2019_GEARS_processed_mirror,B0_no_change,L0,SAMD1+TGFBR2,,UNINFORMATIVE_PREDICTION,,,
Norman2019_GEARS_processed_mirror,B0_no_change,L0,SAMD1+UBASH3B,,UNINFORMATIVE_PREDICTION,,,
Norman2019_GEARS_processed_mirror,B0_no_change,L0,SAMD1+ZBTB1,,UNINFORMATIVE_PREDICTION,,,
Norman2019_GEARS_processed_mirror,B0_no_change,L0,SAMD1+ctrl,,UNINFORMATIVE_PREDICTION,,,
Norman2019_GEARS_processed_mirror,B0_no_change,L0,SET+CEBPE,,UNINFORMATIVE_PREDICTION,,,
Norman2019_GEARS_processed_mirror,B0_no_change,L0,SET+KLF1,,UNINFORMATIVE_PREDICTION,,,
Norman2019_GEARS_processed_mirror,B0_no_change,L0,SET+ctrl,,UNINFORMATIVE_PREDICTION,,,
Norman2019_GEARS_processed_mirror,B0_no_change,L0,SGK1+S1PR2,,UNINFORMATIVE_PREDICTION,,,
Norman2019_GEARS_processed_mirror,B0_no_change,L0,SGK1+TBX2,,UNINFORMATIVE_PREDICTION,,,
Norman2019_GEARS_processed_mirror,B0_no_change,L0,SGK1+TBX3,,UNINFORMATIVE_PREDICTION,,,
Norman2019_GEARS_processed_mirror,B0_no_change,L0,SGK1+ctrl,,UNINFORMATIVE_PREDICTION,,,
Norman2019_GEARS_processed_mirror,B0_no_change,L0,SLC4A1+ctrl,,UNINFORMATIVE_PREDICTION,,,
Norman2019_GEARS_processed_mirror,B0_no_change,L0,SLC6A9+ctrl,,UNINFORMATIVE_PREDICTION,,,
Norman2019_GEARS_processed_mirror,B0_no_change,L0,SNAI1+DLX2,,UNINFORMATIVE_PREDICTION,,,
Norman2019_GEARS_processed_mirror,B0_no_change,L0,SNAI1+UBASH3B,,UNINFORMATIVE_PREDICTION,,,
Norman2019_GEARS_processed_mirror,B0_no_change,L0,SNAI1+ctrl,,UNINFORMATIVE_PREDICTION,,,
Norman2019_GEARS_processed_mirror,B0_no_change,L0,SPI1+ctrl,,UNINFORMATIVE_PREDICTION,,,
Norman2019_GEARS_processed_mirror,B0_no_change,L0,STIL+ctrl,,UNINFORMATIVE_PREDICTION,,,
Norman2019_GEARS_processed_mirror,B0_no_change,L0,TBX2+ctrl,,UNINFORMATIVE_PREDICTION,,,
Norman2019_GEARS_processed_mirror,B0_no_change,L0,TBX3+TBX2,,UNINFORMATIVE_PREDICTION,,,
Norman2019_GEARS_processed_mirror,B0_no_change,L0,TBX3+ctrl,,UNINFORMATIVE_PREDICTION,,,
Norman2019_GEARS_processed_mirror,B0_no_change,L0,TGFBR2+C19orf26,,UNINFORMATIVE_PREDICTION,,,
Norman2019_GEARS_processed_mirror,B0_no_change,L0,TGFBR2+ETS2,,UNINFORMATIVE_PREDICTION,,,
Norman2019_GEARS_processed_mirror,B0_no_change,L0,TGFBR2+IGDCC3,,UNINFORMATIVE_PREDICTION,,,
Norman2019_GEARS_processed_mirror,B0_no_change,L0,TGFBR2+PRTG,,UNINFORMATIVE_PREDICTION,,,
Norman2019_GEARS_processed_mirror,B0_no_change,L0,TGFBR2+ctrl,,UNINFORMATIVE_PREDICTION,,,
Norman2019_GEARS_processed_mirror,B0_no_change,L0,TMSB4X+BAK1,,UNINFORMATIVE_PREDICTION,,,
Norman2019_GEARS_processed_mirror,B0_no_change,L0,TMSB4X+ctrl,,UNINFORMATIVE_PREDICTION,,,
Norman2019_GEARS_processed_mirror,B0_no_change,L0,TP73+ctrl,,UNINFORMATIVE_PREDICTION,,,
Norman2019_GEARS_processed_mirror,B0_no_change,L0,TSC22D1+ctrl,,UNINFORMATIVE_PREDICTION,,,
Norman2019_GEARS_processed_mirror,B0_no_change,L0,UBASH3A+ctrl,,UNINFORMATIVE_PREDICTION,,,
Norman2019_GEARS_processed_mirror,B0_no_change,L0,UBASH3B+CNN1,,UNINFORMATIVE_PREDICTION,,,
Norman2019_GEARS_processed_mirror,B0_no_change,L0,UBASH3B+OSR2,,UNINFORMATIVE_PREDICTION,,,
Norman2019_GEARS_processed_mirror,B0_no_change,L0,UBASH3B+PTPN12,,UNINFORMATIVE_PREDICTION,,,
Norman2019_GEARS_processed_mirror,B0_no_change,L0,UBASH3B+PTPN9,,UNINFORMATIVE_PREDICTION,,,
Norman2019_GEARS_processed_mirror,B0_no_change,L0,UBASH3B+UBASH3A,,UNINFORMATIVE_PREDICTION,,,
Norman2019_GEARS_processed_mirror,B0_no_change,L0,UBASH3B+ZBTB25,,UNINFORMATIVE_PREDICTION,,,
Norman2019_GEARS_processed_mirror,B0_no_change,L0,UBASH3B+ctrl,,UNINFORMATIVE_PREDICTION,,,
Norman2019_GEARS_processed_mirror,B0_no_change,L0,ZBTB1+ctrl,,UNINFORMATIVE_PREDICTION,,,
Norman2019_GEARS_processed_mirror,B0_no_change,L0,ZBTB10+DLX2,,UNINFORMATIVE_PREDICTION,,,
Norman2019_GEARS_processed_mirror,B0_no_change,L0,ZBTB10+ELMSAN1,,UNINFORMATIVE_PREDICTION,,,
Norman2019_GEARS_processed_mirror,B0_no_change,L0,ZBTB10+PTPN12,,UNINFORMATIVE_PREDICTION,,,
Norman2019_GEARS_processed_mirror,B0_no_change,L0,ZBTB10+SNAI1,,UNINFORMATIVE_PREDICTION,,,
Norman2019_GEARS_processed_mirror,B0_no_change,L0,ZBTB10+ctrl,,UNINFORMATIVE_PREDICTION,,,
Norman2019_GEARS_processed_mirror,B0_no_change,L0,ZBTB25+ctrl,,UNINFORMATIVE_PREDICTION,,,
Norman2019_GEARS_processed_mirror,B0_no_change,L0,ZC3HAV1+CEBPA,,UNINFORMATIVE_PREDICTION,,,
Norman2019_GEARS_processed_mirror,B0_no_change,L0,ZC3HAV1+CEBPE,,UNINFORMATIVE_PREDICTION,,,
Norman2019_GEARS_processed_mirror,B0_no_change,L0,ZC3HAV1+HOXC13,,UNINFORMATIVE_PREDICTION,,,
Norman2019_GEARS_processed_mirror,B0_no_change,L0,ZC3HAV1+ctrl,,UNINFORMATIVE_PREDICTION,,,
Norman2019_GEARS_processed_mirror,B0_no_change,L0,ZNF318+FOXL2,,UNINFORMATIVE_PREDICTION,,,
Norman2019_GEARS_processed_mirror,B0_no_change,L0,ZNF318+ctrl,,UNINFORMATIVE_PREDICTION,,,
Norman2019_GEARS_processed_mirror,B0_no_change,L0,ctrl+BAK1,,UNINFORMATIVE_PREDICTION,,,
Norman2019_GEARS_processed_mirror,B0_no_change,L0,ctrl+C19orf26,,UNINFORMATIVE_PREDICTION,,,
Norman2019_GEARS_processed_mirror,B0_no_change,L0,ctrl+CBFA2T3,,UNINFORMATIVE_PREDICTION,,,
Norman2019_GEARS_processed_mirror,B0_no_change,L0,ctrl+CDKN1A,,UNINFORMATIVE_PREDICTION,,,
Norman2019_GEARS_processed_mirror,B0_no_change,L0,ctrl+CDKN1B,,UNINFORMATIVE_PREDICTION,,,
Norman2019_GEARS_processed_mirror,B0_no_change,L0,ctrl+CEBPA,,UNINFORMATIVE_PREDICTION,,,
Norman2019_GEARS_processed_mirror,B0_no_change,L0,ctrl+CEBPB,,UNINFORMATIVE_PREDICTION,,,
Norman2019_GEARS_processed_mirror,B0_no_change,L0,ctrl+CEBPE,,UNINFORMATIVE_PREDICTION,,,
Norman2019_GEARS_processed_mirror,B0_no_change,L0,ctrl+CLDN6,,UNINFORMATIVE_PREDICTION,,,
Norman2019_GEARS_processed_mirror,B0_no_change,L0,ctrl+CNN1,,UNINFORMATIVE_PREDICTION,,,
Norman2019_GEARS_processed_mirror,B0_no_change,L0,ctrl+COL2A1,,UNINFORMATIVE_PREDICTION,,,
Norman2019_GEARS_processed_mirror,B0_no_change,L0,ctrl+DLX2,,UNINFORMATIVE_PREDICTION,,,
Norman2019_GEARS_processed_mirror,B0_no_change,L0,ctrl+ELMSAN1,,UNINFORMATIVE_PREDICTION,,,
Norman2019_GEARS_processed_mirror,B0_no_change,L0,ctrl+ETS2,,UNINFORMATIVE_PREDICTION,,,
Norman2019_GEARS_processed_mirror,B0_no_change,L0,ctrl+FEV,,UNINFORMATIVE_PREDICTION,,,
Norman2019_GEARS_processed_mirror,B0_no_change,L0,ctrl+FOXA1,,UNINFORMATIVE_PREDICTION,,,
Norman2019_GEARS_processed_mirror,B0_no_change,L0,ctrl+FOXF1,,UNINFORMATIVE_PREDICTION,,,
Norman2019_GEARS_processed_mirror,B0_no_change,L0,ctrl+FOXL2,,UNINFORMATIVE_PREDICTION,,,
Norman2019_GEARS_processed_mirror,B0_no_change,L0,ctrl+HOXB9,,UNINFORMATIVE_PREDICTION,,,
Norman2019_GEARS_processed_mirror,B0_no_change,L0,ctrl+HOXC13,,UNINFORMATIVE_PREDICTION,,,
Norman2019_GEARS_processed_mirror,B0_no_change,L0,ctrl+IER5L,,UNINFORMATIVE_PREDICTION,,,
Norman2019_GEARS_processed_mirror,B0_no_change,L0,ctrl+IGDCC3,,UNINFORMATIVE_PREDICTION,,,
Norman2019_GEARS_processed_mirror,B0_no_change,L0,ctrl+IKZF3,,UNINFORMATIVE_PREDICTION,,,
Norman2019_GEARS_processed_mirror,B0_no_change,L0,ctrl+ISL2,,UNINFORMATIVE_PREDICTION,,,
Norman2019_GEARS_processed_mirror,B0_no_change,L0,ctrl+KIF2C,,UNINFORMATIVE_PREDICTION,,,
Norman2019_GEARS_processed_mirror,B0_no_change,L0,ctrl+KLF1,,UNINFORMATIVE_PREDICTION,,,
Norman2019_GEARS_processed_mirror,B0_no_change,L0,ctrl+MAP2K6,,UNINFORMATIVE_PREDICTION,,,
Norman2019_GEARS_processed_mirror,B0_no_change,L0,ctrl+MAP7D1,,UNINFORMATIVE_PREDICTION,,,
Norman2019_GEARS_processed_mirror,B0_no_change,L0,ctrl+MAPK1,,UNINFORMATIVE_PREDICTION,,,
Norman2019_GEARS_processed_mirror,B0_no_change,L0,ctrl+MEIS1,,UNINFORMATIVE_PREDICTION,,,
Norman2019_GEARS_processed_mirror,B0_no_change,L0,ctrl+OSR2,,UNINFORMATIVE_PREDICTION,,,
Norman2019_GEARS_processed_mirror,B0_no_change,L0,ctrl+PRTG,,UNINFORMATIVE_PREDICTION,,,
Norman2019_GEARS_processed_mirror,B0_no_change,L0,ctrl+PTPN12,,UNINFORMATIVE_PREDICTION,,,
Norman2019_GEARS_processed_mirror,B0_no_change,L0,ctrl+PTPN9,,UNINFORMATIVE_PREDICTION,,,
Norman2019_GEARS_processed_mirror,B0_no_change,L0,ctrl+RUNX1T1,,UNINFORMATIVE_PREDICTION,,,
Norman2019_GEARS_processed_mirror,B0_no_change,L0,ctrl+SAMD1,,UNINFORMATIVE_PREDICTION,,,
Norman2019_GEARS_processed_mirror,B0_no_change,L0,ctrl+SET,,UNINFORMATIVE_PREDICTION,,,
Norman2019_GEARS_processed_mirror,B0_no_change,L0,ctrl+SLC38A2,,UNINFORMATIVE_PREDICTION,,,
Norman2019_GEARS_processed_mirror,B0_no_change,L0,ctrl+SNAI1,,UNINFORMATIVE_PREDICTION,,,
Norman2019_GEARS_processed_mirror,B0_no_change,L0,ctrl+SPI1,,UNINFORMATIVE_PREDICTION,,,
Norman2019_GEARS_processed_mirror,B0_no_change,L0,ctrl+STIL,,UNINFORMATIVE_PREDICTION,,,
Norman2019_GEARS_processed_mirror,B0_no_change,L0,ctrl+TBX2,,UNINFORMATIVE_PREDICTION,,,
Norman2019_GEARS_processed_mirror,B0_no_change,L0,ctrl+TBX3,,UNINFORMATIVE_PREDICTION,,,
Norman2019_GEARS_processed_mirror,B0_no_change,L0,ctrl+TGFBR2,,UNINFORMATIVE_PREDICTION,,,
Norman2019_GEARS_processed_mirror,B0_no_change,L0,ctrl+UBASH3A,,UNINFORMATIVE_PREDICTION,,,
Norman2019_GEARS_processed_mirror,B0_no_change,L0,ctrl+UBASH3B,,UNINFORMATIVE_PREDICTION,,,
Norman2019_GEARS_processed_mirror,B0_no_change,L0,ctrl+ZBTB1,,UNINFORMATIVE_PREDICTION,,,
Norman2019_GEARS_processed_mirror,B0_no_change,L0,ctrl+ZBTB25,,UNINFORMATIVE_PREDICTION,,,
Norman2019_GEARS_processed_mirror,B5_mean_effect,L0,AHR+FEV,81.0,LYL1+IER5L,0.7957773804664612,0.6290533542633057,True
Norman2019_GEARS_processed_mirror,B5_mean_effect,L0,AHR+KLF1,207.0,LYL1+IER5L,0.7957773804664612,0.3434217572212219,True
Norman2019_GEARS_processed_mirror,B5_mean_effect,L0,AHR+ctrl,98.0,LYL1+IER5L,0.7957773804664612,0.6073943972587585,True
Norman2019_GEARS_processed_mirror,B5_mean_effect,L0,ARID1A+ctrl,77.0,LYL1+IER5L,0.7957773804664612,0.6359577178955078,True
Norman2019_GEARS_processed_mirror,B5_mean_effect,L0,ARRDC3+ctrl,124.0,LYL1+IER5L,0.7957773804664612,0.5448223352432251,True
Norman2019_GEARS_processed_mirror,B5_mean_effect,L0,ATL1+ctrl,52.0,LYL1+IER5L,0.7957773804664612,0.6674410104751587,True
Norman2019_GEARS_processed_mirror,B5_mean_effect,L0,BAK1+ctrl,270.0,LYL1+IER5L,0.7957773804664612,-0.0919096544384956,True
Norman2019_GEARS_processed_mirror,B5_mean_effect,L0,BCL2L11+BAK1,271.0,LYL1+IER5L,0.7957773804664612,-0.0979833081364631,True
Norman2019_GEARS_processed_mirror,B5_mean_effect,L0,BCL2L11+TGFBR2,210.0,LYL1+IER5L,0.7957773804664612,0.3365172147750854,True
Norman2019_GEARS_processed_mirror,B5_mean_effect,L0,BCL2L11+ctrl,262.0,LYL1+IER5L,0.7957773804664612,0.1125067323446273,True
Norman2019_GEARS_processed_mirror,B5_mean_effect,L0,BCORL1+ctrl,226.0,LYL1+IER5L,0.7957773804664612,0.2847379446029663,True
Norman2019_GEARS_processed_mirror,B5_mean_effect,L0,BPGM+SAMD1,17.0,LYL1+IER5L,0.7957773804664612,0.7287279367446899,True
Norman2019_GEARS_processed_mirror,B5_mean_effect,L0,BPGM+ZBTB1,12.0,LYL1+IER5L,0.7957773804664612,0.7385028600692749,True
Norman2019_GEARS_processed_mirror,B5_mean_effect,L0,BPGM+ctrl,121.0,LYL1+IER5L,0.7957773804664612,0.5454623699188232,True
Norman2019_GEARS_processed_mirror,B5_mean_effect,L0,C19orf26+ctrl,180.0,LYL1+IER5L,0.7957773804664612,0.4409641623497009,True
Norman2019_GEARS_processed_mirror,B5_mean_effect,L0,C3orf72+FOXL2,160.0,LYL1+IER5L,0.7957773804664612,0.4776711165904999,True
Norman2019_GEARS_processed_mirror,B5_mean_effect,L0,C3orf72+ctrl,54.0,LYL1+IER5L,0.7957773804664612,0.6644303798675537,True
Norman2019_GEARS_processed_mirror,B5_mean_effect,L0,CBFA2T3+ctrl,248.0,LYL1+IER5L,0.7957773804664612,0.1772388815879821,True
Norman2019_GEARS_processed_mirror,B5_mean_effect,L0,CBL+CNN1,42.0,LYL1+IER5L,0.7957773804664612,0.6814537048339844,True
Norman2019_GEARS_processed_mirror,B5_mean_effect,L0,CBL+PTPN12,108.0,LYL1+IER5L,0.7957773804664612,0.5944087505340576,True
Norman2019_GEARS_processed_mirror,B5_mean_effect,L0,CBL+PTPN9,44.0,LYL1+IER5L,0.7957773804664612,0.679261326789856,True
Norman2019_GEARS_processed_mirror,B5_mean_effect,L0,CBL+TGFBR2,127.0,LYL1+IER5L,0.7957773804664612,0.5381709933280945,True
Norman2019_GEARS_processed_mirror,B5_mean_effect,L0,CBL+UBASH3A,107.0,LYL1+IER5L,0.7957773804664612,0.5946677327156067,True
Norman2019_GEARS_processed_mirror,B5_mean_effect,L0,CBL+UBASH3B,31.0,LYL1+IER5L,0.7957773804664612,0.7033160328865051,True
Norman2019_GEARS_processed_mirror,B5_mean_effect,L0,CBL+ctrl,123.0,LYL1+IER5L,0.7957773804664612,0.5452811121940613,True
Norman2019_GEARS_processed_mirror,B5_mean_effect,L0,CDKN1A+ctrl,47.0,LYL1+IER5L,0.7957773804664612,0.6776179075241089,True
Norman2019_GEARS_processed_mirror,B5_mean_effect,L0,CDKN1B+CDKN1A,63.0,LYL1+IER5L,0.7957773804664612,0.65639328956604,True
Norman2019_GEARS_processed_mirror,B5_mean_effect,L0,CDKN1B+ctrl,20.0,LYL1+IER5L,0.7957773804664612,0.7178757190704346,True
Norman2019_GEARS_processed_mirror,B5_mean_effect,L0,CDKN1C+CDKN1A,35.0,LYL1+IER5L,0.7957773804664612,0.6944792866706848,True
Norman2019_GEARS_processed_mirror,B5_mean_effect,L0,CDKN1C+CDKN1B,95.0,LYL1+IER5L,0.7957773804664612,0.6107122898101807,True
Norman2019_GEARS_processed_mirror,B5_mean_effect,L0,CDKN1C+ctrl,43.0,LYL1+IER5L,0.7957773804664612,0.679719090461731,True
Norman2019_GEARS_processed_mirror,B5_mean_effect,L0,CEBPA+ctrl,138.0,LYL1+IER5L,0.7957773804664612,0.5178623199462891,True
Norman2019_GEARS_processed_mirror,B5_mean_effect,L0,CEBPB+CEBPA,165.0,LYL1+IER5L,0.7957773804664612,0.4687056541442871,True
Norman2019_GEARS_processed_mirror,B5_mean_effect,L0,CEBPB+MAPK1,205.0,LYL1+IER5L,0.7957773804664612,0.3539719879627228,True
Norman2019_GEARS_processed_mirror,B5_mean_effect,L0,CEBPB+OSR2,134.0,LYL1+IER5L,0.7957773804664612,0.5198138356208801,True
Norman2019_GEARS_processed_mirror,B5_mean_effect,L0,CEBPB+PTPN12,40.0,LYL1+IER5L,0.7957773804664612,0.6902410984039307,True
Norman2019_GEARS_processed_mirror,B5_mean_effect,L0,CEBPB+ctrl,149.0,LYL1+IER5L,0.7957773804664612,0.4988872408866882,True
Norman2019_GEARS_processed_mirror,B5_mean_effect,L0,CEBPE+CEBPA,131.0,LYL1+IER5L,0.7957773804664612,0.5273984670639038,True
Norman2019_GEARS_processed_mirror,B5_mean_effect,L0,CEBPE+CEBPB,144.0,LYL1+IER5L,0.7957773804664612,0.5053826570510864,True
Norman2019_GEARS_processed_mirror,B5_mean_effect,L0,CEBPE+CNN1,166.0,LYL1+IER5L,0.7957773804664612,0.4682598710060119,True
Norman2019_GEARS_processed_mirror,B5_mean_effect,L0,CEBPE+KLF1,196.0,LYL1+IER5L,0.7957773804664612,0.3775170445442199,True
Norman2019_GEARS_processed_mirror,B5_mean_effect,L0,CEBPE+PTPN12,136.0,LYL1+IER5L,0.7957773804664612,0.5195341110229492,True
Norman2019_GEARS_processed_mirror,B5_mean_effect,L0,CEBPE+RUNX1T1,206.0,LYL1+IER5L,0.7957773804664612,0.3470721840858459,True
Norman2019_GEARS_processed_mirror,B5_mean_effect,L0,CEBPE+SPI1,119.0,LYL1+IER5L,0.7957773804664612,0.5578246116638184,True
Norman2019_GEARS_processed_mirror,B5_mean_effect,L0,CEBPE+ctrl,173.0,LYL1+IER5L,0.7957773804664612,0.4526935815811157,True
Norman2019_GEARS_processed_mirror,B5_mean_effect,L0,CELF2+ctrl,235.0,LYL1+IER5L,0.7957773804664612,0.2269180864095688,True
Norman2019_GEARS_processed_mirror,B5_mean_effect,L0,CITED1+ctrl,143.0,LYL1+IER5L,0.7957773804664612,0.5141571164131165,True
Norman2019_GEARS_processed_mirror,B5_mean_effect,L0,CKS1B+ctrl,145.0,LYL1+IER5L,0.7957773804664612,0.5029370188713074,True
Norman2019_GEARS_processed_mirror,B5_mean_effect,L0,CLDN6+ctrl,74.0,LYL1+IER5L,0.7957773804664612,0.6437143087387085,True
Norman2019_GEARS_processed_mirror,B5_mean_effect,L0,CNN1+MAPK1,175.0,LYL1+IER5L,0.7957773804664612,0.4518184065818786,True
Norman2019_GEARS_processed_mirror,B5_mean_effect,L0,CNN1+UBASH3A,34.0,LYL1+IER5L,0.7957773804664612,0.6949175596237183,True
Norman2019_GEARS_processed_mirror,B5_mean_effect,L0,CNN1+ctrl,218.0,LYL1+IER5L,0.7957773804664612,0.3190251588821411,True
Norman2019_GEARS_processed_mirror,B5_mean_effect,L0,CNNM4+ctrl,164.0,LYL1+IER5L,0.7957773804664612,0.471183568239212,True
Norman2019_GEARS_processed_mirror,B5_mean_effect,L0,COL1A1+ctrl,198.0,LYL1+IER5L,0.7957773804664612,0.3733985424041748,True
Norman2019_GEARS_processed_mirror,B5_mean_effect,L0,COL2A1+ctrl,242.0,LYL1+IER5L,0.7957773804664612,0.2025591135025024,True
Norman2019_GEARS_processed_mirror,B5_mean_effect,L0,CSRNP1+ctrl,279.0,LYL1+IER5L,0.7957773804664612,-0.2592507004737854,True
Norman2019_GEARS_processed_mirror,B5_mean_effect,L0,DLX2+ctrl,225.0,LYL1+IER5L,0.7957773804664612,0.2857338488101959,True
Norman2019_GEARS_processed_mirror,B5_mean_effect,L0,DUSP9+ETS2,80.0,LYL1+IER5L,0.7957773804664612,0.62940913438797,True
Norman2019_GEARS_processed_mirror,B5_mean_effect,L0,DUSP9+IGDCC3,16.0,LYL1+IER5L,0.7957773804664612,0.729600191116333,True
Norman2019_GEARS_processed_mirror,B5_mean_effect,L0,DUSP9+KLF1,93.0,LYL1+IER5L,0.7957773804664612,0.6115583181381226,True
Norman2019_GEARS_processed_mirror,B5_mean_effect,L0,DUSP9+MAPK1,188.0,LYL1+IER5L,0.7957773804664612,0.4026790261268616,True
Norman2019_GEARS_processed_mirror,B5_mean_effect,L0,DUSP9+PRTG,37.0,LYL1+IER5L,0.7957773804664612,0.6906288862228394,True
Norman2019_GEARS_processed_mirror,B5_mean_effect,L0,DUSP9+SNAI1,28.0,LYL1+IER5L,0.7957773804664612,0.707686185836792,True
Norman2019_GEARS_processed_mirror,B5_mean_effect,L0,DUSP9+ctrl,109.0,LYL1+IER5L,0.7957773804664612,0.5915093421936035,True
Norman2019_GEARS_processed_mirror,B5_mean_effect,L0,EGR1+ctrl,75.0,LYL1+IER5L,0.7957773804664612,0.6428573131561279,True
Norman2019_GEARS_processed_mirror,B5_mean_effect,L0,ELMSAN1+ctrl,268.0,LYL1+IER5L,0.7957773804664612,-0.0644585266709327,True
Norman2019_GEARS_processed_mirror,B5_mean_effect,L0,ETS2+CEBPE,212.0,LYL1+IER5L,0.7957773804664612,0.3343613743782043,True
Norman2019_GEARS_processed_mirror,B5_mean_effect,L0,ETS2+CNN1,97.0,LYL1+IER5L,0.7957773804664612,0.6079076528549194,True
Norman2019_GEARS_processed_mirror,B5_mean_effect,L0,ETS2+IGDCC3,103.0,LYL1+IER5L,0.7957773804664612,0.6000344753265381,True
Norman2019_GEARS_processed_mirror,B5_mean_effect,L0,ETS2+IKZF3,2.0,LYL1+IER5L,0.7957773804664612,0.7901961803436279,True
Norman2019_GEARS_processed_mirror,B5_mean_effect,L0,ETS2+MAP7D1,243.0,LYL1+IER5L,0.7957773804664612,0.2013201117515564,True
Norman2019_GEARS_processed_mirror,B5_mean_effect,L0,ETS2+MAPK1,219.0,LYL1+IER5L,0.7957773804664612,0.3013677597045898,True
Norman2019_GEARS_processed_mirror,B5_mean_effect,L0,ETS2+PRTG,27.0,LYL1+IER5L,0.7957773804664612,0.7079840898513794,True
Norman2019_GEARS_processed_mirror,B5_mean_effect,L0,ETS2+ctrl,255.0,LYL1+IER5L,0.7957773804664612,0.1525905132293701,True
Norman2019_GEARS_processed_mirror,B5_mean_effect,L0,FEV+CBFA2T3,90.0,LYL1+IER5L,0.7957773804664612,0.6203010678291321,True
Norman2019_GEARS_processed_mirror,B5_mean_effect,L0,FEV+ISL2,135.0,LYL1+IER5L,0.7957773804664612,0.5195415019989014,True
Norman2019_GEARS_processed_mirror,B5_mean_effect,L0,FEV+MAP7D1,118.0,LYL1+IER5L,0.7957773804664612,0.5596528053283691,True
Norman2019_GEARS_processed_mirror,B5_mean_effect,L0,FEV+ctrl,215.0,LYL1+IER5L,0.7957773804664612,0.3252054452896118,True
Norman2019_GEARS_processed_mirror,B5_mean_effect,L0,FOSB+CEBPB,139.0,LYL1+IER5L,0.7957773804664612,0.517765998840332,True
Norman2019_GEARS_processed_mirror,B5_mean_effect,L0,FOSB+CEBPE,148.0,LYL1+IER5L,0.7957773804664612,0.5014759302139282,True
Norman2019_GEARS_processed_mirror,B5_mean_effect,L0,FOSB+IKZF3,29.0,LYL1+IER5L,0.7957773804664612,0.7067641019821167,True
Norman2019_GEARS_processed_mirror,B5_mean_effect,L0,FOSB+OSR2,200.0,LYL1+IER5L,0.7957773804664612,0.3658618032932281,True
Norman2019_GEARS_processed_mirror,B5_mean_effect,L0,FOSB+PTPN12,137.0,LYL1+IER5L,0.7957773804664612,0.5187408924102783,True
Norman2019_GEARS_processed_mirror,B5_mean_effect,L0,FOSB+UBASH3B,195.0,LYL1+IER5L,0.7957773804664612,0.3783437311649322,True
Norman2019_GEARS_processed_mirror,B5_mean_effect,L0,FOSB+ctrl,241.0,LYL1+IER5L,0.7957773804664612,0.2039547562599182,True
Norman2019_GEARS_processed_mirror,B5_mean_effect,L0,FOXA1+FOXF1,24.0,LYL1+IER5L,0.7957773804664612,0.7093958854675293,True
Norman2019_GEARS_processed_mirror,B5_mean_effect,L0,FOXA1+FOXL2,49.0,LYL1+IER5L,0.7957773804664612,0.6762012839317322,True
Norman2019_GEARS_processed_mirror,B5_mean_effect,L0,FOXA1+HOXB9,11.0,LYL1+IER5L,0.7957773804664612,0.7431234121322632,True
Norman2019_GEARS_processed_mirror,B5_mean_effect,L0,FOXA1+ctrl,150.0,LYL1+IER5L,0.7957773804664612,0.4986310601234436,True
Norman2019_GEARS_processed_mirror,B5_mean_effect,L0,FOXA3+FOXA1,51.0,LYL1+IER5L,0.7957773804664612,0.6740148067474365,True
Norman2019_GEARS_processed_mirror,B5_mean_effect,L0,FOXA3+FOXF1,67.0,LYL1+IER5L,0.7957773804664612,0.6535114049911499,True
Norman2019_GEARS_processed_mirror,B5_mean_effect,L0,FOXA3+FOXL2,76.0,LYL1+IER5L,0.7957773804664612,0.6369631290435791,True
Norman2019_GEARS_processed_mirror,B5_mean_effect,L0,FOXA3+HOXB9,9.0,LYL1+IER5L,0.7957773804664612,0.7558890581130981,True
Norman2019_GEARS_processed_mirror,B5_mean_effect,L0,FOXA3+ctrl,106.0,LYL1+IER5L,0.7957773804664612,0.5948734283447266,True
Norman2019_GEARS_processed_mirror,B5_mean_effect,L0,FOXF1+FOXL2,53.0,LYL1+IER5L,0.7957773804664612,0.6666402816772461,True
Norman2019_GEARS_processed_mirror,B5_mean_effect,L0,FOXF1+HOXB9,61.0,LYL1+IER5L,0.7957773804664612,0.6596720218658447,True
Norman2019_GEARS_processed_mirror,B5_mean_effect,L0,FOXF1+ctrl,186.0,LYL1+IER5L,0.7957773804664612,0.4126113653182983,True
Norman2019_GEARS_processed_mirror,B5_mean_effect,L0,FOXL2+HOXB9,189.0,LYL1+IER5L,0.7957773804664612,0.3939558267593384,True
Norman2019_GEARS_processed_mirror,B5_mean_effect,L0,FOXL2+MEIS1,89.0,LYL1+IER5L,0.7957773804664612,0.620923638343811,True
Norman2019_GEARS_processed_mirror,B5_mean_effect,L0,FOXL2+ctrl,140.0,LYL1+IER5L,0.7957773804664612,0.5170848369598389,True
Norman2019_GEARS_processed_mirror,B5_mean_effect,L0,FOXO4+ctrl,130.0,LYL1+IER5L,0.7957773804664612,0.5280488133430481,True
Norman2019_GEARS_processed_mirror,B5_mean_effect,L0,GLB1L2+ctrl,155.0,LYL1+IER5L,0.7957773804664612,0.4874796569347381,True
Norman2019_GEARS_processed_mirror,B5_mean_effect,L0,HES7+ctrl,129.0,LYL1+IER5L,0.7957773804664612,0.530188262462616,True
Norman2019_GEARS_processed_mirror,B5_mean_effect,L0,HK2+ctrl,199.0,LYL1+IER5L,0.7957773804664612,0.3732883930206299,True
Norman2019_GEARS_processed_mirror,B5_mean_effect,L0,HNF4A+ctrl,99.0,LYL1+IER5L,0.7957773804664612,0.605115532875061,True
Norman2019_GEARS_processed_mirror,B5_mean_effect,L0,HOXA13+ctrl,23.0,LYL1+IER5L,0.7957773804664612,0.711538553237915,True
Norman2019_GEARS_processed_mirror,B5_mean_effect,L0,HOXB9+ctrl,86.0,LYL1+IER5L,0.7957773804664612,0.623456597328186,True
Norman2019_GEARS_processed_mirror,B5_mean_effect,L0,HOXC13+ctrl,102.0,LYL1+IER5L,0.7957773804664612,0.6007548570632935,True
Norman2019_GEARS_processed_mirror,B5_mean_effect,L0,IER5L+ctrl,69.0,LYL1+IER5L,0.7957773804664612,0.6512584090232849,True
Norman2019_GEARS_processed_mirror,B5_mean_effect,L0,IGDCC3+MAPK1,213.0,LYL1+IER5L,0.7957773804664612,0.3288719356060028,True
Norman2019_GEARS_processed_mirror,B5_mean_effect,L0,IGDCC3+PRTG,48.0,LYL1+IER5L,0.7957773804664612,0.6764856576919556,True
Norman2019_GEARS_processed_mirror,B5_mean_effect,L0,IGDCC3+ZBTB25,19.0,LYL1+IER5L,0.7957773804664612,0.7235007286071777,True
Norman2019_GEARS_processed_mirror,B5_mean_effect,L0,IGDCC3+ctrl,105.0,LYL1+IER5L,0.7957773804664612,0.595865786075592,True
Norman2019_GEARS_processed_mirror,B5_mean_effect,L0,IKZF3+ctrl,6.0,LYL1+IER5L,0.7957773804664612,0.7681279182434082,True
Norman2019_GEARS_processed_mirror,B5_mean_effect,L0,IRF1+SET,202.0,LYL1+IER5L,0.7957773804664612,0.3599936068058014,True
Norman2019_GEARS_processed_mirror,B5_mean_effect,L0,IRF1+ctrl,229.0,LYL1+IER5L,0.7957773804664612,0.2651559114456177,True
Norman2019_GEARS_processed_mirror,B5_mean_effect,L0,ISL2+ctrl,237.0,LYL1+IER5L,0.7957773804664612,0.2133278399705886,True
Norman2019_GEARS_processed_mirror,B5_mean_effect,L0,JUN+CEBPA,142.0,LYL1+IER5L,0.7957773804664612,0.5148162245750427,True
Norman2019_GEARS_processed_mirror,B5_mean_effect,L0,JUN+CEBPB,141.0,LYL1+IER5L,0.7957773804664612,0.5161728858947754,True
Norman2019_GEARS_processed_mirror,B5_mean_effect,L0,JUN+ctrl,125.0,LYL1+IER5L,0.7957773804664612,0.5442371368408203,True
Norman2019_GEARS_processed_mirror,B5_mean_effect,L0,KIAA1804+ctrl,193.0,LYL1+IER5L,0.7957773804664612,0.3858989775180816,True
Norman2019_GEARS_processed_mirror,B5_mean_effect,L0,KIF18B+KIF2C,211.0,LYL1+IER5L,0.7957773804664612,0.3357466161251068,True
Norman2019_GEARS_processed_mirror,B5_mean_effect,L0,KIF18B+ctrl,132.0,LYL1+IER5L,0.7957773804664612,0.5254138708114624,True
Norman2019_GEARS_processed_mirror,B5_mean_effect,L0,KIF2C+ctrl,260.0,LYL1+IER5L,0.7957773804664612,0.1246055960655212,True
Norman2019_GEARS_processed_mirror,B5_mean_effect,L0,KLF1+BAK1,239.0,LYL1+IER5L,0.7957773804664612,0.2056442648172378,True
Norman2019_GEARS_processed_mirror,B5_mean_effect,L0,KLF1+CEBPA,147.0,LYL1+IER5L,0.7957773804664612,0.501539409160614,True
Norman2019_GEARS_processed_mirror,B5_mean_effect,L0,KLF1+CLDN6,79.0,LYL1+IER5L,0.7957773804664612,0.6315300464630127,True
Norman2019_GEARS_processed_mirror,B5_mean_effect,L0,KLF1+COL2A1,224.0,LYL1+IER5L,0.7957773804664612,0.2912891805171966,True
Norman2019_GEARS_processed_mirror,B5_mean_effect,L0,KLF1+FOXA1,114.0,LYL1+IER5L,0.7957773804664612,0.5804014205932617,True
Norman2019_GEARS_processed_mirror,B5_mean_effect,L0,KLF1+MAP2K6,257.0,LYL1+IER5L,0.7957773804664612,0.139182761311531,True
Norman2019_GEARS_processed_mirror,B5_mean_effect,L0,KLF1+TGFBR2,201.0,LYL1+IER5L,0.7957773804664612,0.3633913099765777,True
Norman2019_GEARS_processed_mirror,B5_mean_effect,L0,KLF1+ctrl,244.0,LYL1+IER5L,0.7957773804664612,0.1987954378128051,True
Norman2019_GEARS_processed_mirror,B5_mean_effect,L0,KMT2A+ctrl,191.0,LYL1+IER5L,0.7957773804664612,0.3871141672134399,True
Norman2019_GEARS_processed_mirror,B5_mean_effect,L0,LHX1+ELMSAN1,179.0,LYL1+IER5L,0.7957773804664612,0.4409889280796051,True
Norman2019_GEARS_processed_mirror,B5_mean_effect,L0,LHX1+ctrl,190.0,LYL1+IER5L,0.7957773804664612,0.3938028514385223,True
Norman2019_GEARS_processed_mirror,B5_mean_effect,L0,LYL1+CEBPB,112.0,LYL1+IER5L,0.7957773804664612,0.5814770460128784,True
Norman2019_GEARS_processed_mirror,B5_mean_effect,L0,LYL1+IER5L,1.0,LYL1+IER5L,0.7957773804664612,0.7957773804664612,False
Norman2019_GEARS_processed_mirror,B5_mean_effect,L0,LYL1+ctrl,240.0,LYL1+IER5L,0.7957773804664612,0.2047736644744873,True
Norman2019_GEARS_processed_mirror,B5_mean_effect,L0,MAML2+ctrl,267.0,LYL1+IER5L,0.7957773804664612,-0.0563695579767227,True
Norman2019_GEARS_processed_mirror,B5_mean_effect,L0,MAP2K3+ELMSAN1,274.0,LYL1+IER5L,0.7957773804664612,-0.1279381513595581,True
Norman2019_GEARS_processed_mirror,B5_mean_effect,L0,MAP2K3+IKZF3,39.0,LYL1+IER5L,0.7957773804664612,0.6903995275497437,True
Norman2019_GEARS_processed_mirror,B5_mean_effect,L0,MAP2K3+MAP2K6,278.0,LYL1+IER5L,0.7957773804664612,-0.2427237629890442,True
Norman2019_GEARS_processed_mirror,B5_mean_effect,L0,MAP2K3+SLC38A2,283.0,LYL1+IER5L,0.7957773804664612,-0.4567054808139801,True
Norman2019_GEARS_processed_mirror,B5_mean_effect,L0,MAP2K3+ctrl,281.0,LYL1+IER5L,0.7957773804664612,-0.3268849849700928,True
Norman2019_GEARS_processed_mirror,B5_mean_effect,L0,MAP2K6+ELMSAN1,275.0,LYL1+IER5L,0.7957773804664612,-0.1385862827301025,True
Norman2019_GEARS_processed_mirror,B5_mean_effect,L0,MAP2K6+IKZF3,60.0,LYL1+IER5L,0.7957773804664612,0.6612683534622192,True
Norman2019_GEARS_processed_mirror,B5_mean_effect,L0,MAP2K6+SPI1,157.0,LYL1+IER5L,0.7957773804664612,0.4854946732521057,True
Norman2019_GEARS_processed_mirror,B5_mean_effect,L0,MAP2K6+ctrl,280.0,LYL1+IER5L,0.7957773804664612,-0.315762847661972,True
Norman2019_GEARS_processed_mirror,B5_mean_effect,L0,MAP4K3+ctrl,174.0,LYL1+IER5L,0.7957773804664612,0.452289342880249,True
Norman2019_GEARS_processed_mirror,B5_mean_effect,L0,MAP4K5+ctrl,214.0,LYL1+IER5L,0.7957773804664612,0.3255644142627716,True
Norman2019_GEARS_processed_mirror,B5_mean_effect,L0,MAP7D1+ctrl,276.0,LYL1+IER5L,0.7957773804664612,-0.157061219215393,True
Norman2019_GEARS_processed_mirror,B5_mean_effect,L0,MAPK1+IKZF3,22.0,LYL1+IER5L,0.7957773804664612,0.7133601307868958,True
Norman2019_GEARS_processed_mirror,B5_mean_effect,L0,MAPK1+PRTG,176.0,LYL1+IER5L,0.7957773804664612,0.4504818022251129,True
Norman2019_GEARS_processed_mirror,B5_mean_effect,L0,MAPK1+TGFBR2,238.0,LYL1+IER5L,0.7957773804664612,0.2065629512071609,True
Norman2019_GEARS_processed_mirror,B5_mean_effect,L0,MAPK1+ctrl,254.0,LYL1+IER5L,0.7957773804664612,0.1627519428730011,True
Norman2019_GEARS_processed_mirror,B5_mean_effect,L0,MEIS1+ctrl,171.0,LYL1+IER5L,0.7957773804664612,0.4598391950130462,True
Norman2019_GEARS_processed_mirror,B5_mean_effect,L0,MIDN+ctrl,73.0,LYL1+IER5L,0.7957773804664612,0.6437473297119141,True
Norman2019_GEARS_processed_mirror,B5_mean_effect,L0,NCL+ctrl,228.0,LYL1+IER5L,0.7957773804664612,0.2718104720115661,True
Norman2019_GEARS_processed_mirror,B5_mean_effect,L0,NIT1+ctrl,216.0,LYL1+IER5L,0.7957773804664612,0.3213618993759155,True
Norman2019_GEARS_processed_mirror,B5_mean_effect,L0,OSR2+ctrl,222.0,LYL1+IER5L,0.7957773804664612,0.2964735031127929,True
Norman2019_GEARS_processed_mirror,B5_mean_effect,L0,PLK4+STIL,100.0,LYL1+IER5L,0.7957773804664612,0.6023033857345581,True
Norman2019_GEARS_processed_mirror,B5_mean_effect,L0,PLK4+ctrl,122.0,LYL1+IER5L,0.7957773804664612,0.5454614162445068,True
Norman2019_GEARS_processed_mirror,B5_mean_effect,L0,POU3F2+CBFA2T3,36.0,LYL1+IER5L,0.7957773804664612,0.6916168928146362,True
Norman2019_GEARS_processed_mirror,B5_mean_effect,L0,POU3F2+FOXL2,7.0,LYL1+IER5L,0.7957773804664612,0.7590441703796387,True
Norman2019_GEARS_processed_mirror,B5_mean_effect,L0,POU3F2+ctrl,88.0,LYL1+IER5L,0.7957773804664612,0.6211386322975159,True
Norman2019_GEARS_processed_mirror,B5_mean_effect,L0,PRDM1+CBFA2T3,5.0,LYL1+IER5L,0.7957773804664612,0.773054838180542,True
Norman2019_GEARS_processed_mirror,B5_mean_effect,L0,PRDM1+ctrl,65.0,LYL1+IER5L,0.7957773804664612,0.6558242440223694,True
Norman2019_GEARS_processed_mirror,B5_mean_effect,L0,PRTG+ctrl,56.0,LYL1+IER5L,0.7957773804664612,0.6634963750839233,True
Norman2019_GEARS_processed_mirror,B5_mean_effect,L0,PTPN1+ctrl,38.0,LYL1+IER5L,0.7957773804664612,0.6904265284538269,True
Norman2019_GEARS_processed_mirror,B5_mean_effect,L0,PTPN12+OSR2,231.0,LYL1+IER5L,0.7957773804664612,0.2543642818927765,True
Norman2019_GEARS_processed_mirror,B5_mean_effect,L0,PTPN12+PTPN9,68.0,LYL1+IER5L,0.7957773804664612,0.6524814367294312,True
Norman2019_GEARS_processed_mirror,B5_mean_effect,L0,PTPN12+SNAI1,113.0,LYL1+IER5L,0.7957773804664612,0.5814464688301086,True
Norman2019_GEARS_processed_mirror,B5_mean_effect,L0,PTPN12+UBASH3A,45.0,LYL1+IER5L,0.7957773804664612,0.6791340708732605,True
Norman2019_GEARS_processed_mirror,B5_mean_effect,L0,PTPN12+ZBTB25,82.0,LYL1+IER5L,0.7957773804664612,0.6287652254104614,True
Norman2019_GEARS_processed_mirror,B5_mean_effect,L0,PTPN12+ctrl,187.0,LYL1+IER5L,0.7957773804664612,0.409970760345459,True
Norman2019_GEARS_processed_mirror,B5_mean_effect,L0,PTPN13+ctrl,183.0,LYL1+IER5L,0.7957773804664612,0.4310722351074219,True
Norman2019_GEARS_processed_mirror,B5_mean_effect,L0,PTPN9+ctrl,203.0,LYL1+IER5L,0.7957773804664612,0.3543633818626404,True
Norman2019_GEARS_processed_mirror,B5_mean_effect,L0,RHOXF2BB+SET,85.0,LYL1+IER5L,0.7957773804664612,0.6271932125091553,True
Norman2019_GEARS_processed_mirror,B5_mean_effect,L0,RHOXF2BB+ZBTB25,18.0,LYL1+IER5L,0.7957773804664612,0.7264779806137085,True
Norman2019_GEARS_processed_mirror,B5_mean_effect,L0,RHOXF2BB+ctrl,50.0,LYL1+IER5L,0.7957773804664612,0.6741999387741089,True
Norman2019_GEARS_processed_mirror,B5_mean_effect,L0,RREB1+ctrl,126.0,LYL1+IER5L,0.7957773804664612,0.539178192615509,True
Norman2019_GEARS_processed_mirror,B5_mean_effect,L0,RUNX1T1+ctrl,250.0,LYL1+IER5L,0.7957773804664612,0.1727133095264434,True
Norman2019_GEARS_processed_mirror,B5_mean_effect,L0,S1PR2+ctrl,110.0,LYL1+IER5L,0.7957773804664612,0.5857666730880737,True
Norman2019_GEARS_processed_mirror,B5_mean_effect,L0,SAMD1+PTPN12,13.0,LYL1+IER5L,0.7957773804664612,0.7346757650375366,True
Norman2019_GEARS_processed_mirror,B5_mean_effect,L0,SAMD1+TGFBR2,182.0,LYL1+IER5L,0.7957773804664612,0.432332307100296,True
Norman2019_GEARS_processed_mirror,B5_mean_effect,L0,SAMD1+UBASH3B,8.0,LYL1+IER5L,0.7957773804664612,0.7560057640075684,True
Norman2019_GEARS_processed_mirror,B5_mean_effect,L0,SAMD1+ZBTB1,4.0,LYL1+IER5L,0.7957773804664612,0.7892076969146729,True
Norman2019_GEARS_processed_mirror,B5_mean_effect,L0,SAMD1+ctrl,25.0,LYL1+IER5L,0.7957773804664612,0.7088388204574585,True
Norman2019_GEARS_processed_mirror,B5_mean_effect,L0,SET+CEBPE,208.0,LYL1+IER5L,0.7957773804664612,0.3378440737724304,True
Norman2019_GEARS_processed_mirror,B5_mean_effect,L0,SET+KLF1,185.0,LYL1+IER5L,0.7957773804664612,0.4179174304008484,True
Norman2019_GEARS_processed_mirror,B5_mean_effect,L0,SET+ctrl,204.0,LYL1+IER5L,0.7957773804664612,0.3541135787963867,True
Norman2019_GEARS_processed_mirror,B5_mean_effect,L0,SGK1+S1PR2,10.0,LYL1+IER5L,0.7957773804664612,0.7482340335845947,True
Norman2019_GEARS_processed_mirror,B5_mean_effect,L0,SGK1+TBX2,83.0,LYL1+IER5L,0.7957773804664612,0.6281075477600098,True
Norman2019_GEARS_processed_mirror,B5_mean_effect,L0,SGK1+TBX3,94.0,LYL1+IER5L,0.7957773804664612,0.6112920045852661,True
Norman2019_GEARS_processed_mirror,B5_mean_effect,L0,SGK1+ctrl,71.0,LYL1+IER5L,0.7957773804664612,0.6464238166809082,True
Norman2019_GEARS_processed_mirror,B5_mean_effect,L0,SLC4A1+ctrl,253.0,LYL1+IER5L,0.7957773804664612,0.1658471971750259,True
Norman2019_GEARS_processed_mirror,B5_mean_effect,L0,SLC6A9+ctrl,172.0,LYL1+IER5L,0.7957773804664612,0.454132616519928,True
Norman2019_GEARS_processed_mirror,B5_mean_effect,L0,SNAI1+DLX2,154.0,LYL1+IER5L,0.7957773804664612,0.4883068203926086,True
Norman2019_GEARS_processed_mirror,B5_mean_effect,L0,SNAI1+UBASH3B,78.0,LYL1+IER5L,0.7957773804664612,0.6334933042526245,True
Norman2019_GEARS_processed_mirror,B5_mean_effect,L0,SNAI1+ctrl,197.0,LYL1+IER5L,0.7957773804664612,0.3741055130958557,True
Norman2019_GEARS_processed_mirror,B5_mean_effect,L0,SPI1+ctrl,33.0,LYL1+IER5L,0.7957773804664612,0.6998378038406372,True
Norman2019_GEARS_processed_mirror,B5_mean_effect,L0,STIL+ctrl,209.0,LYL1+IER5L,0.7957773804664612,0.3365414440631866,True
Norman2019_GEARS_processed_mirror,B5_mean_effect,L0,TBX2+ctrl,167.0,LYL1+IER5L,0.7957773804664612,0.467551052570343,True
Norman2019_GEARS_processed_mirror,B5_mean_effect,L0,TBX3+TBX2,184.0,LYL1+IER5L,0.7957773804664612,0.4202665686607361,True
Norman2019_GEARS_processed_mirror,B5_mean_effect,L0,TBX3+ctrl,247.0,LYL1+IER5L,0.7957773804664612,0.1808365881443023,True
Norman2019_GEARS_processed_mirror,B5_mean_effect,L0,TGFBR2+C19orf26,57.0,LYL1+IER5L,0.7957773804664612,0.662362813949585,True
Norman2019_GEARS_processed_mirror,B5_mean_effect,L0,TGFBR2+ETS2,259.0,LYL1+IER5L,0.7957773804664612,0.1321548819541931,True
Norman2019_GEARS_processed_mirror,B5_mean_effect,L0,TGFBR2+IGDCC3,55.0,LYL1+IER5L,0.7957773804664612,0.6637699007987976,True
Norman2019_GEARS_processed_mirror,B5_mean_effect,L0,TGFBR2+PRTG,41.0,LYL1+IER5L,0.7957773804664612,0.6881281137466431,True
Norman2019_GEARS_processed_mirror,B5_mean_effect,L0,TGFBR2+ctrl,263.0,LYL1+IER5L,0.7957773804664612,0.0830166339874267,True
Norman2019_GEARS_processed_mirror,B5_mean_effect,L0,TMSB4X+BAK1,261.0,LYL1+IER5L,0.7957773804664612,0.1168770641088485,True
Norman2019_GEARS_processed_mirror,B5_mean_effect,L0,TMSB4X+ctrl,249.0,LYL1+IER5L,0.7957773804664612,0.1753629595041275,True
Norman2019_GEARS_processed_mirror,B5_mean_effect,L0,TP73+ctrl,3.0,LYL1+IER5L,0.7957773804664612,0.7892912030220032,True
Norman2019_GEARS_processed_mirror,B5_mean_effect,L0,TSC22D1+ctrl,227.0,LYL1+IER5L,0.7957773804664612,0.2768984735012054,True
Norman2019_GEARS_processed_mirror,B5_mean_effect,L0,UBASH3A+ctrl,115.0,LYL1+IER5L,0.7957773804664612,0.5729497075080872,True
Norman2019_GEARS_processed_mirror,B5_mean_effect,L0,UBASH3B+CNN1,59.0,LYL1+IER5L,0.7957773804664612,0.6613186597824097,True
Norman2019_GEARS_processed_mirror,B5_mean_effect,L0,UBASH3B+OSR2,236.0,LYL1+IER5L,0.7957773804664612,0.2212398201227188,True
Norman2019_GEARS_processed_mirror,B5_mean_effect,L0,UBASH3B+PTPN12,84.0,LYL1+IER5L,0.7957773804664612,0.6280674934387207,True
Norman2019_GEARS_processed_mirror,B5_mean_effect,L0,UBASH3B+PTPN9,14.0,LYL1+IER5L,0.7957773804664612,0.7337186336517334,True
Norman2019_GEARS_processed_mirror,B5_mean_effect,L0,UBASH3B+UBASH3A,116.0,LYL1+IER5L,0.7957773804664612,0.5726028084754944,True
Norman2019_GEARS_processed_mirror,B5_mean_effect,L0,UBASH3B+ZBTB25,66.0,LYL1+IER5L,0.7957773804664612,0.6558055877685547,True
Norman2019_GEARS_processed_mirror,B5_mean_effect,L0,UBASH3B+ctrl,168.0,LYL1+IER5L,0.7957773804664612,0.4640124440193176,True
Norman2019_GEARS_processed_mirror,B5_mean_effect,L0,ZBTB1+ctrl,111.0,LYL1+IER5L,0.7957773804664612,0.582120418548584,True
Norman2019_GEARS_processed_mirror,B5_mean_effect,L0,ZBTB10+DLX2,169.0,LYL1+IER5L,0.7957773804664612,0.4638721942901611,True
Norman2019_GEARS_processed_mirror,B5_mean_effect,L0,ZBTB10+ELMSAN1,91.0,LYL1+IER5L,0.7957773804664612,0.6166847348213196,True
Norman2019_GEARS_processed_mirror,B5_mean_effect,L0,ZBTB10+PTPN12,70.0,LYL1+IER5L,0.7957773804664612,0.6485723257064819,True
Norman2019_GEARS_processed_mirror,B5_mean_effect,L0,ZBTB10+SNAI1,133.0,LYL1+IER5L,0.7957773804664612,0.5212312936782837,True
Norman2019_GEARS_processed_mirror,B5_mean_effect,L0,ZBTB10+ctrl,120.0,LYL1+IER5L,0.7957773804664612,0.5543265342712402,True
Norman2019_GEARS_processed_mirror,B5_mean_effect,L0,ZBTB25+ctrl,159.0,LYL1+IER5L,0.7957773804664612,0.4782686531543731,True
Norman2019_GEARS_processed_mirror,B5_mean_effect,L0,ZC3HAV1+CEBPA,152.0,LYL1+IER5L,0.7957773804664612,0.4946746826171875,True
Norman2019_GEARS_processed_mirror,B5_mean_effect,L0,ZC3HAV1+CEBPE,264.0,LYL1+IER5L,0.7957773804664612,0.0784848406910896,True
Norman2019_GEARS_processed_mirror,B5_mean_effect,L0,ZC3HAV1+HOXC13,101.0,LYL1+IER5L,0.7957773804664612,0.6021747589111328,True
Norman2019_GEARS_processed_mirror,B5_mean_effect,L0,ZC3HAV1+ctrl,277.0,LYL1+IER5L,0.7957773804664612,-0.2350165843963623,True
Norman2019_GEARS_processed_mirror,B5_mean_effect,L0,ZNF318+FOXL2,21.0,LYL1+IER5L,0.7957773804664612,0.7149448394775391,True
Norman2019_GEARS_processed_mirror,B5_mean_effect,L0,ZNF318+ctrl,153.0,LYL1+IER5L,0.7957773804664612,0.4925194978713989,True
Norman2019_GEARS_processed_mirror,B5_mean_effect,L0,ctrl+BAK1,273.0,LYL1+IER5L,0.7957773804664612,-0.1102863401174545,True
Norman2019_GEARS_processed_mirror,B5_mean_effect,L0,ctrl+C19orf26,220.0,LYL1+IER5L,0.7957773804664612,0.3011473715305328,True
Norman2019_GEARS_processed_mirror,B5_mean_effect,L0,ctrl+CBFA2T3,232.0,LYL1+IER5L,0.7957773804664612,0.2533777356147766,True
Norman2019_GEARS_processed_mirror,B5_mean_effect,L0,ctrl+CDKN1A,96.0,LYL1+IER5L,0.7957773804664612,0.6082113981246948,True
Norman2019_GEARS_processed_mirror,B5_mean_effect,L0,ctrl+CDKN1B,87.0,LYL1+IER5L,0.7957773804664612,0.6227777004241943,True
Norman2019_GEARS_processed_mirror,B5_mean_effect,L0,ctrl+CEBPA,128.0,LYL1+IER5L,0.7957773804664612,0.5307934880256653,True
Norman2019_GEARS_processed_mirror,B5_mean_effect,L0,ctrl+CEBPB,181.0,LYL1+IER5L,0.7957773804664612,0.4379099607467651,True
Norman2019_GEARS_processed_mirror,B5_mean_effect,L0,ctrl+CEBPE,156.0,LYL1+IER5L,0.7957773804664612,0.4867005944252014,True
Norman2019_GEARS_processed_mirror,B5_mean_effect,L0,ctrl+CLDN6,32.0,LYL1+IER5L,0.7957773804664612,0.701236367225647,True
Norman2019_GEARS_processed_mirror,B5_mean_effect,L0,ctrl+CNN1,151.0,LYL1+IER5L,0.7957773804664612,0.4957236647605896,True
Norman2019_GEARS_processed_mirror,B5_mean_effect,L0,ctrl+COL2A1,233.0,LYL1+IER5L,0.7957773804664612,0.2391880452632904,True
Norman2019_GEARS_processed_mirror,B5_mean_effect,L0,ctrl+DLX2,223.0,LYL1+IER5L,0.7957773804664612,0.2938657999038696,True
Norman2019_GEARS_processed_mirror,B5_mean_effect,L0,ctrl+ELMSAN1,269.0,LYL1+IER5L,0.7957773804664612,-0.0813654661178588,True
Norman2019_GEARS_processed_mirror,B5_mean_effect,L0,ctrl+ETS2,256.0,LYL1+IER5L,0.7957773804664612,0.1518424451351165,True
Norman2019_GEARS_processed_mirror,B5_mean_effect,L0,ctrl+FEV,163.0,LYL1+IER5L,0.7957773804664612,0.4745490550994873,True
Norman2019_GEARS_processed_mirror,B5_mean_effect,L0,ctrl+FOXA1,104.0,LYL1+IER5L,0.7957773804664612,0.5985212922096252,True
Norman2019_GEARS_processed_mirror,B5_mean_effect,L0,ctrl+FOXF1,217.0,LYL1+IER5L,0.7957773804664612,0.3196350038051605,True
Norman2019_GEARS_processed_mirror,B5_mean_effect,L0,ctrl+FOXL2,161.0,LYL1+IER5L,0.7957773804664612,0.4764589667320251,True
Norman2019_GEARS_processed_mirror,B5_mean_effect,L0,ctrl+HOXB9,72.0,LYL1+IER5L,0.7957773804664612,0.6438103914260864,True
Norman2019_GEARS_processed_mirror,B5_mean_effect,L0,ctrl+HOXC13,46.0,LYL1+IER5L,0.7957773804664612,0.6787116527557373,True
Norman2019_GEARS_processed_mirror,B5_mean_effect,L0,ctrl+IER5L,26.0,LYL1+IER5L,0.7957773804664612,0.7082774043083191,True
Norman2019_GEARS_processed_mirror,B5_mean_effect,L0,ctrl+IGDCC3,64.0,LYL1+IER5L,0.7957773804664612,0.6559337377548218,True
Norman2019_GEARS_processed_mirror,B5_mean_effect,L0,ctrl+IKZF3,30.0,LYL1+IER5L,0.7957773804664612,0.7060895562171936,True
Norman2019_GEARS_processed_mirror,B5_mean_effect,L0,ctrl+ISL2,258.0,LYL1+IER5L,0.7957773804664612,0.1340711861848831,True
Norman2019_GEARS_processed_mirror,B5_mean_effect,L0,ctrl+KIF2C,230.0,LYL1+IER5L,0.7957773804664612,0.2568351030349731,True
Norman2019_GEARS_processed_mirror,B5_mean_effect,L0,ctrl+KLF1,246.0,LYL1+IER5L,0.7957773804664612,0.1960138529539108,True
Norman2019_GEARS_processed_mirror,B5_mean_effect,L0,ctrl+MAP2K6,282.0,LYL1+IER5L,0.7957773804664612,-0.3821234405040741,True
Norman2019_GEARS_processed_mirror,B5_mean_effect,L0,ctrl+MAP7D1,266.0,LYL1+IER5L,0.7957773804664612,-0.0188004039227962,True
Norman2019_GEARS_processed_mirror,B5_mean_effect,L0,ctrl+MAPK1,251.0,LYL1+IER5L,0.7957773804664612,0.1669759154319763,True
Norman2019_GEARS_processed_mirror,B5_mean_effect,L0,ctrl+MEIS1,178.0,LYL1+IER5L,0.7957773804664612,0.4453945457935333,True
Norman2019_GEARS_processed_mirror,B5_mean_effect,L0,ctrl+OSR2,252.0,LYL1+IER5L,0.7957773804664612,0.1664575934410095,True
Norman2019_GEARS_processed_mirror,B5_mean_effect,L0,ctrl+PRTG,58.0,LYL1+IER5L,0.7957773804664612,0.6615797281265259,True
Norman2019_GEARS_processed_mirror,B5_mean_effect,L0,ctrl+PTPN12,146.0,LYL1+IER5L,0.7957773804664612,0.5026950836181641,True
Norman2019_GEARS_processed_mirror,B5_mean_effect,L0,ctrl+PTPN9,177.0,LYL1+IER5L,0.7957773804664612,0.446296364068985,True
Norman2019_GEARS_processed_mirror,B5_mean_effect,L0,ctrl+RUNX1T1,265.0,LYL1+IER5L,0.7957773804664612,0.0099021727219223,True
Norman2019_GEARS_processed_mirror,B5_mean_effect,L0,ctrl+SAMD1,15.0,LYL1+IER5L,0.7957773804664612,0.730833113193512,True
Norman2019_GEARS_processed_mirror,B5_mean_effect,L0,ctrl+SET,192.0,LYL1+IER5L,0.7957773804664612,0.3860538899898529,True
Norman2019_GEARS_processed_mirror,B5_mean_effect,L0,ctrl+SLC38A2,272.0,LYL1+IER5L,0.7957773804664612,-0.0982732847332954,True
Norman2019_GEARS_processed_mirror,B5_mean_effect,L0,ctrl+SNAI1,194.0,LYL1+IER5L,0.7957773804664612,0.3792358040809631,True
Norman2019_GEARS_processed_mirror,B5_mean_effect,L0,ctrl+SPI1,62.0,LYL1+IER5L,0.7957773804664612,0.6582906246185303,True
Norman2019_GEARS_processed_mirror,B5_mean_effect,L0,ctrl+STIL,158.0,LYL1+IER5L,0.7957773804664612,0.4832475483417511,True
Norman2019_GEARS_processed_mirror,B5_mean_effect,L0,ctrl+TBX2,162.0,LYL1+IER5L,0.7957773804664612,0.474990576505661,True
Norman2019_GEARS_processed_mirror,B5_mean_effect,L0,ctrl+TBX3,234.0,LYL1+IER5L,0.7957773804664612,0.2348850518465042,True
Norman2019_GEARS_processed_mirror,B5_mean_effect,L0,ctrl+TGFBR2,221.0,LYL1+IER5L,0.7957773804664612,0.3002997040748596,True
Norman2019_GEARS_processed_mirror,B5_mean_effect,L0,ctrl+UBASH3A,245.0,LYL1+IER5L,0.7957773804664612,0.1964630782604217,True
Norman2019_GEARS_processed_mirror,B5_mean_effect,L0,ctrl+UBASH3B,117.0,LYL1+IER5L,0.7957773804664612,0.5725159645080566,True
Norman2019_GEARS_processed_mirror,B5_mean_effect,L0,ctrl+ZBTB1,92.0,LYL1+IER5L,0.7957773804664612,0.6131385564804077,True
Norman2019_GEARS_processed_mirror,B5_mean_effect,L0,ctrl+ZBTB25,170.0,LYL1+IER5L,0.7957773804664612,0.4636567831039428,True
Norman2019_GEARS_processed_mirror,B0_no_change,L1,AHR+KLF1,,UNINFORMATIVE_PREDICTION,,,
Norman2019_GEARS_processed_mirror,B0_no_change,L1,BAK1+ctrl,,UNINFORMATIVE_PREDICTION,,,
Norman2019_GEARS_processed_mirror,B0_no_change,L1,BCL2L11+BAK1,,UNINFORMATIVE_PREDICTION,,,
Norman2019_GEARS_processed_mirror,B0_no_change,L1,BCL2L11+TGFBR2,,UNINFORMATIVE_PREDICTION,,,
Norman2019_GEARS_processed_mirror,B0_no_change,L1,BPGM+ctrl,,UNINFORMATIVE_PREDICTION,,,
Norman2019_GEARS_processed_mirror,B0_no_change,L1,C19orf26+ctrl,,UNINFORMATIVE_PREDICTION,,,
Norman2019_GEARS_processed_mirror,B0_no_change,L1,CBL+TGFBR2,,UNINFORMATIVE_PREDICTION,,,
Norman2019_GEARS_processed_mirror,B0_no_change,L1,CBL+UBASH3A,,UNINFORMATIVE_PREDICTION,,,
Norman2019_GEARS_processed_mirror,B0_no_change,L1,CBL+UBASH3B,,UNINFORMATIVE_PREDICTION,,,
Norman2019_GEARS_processed_mirror,B0_no_change,L1,CBL+ctrl,,UNINFORMATIVE_PREDICTION,,,
Norman2019_GEARS_processed_mirror,B0_no_change,L1,CDKN1C+CDKN1B,,UNINFORMATIVE_PREDICTION,,,
Norman2019_GEARS_processed_mirror,B0_no_change,L1,CEBPA+ctrl,,UNINFORMATIVE_PREDICTION,,,
Norman2019_GEARS_processed_mirror,B0_no_change,L1,CEBPB+CEBPA,,UNINFORMATIVE_PREDICTION,,,
Norman2019_GEARS_processed_mirror,B0_no_change,L1,CEBPE+SPI1,,UNINFORMATIVE_PREDICTION,,,
Norman2019_GEARS_processed_mirror,B0_no_change,L1,COL2A1+ctrl,,UNINFORMATIVE_PREDICTION,,,
Norman2019_GEARS_processed_mirror,B0_no_change,L1,DUSP9+KLF1,,UNINFORMATIVE_PREDICTION,,,
Norman2019_GEARS_processed_mirror,B0_no_change,L1,ELMSAN1+ctrl,,UNINFORMATIVE_PREDICTION,,,
Norman2019_GEARS_processed_mirror,B0_no_change,L1,ETS2+CEBPE,,UNINFORMATIVE_PREDICTION,,,
Norman2019_GEARS_processed_mirror,B0_no_change,L1,ETS2+IKZF3,,UNINFORMATIVE_PREDICTION,,,
Norman2019_GEARS_processed_mirror,B0_no_change,L1,FOSB+IKZF3,,UNINFORMATIVE_PREDICTION,,,
Norman2019_GEARS_processed_mirror,B0_no_change,L1,FOSB+OSR2,,UNINFORMATIVE_PREDICTION,,,
Norman2019_GEARS_processed_mirror,B0_no_change,L1,FOXA1+ctrl,,UNINFORMATIVE_PREDICTION,,,
Norman2019_GEARS_processed_mirror,B0_no_change,L1,FOXF1+ctrl,,UNINFORMATIVE_PREDICTION,,,
Norman2019_GEARS_processed_mirror,B0_no_change,L1,IER5L+ctrl,,UNINFORMATIVE_PREDICTION,,,
Norman2019_GEARS_processed_mirror,B0_no_change,L1,IGDCC3+PRTG,,UNINFORMATIVE_PREDICTION,,,
Norman2019_GEARS_processed_mirror,B0_no_change,L1,IKZF3+ctrl,,UNINFORMATIVE_PREDICTION,,,
Norman2019_GEARS_processed_mirror,B0_no_change,L1,LHX1+ELMSAN1,,UNINFORMATIVE_PREDICTION,,,
Norman2019_GEARS_processed_mirror,B0_no_change,L1,LYL1+CEBPB,,UNINFORMATIVE_PREDICTION,,,
Norman2019_GEARS_processed_mirror,B0_no_change,L1,LYL1+IER5L,,UNINFORMATIVE_PREDICTION,,,
Norman2019_GEARS_processed_mirror,B0_no_change,L1,MAP2K3+MAP2K6,,UNINFORMATIVE_PREDICTION,,,
Norman2019_GEARS_processed_mirror,B0_no_change,L1,MAP2K6+IKZF3,,UNINFORMATIVE_PREDICTION,,,
Norman2019_GEARS_processed_mirror,B0_no_change,L1,MAP2K6+SPI1,,UNINFORMATIVE_PREDICTION,,,
Norman2019_GEARS_processed_mirror,B0_no_change,L1,MAP4K5+ctrl,,UNINFORMATIVE_PREDICTION,,,
Norman2019_GEARS_processed_mirror,B0_no_change,L1,MAPK1+PRTG,,UNINFORMATIVE_PREDICTION,,,
Norman2019_GEARS_processed_mirror,B0_no_change,L1,MAPK1+TGFBR2,,UNINFORMATIVE_PREDICTION,,,
Norman2019_GEARS_processed_mirror,B0_no_change,L1,MIDN+ctrl,,UNINFORMATIVE_PREDICTION,,,
Norman2019_GEARS_processed_mirror,B0_no_change,L1,POU3F2+CBFA2T3,,UNINFORMATIVE_PREDICTION,,,
Norman2019_GEARS_processed_mirror,B0_no_change,L1,PRDM1+CBFA2T3,,UNINFORMATIVE_PREDICTION,,,
Norman2019_GEARS_processed_mirror,B0_no_change,L1,PRDM1+ctrl,,UNINFORMATIVE_PREDICTION,,,
Norman2019_GEARS_processed_mirror,B0_no_change,L1,PRTG+ctrl,,UNINFORMATIVE_PREDICTION,,,
Norman2019_GEARS_processed_mirror,B0_no_change,L1,PTPN12+SNAI1,,UNINFORMATIVE_PREDICTION,,,
Norman2019_GEARS_processed_mirror,B0_no_change,L1,S1PR2+ctrl,,UNINFORMATIVE_PREDICTION,,,
Norman2019_GEARS_processed_mirror,B0_no_change,L1,SGK1+ctrl,,UNINFORMATIVE_PREDICTION,,,
Norman2019_GEARS_processed_mirror,B0_no_change,L1,SNAI1+DLX2,,UNINFORMATIVE_PREDICTION,,,
Norman2019_GEARS_processed_mirror,B0_no_change,L1,SPI1+ctrl,,UNINFORMATIVE_PREDICTION,,,
Norman2019_GEARS_processed_mirror,B0_no_change,L1,STIL+ctrl,,UNINFORMATIVE_PREDICTION,,,
Norman2019_GEARS_processed_mirror,B0_no_change,L1,TBX3+TBX2,,UNINFORMATIVE_PREDICTION,,,
Norman2019_GEARS_processed_mirror,B0_no_change,L1,TP73+ctrl,,UNINFORMATIVE_PREDICTION,,,
Norman2019_GEARS_processed_mirror,B0_no_change,L1,UBASH3B+PTPN12,,UNINFORMATIVE_PREDICTION,,,
Norman2019_GEARS_processed_mirror,B0_no_change,L1,UBASH3B+PTPN9,,UNINFORMATIVE_PREDICTION,,,
Norman2019_GEARS_processed_mirror,B0_no_change,L1,ctrl+ELMSAN1,,UNINFORMATIVE_PREDICTION,,,
Norman2019_GEARS_processed_mirror,B0_no_change,L1,ctrl+FOXL2,,UNINFORMATIVE_PREDICTION,,,
Norman2019_GEARS_processed_mirror,B0_no_change,L1,ctrl+ISL2,,UNINFORMATIVE_PREDICTION,,,
Norman2019_GEARS_processed_mirror,B0_no_change,L1,ctrl+PRTG,,UNINFORMATIVE_PREDICTION,,,
Norman2019_GEARS_processed_mirror,B0_no_change,L1,ctrl+RUNX1T1,,UNINFORMATIVE_PREDICTION,,,
Norman2019_GEARS_processed_mirror,B0_no_change,L1,ctrl+TBX2,,UNINFORMATIVE_PREDICTION,,,
Norman2019_GEARS_processed_mirror,B0_no_change,L1,ctrl+TBX3,,UNINFORMATIVE_PREDICTION,,,
Norman2019_GEARS_processed_mirror,B5_mean_effect,L1,AHR+KLF1,47.0,PRDM1+CBFA2T3,0.8203526735305786,0.2798627018928528,True
Norman2019_GEARS_processed_mirror,B5_mean_effect,L1,BAK1+ctrl,54.0,PRDM1+CBFA2T3,0.8203526735305786,-0.0677114576101303,True
Norman2019_GEARS_processed_mirror,B5_mean_effect,L1,BCL2L11+BAK1,53.0,PRDM1+CBFA2T3,0.8203526735305786,-0.0659321919083595,True
Norman2019_GEARS_processed_mirror,B5_mean_effect,L1,BCL2L11+TGFBR2,50.0,PRDM1+CBFA2T3,0.8203526735305786,0.2609823942184448,True
Norman2019_GEARS_processed_mirror,B5_mean_effect,L1,BPGM+ctrl,39.0,PRDM1+CBFA2T3,0.8203526735305786,0.4815900921821594,True
Norman2019_GEARS_processed_mirror,B5_mean_effect,L1,C19orf26+ctrl,41.0,PRDM1+CBFA2T3,0.8203526735305786,0.4654072523117065,True
Norman2019_GEARS_processed_mirror,B5_mean_effect,L1,CBL+TGFBR2,32.0,PRDM1+CBFA2T3,0.8203526735305786,0.5601283311843872,True
Norman2019_GEARS_processed_mirror,B5_mean_effect,L1,CBL+UBASH3A,16.0,PRDM1+CBFA2T3,0.8203526735305786,0.6711779236793518,True
Norman2019_GEARS_processed_mirror,B5_mean_effect,L1,CBL+UBASH3B,17.0,PRDM1+CBFA2T3,0.8203526735305786,0.666843056678772,True
Norman2019_GEARS_processed_mirror,B5_mean_effect,L1,CBL+ctrl,36.0,PRDM1+CBFA2T3,0.8203526735305786,0.5128276348114014,True
Norman2019_GEARS_processed_mirror,B5_mean_effect,L1,CDKN1C+CDKN1B,11.0,PRDM1+CBFA2T3,0.8203526735305786,0.7154043912887573,True
Norman2019_GEARS_processed_mirror,B5_mean_effect,L1,CEBPA+ctrl,29.0,PRDM1+CBFA2T3,0.8203526735305786,0.5707264542579651,True
Norman2019_GEARS_processed_mirror,B5_mean_effect,L1,CEBPB+CEBPA,31.0,PRDM1+CBFA2T3,0.8203526735305786,0.5602291822433472,True
Norman2019_GEARS_processed_mirror,B5_mean_effect,L1,CEBPE+SPI1,24.0,PRDM1+CBFA2T3,0.8203526735305786,0.6221732497215271,True
Norman2019_GEARS_processed_mirror,B5_mean_effect,L1,COL2A1+ctrl,51.0,PRDM1+CBFA2T3,0.8203526735305786,0.2417816072702407,True
Norman2019_GEARS_processed_mirror,B5_mean_effect,L1,DUSP9+KLF1,34.0,PRDM1+CBFA2T3,0.8203526735305786,0.5554218888282776,True
Norman2019_GEARS_processed_mirror,B5_mean_effect,L1,ELMSAN1+ctrl,56.0,PRDM1+CBFA2T3,0.8203526735305786,-0.0899112820625305,True
Norman2019_GEARS_processed_mirror,B5_mean_effect,L1,ETS2+CEBPE,44.0,PRDM1+CBFA2T3,0.8203526735305786,0.3834206461906433,True
Norman2019_GEARS_processed_mirror,B5_mean_effect,L1,ETS2+IKZF3,6.0,PRDM1+CBFA2T3,0.8203526735305786,0.7512530088424683,True
Norman2019_GEARS_processed_mirror,B5_mean_effect,L1,FOSB+IKZF3,10.0,PRDM1+CBFA2T3,0.8203526735305786,0.7169033288955688,True
Norman2019_GEARS_processed_mirror,B5_mean_effect,L1,FOSB+OSR2,45.0,PRDM1+CBFA2T3,0.8203526735305786,0.3586970567703247,True
Norman2019_GEARS_processed_mirror,B5_mean_effect,L1,FOXA1+ctrl,25.0,PRDM1+CBFA2T3,0.8203526735305786,0.6202545166015625,True
Norman2019_GEARS_processed_mirror,B5_mean_effect,L1,FOXF1+ctrl,30.0,PRDM1+CBFA2T3,0.8203526735305786,0.57037752866745,True
Norman2019_GEARS_processed_mirror,B5_mean_effect,L1,IER5L+ctrl,7.0,PRDM1+CBFA2T3,0.8203526735305786,0.7380696535110474,True
Norman2019_GEARS_processed_mirror,B5_mean_effect,L1,IGDCC3+PRTG,12.0,PRDM1+CBFA2T3,0.8203526735305786,0.7068454623222351,True
Norman2019_GEARS_processed_mirror,B5_mean_effect,L1,IKZF3+ctrl,8.0,PRDM1+CBFA2T3,0.8203526735305786,0.7218836545944214,True
Norman2019_GEARS_processed_mirror,B5_mean_effect,L1,LHX1+ELMSAN1,40.0,PRDM1+CBFA2T3,0.8203526735305786,0.4704039096832275,True
Norman2019_GEARS_processed_mirror,B5_mean_effect,L1,LYL1+CEBPB,20.0,PRDM1+CBFA2T3,0.8203526735305786,0.6410260200500488,True
Norman2019_GEARS_processed_mirror,B5_mean_effect,L1,LYL1+IER5L,2.0,PRDM1+CBFA2T3,0.8203526735305786,0.7983845472335815,True
Norman2019_GEARS_processed_mirror,B5_mean_effect,L1,MAP2K3+MAP2K6,57.0,PRDM1+CBFA2T3,0.8203526735305786,-0.3450852632522583,True
Norman2019_GEARS_processed_mirror,B5_mean_effect,L1,MAP2K6+IKZF3,19.0,PRDM1+CBFA2T3,0.8203526735305786,0.644254207611084,True
Norman2019_GEARS_processed_mirror,B5_mean_effect,L1,MAP2K6+SPI1,38.0,PRDM1+CBFA2T3,0.8203526735305786,0.5078864097595215,True
Norman2019_GEARS_processed_mirror,B5_mean_effect,L1,MAP4K5+ctrl,35.0,PRDM1+CBFA2T3,0.8203526735305786,0.5484408140182495,True
Norman2019_GEARS_processed_mirror,B5_mean_effect,L1,MAPK1+PRTG,37.0,PRDM1+CBFA2T3,0.8203526735305786,0.509082019329071,True
Norman2019_GEARS_processed_mirror,B5_mean_effect,L1,MAPK1+TGFBR2,49.0,PRDM1+CBFA2T3,0.8203526735305786,0.2678501009941101,True
Norman2019_GEARS_processed_mirror,B5_mean_effect,L1,MIDN+ctrl,13.0,PRDM1+CBFA2T3,0.8203526735305786,0.698552668094635,True
Norman2019_GEARS_processed_mirror,B5_mean_effect,L1,POU3F2+CBFA2T3,4.0,PRDM1+CBFA2T3,0.8203526735305786,0.7679414749145508,True
Norman2019_GEARS_processed_mirror,B5_mean_effect,L1,PRDM1+CBFA2T3,1.0,PRDM1+CBFA2T3,0.8203526735305786,0.8203526735305786,False
Norman2019_GEARS_processed_mirror,B5_mean_effect,L1,PRDM1+ctrl,15.0,PRDM1+CBFA2T3,0.8203526735305786,0.6832705736160278,True
Norman2019_GEARS_processed_mirror,B5_mean_effect,L1,PRTG+ctrl,18.0,PRDM1+CBFA2T3,0.8203526735305786,0.6508596539497375,True
Norman2019_GEARS_processed_mirror,B5_mean_effect,L1,PTPN12+SNAI1,23.0,PRDM1+CBFA2T3,0.8203526735305786,0.6283888816833496,True
Norman2019_GEARS_processed_mirror,B5_mean_effect,L1,S1PR2+ctrl,33.0,PRDM1+CBFA2T3,0.8203526735305786,0.5559326410293579,True
Norman2019_GEARS_processed_mirror,B5_mean_effect,L1,SGK1+ctrl,9.0,PRDM1+CBFA2T3,0.8203526735305786,0.7183866500854492,True
Norman2019_GEARS_processed_mirror,B5_mean_effect,L1,SNAI1+DLX2,28.0,PRDM1+CBFA2T3,0.8203526735305786,0.5922352075576782,True
Norman2019_GEARS_processed_mirror,B5_mean_effect,L1,SPI1+ctrl,5.0,PRDM1+CBFA2T3,0.8203526735305786,0.7621529698371887,True
Norman2019_GEARS_processed_mirror,B5_mean_effect,L1,STIL+ctrl,21.0,PRDM1+CBFA2T3,0.8203526735305786,0.6325273513793945,True
Norman2019_GEARS_processed_mirror,B5_mean_effect,L1,TBX3+TBX2,42.0,PRDM1+CBFA2T3,0.8203526735305786,0.4076519608497619,True
Norman2019_GEARS_processed_mirror,B5_mean_effect,L1,TP73+ctrl,3.0,PRDM1+CBFA2T3,0.8203526735305786,0.7877432107925415,True
Norman2019_GEARS_processed_mirror,B5_mean_effect,L1,UBASH3B+PTPN12,27.0,PRDM1+CBFA2T3,0.8203526735305786,0.6056088209152222,True
Norman2019_GEARS_processed_mirror,B5_mean_effect,L1,UBASH3B+PTPN9,14.0,PRDM1+CBFA2T3,0.8203526735305786,0.683344304561615,True
Norman2019_GEARS_processed_mirror,B5_mean_effect,L1,ctrl+ELMSAN1,55.0,PRDM1+CBFA2T3,0.8203526735305786,-0.0753770023584365,True
Norman2019_GEARS_processed_mirror,B5_mean_effect,L1,ctrl+FOXL2,22.0,PRDM1+CBFA2T3,0.8203526735305786,0.6297204494476318,True
Norman2019_GEARS_processed_mirror,B5_mean_effect,L1,ctrl+ISL2,46.0,PRDM1+CBFA2T3,0.8203526735305786,0.281672328710556,True
Norman2019_GEARS_processed_mirror,B5_mean_effect,L1,ctrl+PRTG,26.0,PRDM1+CBFA2T3,0.8203526735305786,0.6115213632583618,True
Norman2019_GEARS_processed_mirror,B5_mean_effect,L1,ctrl+RUNX1T1,52.0,PRDM1+CBFA2T3,0.8203526735305786,0.2354421317577362,True
Norman2019_GEARS_processed_mirror,B5_mean_effect,L1,ctrl+TBX2,43.0,PRDM1+CBFA2T3,0.8203526735305786,0.4036008715629577,True
Norman2019_GEARS_processed_mirror,B5_mean_effect,L1,ctrl+TBX3,48.0,PRDM1+CBFA2T3,0.8203526735305786,0.2711613178253174,True
Norman2019_GEARS_processed_mirror,B0_no_change,L2,BCL2L11+ctrl,,UNINFORMATIVE_PREDICTION,,,
Norman2019_GEARS_processed_mirror,B0_no_change,L2,BCORL1+ctrl,,UNINFORMATIVE_PREDICTION,,,
Norman2019_GEARS_processed_mirror,B0_no_change,L2,C19orf26+ctrl,,UNINFORMATIVE_PREDICTION,,,
Norman2019_GEARS_processed_mirror,B0_no_change,L2,CEBPB+ctrl,,UNINFORMATIVE_PREDICTION,,,
Norman2019_GEARS_processed_mirror,B0_no_change,L2,CEBPE+CEBPB,,UNINFORMATIVE_PREDICTION,,,
Norman2019_GEARS_processed_mirror,B0_no_change,L2,CEBPE+ctrl,,UNINFORMATIVE_PREDICTION,,,
Norman2019_GEARS_processed_mirror,B0_no_change,L2,CITED1+ctrl,,UNINFORMATIVE_PREDICTION,,,
Norman2019_GEARS_processed_mirror,B0_no_change,L2,CKS1B+ctrl,,UNINFORMATIVE_PREDICTION,,,
Norman2019_GEARS_processed_mirror,B0_no_change,L2,FOXO4+ctrl,,UNINFORMATIVE_PREDICTION,,,
Norman2019_GEARS_processed_mirror,B0_no_change,L2,HOXA13+ctrl,,UNINFORMATIVE_PREDICTION,,,
Norman2019_GEARS_processed_mirror,B0_no_change,L2,HOXB9+ctrl,,UNINFORMATIVE_PREDICTION,,,
Norman2019_GEARS_processed_mirror,B0_no_change,L2,HOXC13+ctrl,,UNINFORMATIVE_PREDICTION,,,
Norman2019_GEARS_processed_mirror,B0_no_change,L2,KIAA1804+ctrl,,UNINFORMATIVE_PREDICTION,,,
Norman2019_GEARS_processed_mirror,B0_no_change,L2,KIF2C+ctrl,,UNINFORMATIVE_PREDICTION,,,
Norman2019_GEARS_processed_mirror,B0_no_change,L2,MAP2K3+ctrl,,UNINFORMATIVE_PREDICTION,,,
Norman2019_GEARS_processed_mirror,B0_no_change,L2,MAP7D1+ctrl,,UNINFORMATIVE_PREDICTION,,,
Norman2019_GEARS_processed_mirror,B0_no_change,L2,PLK4+ctrl,,UNINFORMATIVE_PREDICTION,,,
Norman2019_GEARS_processed_mirror,B0_no_change,L2,RHOXF2BB+ctrl,,UNINFORMATIVE_PREDICTION,,,
Norman2019_GEARS_processed_mirror,B0_no_change,L2,SGK1+TBX2,,UNINFORMATIVE_PREDICTION,,,
Norman2019_GEARS_processed_mirror,B0_no_change,L2,SGK1+ctrl,,UNINFORMATIVE_PREDICTION,,,
Norman2019_GEARS_processed_mirror,B0_no_change,L2,SLC6A9+ctrl,,UNINFORMATIVE_PREDICTION,,,
Norman2019_GEARS_processed_mirror,B0_no_change,L2,TBX2+ctrl,,UNINFORMATIVE_PREDICTION,,,
Norman2019_GEARS_processed_mirror,B0_no_change,L2,ZC3HAV1+CEBPE,,UNINFORMATIVE_PREDICTION,,,
Norman2019_GEARS_processed_mirror,B0_no_change,L2,ZC3HAV1+HOXC13,,UNINFORMATIVE_PREDICTION,,,
Norman2019_GEARS_processed_mirror,B0_no_change,L2,ZC3HAV1+ctrl,,UNINFORMATIVE_PREDICTION,,,
Norman2019_GEARS_processed_mirror,B0_no_change,L2,ctrl+C19orf26,,UNINFORMATIVE_PREDICTION,,,
Norman2019_GEARS_processed_mirror,B0_no_change,L2,ctrl+CEBPB,,UNINFORMATIVE_PREDICTION,,,
Norman2019_GEARS_processed_mirror,B0_no_change,L2,ctrl+CEBPE,,UNINFORMATIVE_PREDICTION,,,
Norman2019_GEARS_processed_mirror,B0_no_change,L2,ctrl+HOXB9,,UNINFORMATIVE_PREDICTION,,,
Norman2019_GEARS_processed_mirror,B0_no_change,L2,ctrl+HOXC13,,UNINFORMATIVE_PREDICTION,,,
Norman2019_GEARS_processed_mirror,B0_no_change,L2,ctrl+KIF2C,,UNINFORMATIVE_PREDICTION,,,
Norman2019_GEARS_processed_mirror,B0_no_change,L2,ctrl+MAP7D1,,UNINFORMATIVE_PREDICTION,,,
Norman2019_GEARS_processed_mirror,B0_no_change,L2,ctrl+TBX2,,UNINFORMATIVE_PREDICTION,,,
Norman2019_GEARS_processed_mirror,B5_mean_effect,L2,BCL2L11+ctrl,28.0,RHOXF2BB+ctrl,0.7839229702949524,0.2574393153190613,True
Norman2019_GEARS_processed_mirror,B5_mean_effect,L2,BCORL1+ctrl,25.0,RHOXF2BB+ctrl,0.7839229702949524,0.3079768419265747,True
Norman2019_GEARS_processed_mirror,B5_mean_effect,L2,C19orf26+ctrl,14.0,RHOXF2BB+ctrl,0.7839229702949524,0.5919169187545776,True
Norman2019_GEARS_processed_mirror,B5_mean_effect,L2,CEBPB+ctrl,23.0,RHOXF2BB+ctrl,0.7839229702949524,0.3946757018566131,True
Norman2019_GEARS_processed_mirror,B5_mean_effect,L2,CEBPE+CEBPB,20.0,RHOXF2BB+ctrl,0.7839229702949524,0.4017025530338287,True
Norman2019_GEARS_processed_mirror,B5_mean_effect,L2,CEBPE+ctrl,27.0,RHOXF2BB+ctrl,0.7839229702949524,0.2875158786773681,True
Norman2019_GEARS_processed_mirror,B5_mean_effect,L2,CITED1+ctrl,7.0,RHOXF2BB+ctrl,0.7839229702949524,0.6589224338531494,True
Norman2019_GEARS_processed_mirror,B5_mean_effect,L2,CKS1B+ctrl,9.0,RHOXF2BB+ctrl,0.7839229702949524,0.6334018707275391,True
Norman2019_GEARS_processed_mirror,B5_mean_effect,L2,FOXO4+ctrl,8.0,RHOXF2BB+ctrl,0.7839229702949524,0.6514522433280945,True
Norman2019_GEARS_processed_mirror,B5_mean_effect,L2,HOXA13+ctrl,3.0,RHOXF2BB+ctrl,0.7839229702949524,0.7295387387275696,True
Norman2019_GEARS_processed_mirror,B5_mean_effect,L2,HOXB9+ctrl,15.0,RHOXF2BB+ctrl,0.7839229702949524,0.5775298476219177,True
Norman2019_GEARS_processed_mirror,B5_mean_effect,L2,HOXC13+ctrl,5.0,RHOXF2BB+ctrl,0.7839229702949524,0.7222194671630859,True
Norman2019_GEARS_processed_mirror,B5_mean_effect,L2,KIAA1804+ctrl,13.0,RHOXF2BB+ctrl,0.7839229702949524,0.5928459167480469,True
Norman2019_GEARS_processed_mirror,B5_mean_effect,L2,KIF2C+ctrl,26.0,RHOXF2BB+ctrl,0.7839229702949524,0.2905364632606506,True
Norman2019_GEARS_processed_mirror,B5_mean_effect,L2,MAP2K3+ctrl,33.0,RHOXF2BB+ctrl,0.7839229702949524,-0.3222595751285553,True
Norman2019_GEARS_processed_mirror,B5_mean_effect,L2,MAP7D1+ctrl,29.0,RHOXF2BB+ctrl,0.7839229702949524,0.0045882682316005,True
Norman2019_GEARS_processed_mirror,B5_mean_effect,L2,PLK4+ctrl,16.0,RHOXF2BB+ctrl,0.7839229702949524,0.5328464508056641,True
Norman2019_GEARS_processed_mirror,B5_mean_effect,L2,RHOXF2BB+ctrl,1.0,RHOXF2BB+ctrl,0.7839229702949524,0.7839229702949524,False
Norman2019_GEARS_processed_mirror,B5_mean_effect,L2,SGK1+TBX2,6.0,RHOXF2BB+ctrl,0.7839229702949524,0.7060365676879883,True
Norman2019_GEARS_processed_mirror,B5_mean_effect,L2,SGK1+ctrl,2.0,RHOXF2BB+ctrl,0.7839229702949524,0.7771896719932556,True
Norman2019_GEARS_processed_mirror,B5_mean_effect,L2,SLC6A9+ctrl,17.0,RHOXF2BB+ctrl,0.7839229702949524,0.5253403186798096,True
Norman2019_GEARS_processed_mirror,B5_mean_effect,L2,TBX2+ctrl,19.0,RHOXF2BB+ctrl,0.7839229702949524,0.4105157852172851,True
Norman2019_GEARS_processed_mirror,B5_mean_effect,L2,ZC3HAV1+CEBPE,31.0,RHOXF2BB+ctrl,0.7839229702949524,-0.0296360533684492,True
Norman2019_GEARS_processed_mirror,B5_mean_effect,L2,ZC3HAV1+HOXC13,10.0,RHOXF2BB+ctrl,0.7839229702949524,0.6239345073699951,True
Norman2019_GEARS_processed_mirror,B5_mean_effect,L2,ZC3HAV1+ctrl,32.0,RHOXF2BB+ctrl,0.7839229702949524,-0.2218920588493347,True
Norman2019_GEARS_processed_mirror,B5_mean_effect,L2,ctrl+C19orf26,11.0,RHOXF2BB+ctrl,0.7839229702949524,0.6021907329559326,True
Norman2019_GEARS_processed_mirror,B5_mean_effect,L2,ctrl+CEBPB,22.0,RHOXF2BB+ctrl,0.7839229702949524,0.3963216245174408,True
Norman2019_GEARS_processed_mirror,B5_mean_effect,L2,ctrl+CEBPE,24.0,RHOXF2BB+ctrl,0.7839229702949524,0.3404780030250549,True
Norman2019_GEARS_processed_mirror,B5_mean_effect,L2,ctrl+HOXB9,12.0,RHOXF2BB+ctrl,0.7839229702949524,0.5945066213607788,True
Norman2019_GEARS_processed_mirror,B5_mean_effect,L2,ctrl+HOXC13,4.0,RHOXF2BB+ctrl,0.7839229702949524,0.7231888771057129,True
Norman2019_GEARS_processed_mirror,B5_mean_effect,L2,ctrl+KIF2C,21.0,RHOXF2BB+ctrl,0.7839229702949524,0.3964848518371582,True
Norman2019_GEARS_processed_mirror,B5_mean_effect,L2,ctrl+MAP7D1,30.0,RHOXF2BB+ctrl,0.7839229702949524,-0.0026630850043147,True
Norman2019_GEARS_processed_mirror,B5_mean_effect,L2,ctrl+TBX2,18.0,RHOXF2BB+ctrl,0.7839229702949524,0.4215313196182251,True
Norman2019_GEARS_processed_mirror,FP1_perturbation_blind_mean_effect,L1,AHR+KLF1,47.0,PRDM1+CBFA2T3,0.8203526735305786,0.2798627018928528,True
Norman2019_GEARS_processed_mirror,FP1_perturbation_blind_mean_effect,L1,BAK1+ctrl,54.0,PRDM1+CBFA2T3,0.8203526735305786,-0.06771145761013031,True
Norman2019_GEARS_processed_mirror,FP1_perturbation_blind_mean_effect,L1,BCL2L11+BAK1,53.0,PRDM1+CBFA2T3,0.8203526735305786,-0.06593219190835953,True
Norman2019_GEARS_processed_mirror,FP1_perturbation_blind_mean_effect,L1,BCL2L11+TGFBR2,50.0,PRDM1+CBFA2T3,0.8203526735305786,0.2609823942184448,True
Norman2019_GEARS_processed_mirror,FP1_perturbation_blind_mean_effect,L1,BPGM+ctrl,39.0,PRDM1+CBFA2T3,0.8203526735305786,0.4815900921821594,True
Norman2019_GEARS_processed_mirror,FP1_perturbation_blind_mean_effect,L1,C19orf26+ctrl,41.0,PRDM1+CBFA2T3,0.8203526735305786,0.46540725231170654,True
Norman2019_GEARS_processed_mirror,FP1_perturbation_blind_mean_effect,L1,CBL+TGFBR2,32.0,PRDM1+CBFA2T3,0.8203526735305786,0.5601283311843872,True
Norman2019_GEARS_processed_mirror,FP1_perturbation_blind_mean_effect,L1,CBL+UBASH3A,16.0,PRDM1+CBFA2T3,0.8203526735305786,0.6711779236793518,True
Norman2019_GEARS_processed_mirror,FP1_perturbation_blind_mean_effect,L1,CBL+UBASH3B,17.0,PRDM1+CBFA2T3,0.8203526735305786,0.666843056678772,True
Norman2019_GEARS_processed_mirror,FP1_perturbation_blind_mean_effect,L1,CBL+ctrl,36.0,PRDM1+CBFA2T3,0.8203526735305786,0.5128276348114014,True
Norman2019_GEARS_processed_mirror,FP1_perturbation_blind_mean_effect,L1,CDKN1C+CDKN1B,11.0,PRDM1+CBFA2T3,0.8203526735305786,0.7154043912887573,True
Norman2019_GEARS_processed_mirror,FP1_perturbation_blind_mean_effect,L1,CEBPA+ctrl,29.0,PRDM1+CBFA2T3,0.8203526735305786,0.5707264542579651,True
Norman2019_GEARS_processed_mirror,FP1_perturbation_blind_mean_effect,L1,CEBPB+CEBPA,31.0,PRDM1+CBFA2T3,0.8203526735305786,0.5602291822433472,True
Norman2019_GEARS_processed_mirror,FP1_perturbation_blind_mean_effect,L1,CEBPE+SPI1,24.0,PRDM1+CBFA2T3,0.8203526735305786,0.6221732497215271,True
Norman2019_GEARS_processed_mirror,FP1_perturbation_blind_mean_effect,L1,COL2A1+ctrl,51.0,PRDM1+CBFA2T3,0.8203526735305786,0.24178160727024078,True
Norman2019_GEARS_processed_mirror,FP1_perturbation_blind_mean_effect,L1,DUSP9+KLF1,34.0,PRDM1+CBFA2T3,0.8203526735305786,0.5554218888282776,True
Norman2019_GEARS_processed_mirror,FP1_perturbation_blind_mean_effect,L1,ELMSAN1+ctrl,56.0,PRDM1+CBFA2T3,0.8203526735305786,-0.08991128206253052,True
Norman2019_GEARS_processed_mirror,FP1_perturbation_blind_mean_effect,L1,ETS2+CEBPE,44.0,PRDM1+CBFA2T3,0.8203526735305786,0.3834206461906433,True
Norman2019_GEARS_processed_mirror,FP1_perturbation_blind_mean_effect,L1,ETS2+IKZF3,6.0,PRDM1+CBFA2T3,0.8203526735305786,0.7512530088424683,True
Norman2019_GEARS_processed_mirror,FP1_perturbation_blind_mean_effect,L1,FOSB+IKZF3,10.0,PRDM1+CBFA2T3,0.8203526735305786,0.7169033288955688,True
Norman2019_GEARS_processed_mirror,FP1_perturbation_blind_mean_effect,L1,FOSB+OSR2,45.0,PRDM1+CBFA2T3,0.8203526735305786,0.3586970567703247,True
Norman2019_GEARS_processed_mirror,FP1_perturbation_blind_mean_effect,L1,FOXA1+ctrl,25.0,PRDM1+CBFA2T3,0.8203526735305786,0.6202545166015625,True
Norman2019_GEARS_processed_mirror,FP1_perturbation_blind_mean_effect,L1,FOXF1+ctrl,30.0,PRDM1+CBFA2T3,0.8203526735305786,0.57037752866745,True
Norman2019_GEARS_processed_mirror,FP1_perturbation_blind_mean_effect,L1,IER5L+ctrl,7.0,PRDM1+CBFA2T3,0.8203526735305786,0.7380696535110474,True
Norman2019_GEARS_processed_mirror,FP1_perturbation_blind_mean_effect,L1,IGDCC3+PRTG,12.0,PRDM1+CBFA2T3,0.8203526735305786,0.7068454623222351,True
Norman2019_GEARS_processed_mirror,FP1_perturbation_blind_mean_effect,L1,IKZF3+ctrl,8.0,PRDM1+CBFA2T3,0.8203526735305786,0.7218836545944214,True
Norman2019_GEARS_processed_mirror,FP1_perturbation_blind_mean_effect,L1,LHX1+ELMSAN1,40.0,PRDM1+CBFA2T3,0.8203526735305786,0.47040390968322754,True
Norman2019_GEARS_processed_mirror,FP1_perturbation_blind_mean_effect,L1,LYL1+CEBPB,20.0,PRDM1+CBFA2T3,0.8203526735305786,0.6410260200500488,True
Norman2019_GEARS_processed_mirror,FP1_perturbation_blind_mean_effect,L1,LYL1+IER5L,2.0,PRDM1+CBFA2T3,0.8203526735305786,0.7983845472335815,True
Norman2019_GEARS_processed_mirror,FP1_perturbation_blind_mean_effect,L1,MAP2K3+MAP2K6,57.0,PRDM1+CBFA2T3,0.8203526735305786,-0.3450852632522583,True
Norman2019_GEARS_processed_mirror,FP1_perturbation_blind_mean_effect,L1,MAP2K6+IKZF3,19.0,PRDM1+CBFA2T3,0.8203526735305786,0.644254207611084,True
Norman2019_GEARS_processed_mirror,FP1_perturbation_blind_mean_effect,L1,MAP2K6+SPI1,38.0,PRDM1+CBFA2T3,0.8203526735305786,0.5078864097595215,True
Norman2019_GEARS_processed_mirror,FP1_perturbation_blind_mean_effect,L1,MAP4K5+ctrl,35.0,PRDM1+CBFA2T3,0.8203526735305786,0.5484408140182495,True
Norman2019_GEARS_processed_mirror,FP1_perturbation_blind_mean_effect,L1,MAPK1+PRTG,37.0,PRDM1+CBFA2T3,0.8203526735305786,0.509082019329071,True
Norman2019_GEARS_processed_mirror,FP1_perturbation_blind_mean_effect,L1,MAPK1+TGFBR2,49.0,PRDM1+CBFA2T3,0.8203526735305786,0.2678501009941101,True
Norman2019_GEARS_processed_mirror,FP1_perturbation_blind_mean_effect,L1,MIDN+ctrl,13.0,PRDM1+CBFA2T3,0.8203526735305786,0.698552668094635,True
Norman2019_GEARS_processed_mirror,FP1_perturbation_blind_mean_effect,L1,POU3F2+CBFA2T3,4.0,PRDM1+CBFA2T3,0.8203526735305786,0.7679414749145508,True
Norman2019_GEARS_processed_mirror,FP1_perturbation_blind_mean_effect,L1,PRDM1+CBFA2T3,1.0,PRDM1+CBFA2T3,0.8203526735305786,0.8203526735305786,False
Norman2019_GEARS_processed_mirror,FP1_perturbation_blind_mean_effect,L1,PRDM1+ctrl,15.0,PRDM1+CBFA2T3,0.8203526735305786,0.6832705736160278,True
Norman2019_GEARS_processed_mirror,FP1_perturbation_blind_mean_effect,L1,PRTG+ctrl,18.0,PRDM1+CBFA2T3,0.8203526735305786,0.6508596539497375,True
Norman2019_GEARS_processed_mirror,FP1_perturbation_blind_mean_effect,L1,PTPN12+SNAI1,23.0,PRDM1+CBFA2T3,0.8203526735305786,0.6283888816833496,True
Norman2019_GEARS_processed_mirror,FP1_perturbation_blind_mean_effect,L1,S1PR2+ctrl,33.0,PRDM1+CBFA2T3,0.8203526735305786,0.5559326410293579,True
Norman2019_GEARS_processed_mirror,FP1_perturbation_blind_mean_effect,L1,SGK1+ctrl,9.0,PRDM1+CBFA2T3,0.8203526735305786,0.7183866500854492,True
Norman2019_GEARS_processed_mirror,FP1_perturbation_blind_mean_effect,L1,SNAI1+DLX2,28.0,PRDM1+CBFA2T3,0.8203526735305786,0.5922352075576782,True
Norman2019_GEARS_processed_mirror,FP1_perturbation_blind_mean_effect,L1,SPI1+ctrl,5.0,PRDM1+CBFA2T3,0.8203526735305786,0.7621529698371887,True
Norman2019_GEARS_processed_mirror,FP1_perturbation_blind_mean_effect,L1,STIL+ctrl,21.0,PRDM1+CBFA2T3,0.8203526735305786,0.6325273513793945,True
Norman2019_GEARS_processed_mirror,FP1_perturbation_blind_mean_effect,L1,TBX3+TBX2,42.0,PRDM1+CBFA2T3,0.8203526735305786,0.40765196084976196,True
Norman2019_GEARS_processed_mirror,FP1_perturbation_blind_mean_effect,L1,TP73+ctrl,3.0,PRDM1+CBFA2T3,0.8203526735305786,0.7877432107925415,True
Norman2019_GEARS_processed_mirror,FP1_perturbation_blind_mean_effect,L1,UBASH3B+PTPN12,27.0,PRDM1+CBFA2T3,0.8203526735305786,0.6056088209152222,True
Norman2019_GEARS_processed_mirror,FP1_perturbation_blind_mean_effect,L1,UBASH3B+PTPN9,14.0,PRDM1+CBFA2T3,0.8203526735305786,0.683344304561615,True
Norman2019_GEARS_processed_mirror,FP1_perturbation_blind_mean_effect,L1,ctrl+ELMSAN1,55.0,PRDM1+CBFA2T3,0.8203526735305786,-0.07537700235843658,True
Norman2019_GEARS_processed_mirror,FP1_perturbation_blind_mean_effect,L1,ctrl+FOXL2,22.0,PRDM1+CBFA2T3,0.8203526735305786,0.6297204494476318,True
Norman2019_GEARS_processed_mirror,FP1_perturbation_blind_mean_effect,L1,ctrl+ISL2,46.0,PRDM1+CBFA2T3,0.8203526735305786,0.28167232871055603,True
Norman2019_GEARS_processed_mirror,FP1_perturbation_blind_mean_effect,L1,ctrl+PRTG,26.0,PRDM1+CBFA2T3,0.8203526735305786,0.6115213632583618,True
Norman2019_GEARS_processed_mirror,FP1_perturbation_blind_mean_effect,L1,ctrl+RUNX1T1,52.0,PRDM1+CBFA2T3,0.8203526735305786,0.2354421317577362,True
Norman2019_GEARS_processed_mirror,FP1_perturbation_blind_mean_effect,L1,ctrl+TBX2,43.0,PRDM1+CBFA2T3,0.8203526735305786,0.40360087156295776,True
Norman2019_GEARS_processed_mirror,FP1_perturbation_blind_mean_effect,L1,ctrl+TBX3,48.0,PRDM1+CBFA2T3,0.8203526735305786,0.2711613178253174,True
Norman2019_GEARS_processed_mirror,FP3_label_shuffled_mean_effect,L1,AHR+KLF1,8.0,BCL2L11+BAK1,0.3526381850242615,0.1425732970237732,True
Norman2019_GEARS_processed_mirror,FP3_label_shuffled_mean_effect,L1,BAK1+ctrl,4.0,MAP2K3+MAP2K6,0.36312970519065857,0.18307600915431976,True
Norman2019_GEARS_processed_mirror,FP3_label_shuffled_mean_effect,L1,BCL2L11+BAK1,46.0,CBL+UBASH3B,0.9488639235496521,0.14046710729599,True
Norman2019_GEARS_processed_mirror,FP3_label_shuffled_mean_effect,L1,BCL2L11+TGFBR2,49.0,PTPN12+SNAI1,0.3855006694793701,0.05293570086359978,True
Norman2019_GEARS_processed_mirror,FP3_label_shuffled_mean_effect,L1,BPGM+ctrl,1.0,BPGM+ctrl,0.8993502855300903,0.8993502855300903,False
Norman2019_GEARS_processed_mirror,FP3_label_shuffled_mean_effect,L1,C19orf26+ctrl,44.0,MIDN+ctrl,0.7075880765914917,0.2770721912384033,True
Norman2019_GEARS_processed_mirror,FP3_label_shuffled_mean_effect,L1,CBL+TGFBR2,8.0,CDKN1C+CDKN1B,0.8595436811447144,0.6565713882446289,True
Norman2019_GEARS_processed_mirror,FP3_label_shuffled_mean_effect,L1,CBL+UBASH3A,5.0,PRDM1+CBFA2T3,0.7520335912704468,0.7369031310081482,True
Norman2019_GEARS_processed_mirror,FP3_label_shuffled_mean_effect,L1,CBL+UBASH3B,15.0,ETS2+IKZF3,0.6164791584014893,0.4100792407989502,True
Norman2019_GEARS_processed_mirror,FP3_label_shuffled_mean_effect,L1,CBL+ctrl,48.0,ctrl+FOXL2,0.8669455051422119,0.1295064240694046,True
Norman2019_GEARS_processed_mirror,FP3_label_shuffled_mean_effect,L1,CDKN1C+CDKN1B,26.0,ETS2+IKZF3,0.5662249326705933,0.3133915066719055,True
Norman2019_GEARS_processed_mirror,FP3_label_shuffled_mean_effect,L1,CEBPA+ctrl,46.0,IER5L+ctrl,0.6062449216842651,0.11502054333686829,True
Norman2019_GEARS_processed_mirror,FP3_label_shuffled_mean_effect,L1,CEBPB+CEBPA,22.0,FOXF1+ctrl,0.8124039173126221,0.4488045573234558,True
Norman2019_GEARS_processed_mirror,FP3_label_shuffled_mean_effect,L1,CEBPE+SPI1,43.0,CDKN1C+CDKN1B,0.8667364716529846,0.20057997107505798,True
Norman2019_GEARS_processed_mirror,FP3_label_shuffled_mean_effect,L1,COL2A1+ctrl,45.0,ETS2+IKZF3,0.5112443566322327,0.03839004784822464,True
Norman2019_GEARS_processed_mirror,FP3_label_shuffled_mean_effect,L1,DUSP9+KLF1,37.0,SGK1+ctrl,0.7329833507537842,0.3005759119987488,True
Norman2019_GEARS_processed_mirror,FP3_label_shuffled_mean_effect,L1,ELMSAN1+ctrl,23.0,DUSP9+KLF1,0.6757055521011353,0.358351469039917,True
Norman2019_GEARS_processed_mirror,FP3_label_shuffled_mean_effect,L1,ETS2+CEBPE,50.0,STIL+ctrl,0.7204570770263672,0.1268920600414276,True
Norman2019_GEARS_processed_mirror,FP3_label_shuffled_mean_effect,L1,ETS2+IKZF3,19.0,CDKN1C+CDKN1B,0.9111592173576355,0.5851147174835205,True
Norman2019_GEARS_processed_mirror,FP3_label_shuffled_mean_effect,L1,FOSB+IKZF3,39.0,ctrl+FOXL2,0.4707140326499939,0.1532267928123474,True
Norman2019_GEARS_processed_mirror,FP3_label_shuffled_mean_effect,L1,FOSB+OSR2,3.0,MAPK1+TGFBR2,0.9315207004547119,0.5838470458984375,True
Norman2019_GEARS_processed_mirror,FP3_label_shuffled_mean_effect,L1,FOXA1+ctrl,27.0,CBL+UBASH3B,0.9488639235496521,0.447147935628891,True
Norman2019_GEARS_processed_mirror,FP3_label_shuffled_mean_effect,L1,FOXF1+ctrl,14.0,CEBPE+SPI1,0.8629834651947021,0.4496428668498993,True
Norman2019_GEARS_processed_mirror,FP3_label_shuffled_mean_effect,L1,IER5L+ctrl,26.0,STIL+ctrl,0.5597306489944458,0.24686656892299652,True
Norman2019_GEARS_processed_mirror,FP3_label_shuffled_mean_effect,L1,IGDCC3+PRTG,32.0,ctrl+RUNX1T1,0.6567790508270264,0.009298180229961872,True
Norman2019_GEARS_processed_mirror,FP3_label_shuffled_mean_effect,L1,IKZF3+ctrl,39.0,ctrl+FOXL2,0.9298030734062195,0.18893447518348694,True
Norman2019_GEARS_processed_mirror,FP3_label_shuffled_mean_effect,L1,LHX1+ELMSAN1,33.0,AHR+KLF1,0.8455570936203003,0.04616954177618027,True
Norman2019_GEARS_processed_mirror,FP3_label_shuffled_mean_effect,L1,LYL1+CEBPB,34.0,LYL1+IER5L,0.602571964263916,0.35969680547714233,True
Norman2019_GEARS_processed_mirror,FP3_label_shuffled_mean_effect,L1,LYL1+IER5L,15.0,CEBPE+SPI1,0.6345993280410767,0.3922705352306366,True
Norman2019_GEARS_processed_mirror,FP3_label_shuffled_mean_effect,L1,MAP2K3+MAP2K6,57.0,FOXA1+ctrl,0.8681721687316895,-0.38544362783432007,True
Norman2019_GEARS_processed_mirror,FP3_label_shuffled_mean_effect,L1,MAP2K6+IKZF3,37.0,CEBPE+SPI1,0.6345993280410767,0.2580951750278473,True
Norman2019_GEARS_processed_mirror,FP3_label_shuffled_mean_effect,L1,MAP2K6+SPI1,38.0,AHR+KLF1,0.8455570936203003,-0.011825848370790482,True
Norman2019_GEARS_processed_mirror,FP3_label_shuffled_mean_effect,L1,MAP4K5+ctrl,12.0,BCL2L11+TGFBR2,0.7543504238128662,0.545799970626831,True
Norman2019_GEARS_processed_mirror,FP3_label_shuffled_mean_effect,L1,MAPK1+PRTG,24.0,CEBPE+SPI1,0.9044684767723083,0.1999465823173523,True
Norman2019_GEARS_processed_mirror,FP3_label_shuffled_mean_effect,L1,MAPK1+TGFBR2,55.0,CBL+UBASH3B,0.8748364448547363,-0.20375174283981323,True
Norman2019_GEARS_processed_mirror,FP3_label_shuffled_mean_effect,L1,MIDN+ctrl,2.0,ctrl+ISL2,0.719932496547699,0.5314614176750183,True
Norman2019_GEARS_processed_mirror,FP3_label_shuffled_mean_effect,L1,POU3F2+CBFA2T3,32.0,IGDCC3+PRTG,0.899518609046936,0.34779295325279236,True
Norman2019_GEARS_processed_mirror,FP3_label_shuffled_mean_effect,L1,PRDM1+CBFA2T3,7.0,SNAI1+DLX2,0.7446845769882202,0.6416586637496948,True
Norman2019_GEARS_processed_mirror,FP3_label_shuffled_mean_effect,L1,PRDM1+ctrl,35.0,MAP2K3+MAP2K6,0.8739972114562988,-0.2593482732772827,True
Norman2019_GEARS_processed_mirror,FP3_label_shuffled_mean_effect,L1,PRTG+ctrl,41.0,CEBPA+ctrl,0.9433441162109375,0.01578201912343502,True
Norman2019_GEARS_processed_mirror,FP3_label_shuffled_mean_effect,L1,PTPN12+SNAI1,29.0,UBASH3B+PTPN9,0.6156210899353027,0.38840770721435547,True
Norman2019_GEARS_processed_mirror,FP3_label_shuffled_mean_effect,L1,S1PR2+ctrl,32.0,FOSB+OSR2,0.628638744354248,0.03579133003950119,True
Norman2019_GEARS_processed_mirror,FP3_label_shuffled_mean_effect,L1,SGK1+ctrl,16.0,CDKN1C+CDKN1B,0.877924919128418,0.6547893285751343,True
Norman2019_GEARS_processed_mirror,FP3_label_shuffled_mean_effect,L1,SNAI1+DLX2,6.0,ctrl+FOXL2,0.8460053205490112,0.6712754964828491,True
Norman2019_GEARS_processed_mirror,FP3_label_shuffled_mean_effect,L1,SPI1+ctrl,49.0,MAP2K3+MAP2K6,0.7772017121315002,-0.250319242477417,True
Norman2019_GEARS_processed_mirror,FP3_label_shuffled_mean_effect,L1,STIL+ctrl,19.0,MAP2K3+MAP2K6,0.8304111361503601,-0.20500889420509338,True
Norman2019_GEARS_processed_mirror,FP3_label_shuffled_mean_effect,L1,TBX3+TBX2,53.0,AHR+KLF1,0.69675612449646,-0.05425427854061127,True
Norman2019_GEARS_processed_mirror,FP3_label_shuffled_mean_effect,L1,TP73+ctrl,6.0,CDKN1C+CDKN1B,0.6330583095550537,0.5409798622131348,True
Norman2019_GEARS_processed_mirror,FP3_label_shuffled_mean_effect,L1,UBASH3B+PTPN12,55.0,FOSB+OSR2,0.628638744354248,-0.16731882095336914,True
Norman2019_GEARS_processed_mirror,FP3_label_shuffled_mean_effect,L1,UBASH3B+PTPN9,40.0,SNAI1+DLX2,0.7919623851776123,0.050668563693761826,True
Norman2019_GEARS_processed_mirror,FP3_label_shuffled_mean_effect,L1,ctrl+ELMSAN1,57.0,FOSB+OSR2,0.9012561440467834,-0.3304402232170105,True
Norman2019_GEARS_processed_mirror,FP3_label_shuffled_mean_effect,L1,ctrl+FOXL2,27.0,MAPK1+TGFBR2,0.2954123020172119,0.10144142806529999,True
Norman2019_GEARS_processed_mirror,FP3_label_shuffled_mean_effect,L1,ctrl+ISL2,17.0,ctrl+FOXL2,0.8104647994041443,0.488981693983078,True
Norman2019_GEARS_processed_mirror,FP3_label_shuffled_mean_effect,L1,ctrl+PRTG,47.0,FOSB+OSR2,0.8399298787117004,-0.19754526019096375,True
Norman2019_GEARS_processed_mirror,FP3_label_shuffled_mean_effect,L1,ctrl+RUNX1T1,49.0,LYL1+IER5L,0.6485620141029358,0.020668886601924896,True
Norman2019_GEARS_processed_mirror,FP3_label_shuffled_mean_effect,L1,ctrl+TBX2,46.0,FOXF1+ctrl,0.8124039173126221,0.24434342980384827,True
Norman2019_GEARS_processed_mirror,FP3_label_shuffled_mean_effect,L1,ctrl+TBX3,48.0,MAPK1+TGFBR2,0.2954123020172119,0.023801369592547417,True
Norman2019_GEARS_processed_mirror,FP1_perturbation_blind_mean_effect,L2,BCL2L11+ctrl,28.0,RHOXF2BB+ctrl,0.7839229702949524,0.2574393153190613,True
Norman2019_GEARS_processed_mirror,FP1_perturbation_blind_mean_effect,L2,BCORL1+ctrl,25.0,RHOXF2BB+ctrl,0.7839229702949524,0.3079768419265747,True
Norman2019_GEARS_processed_mirror,FP1_perturbation_blind_mean_effect,L2,C19orf26+ctrl,14.0,RHOXF2BB+ctrl,0.7839229702949524,0.5919169187545776,True
Norman2019_GEARS_processed_mirror,FP1_perturbation_blind_mean_effect,L2,CEBPB+ctrl,23.0,RHOXF2BB+ctrl,0.7839229702949524,0.39467570185661316,True
Norman2019_GEARS_processed_mirror,FP1_perturbation_blind_mean_effect,L2,CEBPE+CEBPB,20.0,RHOXF2BB+ctrl,0.7839229702949524,0.40170255303382874,True
Norman2019_GEARS_processed_mirror,FP1_perturbation_blind_mean_effect,L2,CEBPE+ctrl,27.0,RHOXF2BB+ctrl,0.7839229702949524,0.28751587867736816,True
Norman2019_GEARS_processed_mirror,FP1_perturbation_blind_mean_effect,L2,CITED1+ctrl,7.0,RHOXF2BB+ctrl,0.7839229702949524,0.6589224338531494,True
Norman2019_GEARS_processed_mirror,FP1_perturbation_blind_mean_effect,L2,CKS1B+ctrl,9.0,RHOXF2BB+ctrl,0.7839229702949524,0.6334018707275391,True
Norman2019_GEARS_processed_mirror,FP1_perturbation_blind_mean_effect,L2,FOXO4+ctrl,8.0,RHOXF2BB+ctrl,0.7839229702949524,0.6514522433280945,True
Norman2019_GEARS_processed_mirror,FP1_perturbation_blind_mean_effect,L2,HOXA13+ctrl,3.0,RHOXF2BB+ctrl,0.7839229702949524,0.7295387387275696,True
Norman2019_GEARS_processed_mirror,FP1_perturbation_blind_mean_effect,L2,HOXB9+ctrl,15.0,RHOXF2BB+ctrl,0.7839229702949524,0.5775298476219177,True
Norman2019_GEARS_processed_mirror,FP1_perturbation_blind_mean_effect,L2,HOXC13+ctrl,5.0,RHOXF2BB+ctrl,0.7839229702949524,0.7222194671630859,True
Norman2019_GEARS_processed_mirror,FP1_perturbation_blind_mean_effect,L2,KIAA1804+ctrl,13.0,RHOXF2BB+ctrl,0.7839229702949524,0.5928459167480469,True
Norman2019_GEARS_processed_mirror,FP1_perturbation_blind_mean_effect,L2,KIF2C+ctrl,26.0,RHOXF2BB+ctrl,0.7839229702949524,0.29053646326065063,True
Norman2019_GEARS_processed_mirror,FP1_perturbation_blind_mean_effect,L2,MAP2K3+ctrl,33.0,RHOXF2BB+ctrl,0.7839229702949524,-0.3222595751285553,True
Norman2019_GEARS_processed_mirror,FP1_perturbation_blind_mean_effect,L2,MAP7D1+ctrl,29.0,RHOXF2BB+ctrl,0.7839229702949524,0.004588268231600523,True
Norman2019_GEARS_processed_mirror,FP1_perturbation_blind_mean_effect,L2,PLK4+ctrl,16.0,RHOXF2BB+ctrl,0.7839229702949524,0.5328464508056641,True
Norman2019_GEARS_processed_mirror,FP1_perturbation_blind_mean_effect,L2,RHOXF2BB+ctrl,1.0,RHOXF2BB+ctrl,0.7839229702949524,0.7839229702949524,False
Norman2019_GEARS_processed_mirror,FP1_perturbation_blind_mean_effect,L2,SGK1+TBX2,6.0,RHOXF2BB+ctrl,0.7839229702949524,0.7060365676879883,True
Norman2019_GEARS_processed_mirror,FP1_perturbation_blind_mean_effect,L2,SGK1+ctrl,2.0,RHOXF2BB+ctrl,0.7839229702949524,0.7771896719932556,True
Norman2019_GEARS_processed_mirror,FP1_perturbation_blind_mean_effect,L2,SLC6A9+ctrl,17.0,RHOXF2BB+ctrl,0.7839229702949524,0.5253403186798096,True
Norman2019_GEARS_processed_mirror,FP1_perturbation_blind_mean_effect,L2,TBX2+ctrl,19.0,RHOXF2BB+ctrl,0.7839229702949524,0.41051578521728516,True
Norman2019_GEARS_processed_mirror,FP1_perturbation_blind_mean_effect,L2,ZC3HAV1+CEBPE,31.0,RHOXF2BB+ctrl,0.7839229702949524,-0.02963605336844921,True
Norman2019_GEARS_processed_mirror,FP1_perturbation_blind_mean_effect,L2,ZC3HAV1+HOXC13,10.0,RHOXF2BB+ctrl,0.7839229702949524,0.6239345073699951,True
Norman2019_GEARS_processed_mirror,FP1_perturbation_blind_mean_effect,L2,ZC3HAV1+ctrl,32.0,RHOXF2BB+ctrl,0.7839229702949524,-0.22189205884933472,True
Norman2019_GEARS_processed_mirror,FP1_perturbation_blind_mean_effect,L2,ctrl+C19orf26,11.0,RHOXF2BB+ctrl,0.7839229702949524,0.6021907329559326,True
Norman2019_GEARS_processed_mirror,FP1_perturbation_blind_mean_effect,L2,ctrl+CEBPB,22.0,RHOXF2BB+ctrl,0.7839229702949524,0.3963216245174408,True
Norman2019_GEARS_processed_mirror,FP1_perturbation_blind_mean_effect,L2,ctrl+CEBPE,24.0,RHOXF2BB+ctrl,0.7839229702949524,0.34047800302505493,True
Norman2019_GEARS_processed_mirror,FP1_perturbation_blind_mean_effect,L2,ctrl+HOXB9,12.0,RHOXF2BB+ctrl,0.7839229702949524,0.5945066213607788,True
Norman2019_GEARS_processed_mirror,FP1_perturbation_blind_mean_effect,L2,ctrl+HOXC13,4.0,RHOXF2BB+ctrl,0.7839229702949524,0.7231888771057129,True
Norman2019_GEARS_processed_mirror,FP1_perturbation_blind_mean_effect,L2,ctrl+KIF2C,21.0,RHOXF2BB+ctrl,0.7839229702949524,0.3964848518371582,True
Norman2019_GEARS_processed_mirror,FP1_perturbation_blind_mean_effect,L2,ctrl+MAP7D1,30.0,RHOXF2BB+ctrl,0.7839229702949524,-0.0026630850043147802,True
Norman2019_GEARS_processed_mirror,FP1_perturbation_blind_mean_effect,L2,ctrl+TBX2,18.0,RHOXF2BB+ctrl,0.7839229702949524,0.4215313196182251,True
Norman2019_GEARS_processed_mirror,FP3_label_shuffled_mean_effect,L2,BCL2L11+ctrl,28.0,HOXA13+ctrl,0.7212800979614258,0.19525517523288727,True
Norman2019_GEARS_processed_mirror,FP3_label_shuffled_mean_effect,L2,BCORL1+ctrl,18.0,HOXA13+ctrl,0.6551467180252075,0.27460533380508423,True
Norman2019_GEARS_processed_mirror,FP3_label_shuffled_mean_effect,L2,C19orf26+ctrl,27.0,HOXA13+ctrl,0.665351390838623,0.1695253551006317,True
Norman2019_GEARS_processed_mirror,FP3_label_shuffled_mean_effect,L2,CEBPB+ctrl,24.0,CKS1B+ctrl,0.4747842252254486,0.13891702890396118,True
Norman2019_GEARS_processed_mirror,FP3_label_shuffled_mean_effect,L2,CEBPE+CEBPB,26.0,SGK1+ctrl,0.781583845615387,0.09446897357702255,True
Norman2019_GEARS_processed_mirror,FP3_label_shuffled_mean_effect,L2,CEBPE+ctrl,32.0,SGK1+TBX2,0.5260652303695679,-0.20648643374443054,True
Norman2019_GEARS_processed_mirror,FP3_label_shuffled_mean_effect,L2,CITED1+ctrl,10.0,CEBPE+CEBPB,0.9457860589027405,0.4501741826534271,True
Norman2019_GEARS_processed_mirror,FP3_label_shuffled_mean_effect,L2,CKS1B+ctrl,1.0,CKS1B+ctrl,0.4747842252254486,0.4747842252254486,False
Norman2019_GEARS_processed_mirror,FP3_label_shuffled_mean_effect,L2,FOXO4+ctrl,20.0,HOXB9+ctrl,0.6725624799728394,0.28337839245796204,True
Norman2019_GEARS_processed_mirror,FP3_label_shuffled_mean_effect,L2,HOXA13+ctrl,1.0,HOXA13+ctrl,0.6104464530944824,0.6104464530944824,False
Norman2019_GEARS_processed_mirror,FP3_label_shuffled_mean_effect,L2,HOXB9+ctrl,7.0,FOXO4+ctrl,0.5721240043640137,0.5101792216300964,True
Norman2019_GEARS_processed_mirror,FP3_label_shuffled_mean_effect,L2,HOXC13+ctrl,12.0,CEBPE+CEBPB,0.9267522096633911,0.31274428963661194,True
Norman2019_GEARS_processed_mirror,FP3_label_shuffled_mean_effect,L2,KIAA1804+ctrl,6.0,CKS1B+ctrl,0.5352161526679993,0.3952580690383911,True
Norman2019_GEARS_processed_mirror,FP3_label_shuffled_mean_effect,L2,KIF2C+ctrl,23.0,RHOXF2BB+ctrl,0.7285028696060181,0.2639719843864441,True
Norman2019_GEARS_processed_mirror,FP3_label_shuffled_mean_effect,L2,MAP2K3+ctrl,33.0,HOXA13+ctrl,0.5669021606445312,-0.27008283138275146,True
Norman2019_GEARS_processed_mirror,FP3_label_shuffled_mean_effect,L2,MAP7D1+ctrl,30.0,SGK1+ctrl,0.5853095054626465,-0.13944977521896362,True
Norman2019_GEARS_processed_mirror,FP3_label_shuffled_mean_effect,L2,PLK4+ctrl,10.0,CITED1+ctrl,0.3194924294948578,0.17752403020858765,True
Norman2019_GEARS_processed_mirror,FP3_label_shuffled_mean_effect,L2,RHOXF2BB+ctrl,4.0,SGK1+ctrl,0.6607352495193481,0.6155767440795898,True
Norman2019_GEARS_processed_mirror,FP3_label_shuffled_mean_effect,L2,SGK1+TBX2,2.0,SGK1+ctrl,0.7488400936126709,0.7179161310195923,True
Norman2019_GEARS_processed_mirror,FP3_label_shuffled_mean_effect,L2,SGK1+ctrl,3.0,CKS1B+ctrl,0.5923129916191101,0.5538396835327148,True
Norman2019_GEARS_processed_mirror,FP3_label_shuffled_mean_effect,L2,SLC6A9+ctrl,11.0,RHOXF2BB+ctrl,0.44626834988594055,0.2923011779785156,True
Norman2019_GEARS_processed_mirror,FP3_label_shuffled_mean_effect,L2,TBX2+ctrl,15.0,SGK1+ctrl,0.6024260520935059,0.35477691888809204,True
Norman2019_GEARS_processed_mirror,FP3_label_shuffled_mean_effect,L2,ZC3HAV1+CEBPE,33.0,SGK1+ctrl,0.5558195114135742,-0.33618468046188354,True
Norman2019_GEARS_processed_mirror,FP3_label_shuffled_mean_effect,L2,ZC3HAV1+HOXC13,9.0,HOXB9+ctrl,0.7607017755508423,0.5700944662094116,True
Norman2019_GEARS_processed_mirror,FP3_label_shuffled_mean_effect,L2,ZC3HAV1+ctrl,29.0,SGK1+ctrl,0.6378133893013,0.006800545379519463,True
Norman2019_GEARS_processed_mirror,FP3_label_shuffled_mean_effect,L2,ctrl+C19orf26,26.0,CITED1+ctrl,0.46006301045417786,0.20863190293312073,True
Norman2019_GEARS_processed_mirror,FP3_label_shuffled_mean_effect,L2,ctrl+CEBPB,30.0,MAP2K3+ctrl,0.3039899468421936,-0.16948427259922028,True
Norman2019_GEARS_processed_mirror,FP3_label_shuffled_mean_effect,L2,ctrl+CEBPE,22.0,HOXA13+ctrl,0.7455538511276245,0.38524311780929565,True
Norman2019_GEARS_processed_mirror,FP3_label_shuffled_mean_effect,L2,ctrl+HOXB9,16.0,SGK1+ctrl,0.6845329999923706,0.4102681875228882,True
Norman2019_GEARS_processed_mirror,FP3_label_shuffled_mean_effect,L2,ctrl+HOXC13,2.0,HOXA13+ctrl,0.7331850528717041,0.7280182838439941,True
Norman2019_GEARS_processed_mirror,FP3_label_shuffled_mean_effect,L2,ctrl+KIF2C,20.0,SGK1+ctrl,0.6845329999923706,0.34663164615631104,True
Norman2019_GEARS_processed_mirror,FP3_label_shuffled_mean_effect,L2,ctrl+MAP7D1,5.0,MAP2K3+ctrl,0.3039899468421936,0.20259299874305725,True
Norman2019_GEARS_processed_mirror,FP3_label_shuffled_mean_effect,L2,ctrl+TBX2,14.0,C19orf26+ctrl,0.5524036884307861,0.1542045772075653,True
